	cpu_time	cpu_time	cpu_time	cpu_time	cpu_time	cpu_time	cpu_time	cpu_time	memory_mb	memory_mb	memory_mb	memory_mb	memory_mb	memory_mb	memory_mb	memory_mb
	count	mean	std	min	25%	50%	75%	max	count	mean	std	min	25%	50%	75%	max
method																
genomescope	3370.0	31.883658753709195	13.40041539194327	2.57	22.442500000000003	31.58	42.5725	153.64	3370.0	5219.151640949554	2666.309544851481	318.93	2978.6099999999997	5232.219999999999	8045.78	8601.2
lrge-2set	3370.0	38.24019881305638	97.15510872257545	1.31	15.52	17.35	22.89	2406.64	3370.0	775.9939673590504	559.767761400539	4.45	445.4925	749.245	955.515	5303.46
lrge-ava	3370.0	194.71471216617212	467.8179468260755	5.79	23.6725	77.19	148.11499999999998	8588.85	3370.0	2154.9469762611275	1348.9776086957954	4.0	1337.6625	1863.21	2925.005	13962.38
mash	3370.0	53.45903264094956	67.66701253191604	2.77	15.14	16.435000000000002	45.19	583.26	3370.0	2113.1359050445103	2764.3898371454516	34.08	731.51	1390.7649999999999	2679.565	42001.57
raven	3370.0	206.31795252225518	203.39089443014603	4.0	82.0425	180.85	257.06	2220.41	3370.0	7185.704189910978	4250.268594611996	326.27	3464.6225	7729.165	10461.4475	38551.39
