group	run	truth_percentile
nanopore	DRR154116	24.16
nanopore	DRR161250	32.36
nanopore	DRR161253	30.89
nanopore	DRR161254	27.69
nanopore	DRR161255	32.62
nanopore	DRR161257	31.92
nanopore	DRR161260	31.75
nanopore	DRR161262	33.89
nanopore	DRR161264	34.89
nanopore	DRR161266	28.63
nanopore	DRR161268	33.47
nanopore	DRR161269	37.52
nanopore	DRR161273	32.40
nanopore	DRR161274	32.69
nanopore	DRR161276	35.62
nanopore	DRR161277	35.14
nanopore	DRR161282	35.42
nanopore	DRR161284	35.52
nanopore	DRR161286	27.66
nanopore	DRR161287	32.20
nanopore	DRR161289	35.98
nanopore	DRR161292	31.37
nanopore	DRR161301	24.56
nanopore	DRR161302	38.13
nanopore	DRR164908	39.83
nanopore	DRR164909	32.27
nanopore	DRR164910	29.61
nanopore	DRR164912	46.49
nanopore	DRR164913	49.68
nanopore	DRR164914	35.45
nanopore	DRR174575	43.83
nanopore	DRR177331	38.76
nanopore	DRR180484	49.43
nanopore	DRR180486	50.63
nanopore	DRR180676	30.11
nanopore	DRR184353	28.29
nanopore	DRR187482	46.59
nanopore	DRR187571	32.06
nanopore	DRR202929	49.03
nanopore	DRR203156	45.06
nanopore	DRR204804	12.26
nanopore	DRR205605	18.08
nanopore	DRR206394	47.44
nanopore	DRR206400	41.37
nanopore	DRR206401	46.31
nanopore	DRR207366	49.32
nanopore	DRR207436	27.88
nanopore	DRR213976	72.96
nanopore	DRR218419	44.40
nanopore	DRR218421	47.79
nanopore	DRR239359	23.26
nanopore	DRR239360	20.61
nanopore	DRR252636	55.47
nanopore	DRR252637	54.20
nanopore	DRR252638	50.29
nanopore	DRR257742	50.76
nanopore	DRR257743	53.80
nanopore	DRR258632	30.40
nanopore	DRR258751	41.84
nanopore	DRR259339	42.44
nanopore	DRR261204	31.13
nanopore	DRR261205	30.79
nanopore	DRR276529	49.78
nanopore	DRR276531	34.90
nanopore	DRR276630	39.39
nanopore	DRR283417	27.89
nanopore	DRR286071	41.71
nanopore	DRR287515	38.46
nanopore	DRR295877	42.25
nanopore	DRR300286	43.29
nanopore	DRR311297	20.28
nanopore	DRR313296	30.55
nanopore	DRR328211	52.71
nanopore	DRR328964	40.94
nanopore	DRR328966	50.68
nanopore	DRR328968	44.81
nanopore	DRR328970	47.81
nanopore	DRR332829	44.80
nanopore	DRR346609	47.88
nanopore	DRR346622	44.74
nanopore	DRR346624	46.75
nanopore	DRR381751	60.28
nanopore	DRR381752	52.91
nanopore	DRR381753	63.57
nanopore	DRR381755	58.12
nanopore	DRR381756	50.30
nanopore	DRR381758	49.37
nanopore	DRR381759	61.26
nanopore	DRR381761	57.02
nanopore	DRR381762	48.63
nanopore	DRR381763	61.03
nanopore	DRR381764	54.97
nanopore	DRR381765	55.90
nanopore	DRR385322	59.15
nanopore	DRR396380	62.25
nanopore	DRR397251	45.90
nanopore	DRR402772	33.24
nanopore	DRR403240	51.43
nanopore	DRR412797	24.25
nanopore	DRR412801	44.59
nanopore	DRR412803	34.63
nanopore	DRR420784	43.36
nanopore	DRR420786	35.85
nanopore	DRR424510	61.59
nanopore	DRR424511	61.21
nanopore	DRR424517	65.85
nanopore	DRR424518	61.07
nanopore	DRR424728	36.66
nanopore	DRR424729	51.47
nanopore	DRR438598	38.82
nanopore	DRR439537	45.76
nanopore	DRR451308	43.04
nanopore	DRR454390	34.61
nanopore	DRR457762	48.35
nanopore	DRR463739	61.79
nanopore	DRR465249	37.60
nanopore	DRR465255	29.03
nanopore	DRR465265	44.85
nanopore	DRR482528	50.88
nanopore	DRR482530	47.81
nanopore	DRR482533	48.63
nanopore	DRR482539	45.54
nanopore	DRR482540	45.66
nanopore	DRR482541	44.34
nanopore	DRR482546	45.84
nanopore	DRR482548	41.45
nanopore	DRR482549	43.79
nanopore	DRR482551	51.84
nanopore	DRR482554	53.40
nanopore	DRR482557	43.88
nanopore	DRR482559	41.15
nanopore	DRR482560	24.15
nanopore	DRR482562	46.62
nanopore	DRR482569	29.35
nanopore	DRR482572	55.78
nanopore	DRR482574	47.39
nanopore	DRR482580	56.99
nanopore	DRR482585	36.72
nanopore	DRR482590	49.58
nanopore	DRR492952	44.74
nanopore	DRR492953	45.15
nanopore	DRR492954	41.56
nanopore	DRR492955	37.59
nanopore	DRR505221	57.54
nanopore	DRR508925	43.77
nanopore	DRR511540	33.30
nanopore	DRR513091	40.82
nanopore	DRR513096	49.58
nanopore	DRR513997	19.21
nanopore	DRR515422	42.11
nanopore	DRR567791	53.21
nanopore	ERR10359830	57.39
nanopore	ERR10359903	47.29
nanopore	ERR10360290	54.58
nanopore	ERR10360381	63.16
nanopore	ERR10367348	49.55
nanopore	ERR10367379	50.19
nanopore	ERR10513163	57.70
nanopore	ERR10762505	43.24
nanopore	ERR10846345	57.75
nanopore	ERR11011593	53.72
nanopore	ERR11749495	52.72
nanopore	ERR11749503	36.12
nanopore	ERR11843499	26.41
nanopore	ERR11843500	24.54
nanopore	ERR11843501	18.21
nanopore	ERR11843502	21.38
nanopore	ERR12041378	46.72
nanopore	ERR12041384	49.50
nanopore	ERR12041388	51.93
nanopore	ERR12075675	50.99
nanopore	ERR12075676	47.54
nanopore	ERR12075677	49.30
nanopore	ERR12075678	38.15
nanopore	ERR12308179	45.56
nanopore	ERR12321267	41.96
nanopore	ERR13600299	50.78
nanopore	ERR13600311	56.92
nanopore	ERR13600315	61.59
nanopore	ERR13600320	61.52
nanopore	ERR13600327	53.02
nanopore	ERR13600329	54.02
nanopore	ERR13600333	64.28
nanopore	ERR13600334	59.93
nanopore	ERR13600335	56.30
nanopore	ERR13600341	61.67
nanopore	ERR13600342	59.12
nanopore	ERR13600343	59.98
nanopore	ERR13600344	65.45
nanopore	ERR13600346	54.27
nanopore	ERR13600351	64.55
nanopore	ERR13600356	55.93
nanopore	ERR13600361	56.53
nanopore	ERR13600362	59.14
nanopore	ERR13600365	59.01
nanopore	ERR13600367	55.26
nanopore	ERR13600371	54.18
nanopore	ERR13600376	60.03
nanopore	ERR13600378	53.51
nanopore	ERR4658342	46.29
nanopore	ERR4658343	47.41
nanopore	SRR10051055	48.80
nanopore	SRR10063223	44.97
nanopore	SRR10064710	43.66
nanopore	SRR10064714	45.39
nanopore	SRR10064716	46.36
nanopore	SRR10064720	47.14
nanopore	SRR10064722	38.76
nanopore	SRR10064723	46.04
nanopore	SRR10064731	47.61
nanopore	SRR10064740	50.48
nanopore	SRR10162491	47.04
nanopore	SRR10173075	37.89
nanopore	SRR10173077	38.01
nanopore	SRR10238991	35.12
nanopore	SRR10259774	39.72
nanopore	SRR10259776	44.91
nanopore	SRR10259778	57.00
nanopore	SRR10259780	40.13
nanopore	SRR10259782	35.59
nanopore	SRR10259784	42.09
nanopore	SRR10278956	46.58
nanopore	SRR10297953	43.57
nanopore	SRR10297959	47.73
nanopore	SRR10297961	38.07
nanopore	SRR10297966	47.14
nanopore	SRR10297968	42.20
nanopore	SRR10297973	44.36
nanopore	SRR10297975	44.68
nanopore	SRR10297977	38.87
nanopore	SRR10297980	48.70
nanopore	SRR10297981	48.27
nanopore	SRR10297982	46.35
nanopore	SRR10297990	43.06
nanopore	SRR10297997	45.38
nanopore	SRR10297999	58.86
nanopore	SRR10298003	44.86
nanopore	SRR10336613	52.04
nanopore	SRR10336614	54.37
nanopore	SRR10336615	55.16
nanopore	SRR10336616	54.62
nanopore	SRR10336617	55.72
nanopore	SRR10337242	53.30
nanopore	SRR10337247	55.67
nanopore	SRR10340795	60.17
nanopore	SRR10340798	54.96
nanopore	SRR10340799	61.65
nanopore	SRR10340800	50.88
nanopore	SRR10340801	58.10
nanopore	SRR10340802	55.84
nanopore	SRR10340803	69.12
nanopore	SRR10345480	53.24
nanopore	SRR10353548	46.39
nanopore	SRR10386880	20.49
nanopore	SRR10388020	44.68
nanopore	SRR10390692	44.65
nanopore	SRR10390693	38.49
nanopore	SRR10390695	41.01
nanopore	SRR10390697	37.67
nanopore	SRR10390703	41.07
nanopore	SRR10390705	43.58
nanopore	SRR10390706	37.48
nanopore	SRR10436012	37.40
nanopore	SRR10436014	35.54
nanopore	SRR10441470	44.02
nanopore	SRR10504699	53.03
nanopore	SRR10523785	49.47
nanopore	SRR10523787	46.34
nanopore	SRR10523788	46.92
nanopore	SRR10539275	53.59
nanopore	SRR10609644	32.29
nanopore	SRR10609646	35.76
nanopore	SRR10609650	39.86
nanopore	SRR10686562	47.46
nanopore	SRR10725519	57.59
nanopore	SRR10728904	43.74
nanopore	SRR10810416	45.94
nanopore	SRR10820824	19.40
nanopore	SRR10861747	54.44
nanopore	SRR10861751	51.89
nanopore	SRR10882862	40.33
nanopore	SRR10882871	39.37
nanopore	SRR10882880	50.03
nanopore	SRR10882888	42.76
nanopore	SRR10882894	41.86
nanopore	SRR10882896	33.68
nanopore	SRR10912284	33.53
nanopore	SRR10912288	30.86
nanopore	SRR10912290	20.87
nanopore	SRR10912303	21.41
nanopore	SRR10912305	28.69
nanopore	SRR10958851	20.18
nanopore	SRR10968456	48.64
nanopore	SRR10968457	48.13
nanopore	SRR10969384	46.60
nanopore	SRR10973936	52.34
nanopore	SRR11038960	41.17
nanopore	SRR11038962	49.65
nanopore	SRR11038983	56.13
nanopore	SRR11061015	45.72
nanopore	SRR11067105	23.08
nanopore	SRR11069766	23.74
nanopore	SRR11070451	41.32
nanopore	SRR11096308	54.09
nanopore	SRR11096309	46.37
nanopore	SRR11096311	48.53
nanopore	SRR11096313	55.79
nanopore	SRR11108582	47.40
nanopore	SRR11110294	48.18
nanopore	SRR11176972	40.17
nanopore	SRR11179865	7.22
nanopore	SRR11179866	31.77
nanopore	SRR11193092	46.02
nanopore	SRR11193104	38.69
nanopore	SRR11211679	44.32
nanopore	SRR11215567	50.54
nanopore	SRR11215569	39.77
nanopore	SRR11215570	33.14
nanopore	SRR11248995	29.23
nanopore	SRR11249001	30.13
nanopore	SRR11252625	52.20
nanopore	SRR11268100	76.67
nanopore	SRR11278929	73.57
nanopore	SRR11278930	76.04
nanopore	SRR11280748	29.08
nanopore	SRR11321271	24.55
nanopore	SRR11321336	34.16
nanopore	SRR11362850	72.61
nanopore	SRR11425847	46.38
nanopore	SRR11425849	48.40
nanopore	SRR11425851	46.41
nanopore	SRR11425853	47.46
nanopore	SRR11425855	41.43
nanopore	SRR11425858	45.08
nanopore	SRR11457987	20.95
nanopore	SRR11457989	29.79
nanopore	SRR11461817	53.16
nanopore	SRR11483168	25.02
nanopore	SRR11483170	11.74
nanopore	SRR11483196	9.42
nanopore	SRR11483199	10.68
nanopore	SRR11483657	34.01
nanopore	SRR11485268	60.15
nanopore	SRR11536936	14.50
nanopore	SRR11559465	30.01
nanopore	SRR11579119	25.65
nanopore	SRR11579120	24.86
nanopore	SRR11613597	36.36
nanopore	SRR11653777	42.49
nanopore	SRR11653778	51.34
nanopore	SRR11653779	49.55
nanopore	SRR11653780	46.90
nanopore	SRR11653781	50.74
nanopore	SRR11653786	46.63
nanopore	SRR11653787	47.43
nanopore	SRR11687566	35.75
nanopore	SRR11747307	47.53
nanopore	SRR11747671	44.02
nanopore	SRR11747673	57.35
nanopore	SRR11773625	41.07
nanopore	SRR11809904	55.12
nanopore	SRR11853262	31.92
nanopore	SRR11858646	28.44
nanopore	SRR11901803	35.96
nanopore	SRR11901804	36.48
nanopore	SRR11901806	40.34
nanopore	SRR11901832	22.09
nanopore	SRR11905711	48.32
nanopore	SRR11909877	46.30
nanopore	SRR11909885	44.25
nanopore	SRR11951435	31.67
nanopore	SRR11969189	24.75
nanopore	SRR12032899	58.19
nanopore	SRR12135869	50.22
nanopore	SRR12160981	39.97
nanopore	SRR12165703	27.63
nanopore	SRR12165704	30.60
nanopore	SRR12165705	26.96
nanopore	SRR12165706	28.14
nanopore	SRR12214315	55.22
nanopore	SRR12247512	47.86
nanopore	SRR12247514	42.80
nanopore	SRR12247516	41.18
nanopore	SRR12247526	44.82
nanopore	SRR12247539	34.96
nanopore	SRR12247545	44.41
nanopore	SRR12247548	43.58
nanopore	SRR12247564	38.98
nanopore	SRR12247594	50.37
nanopore	SRR12247681	37.39
nanopore	SRR12247701	33.10
nanopore	SRR12247704	41.00
nanopore	SRR12247705	43.18
nanopore	SRR12247712	38.03
nanopore	SRR12247721	46.89
nanopore	SRR12247731	42.95
nanopore	SRR12247737	46.93
nanopore	SRR12247743	34.10
nanopore	SRR12247756	43.35
nanopore	SRR12247758	41.84
nanopore	SRR12280256	54.14
nanopore	SRR12280257	51.20
nanopore	SRR12280475	58.15
nanopore	SRR12280476	55.32
nanopore	SRR12282614	44.44
nanopore	SRR12298376	36.62
nanopore	SRR12298378	34.33
nanopore	SRR12298422	33.13
nanopore	SRR12298423	27.72
nanopore	SRR12298437	30.89
nanopore	SRR12298445	31.50
nanopore	SRR12298467	41.83
nanopore	SRR12298472	36.79
nanopore	SRR12298476	36.47
nanopore	SRR12298477	33.80
nanopore	SRR12298485	29.03
nanopore	SRR12298508	33.08
nanopore	SRR12298531	38.15
nanopore	SRR12298612	40.37
nanopore	SRR12298664	45.93
nanopore	SRR12298670	38.13
nanopore	SRR12298691	28.79
nanopore	SRR12298706	34.26
nanopore	SRR12298707	33.86
nanopore	SRR12298723	41.35
nanopore	SRR12298735	43.85
nanopore	SRR12298810	33.60
nanopore	SRR12298818	35.62
nanopore	SRR12298845	32.99
nanopore	SRR12298990	43.26
nanopore	SRR12298997	36.47
nanopore	SRR12299048	37.82
nanopore	SRR12299051	30.64
nanopore	SRR12299058	43.13
nanopore	SRR12299098	30.14
nanopore	SRR12299115	22.05
nanopore	SRR12299137	49.74
nanopore	SRR12299142	39.59
nanopore	SRR12299175	42.50
nanopore	SRR12328710	44.38
nanopore	SRR12328712	39.53
nanopore	SRR12328713	44.67
nanopore	SRR12329010	47.17
nanopore	SRR12342986	43.80
nanopore	SRR12342988	39.80
nanopore	SRR12343853	59.46
nanopore	SRR12343854	55.75
nanopore	SRR12343942	59.11
nanopore	SRR12343949	56.18
nanopore	SRR12343955	64.76
nanopore	SRR12343957	54.79
nanopore	SRR12343960	55.14
nanopore	SRR12343965	60.01
nanopore	SRR12343973	54.65
nanopore	SRR12343978	58.78
nanopore	SRR12343982	55.52
nanopore	SRR12343987	51.57
nanopore	SRR12343988	56.79
nanopore	SRR12343990	63.69
nanopore	SRR12343994	55.48
nanopore	SRR12344005	55.28
nanopore	SRR12344009	57.42
nanopore	SRR12344012	61.26
nanopore	SRR12344015	60.54
nanopore	SRR12356814	37.73
nanopore	SRR12367307	48.30
nanopore	SRR12395855	59.23
nanopore	SRR12464724	53.50
nanopore	SRR12492388	43.08
nanopore	SRR12492393	44.11
nanopore	SRR12492394	35.92
nanopore	SRR12492395	31.78
nanopore	SRR12492530	30.35
nanopore	SRR12492531	46.10
nanopore	SRR12492532	40.33
nanopore	SRR12492533	43.16
nanopore	SRR12502384	59.79
nanopore	SRR12507228	24.46
nanopore	SRR12507231	27.37
nanopore	SRR12562769	16.98
nanopore	SRR12615804	36.60
nanopore	SRR12616185	39.74
nanopore	SRR12619349	44.54
nanopore	SRR12622389	24.74
nanopore	SRR12622390	19.78
nanopore	SRR12622391	16.93
nanopore	SRR12622397	26.22
nanopore	SRR12622398	20.78
nanopore	SRR12622399	22.38
nanopore	SRR12622400	18.72
nanopore	SRR12628169	41.87
nanopore	SRR12695182	42.40
nanopore	SRR12697331	53.57
nanopore	SRR12697332	47.36
nanopore	SRR12697334	55.07
nanopore	SRR12713672	28.11
nanopore	SRR12720144	45.01
nanopore	SRR12765273	35.60
nanopore	SRR12799752	48.20
nanopore	SRR12801728	31.79
nanopore	SRR12804324	6.38
nanopore	SRR12805687	5.77
nanopore	SRR12805693	13.03
nanopore	SRR12824648	50.64
nanopore	SRR12824650	47.87
nanopore	SRR12825098	56.22
nanopore	SRR12825305	50.98
nanopore	SRR12825871	22.33
nanopore	SRR12881567	26.17
nanopore	SRR12881568	51.65
nanopore	SRR12883149	62.03
nanopore	SRR12905381	41.77
nanopore	SRR12919160	19.10
nanopore	SRR12921566	39.50
nanopore	SRR12921573	49.36
nanopore	SRR12921574	31.65
nanopore	SRR12921575	41.51
nanopore	SRR12935942	43.69
nanopore	SRR12935945	41.14
nanopore	SRR12935947	37.92
nanopore	SRR12935953	17.94
nanopore	SRR12935955	25.58
nanopore	SRR12935957	12.30
nanopore	SRR12935959	8.21
nanopore	SRR12935970	7.55
nanopore	SRR12935974	9.50
nanopore	SRR12935990	15.14
nanopore	SRR12936005	20.83
nanopore	SRR12936016	14.57
nanopore	SRR12936022	7.71
nanopore	SRR12936035	11.90
nanopore	SRR12937579	50.84
nanopore	SRR12951179	54.69
nanopore	SRR12951264	21.65
nanopore	SRR12995612	52.81
nanopore	SRR12995722	24.95
nanopore	SRR12995723	16.01
nanopore	SRR12995724	31.30
nanopore	SRR12995728	30.90
nanopore	SRR13009132	79.98
nanopore	SRR13014004	61.21
nanopore	SRR13051579	65.55
nanopore	SRR13067349	46.69
nanopore	SRR13067350	48.00
nanopore	SRR13106728	45.97
nanopore	SRR13148778	42.64
nanopore	SRR13170267	42.20
nanopore	SRR13206615	55.39
nanopore	SRR13213119	24.92
nanopore	SRR13232968	50.26
nanopore	SRR13238693	37.93
nanopore	SRR13243581	52.19
nanopore	SRR13249531	36.36
nanopore	SRR13249533	45.81
nanopore	SRR13258485	39.24
nanopore	SRR13260924	37.01
nanopore	SRR13289773	37.92
nanopore	SRR13295144	56.50
nanopore	SRR13295147	46.15
nanopore	SRR13348937	36.48
nanopore	SRR13348939	37.29
nanopore	SRR13348942	35.41
nanopore	SRR13495179	44.83
nanopore	SRR13496244	59.82
nanopore	SRR13500706	53.90
nanopore	SRR13601331	41.79
nanopore	SRR13624705	46.24
nanopore	SRR13670059	16.04
nanopore	SRR13670061	21.10
nanopore	SRR13679345	48.71
nanopore	SRR13684572	30.68
nanopore	SRR13684636	12.91
nanopore	SRR13706186	41.35
nanopore	SRR13734254	49.06
nanopore	SRR13758474	39.95
nanopore	SRR13759105	26.46
nanopore	SRR13759106	24.76
nanopore	SRR13775335	32.76
nanopore	SRR13781387	44.71
nanopore	SRR13950234	47.55
nanopore	SRR13950235	43.75
nanopore	SRR13950237	47.31
nanopore	SRR13950244	32.27
nanopore	SRR13950255	40.06
nanopore	SRR13950258	47.49
nanopore	SRR13950259	51.37
nanopore	SRR13950262	43.80
nanopore	SRR13950267	45.32
nanopore	SRR13950269	43.35
nanopore	SRR13950270	41.88
nanopore	SRR13950271	49.26
nanopore	SRR13950272	51.90
nanopore	SRR13950274	50.67
nanopore	SRR13950275	48.24
nanopore	SRR13950277	44.58
nanopore	SRR13988657	44.23
nanopore	SRR13994224	58.45
nanopore	SRR13997396	21.83
nanopore	SRR13997403	47.82
nanopore	SRR13997408	11.59
nanopore	SRR13997411	24.07
nanopore	SRR13997413	30.82
nanopore	SRR13997416	41.92
nanopore	SRR13997540	42.44
nanopore	SRR14074355	29.59
nanopore	SRR14074357	44.86
nanopore	SRR14139163	27.24
nanopore	SRR14173251	60.87
nanopore	SRR14230911	29.37
nanopore	SRR14230912	31.41
nanopore	SRR14230917	26.73
nanopore	SRR14230918	22.87
nanopore	SRR14230919	29.79
nanopore	SRR14230920	41.46
nanopore	SRR14230921	33.61
nanopore	SRR14230922	29.00
nanopore	SRR14230960	45.65
nanopore	SRR14230963	47.52
nanopore	SRR14230973	32.54
nanopore	SRR14230976	48.55
nanopore	SRR14230984	48.96
nanopore	SRR14455658	57.44
nanopore	SRR14480597	58.98
nanopore	SRR14506983	45.97
nanopore	SRR14640385	43.96
nanopore	SRR14684522	38.16
nanopore	SRR14684523	29.76
nanopore	SRR14684526	50.58
nanopore	SRR14684527	43.14
nanopore	SRR14684528	41.43
nanopore	SRR14684531	45.52
nanopore	SRR14684532	36.42
nanopore	SRR14684533	43.25
nanopore	SRR14721505	43.41
nanopore	SRR14766790	51.00
nanopore	SRR14766796	47.34
nanopore	SRR14766797	25.80
nanopore	SRR14766802	49.28
nanopore	SRR14766804	45.87
nanopore	SRR14766806	47.87
nanopore	SRR14766807	44.58
nanopore	SRR14766808	50.81
nanopore	SRR14766809	51.09
nanopore	SRR14766813	56.44
nanopore	SRR14766814	50.00
nanopore	SRR14766826	50.27
nanopore	SRR14766831	48.60
nanopore	SRR14766833	49.94
nanopore	SRR14766834	49.68
nanopore	SRR14766839	48.62
nanopore	SRR14766841	40.84
nanopore	SRR14766842	46.99
nanopore	SRR14804996	39.09
nanopore	SRR14844078	44.59
nanopore	SRR14844080	35.67
nanopore	SRR14852514	49.54
nanopore	SRR14852537	50.71
nanopore	SRR14852546	54.91
nanopore	SRR14862582	54.50
nanopore	SRR14873908	29.35
nanopore	SRR14933397	23.34
nanopore	SRR14996184	54.66
nanopore	SRR14996193	53.62
nanopore	SRR14996195	53.23
nanopore	SRR15006049	41.93
nanopore	SRR15006050	30.02
nanopore	SRR15006051	36.83
nanopore	SRR15006052	77.16
nanopore	SRR15006054	46.73
nanopore	SRR15006055	38.69
nanopore	SRR15083976	53.40
nanopore	SRR15083977	46.76
nanopore	SRR15083979	51.00
nanopore	SRR15095813	52.79
nanopore	SRR15135847	47.92
nanopore	SRR15136871	44.98
nanopore	SRR15143041	52.36
nanopore	SRR15157810	52.97
nanopore	SRR15171166	41.03
nanopore	SRR15171167	45.50
nanopore	SRR15171168	45.58
nanopore	SRR15171169	41.66
nanopore	SRR15171258	40.54
nanopore	SRR15171260	51.82
nanopore	SRR15171261	53.07
nanopore	SRR15171269	58.73
nanopore	SRR15171274	48.69
nanopore	SRR15171275	44.07
nanopore	SRR15171278	48.62
nanopore	SRR15171279	38.32
nanopore	SRR15171281	47.23
nanopore	SRR15171282	46.70
nanopore	SRR15171293	59.00
nanopore	SRR15171294	44.35
nanopore	SRR15171296	55.50
nanopore	SRR15171297	53.98
nanopore	SRR15171300	48.46
nanopore	SRR15171302	51.09
nanopore	SRR15171313	48.72
nanopore	SRR15171318	44.45
nanopore	SRR15171323	50.22
nanopore	SRR15171326	49.69
nanopore	SRR15173281	53.86
nanopore	SRR15212457	35.91
nanopore	SRR15216001	34.02
nanopore	SRR15283797	29.58
nanopore	SRR15283805	41.11
nanopore	SRR15310574	50.25
nanopore	SRR15323158	38.14
nanopore	SRR15342210	40.98
nanopore	SRR15371362	29.41
nanopore	SRR15372744	50.21
nanopore	SRR15403666	24.44
nanopore	SRR15428981	26.43
nanopore	SRR15429008	40.66
nanopore	SRR15460238	53.91
nanopore	SRR15507454	42.27
nanopore	SRR15560883	25.88
nanopore	SRR15634573	60.64
nanopore	SRR15647452	57.25
nanopore	SRR15655205	56.19
nanopore	SRR15665316	47.27
nanopore	SRR15674629	45.25
nanopore	SRR15683785	38.07
nanopore	SRR15719825	44.25
nanopore	SRR15860221	47.84
nanopore	SRR15860459	45.89
nanopore	SRR15860841	43.57
nanopore	SRR15883739	45.13
nanopore	SRR15901075	41.86
nanopore	SRR15987647	40.49
nanopore	SRR16004117	31.43
nanopore	SRR16004119	31.72
nanopore	SRR16004123	26.97
nanopore	SRR16014001	38.83
nanopore	SRR16014003	47.14
nanopore	SRR16014011	42.38
nanopore	SRR16014015	39.59
nanopore	SRR16027114	40.39
nanopore	SRR16038736	62.47
nanopore	SRR16039382	22.97
nanopore	SRR16069087	62.21
nanopore	SRR16069089	53.33
nanopore	SRR16074235	68.85
nanopore	SRR16074239	61.50
nanopore	SRR16074242	66.56
nanopore	SRR16074245	59.21
nanopore	SRR16074247	58.02
nanopore	SRR16074251	64.24
nanopore	SRR16074258	42.65
nanopore	SRR16074264	57.24
nanopore	SRR16074265	64.70
nanopore	SRR16074268	48.46
nanopore	SRR16074269	73.19
nanopore	SRR16086228	42.96
nanopore	SRR16109997	28.36
nanopore	SRR16109998	39.07
nanopore	SRR16109999	41.86
nanopore	SRR16110001	38.78
nanopore	SRR16167635	45.44
nanopore	SRR16167665	55.29
nanopore	SRR16167670	39.91
nanopore	SRR16167676	26.00
nanopore	SRR16201921	58.96
nanopore	SRR16277835	21.29
nanopore	SRR16556289	47.78
nanopore	SRR16591572	51.27
nanopore	SRR16591807	47.87
nanopore	SRR16608001	41.53
nanopore	SRR16690171	33.19
nanopore	SRR16893579	33.30
nanopore	SRR16897915	83.96
nanopore	SRR16917661	43.06
nanopore	SRR16992657	37.65
nanopore	SRR16992658	42.55
nanopore	SRR16992659	39.95
nanopore	SRR16992661	43.83
nanopore	SRR16993324	38.49
nanopore	SRR16993325	38.10
nanopore	SRR17027004	21.70
nanopore	SRR17027411	23.19
nanopore	SRR17030008	34.15
nanopore	SRR17030009	38.11
nanopore	SRR17030010	25.79
nanopore	SRR17030011	21.14
nanopore	SRR17030678	44.95
nanopore	SRR17041183	46.09
nanopore	SRR17042237	41.39
nanopore	SRR17042239	41.95
nanopore	SRR17042240	44.46
nanopore	SRR17050026	54.96
nanopore	SRR17102516	19.56
nanopore	SRR17102517	34.03
nanopore	SRR17327075	42.05
nanopore	SRR17479173	66.70
nanopore	SRR17544102	42.44
nanopore	SRR17562209	33.14
nanopore	SRR17662746	56.59
nanopore	SRR17662747	52.96
nanopore	SRR17687077	55.48
nanopore	SRR17687085	53.80
nanopore	SRR17687496	47.63
nanopore	SRR17689167	53.90
nanopore	SRR17696101	44.58
nanopore	SRR17709479	64.90
nanopore	SRR17758649	38.97
nanopore	SRR17772283	44.59
nanopore	SRR17772285	45.65
nanopore	SRR17772290	46.29
nanopore	SRR17772291	45.45
nanopore	SRR17772297	40.17
nanopore	SRR17833884	27.56
nanopore	SRR17837621	36.16
nanopore	SRR17838411	33.02
nanopore	SRR17842125	57.14
nanopore	SRR17842140	56.88
nanopore	SRR17842141	58.82
nanopore	SRR17842142	56.33
nanopore	SRR17842153	47.31
nanopore	SRR17853486	36.30
nanopore	SRR17858527	52.43
nanopore	SRR17880880	48.51
nanopore	SRR17883358	38.91
nanopore	SRR17953824	31.98
nanopore	SRR17970931	40.07
nanopore	SRR18038245	56.39
nanopore	SRR18042579	6.71
nanopore	SRR18059838	34.74
nanopore	SRR18070731	59.42
nanopore	SRR18098685	53.99
nanopore	SRR18121410	50.01
nanopore	SRR18159241	50.70
nanopore	SRR18212745	54.50
nanopore	SRR18264653	34.63
nanopore	SRR18274952	42.68
nanopore	SRR18274953	40.85
nanopore	SRR18274954	43.89
nanopore	SRR18274955	43.96
nanopore	SRR18274961	48.52
nanopore	SRR18286440	88.63
nanopore	SRR18292862	45.07
nanopore	SRR18328645	25.92
nanopore	SRR18331509	53.19
nanopore	SRR18331510	47.37
nanopore	SRR18331511	46.77
nanopore	SRR18360446	50.98
nanopore	SRR18439254	47.13
nanopore	SRR18439256	46.79
nanopore	SRR18500010	47.71
nanopore	SRR18500014	49.86
nanopore	SRR18500024	63.11
nanopore	SRR18500025	47.12
nanopore	SRR18500027	45.82
nanopore	SRR18500031	51.14
nanopore	SRR18508951	37.90
nanopore	SRR18513231	54.27
nanopore	SRR18516215	22.54
nanopore	SRR18516322	66.14
nanopore	SRR18516661	34.73
nanopore	SRR18554891	40.69
nanopore	SRR18559473	46.20
nanopore	SRR18560242	55.54
nanopore	SRR18686633	49.57
nanopore	SRR18740465	48.10
nanopore	SRR18740467	49.19
nanopore	SRR18777559	62.91
nanopore	SRR18827659	56.52
nanopore	SRR18884269	37.62
nanopore	SRR18884270	38.47
nanopore	SRR18915762	33.49
nanopore	SRR18959309	29.14
nanopore	SRR18959311	27.46
nanopore	SRR19049135	15.68
nanopore	SRR19090479	58.54
nanopore	SRR19119756	33.13
nanopore	SRR19119757	43.00
nanopore	SRR19119759	42.66
nanopore	SRR19119760	48.66
nanopore	SRR19119766	44.16
nanopore	SRR19154492	24.51
nanopore	SRR19154493	30.19
nanopore	SRR19154494	25.97
nanopore	SRR19156781	28.56
nanopore	SRR19165762	52.90
nanopore	SRR19165765	56.91
nanopore	SRR19165766	53.47
nanopore	SRR19165768	56.32
nanopore	SRR19165774	65.75
nanopore	SRR19165776	54.85
nanopore	SRR19165786	55.05
nanopore	SRR19165787	47.52
nanopore	SRR19165789	47.05
nanopore	SRR19165795	51.30
nanopore	SRR19165797	50.69
nanopore	SRR19165805	57.84
nanopore	SRR19165806	57.53
nanopore	SRR19165809	59.37
nanopore	SRR19165811	58.90
nanopore	SRR19165826	51.42
nanopore	SRR19169392	26.19
nanopore	SRR19169393	28.12
nanopore	SRR19169394	41.53
nanopore	SRR19324999	54.27
nanopore	SRR19325000	48.91
nanopore	SRR19328590	44.00
nanopore	SRR19328962	67.28
nanopore	SRR19329821	57.28
nanopore	SRR19331786	42.61
nanopore	SRR19331789	45.79
nanopore	SRR19349781	39.26
nanopore	SRR19349782	42.22
nanopore	SRR19349784	40.11
nanopore	SRR19349785	33.37
nanopore	SRR19349794	39.30
nanopore	SRR19349796	42.70
nanopore	SRR19349814	41.05
nanopore	SRR19349815	46.31
nanopore	SRR19349820	41.64
nanopore	SRR19349821	49.17
nanopore	SRR19349828	38.05
nanopore	SRR19349832	40.04
nanopore	SRR19349836	43.96
nanopore	SRR19349841	43.02
nanopore	SRR19349846	40.92
nanopore	SRR19349849	42.46
nanopore	SRR19349850	42.46
nanopore	SRR19349851	43.30
nanopore	SRR19357507	47.42
nanopore	SRR19357509	46.73
nanopore	SRR19357511	43.31
nanopore	SRR19357515	47.32
nanopore	SRR19357516	46.65
nanopore	SRR19357517	45.70
nanopore	SRR19357518	46.48
nanopore	SRR19357522	42.77
nanopore	SRR19357527	48.15
nanopore	SRR19357532	49.24
nanopore	SRR19357536	45.97
nanopore	SRR19357547	52.64
nanopore	SRR19357548	45.75
nanopore	SRR19357553	51.54
nanopore	SRR19357554	45.24
nanopore	SRR19357572	48.41
nanopore	SRR19357573	43.34
nanopore	SRR19357574	41.26
nanopore	SRR19369650	44.74
nanopore	SRR19409820	31.70
nanopore	SRR19433003	55.83
nanopore	SRR19445089	39.51
nanopore	SRR19523863	30.27
nanopore	SRR19573022	51.45
nanopore	SRR19612266	52.48
nanopore	SRR19612275	38.03
nanopore	SRR19612277	48.45
nanopore	SRR19612278	46.52
nanopore	SRR19612280	38.41
nanopore	SRR19612282	49.90
nanopore	SRR19612284	44.90
nanopore	SRR19612287	36.06
nanopore	SRR19612289	40.47
nanopore	SRR19725955	41.45
nanopore	SRR19761443	47.02
nanopore	SRR19761445	46.23
nanopore	SRR19816770	49.20
nanopore	SRR19816785	44.29
nanopore	SRR19816788	44.55
nanopore	SRR19816789	47.83
nanopore	SRR19816796	46.19
nanopore	SRR19816800	46.11
nanopore	SRR19816801	46.14
nanopore	SRR19816803	41.57
nanopore	SRR19816809	49.03
nanopore	SRR19816813	48.59
nanopore	SRR19816818	40.40
nanopore	SRR19816822	44.53
nanopore	SRR19816828	44.51
nanopore	SRR19816837	47.60
nanopore	SRR19816838	46.45
nanopore	SRR19816839	42.19
nanopore	SRR19816842	55.32
nanopore	SRR19816847	50.06
nanopore	SRR19820501	43.89
nanopore	SRR19820502	45.16
nanopore	SRR19820504	49.11
nanopore	SRR19820506	46.89
nanopore	SRR19820513	57.22
nanopore	SRR19820519	45.98
nanopore	SRR19820520	45.60
nanopore	SRR19820522	45.15
nanopore	SRR19820523	44.03
nanopore	SRR19820526	47.93
nanopore	SRR19820527	46.54
nanopore	SRR19820532	47.83
nanopore	SRR19820535	47.20
nanopore	SRR19820537	50.09
nanopore	SRR19820538	56.83
nanopore	SRR19820541	58.25
nanopore	SRR19820546	53.91
nanopore	SRR19820549	45.33
nanopore	SRR19820555	43.42
nanopore	SRR19820556	43.07
nanopore	SRR19820561	44.07
nanopore	SRR19820563	45.99
nanopore	SRR19820564	44.11
nanopore	SRR19820565	49.26
nanopore	SRR19820566	50.20
nanopore	SRR19820570	49.01
nanopore	SRR19820582	47.55
nanopore	SRR19820596	47.88
nanopore	SRR19820602	49.81
nanopore	SRR19820604	42.95
nanopore	SRR19820605	45.23
nanopore	SRR19820607	51.35
nanopore	SRR19820608	43.68
nanopore	SRR19820613	38.06
nanopore	SRR19820616	49.77
nanopore	SRR19820620	49.75
nanopore	SRR19820621	50.08
nanopore	SRR19820622	46.99
nanopore	SRR19820625	49.28
nanopore	SRR19820634	44.24
nanopore	SRR19820639	49.40
nanopore	SRR19820641	40.62
nanopore	SRR19820647	42.38
nanopore	SRR19820649	57.22
nanopore	SRR19820654	48.21
nanopore	SRR19820658	39.23
nanopore	SRR19820660	59.55
nanopore	SRR19820668	46.36
nanopore	SRR19820670	47.00
nanopore	SRR19820674	45.70
nanopore	SRR19820680	43.37
nanopore	SRR19820686	44.29
nanopore	SRR19820687	44.73
nanopore	SRR19820692	48.78
nanopore	SRR19820697	46.13
nanopore	SRR19820698	53.49
nanopore	SRR19820699	52.12
nanopore	SRR19820704	49.18
nanopore	SRR19820708	45.72
nanopore	SRR19820710	55.31
nanopore	SRR19820712	41.69
nanopore	SRR19820714	47.13
nanopore	SRR19820716	47.40
nanopore	SRR19820717	44.23
nanopore	SRR19820720	47.09
nanopore	SRR19820722	49.06
nanopore	SRR19820723	45.91
nanopore	SRR19843264	43.52
nanopore	SRR19843275	46.27
nanopore	SRR19843276	50.92
nanopore	SRR19843278	44.49
nanopore	SRR19843287	50.42
nanopore	SRR19843290	41.40
nanopore	SRR19843305	43.18
nanopore	SRR19843306	40.88
nanopore	SRR19843307	45.13
nanopore	SRR19843308	44.74
nanopore	SRR19843309	43.86
nanopore	SRR19843319	43.28
nanopore	SRR19843321	44.43
nanopore	SRR19843325	49.10
nanopore	SRR19843327	50.75
nanopore	SRR19843328	49.81
nanopore	SRR19843335	45.85
nanopore	SRR19843337	44.77
nanopore	SRR19843338	43.73
nanopore	SRR19843344	55.46
nanopore	SRR19843346	44.21
nanopore	SRR19843355	47.14
nanopore	SRR19843357	45.26
nanopore	SRR19843362	45.55
nanopore	SRR19843368	46.63
nanopore	SRR19843372	49.84
nanopore	SRR19843374	42.27
nanopore	SRR19843376	47.49
nanopore	SRR19843378	42.78
nanopore	SRR19843394	43.25
nanopore	SRR19843399	45.66
nanopore	SRR19843404	44.39
nanopore	SRR19843405	46.03
nanopore	SRR19843408	46.89
nanopore	SRR19843428	42.93
nanopore	SRR19905847	67.04
nanopore	SRR19969260	37.59
nanopore	SRR19974005	61.10
nanopore	SRR19974024	57.20
nanopore	SRR19975617	45.48
nanopore	SRR19975622	48.77
nanopore	SRR19977213	65.43
nanopore	SRR19977218	60.65
nanopore	SRR19977219	55.09
nanopore	SRR19977224	32.93
nanopore	SRR19977225	71.13
nanopore	SRR20000763	54.66
nanopore	SRR20001172	46.99
nanopore	SRR20020692	39.14
nanopore	SRR20046040	41.24
nanopore	SRR20046042	30.62
nanopore	SRR20076306	48.57
nanopore	SRR20082805	38.11
nanopore	SRR20082812	42.08
nanopore	SRR20140463	58.04
nanopore	SRR20140614	45.81
nanopore	SRR20336622	43.37
nanopore	SRR20336623	39.11
nanopore	SRR20414474	39.54
nanopore	SRR20461782	23.29
nanopore	SRR20461783	36.64
nanopore	SRR20632761	53.07
nanopore	SRR20852345	58.85
nanopore	SRR20852780	67.25
nanopore	SRR20853546	73.87
nanopore	SRR20980344	23.27
nanopore	SRR20999547	33.92
nanopore	SRR21026239	59.09
nanopore	SRR21074465	49.40
nanopore	SRR21131455	52.87
nanopore	SRR21131463	52.52
nanopore	SRR21133412	48.38
nanopore	SRR21133413	47.67
nanopore	SRR21133416	44.70
nanopore	SRR21143302	55.88
nanopore	SRR21197995	48.94
nanopore	SRR21198992	48.03
nanopore	SRR21224253	49.32
nanopore	SRR21292614	39.11
nanopore	SRR21293168	38.37
nanopore	SRR21294699	37.72
nanopore	SRR21295027	50.21
nanopore	SRR21295096	45.69
nanopore	SRR21295172	47.98
nanopore	SRR21362308	46.61
nanopore	SRR21362310	49.36
nanopore	SRR21362311	48.67
nanopore	SRR21362313	48.84
nanopore	SRR21362323	48.84
nanopore	SRR21362339	46.24
nanopore	SRR21362340	44.03
nanopore	SRR21362341	49.60
nanopore	SRR21362347	44.11
nanopore	SRR21362360	48.08
nanopore	SRR21362364	48.36
nanopore	SRR21362367	44.31
nanopore	SRR21362373	57.41
nanopore	SRR21362377	50.86
nanopore	SRR21362382	43.51
nanopore	SRR21362399	44.79
nanopore	SRR21362400	42.54
nanopore	SRR21362401	43.27
nanopore	SRR21362415	43.59
nanopore	SRR21362419	49.27
nanopore	SRR21362423	57.45
nanopore	SRR21415537	52.17
nanopore	SRR21415541	43.20
nanopore	SRR21415542	48.52
nanopore	SRR21415548	43.38
nanopore	SRR21415549	43.44
nanopore	SRR21415563	42.66
nanopore	SRR21415564	42.12
nanopore	SRR21415565	39.23
nanopore	SRR21415572	51.91
nanopore	SRR21415577	42.49
nanopore	SRR21415580	38.85
nanopore	SRR21415591	42.07
nanopore	SRR21415598	41.78
nanopore	SRR21415602	44.11
nanopore	SRR21415612	43.64
nanopore	SRR21415616	48.27
nanopore	SRR21415622	39.82
nanopore	SRR21415625	41.80
nanopore	SRR21415627	40.51
nanopore	SRR21415632	42.65
nanopore	SRR21415633	39.26
nanopore	SRR21415634	45.82
nanopore	SRR21415635	43.37
nanopore	SRR21415666	40.01
nanopore	SRR21415673	43.50
nanopore	SRR21415674	41.57
nanopore	SRR21415680	39.27
nanopore	SRR21415681	39.55
nanopore	SRR21415683	53.66
nanopore	SRR21415690	42.04
nanopore	SRR21415693	32.68
nanopore	SRR21415696	48.52
nanopore	SRR21415697	40.07
nanopore	SRR21415698	37.05
nanopore	SRR21415702	42.36
nanopore	SRR21415709	42.68
nanopore	SRR21415710	49.98
nanopore	SRR21415715	42.53
nanopore	SRR21415721	42.45
nanopore	SRR21415725	36.47
nanopore	SRR21415729	44.19
nanopore	SRR21415737	44.33
nanopore	SRR21415741	38.71
nanopore	SRR21415743	42.18
nanopore	SRR21415746	43.46
nanopore	SRR21415751	47.57
nanopore	SRR21415752	45.65
nanopore	SRR21415754	34.64
nanopore	SRR21415758	39.83
nanopore	SRR21415763	41.29
nanopore	SRR21415765	44.06
nanopore	SRR21415769	44.41
nanopore	SRR21415773	44.11
nanopore	SRR21415780	44.58
nanopore	SRR21415781	42.88
nanopore	SRR21415782	40.29
nanopore	SRR21415791	43.65
nanopore	SRR21415792	45.18
nanopore	SRR21415807	37.77
nanopore	SRR21415813	43.73
nanopore	SRR21415816	42.73
nanopore	SRR21415831	36.02
nanopore	SRR21415836	38.51
nanopore	SRR21415838	42.13
nanopore	SRR21415840	44.77
nanopore	SRR21415841	43.83
nanopore	SRR21415851	41.88
nanopore	SRR21415854	40.29
nanopore	SRR21415855	37.84
nanopore	SRR21415858	39.56
nanopore	SRR21415863	48.85
nanopore	SRR21415866	36.62
nanopore	SRR21415869	42.38
nanopore	SRR21415882	41.25
nanopore	SRR21415883	36.26
nanopore	SRR21415884	37.75
nanopore	SRR21415888	47.21
nanopore	SRR21415892	46.02
nanopore	SRR21415895	40.06
nanopore	SRR21415896	39.50
nanopore	SRR21415897	39.85
nanopore	SRR21415898	41.12
nanopore	SRR21415899	43.25
nanopore	SRR21415900	40.75
nanopore	SRR21415906	45.18
nanopore	SRR21415909	41.41
nanopore	SRR21415914	36.95
nanopore	SRR21415916	36.37
nanopore	SRR21415919	34.70
nanopore	SRR21415922	39.42
nanopore	SRR21415924	41.94
nanopore	SRR21415925	36.52
nanopore	SRR21415926	44.52
nanopore	SRR21415928	46.92
nanopore	SRR21415929	38.13
nanopore	SRR21415935	31.38
nanopore	SRR21415938	53.12
nanopore	SRR21415945	45.86
nanopore	SRR21415946	44.08
nanopore	SRR21415947	44.87
nanopore	SRR21415952	43.14
nanopore	SRR21415958	41.02
nanopore	SRR21415959	41.82
nanopore	SRR21415964	36.63
nanopore	SRR21415966	43.22
nanopore	SRR21415968	36.92
nanopore	SRR21415981	37.56
nanopore	SRR21416000	40.87
nanopore	SRR21416002	49.52
nanopore	SRR21416007	40.24
nanopore	SRR21416008	41.91
nanopore	SRR21416010	41.25
nanopore	SRR21416014	39.92
nanopore	SRR21416017	56.10
nanopore	SRR21416021	44.78
nanopore	SRR21416032	41.64
nanopore	SRR21416037	41.05
nanopore	SRR21416045	37.55
nanopore	SRR21416050	41.97
nanopore	SRR21416055	44.12
nanopore	SRR21416064	34.67
nanopore	SRR21416065	35.25
nanopore	SRR21416069	46.37
nanopore	SRR21416071	32.41
nanopore	SRR21416077	49.62
nanopore	SRR21416093	38.69
nanopore	SRR21416096	40.04
nanopore	SRR21416098	43.46
nanopore	SRR21416106	45.33
nanopore	SRR21416109	47.44
nanopore	SRR21416120	42.66
nanopore	SRR21416121	41.15
nanopore	SRR21416122	40.94
nanopore	SRR21416126	44.66
nanopore	SRR21416127	41.80
nanopore	SRR21416131	36.76
nanopore	SRR21416134	43.89
nanopore	SRR21416137	42.36
nanopore	SRR21416139	44.85
nanopore	SRR21416140	51.79
nanopore	SRR21439827	41.10
nanopore	SRR21440766	34.94
nanopore	SRR21449954	47.38
nanopore	SRR21449956	46.84
nanopore	SRR21449959	48.38
nanopore	SRR21449962	58.17
nanopore	SRR21449963	49.27
nanopore	SRR21449964	55.35
nanopore	SRR21449968	51.25
nanopore	SRR21465134	34.57
nanopore	SRR21465135	32.10
nanopore	SRR21465136	45.84
nanopore	SRR21465137	45.36
nanopore	SRR21465138	40.26
nanopore	SRR21465140	38.28
nanopore	SRR21465926	52.74
nanopore	SRR21472839	60.45
nanopore	SRR21473046	63.04
nanopore	SRR21539842	56.62
nanopore	SRR21539843	58.67
nanopore	SRR21547805	45.10
nanopore	SRR21547808	46.66
nanopore	SRR21560188	54.26
nanopore	SRR21563324	51.57
nanopore	SRR21563325	57.47
nanopore	SRR21563327	51.46
nanopore	SRR21563328	57.54
nanopore	SRR21563330	57.46
nanopore	SRR21563331	54.47
nanopore	SRR21563332	42.64
nanopore	SRR21563334	43.21
nanopore	SRR21563335	57.38
nanopore	SRR21563336	44.14
nanopore	SRR21563337	52.28
nanopore	SRR21563338	59.22
nanopore	SRR21563341	56.74
nanopore	SRR21563342	47.13
nanopore	SRR21563343	53.27
nanopore	SRR21563346	53.90
nanopore	SRR21563347	46.34
nanopore	SRR21563351	48.39
nanopore	SRR21563356	49.91
nanopore	SRR21563357	50.82
nanopore	SRR21563359	52.41
nanopore	SRR21563360	53.22
nanopore	SRR21563363	51.98
nanopore	SRR21563364	52.45
nanopore	SRR21563365	53.20
nanopore	SRR21563366	52.34
nanopore	SRR21563373	59.61
nanopore	SRR21563376	45.43
nanopore	SRR21563385	40.46
nanopore	SRR21563387	49.84
nanopore	SRR21563395	39.83
nanopore	SRR21563410	47.69
nanopore	SRR21563411	48.96
nanopore	SRR21563416	49.11
nanopore	SRR21563417	44.74
nanopore	SRR21563419	37.22
nanopore	SRR21563420	46.52
nanopore	SRR21563425	48.54
nanopore	SRR21563427	52.29
nanopore	SRR21563428	52.54
nanopore	SRR21563430	45.31
nanopore	SRR21563438	53.70
nanopore	SRR21563440	51.37
nanopore	SRR21563444	48.25
nanopore	SRR21563446	39.76
nanopore	SRR21563447	57.06
nanopore	SRR21563460	53.25
nanopore	SRR21563464	43.02
nanopore	SRR21563468	57.07
nanopore	SRR21563469	44.85
nanopore	SRR21563470	56.62
nanopore	SRR21563471	54.52
nanopore	SRR21563472	58.23
nanopore	SRR21563473	58.49
nanopore	SRR21563494	51.10
nanopore	SRR21563495	52.93
nanopore	SRR21563497	52.11
nanopore	SRR21563498	53.17
nanopore	SRR21563500	51.15
nanopore	SRR21563501	52.14
nanopore	SRR21563516	56.70
nanopore	SRR21563517	53.28
nanopore	SRR21563520	48.35
nanopore	SRR21563525	54.56
nanopore	SRR21563528	42.75
nanopore	SRR21563531	54.74
nanopore	SRR21563544	55.11
nanopore	SRR21563545	54.10
nanopore	SRR21606644	39.56
nanopore	SRR21607164	37.11
nanopore	SRR21607166	35.80
nanopore	SRR21629963	57.82
nanopore	SRR21629967	54.80
nanopore	SRR21629969	51.71
nanopore	SRR21629970	61.32
nanopore	SRR21629973	49.77
nanopore	SRR21629975	49.39
nanopore	SRR21629978	62.65
nanopore	SRR21629982	52.23
nanopore	SRR21629984	50.72
nanopore	SRR21629986	43.99
nanopore	SRR21629988	53.68
nanopore	SRR21629989	55.17
nanopore	SRR21629991	52.16
nanopore	SRR21629992	41.11
nanopore	SRR21629993	54.04
nanopore	SRR21629995	52.99
nanopore	SRR21629996	56.76
nanopore	SRR21629999	53.67
nanopore	SRR21630005	48.96
nanopore	SRR21630006	55.18
nanopore	SRR21630008	52.96
nanopore	SRR21630009	52.92
nanopore	SRR21630010	56.06
nanopore	SRR21630012	52.64
nanopore	SRR21630013	55.44
nanopore	SRR21630015	55.46
nanopore	SRR21630042	49.03
nanopore	SRR21630046	48.72
nanopore	SRR21630048	48.52
nanopore	SRR21630059	53.52
nanopore	SRR21630061	52.71
nanopore	SRR21630065	56.64
nanopore	SRR21630069	50.00
nanopore	SRR21630070	48.17
nanopore	SRR21630072	52.96
nanopore	SRR21630075	53.13
nanopore	SRR21630077	56.28
nanopore	SRR21630078	58.30
nanopore	SRR21630081	54.67
nanopore	SRR21630087	55.86
nanopore	SRR21630096	55.55
nanopore	SRR21630099	53.95
nanopore	SRR21630100	54.63
nanopore	SRR21630102	60.17
nanopore	SRR21630103	51.91
nanopore	SRR21630104	54.33
nanopore	SRR21630106	51.66
nanopore	SRR21630107	56.41
nanopore	SRR21630111	41.98
nanopore	SRR21630113	45.83
nanopore	SRR21630116	39.57
nanopore	SRR21630119	52.13
nanopore	SRR21630120	60.85
nanopore	SRR21630121	50.38
nanopore	SRR21630122	63.70
nanopore	SRR21630127	58.51
nanopore	SRR21630128	51.82
nanopore	SRR21630132	53.70
nanopore	SRR21630133	51.04
nanopore	SRR21630136	29.24
nanopore	SRR21630137	53.69
nanopore	SRR21630139	51.97
nanopore	SRR21630141	29.61
nanopore	SRR21630142	55.98
nanopore	SRR21630143	64.69
nanopore	SRR21630146	48.96
nanopore	SRR21630151	61.55
nanopore	SRR21630156	55.59
nanopore	SRR21630205	64.91
nanopore	SRR21630207	65.23
nanopore	SRR21630214	47.49
nanopore	SRR21630215	51.58
nanopore	SRR21630216	49.42
nanopore	SRR21630219	44.30
nanopore	SRR21630221	57.56
nanopore	SRR21630224	42.73
nanopore	SRR21630226	47.35
nanopore	SRR21630232	54.01
nanopore	SRR21630234	50.24
nanopore	SRR21630235	55.39
nanopore	SRR21630242	48.73
nanopore	SRR21630247	47.14
nanopore	SRR21630249	53.32
nanopore	SRR21630250	49.49
nanopore	SRR21630273	63.90
nanopore	SRR21630297	53.07
nanopore	SRR21630298	51.61
nanopore	SRR21630301	50.33
nanopore	SRR21630302	48.78
nanopore	SRR21630304	50.64
nanopore	SRR21630306	57.35
nanopore	SRR21630308	61.24
nanopore	SRR21630309	54.62
nanopore	SRR21630310	54.52
nanopore	SRR21630311	43.85
nanopore	SRR21630312	56.50
nanopore	SRR21630313	52.26
nanopore	SRR21630316	48.12
nanopore	SRR21630318	52.01
nanopore	SRR21630319	57.58
nanopore	SRR21630322	38.75
nanopore	SRR21630324	22.13
nanopore	SRR21630328	55.66
nanopore	SRR21630329	52.67
nanopore	SRR21630333	47.77
nanopore	SRR21630334	51.05
nanopore	SRR21630335	56.73
nanopore	SRR21630336	49.55
nanopore	SRR21630341	52.04
nanopore	SRR21630344	51.32
nanopore	SRR21630345	42.88
nanopore	SRR21630347	58.14
nanopore	SRR21630351	59.70
nanopore	SRR21630353	51.21
nanopore	SRR21630355	61.97
nanopore	SRR21630357	64.68
nanopore	SRR21630358	27.38
nanopore	SRR21630361	55.76
nanopore	SRR21630366	63.25
nanopore	SRR21630367	34.04
nanopore	SRR21630369	57.07
nanopore	SRR21630370	61.02
nanopore	SRR21630392	54.00
nanopore	SRR21630398	57.24
nanopore	SRR21630401	53.82
nanopore	SRR21630403	36.64
nanopore	SRR21630404	52.86
nanopore	SRR21630405	53.67
nanopore	SRR21630409	53.47
nanopore	SRR21630411	63.82
nanopore	SRR21630414	47.97
nanopore	SRR21630416	52.20
nanopore	SRR21630419	52.56
nanopore	SRR21630426	51.63
nanopore	SRR21630427	44.96
nanopore	SRR21630428	48.75
nanopore	SRR21630429	45.48
nanopore	SRR21630432	61.49
nanopore	SRR21630435	51.51
nanopore	SRR21630436	51.68
nanopore	SRR21630437	55.20
nanopore	SRR21630440	52.33
nanopore	SRR21630443	59.74
nanopore	SRR21630444	50.68
nanopore	SRR21630446	51.15
nanopore	SRR21630449	43.90
nanopore	SRR21630450	55.94
nanopore	SRR21630451	52.24
nanopore	SRR21630452	52.46
nanopore	SRR21630453	51.40
nanopore	SRR21630455	54.33
nanopore	SRR21630456	54.45
nanopore	SRR21630457	52.76
nanopore	SRR21630459	51.82
nanopore	SRR21630461	56.44
nanopore	SRR21634502	30.91
nanopore	SRR21669490	50.28
nanopore	SRR21680729	35.38
nanopore	SRR21680731	29.80
nanopore	SRR21680749	39.96
nanopore	SRR21680817	45.86
nanopore	SRR21681206	50.12
nanopore	SRR21696209	53.15
nanopore	SRR21696227	46.24
nanopore	SRR21696269	33.96
nanopore	SRR21696270	52.80
nanopore	SRR21696305	50.58
nanopore	SRR21696306	52.28
nanopore	SRR21696307	49.92
nanopore	SRR21696311	41.10
nanopore	SRR21696312	40.81
nanopore	SRR21696315	58.32
nanopore	SRR21696318	48.28
nanopore	SRR21696319	53.86
nanopore	SRR21696320	54.21
nanopore	SRR21696321	49.40
nanopore	SRR21696324	53.05
nanopore	SRR21696326	40.01
nanopore	SRR21696328	48.50
nanopore	SRR21696331	48.42
nanopore	SRR21696333	47.34
nanopore	SRR21696337	57.51
nanopore	SRR21696338	60.51
nanopore	SRR21696339	50.68
nanopore	SRR21696340	56.05
nanopore	SRR21696341	52.97
nanopore	SRR21696342	49.19
nanopore	SRR21696345	57.86
nanopore	SRR21696348	39.64
nanopore	SRR21696349	50.83
nanopore	SRR21696350	47.47
nanopore	SRR21696351	39.64
nanopore	SRR21696352	51.50
nanopore	SRR21696354	49.94
nanopore	SRR21696355	53.18
nanopore	SRR21696356	47.94
nanopore	SRR21696358	51.53
nanopore	SRR21696359	58.05
nanopore	SRR21696361	43.15
nanopore	SRR21696376	60.93
nanopore	SRR21696379	46.12
nanopore	SRR21696381	46.27
nanopore	SRR21696382	53.02
nanopore	SRR21696383	49.69
nanopore	SRR21696384	42.38
nanopore	SRR21696387	48.60
nanopore	SRR21696388	63.48
nanopore	SRR21696389	36.77
nanopore	SRR21696391	50.88
nanopore	SRR21696392	46.98
nanopore	SRR21696393	48.07
nanopore	SRR21696394	46.29
nanopore	SRR21696395	41.60
nanopore	SRR21696396	43.38
nanopore	SRR21696397	50.72
nanopore	SRR21696399	51.72
nanopore	SRR21696400	31.10
nanopore	SRR21696401	47.59
nanopore	SRR21696405	43.77
nanopore	SRR21696406	55.70
nanopore	SRR21696408	42.59
nanopore	SRR21696409	43.97
nanopore	SRR21696410	61.12
nanopore	SRR21696411	48.13
nanopore	SRR21696415	56.59
nanopore	SRR21696417	43.40
nanopore	SRR21696422	39.35
nanopore	SRR21696424	37.15
nanopore	SRR21696425	24.38
nanopore	SRR21696426	67.31
nanopore	SRR21696429	33.35
nanopore	SRR21696431	55.57
nanopore	SRR21696435	41.45
nanopore	SRR21696436	33.55
nanopore	SRR21696437	47.83
nanopore	SRR21696442	32.61
nanopore	SRR21696444	43.86
nanopore	SRR21696445	50.21
nanopore	SRR21696446	48.68
nanopore	SRR21696447	45.25
nanopore	SRR21696453	58.82
nanopore	SRR21696454	41.53
nanopore	SRR21696468	60.73
nanopore	SRR21696469	50.51
nanopore	SRR21696470	68.69
nanopore	SRR21696471	46.15
nanopore	SRR21696472	50.20
nanopore	SRR21696475	50.63
nanopore	SRR21696476	42.88
nanopore	SRR21696477	36.34
nanopore	SRR21696482	51.29
nanopore	SRR21696484	53.22
nanopore	SRR21696486	42.48
nanopore	SRR21696491	37.07
nanopore	SRR21696492	45.84
nanopore	SRR21696495	56.88
nanopore	SRR21696501	51.59
nanopore	SRR21696530	74.53
nanopore	SRR21696536	51.34
nanopore	SRR21696539	61.05
nanopore	SRR21696540	52.48
nanopore	SRR21696542	52.18
nanopore	SRR21696543	55.89
nanopore	SRR21696545	51.18
nanopore	SRR21696546	58.01
nanopore	SRR21696549	46.83
nanopore	SRR21696550	49.09
nanopore	SRR21696551	38.31
nanopore	SRR21696553	56.33
nanopore	SRR21696554	38.23
nanopore	SRR21696556	44.31
nanopore	SRR21696558	34.58
nanopore	SRR21696559	36.98
nanopore	SRR21696584	47.03
nanopore	SRR21696608	63.06
nanopore	SRR21696630	42.15
nanopore	SRR21696638	56.43
nanopore	SRR21696646	63.01
nanopore	SRR21696673	57.33
nanopore	SRR21700513	48.52
nanopore	SRR21713686	49.94
nanopore	SRR21713687	56.20
nanopore	SRR21713688	57.64
nanopore	SRR21719209	41.70
nanopore	SRR21817393	32.26
nanopore	SRR21820701	47.95
nanopore	SRR21836795	48.20
nanopore	SRR21836799	52.48
nanopore	SRR21851309	56.66
nanopore	SRR21857881	67.04
nanopore	SRR21864871	57.13
nanopore	SRR21864875	24.91
nanopore	SRR21887502	48.47
nanopore	SRR21890344	60.20
nanopore	SRR21902429	53.38
nanopore	SRR21979969	43.85
nanopore	SRR22015155	40.28
nanopore	SRR22028292	38.26
nanopore	SRR22028405	49.30
nanopore	SRR22031414	50.36
nanopore	SRR22048717	37.96
nanopore	SRR22085551	49.86
nanopore	SRR22198850	27.59
nanopore	SRR22198852	28.66
nanopore	SRR22212336	67.24
nanopore	SRR22225499	52.09
nanopore	SRR22225501	50.44
nanopore	SRR22226934	41.14
nanopore	SRR22226935	51.62
nanopore	SRR22226936	48.34
nanopore	SRR22229513	36.77
nanopore	SRR22229515	30.51
nanopore	SRR22250794	41.08
nanopore	SRR22306553	44.60
nanopore	SRR22340637	30.21
nanopore	SRR22420521	28.30
nanopore	SRR22475575	57.58
nanopore	SRR22502663	35.80
nanopore	SRR22523853	49.33
nanopore	SRR22533691	31.77
nanopore	SRR22533695	31.89
nanopore	SRR22533696	42.32
nanopore	SRR22533697	42.13
nanopore	SRR22533731	34.53
nanopore	SRR22533733	42.90
nanopore	SRR22533734	21.24
nanopore	SRR22533738	51.62
nanopore	SRR22533743	35.12
nanopore	SRR22533744	36.11
nanopore	SRR22533747	41.41
nanopore	SRR22533750	40.30
nanopore	SRR22533753	49.99
nanopore	SRR22533754	39.46
nanopore	SRR22533755	36.80
nanopore	SRR22554282	56.86
nanopore	SRR22574257	47.89
nanopore	SRR22580996	52.89
nanopore	SRR22689963	43.44
nanopore	SRR22705160	43.54
nanopore	SRR22823170	15.57
nanopore	SRR22938818	42.71
nanopore	SRR22997614	48.62
nanopore	SRR22997615	50.97
nanopore	SRR22997619	51.52
nanopore	SRR22997623	52.10
nanopore	SRR23030856	59.43
nanopore	SRR23033285	44.25
nanopore	SRR23044206	54.80
nanopore	SRR23044210	62.57
nanopore	SRR23044215	52.81
nanopore	SRR23044219	64.47
nanopore	SRR23044222	69.13
nanopore	SRR23044223	71.77
nanopore	SRR23092355	64.55
nanopore	SRR23097117	24.84
nanopore	SRR23111340	36.78
nanopore	SRR23148050	56.45
nanopore	SRR23148051	52.64
nanopore	SRR23148057	55.20
nanopore	SRR23148060	56.58
nanopore	SRR23190563	37.11
nanopore	SRR23190621	41.57
nanopore	SRR23190625	45.78
nanopore	SRR23290063	34.58
nanopore	SRR23290064	43.46
nanopore	SRR23290065	53.09
nanopore	SRR23325988	93.27
nanopore	SRR23329172	95.67
nanopore	SRR23365104	47.92
nanopore	SRR23385478	32.79
nanopore	SRR23387316	50.28
nanopore	SRR23387317	57.66
nanopore	SRR23387324	55.32
nanopore	SRR23389232	49.60
nanopore	SRR23390615	24.06
nanopore	SRR23392100	45.44
nanopore	SRR23401452	46.07
nanopore	SRR23401454	54.03
nanopore	SRR23445272	40.04
nanopore	SRR23450433	51.11
nanopore	SRR23471040	53.80
nanopore	SRR23471050	59.65
nanopore	SRR23471073	58.18
nanopore	SRR23471088	54.45
nanopore	SRR23471090	53.03
nanopore	SRR23471094	47.17
nanopore	SRR23576511	50.18
nanopore	SRR23576513	49.28
nanopore	SRR23576515	57.36
nanopore	SRR23641982	41.39
nanopore	SRR23690828	48.83
nanopore	SRR23690829	44.05
nanopore	SRR23690838	50.13
nanopore	SRR23690853	51.84
nanopore	SRR23701664	61.01
nanopore	SRR23704013	56.13
nanopore	SRR23754108	65.72
nanopore	SRR23860488	50.08
nanopore	SRR23873164	40.89
nanopore	SRR23875562	42.53
nanopore	SRR23879684	52.73
nanopore	SRR23879687	52.24
nanopore	SRR23891548	32.78
nanopore	SRR23909975	56.31
nanopore	SRR23940491	40.46
nanopore	SRR23940503	42.09
nanopore	SRR23998934	37.35
nanopore	SRR23998943	43.68
nanopore	SRR24000762	61.00
nanopore	SRR24000764	54.79
nanopore	SRR24000766	51.04
nanopore	SRR24016856	49.78
nanopore	SRR24017996	46.04
nanopore	SRR24045860	42.59
nanopore	SRR24079984	44.68
nanopore	SRR24129362	64.51
nanopore	SRR24137097	68.45
nanopore	SRR24151137	39.88
nanopore	SRR24151139	43.12
nanopore	SRR24165796	46.30
nanopore	SRR24201568	65.87
nanopore	SRR24271048	52.80
nanopore	SRR24271049	49.97
nanopore	SRR24271050	48.86
nanopore	SRR24271051	48.90
nanopore	SRR24271052	37.37
nanopore	SRR24271053	45.76
nanopore	SRR24271058	50.43
nanopore	SRR24271059	48.08
nanopore	SRR24271061	53.39
nanopore	SRR24271064	48.51
nanopore	SRR24320911	57.45
nanopore	SRR24320913	57.70
nanopore	SRR24320915	54.74
nanopore	SRR24324333	36.35
nanopore	SRR24356796	37.64
nanopore	SRR24356799	37.00
nanopore	SRR24391585	48.65
nanopore	SRR24391587	31.54
nanopore	SRR24451003	34.73
nanopore	SRR24463593	42.14
nanopore	SRR24489321	21.09
nanopore	SRR24489322	61.84
nanopore	SRR24489328	41.19
nanopore	SRR24496306	50.57
nanopore	SRR24503423	55.41
nanopore	SRR24503425	57.76
nanopore	SRR24520269	35.51
nanopore	SRR24529683	53.85
nanopore	SRR24546986	46.54
nanopore	SRR24546988	41.35
nanopore	SRR24561040	49.46
nanopore	SRR24561041	53.81
nanopore	SRR24564538	34.07
nanopore	SRR24564539	39.53
nanopore	SRR24564540	40.68
nanopore	SRR24564545	52.23
nanopore	SRR24564553	45.31
nanopore	SRR24565792	54.37
nanopore	SRR24740387	42.08
nanopore	SRR24745629	31.53
nanopore	SRR24768107	44.27
nanopore	SRR24792119	51.29
nanopore	SRR24796020	55.40
nanopore	SRR24833076	49.12
nanopore	SRR24833077	48.65
nanopore	SRR24833082	43.45
nanopore	SRR24833095	57.18
nanopore	SRR24833096	43.48
nanopore	SRR24834283	47.41
nanopore	SRR24837485	31.85
nanopore	SRR24860065	41.35
nanopore	SRR24860066	55.74
nanopore	SRR24860067	50.45
nanopore	SRR24860068	53.86
nanopore	SRR24890961	46.52
nanopore	SRR24905656	69.33
nanopore	SRR24949809	21.78
nanopore	SRR24952280	42.59
nanopore	SRR24952281	43.52
nanopore	SRR24955880	13.94
nanopore	SRR24955973	47.77
nanopore	SRR25032973	47.59
nanopore	SRR25032975	48.59
nanopore	SRR25032983	43.91
nanopore	SRR25068157	43.88
nanopore	SRR25068159	43.92
nanopore	SRR25110884	52.03
nanopore	SRR25134083	36.52
nanopore	SRR25177534	50.58
nanopore	SRR25210281	27.64
nanopore	SRR25269555	54.85
nanopore	SRR25298672	55.44
nanopore	SRR25298673	50.27
nanopore	SRR25298674	49.54
nanopore	SRR25302807	56.67
nanopore	SRR25382412	52.33
nanopore	SRR25411576	57.12
nanopore	SRR25474712	53.25
nanopore	SRR25480262	53.45
nanopore	SRR25488386	55.02
nanopore	SRR25497764	60.07
nanopore	SRR25497965	46.92
nanopore	SRR25497966	41.03
nanopore	SRR25497967	35.91
nanopore	SRR25497968	39.96
nanopore	SRR25500206	50.45
nanopore	SRR25500408	50.23
nanopore	SRR25500631	54.32
nanopore	SRR25511190	51.94
nanopore	SRR25511204	51.07
nanopore	SRR25511210	55.47
nanopore	SRR25536467	51.11
nanopore	SRR25546981	22.62
nanopore	SRR25570560	59.13
nanopore	SRR25570561	57.09
nanopore	SRR25581455	46.65
nanopore	SRR25581457	49.37
nanopore	SRR25581459	52.19
nanopore	SRR25581605	51.05
nanopore	SRR25592257	57.62
nanopore	SRR25592442	54.82
nanopore	SRR25592444	53.94
nanopore	SRR25592464	50.96
nanopore	SRR25592468	52.46
nanopore	SRR25592474	52.56
nanopore	SRR25607706	51.48
nanopore	SRR25607708	57.03
nanopore	SRR25607739	49.54
nanopore	SRR25607743	50.87
nanopore	SRR25607821	40.57
nanopore	SRR25607822	37.15
nanopore	SRR25626968	49.94
nanopore	SRR25627033	50.31
nanopore	SRR25627274	52.28
nanopore	SRR25627316	63.00
nanopore	SRR25627447	53.02
nanopore	SRR25627964	53.61
nanopore	SRR25689477	54.23
nanopore	SRR25689478	56.78
nanopore	SRR25689479	57.93
nanopore	SRR25689480	55.78
nanopore	SRR25689482	59.54
nanopore	SRR25708024	46.99
nanopore	SRR25757805	31.33
nanopore	SRR25775079	44.35
nanopore	SRR25775081	50.73
nanopore	SRR25793747	49.05
nanopore	SRR25904912	57.23
nanopore	SRR25905145	46.77
nanopore	SRR25905147	50.40
nanopore	SRR25907068	48.43
nanopore	SRR26051222	47.46
nanopore	SRR26051224	44.61
nanopore	SRR26051226	48.71
nanopore	SRR26051229	49.25
nanopore	SRR26051230	46.17
nanopore	SRR26051232	45.37
nanopore	SRR26051234	55.34
nanopore	SRR26051236	46.05
nanopore	SRR26051238	45.75
nanopore	SRR26051240	43.99
nanopore	SRR26051242	47.73
nanopore	SRR26135714	52.55
nanopore	SRR26146665	50.05
nanopore	SRR26146667	49.63
nanopore	SRR26162836	41.71
nanopore	SRR26162843	54.97
nanopore	SRR26182000	57.99
nanopore	SRR26182001	54.14
nanopore	SRR26182002	55.85
nanopore	SRR26182377	48.51
nanopore	SRR26193454	27.43
nanopore	SRR26205257	45.84
nanopore	SRR26205259	45.47
nanopore	SRR26205269	49.11
nanopore	SRR26255159	43.96
nanopore	SRR26255161	51.26
nanopore	SRR26305307	43.93
nanopore	SRR26305309	29.03
nanopore	SRR26305318	38.09
nanopore	SRR26305320	39.78
nanopore	SRR26305323	53.61
nanopore	SRR26305324	35.59
nanopore	SRR26305327	34.26
nanopore	SRR26305329	41.78
nanopore	SRR26305331	46.42
nanopore	SRR26305335	45.42
nanopore	SRR26327166	50.42
nanopore	SRR26335726	65.44
nanopore	SRR26335727	59.32
nanopore	SRR26336054	67.01
nanopore	SRR26337672	58.52
nanopore	SRR26374538	45.56
nanopore	SRR26378203	56.34
nanopore	SRR26382618	50.26
nanopore	SRR26386754	48.36
nanopore	SRR26418082	52.70
nanopore	SRR26465429	55.01
nanopore	SRR26465432	55.23
nanopore	SRR26465438	42.85
nanopore	SRR26465443	40.91
nanopore	SRR26465447	41.97
nanopore	SRR26465454	50.30
nanopore	SRR26465462	53.91
nanopore	SRR26465463	52.09
nanopore	SRR26465468	30.18
nanopore	SRR26465469	39.57
nanopore	SRR26465471	43.20
nanopore	SRR26465472	46.90
nanopore	SRR26465473	37.02
nanopore	SRR26465474	39.23
nanopore	SRR26465521	54.37
nanopore	SRR26465523	55.20
nanopore	SRR26465524	57.77
nanopore	SRR26465526	51.68
nanopore	SRR26465527	52.27
nanopore	SRR26465529	53.30
nanopore	SRR26465548	52.69
nanopore	SRR26465550	46.68
nanopore	SRR26465554	50.00
nanopore	SRR26465556	57.35
nanopore	SRR26465557	55.56
nanopore	SRR26465559	56.33
nanopore	SRR26465560	63.93
nanopore	SRR26465563	53.83
nanopore	SRR26465565	56.23
nanopore	SRR26465730	50.29
nanopore	SRR26473422	43.13
nanopore	SRR26473445	42.88
nanopore	SRR26621750	56.59
nanopore	SRR26621751	68.71
nanopore	SRR26624652	45.05
nanopore	SRR26643263	55.19
nanopore	SRR26643264	56.76
nanopore	SRR26643265	57.08
nanopore	SRR26643493	57.18
nanopore	SRR26688612	53.39
nanopore	SRR26715165	59.35
nanopore	SRR26715166	56.05
nanopore	SRR26716712	46.92
nanopore	SRR26730976	33.36
nanopore	SRR26742021	72.36
nanopore	SRR26748292	54.57
nanopore	SRR26748298	49.77
nanopore	SRR26830257	59.96
nanopore	SRR26841315	51.65
nanopore	SRR26841318	37.04
nanopore	SRR26841323	60.09
nanopore	SRR26857544	48.29
nanopore	SRR26882392	53.31
nanopore	SRR26942067	44.10
nanopore	SRR26974595	46.78
nanopore	SRR26989784	49.91
nanopore	SRR26989785	47.35
nanopore	SRR26989786	49.66
nanopore	SRR26992868	44.32
nanopore	SRR26992902	28.69
nanopore	SRR26994302	57.05
nanopore	SRR27033672	53.95
nanopore	SRR27033724	49.94
nanopore	SRR27089206	51.25
nanopore	SRR27089208	50.99
nanopore	SRR27089216	52.57
nanopore	SRR27089219	50.09
nanopore	SRR27135507	53.82
nanopore	SRR27136102	53.48
nanopore	SRR27136103	60.48
nanopore	SRR27136104	53.67
nanopore	SRR27136105	51.12
nanopore	SRR27136106	56.32
nanopore	SRR27136108	53.54
nanopore	SRR27136109	57.39
nanopore	SRR27136110	51.62
nanopore	SRR27136111	53.68
nanopore	SRR27136112	55.32
nanopore	SRR27136113	50.97
nanopore	SRR27136114	52.46
nanopore	SRR27162019	55.10
nanopore	SRR27175321	48.20
nanopore	SRR27183504	37.38
nanopore	SRR27187200	58.87
nanopore	SRR27198271	48.67
nanopore	SRR27198384	45.73
nanopore	SRR27204061	53.57
nanopore	SRR27204063	57.91
nanopore	SRR27218471	38.58
nanopore	SRR27218567	36.78
nanopore	SRR27219901	22.80
nanopore	SRR27256752	51.74
nanopore	SRR27256802	54.35
nanopore	SRR27312761	45.10
nanopore	SRR27467448	42.27
nanopore	SRR27467449	45.07
nanopore	SRR27467450	45.56
nanopore	SRR27467477	32.03
nanopore	SRR27467478	41.28
nanopore	SRR27467479	37.47
nanopore	SRR27467589	37.60
nanopore	SRR27467590	44.07
nanopore	SRR27467591	40.22
nanopore	SRR27561239	35.84
nanopore	SRR27561241	46.67
nanopore	SRR27561242	37.30
nanopore	SRR27561248	39.65
nanopore	SRR27561250	41.75
nanopore	SRR27561273	27.10
nanopore	SRR27561276	20.50
nanopore	SRR27561279	39.06
nanopore	SRR27608435	48.78
nanopore	SRR27678663	31.58
nanopore	SRR27678667	45.27
nanopore	SRR27678670	27.33
nanopore	SRR27678677	44.12
nanopore	SRR27678678	33.33
nanopore	SRR27678687	35.49
nanopore	SRR27678688	31.46
nanopore	SRR27678689	37.12
nanopore	SRR27678693	27.68
nanopore	SRR27678694	32.85
nanopore	SRR27678695	34.73
nanopore	SRR27678699	28.04
nanopore	SRR27678700	44.21
nanopore	SRR27678701	45.04
nanopore	SRR27678704	28.83
nanopore	SRR27678709	36.86
nanopore	SRR27678712	27.64
nanopore	SRR27678714	49.07
nanopore	SRR27678716	33.43
nanopore	SRR27678719	27.00
nanopore	SRR27678720	38.55
nanopore	SRR27678724	35.85
nanopore	SRR27678734	34.89
nanopore	SRR27678745	46.07
nanopore	SRR27678752	37.95
nanopore	SRR27678753	47.41
nanopore	SRR27678759	43.55
nanopore	SRR27678764	32.28
nanopore	SRR27710529	59.27
nanopore	SRR27710535	51.76
nanopore	SRR27798004	44.11
nanopore	SRR27829598	47.18
nanopore	SRR27869584	40.75
nanopore	SRR27935473	20.84
nanopore	SRR27962678	43.23
nanopore	SRR27967205	54.06
nanopore	SRR27967206	56.09
nanopore	SRR27967207	53.28
nanopore	SRR27967419	60.23
nanopore	SRR27967420	59.60
nanopore	SRR28015934	47.10
nanopore	SRR28036849	55.54
nanopore	SRR28046834	53.43
nanopore	SRR28046836	53.74
nanopore	SRR28053600	46.93
nanopore	SRR28082841	49.88
nanopore	SRR28084436	62.97
nanopore	SRR28084437	61.01
nanopore	SRR28110421	46.07
nanopore	SRR28110551	52.44
nanopore	SRR28153371	39.13
nanopore	SRR28203231	53.61
nanopore	SRR28208385	21.06
nanopore	SRR28208482	56.62
nanopore	SRR28222457	50.05
nanopore	SRR28222992	35.91
nanopore	SRR28223506	90.29
nanopore	SRR28223604	37.81
nanopore	SRR28247437	51.61
nanopore	SRR28257257	31.14
nanopore	SRR28331549	44.49
nanopore	SRR28331550	47.65
nanopore	SRR28331551	46.10
nanopore	SRR28331552	54.62
nanopore	SRR28331553	45.28
nanopore	SRR28331554	46.31
nanopore	SRR28332069	40.87
nanopore	SRR28332070	40.87
nanopore	SRR28332071	42.98
nanopore	SRR28332072	41.55
nanopore	SRR28332073	34.75
nanopore	SRR28332074	33.36
nanopore	SRR28374924	57.36
nanopore	SRR28375019	53.18
nanopore	SRR28415520	42.81
nanopore	SRR28415521	41.81
nanopore	SRR28415522	42.46
nanopore	SRR28421272	48.85
nanopore	SRR28580118	45.91
nanopore	SRR28607550	49.77
nanopore	SRR28623331	51.08
nanopore	SRR28624413	52.47
nanopore	SRR28638968	55.75
nanopore	SRR28639069	53.69
nanopore	SRR28740023	49.62
nanopore	SRR28741285	48.01
nanopore	SRR28748141	46.52
nanopore	SRR28748143	43.52
nanopore	SRR28800578	63.81
nanopore	SRR28800581	59.61
nanopore	SRR28811860	40.00
nanopore	SRR28811872	43.58
nanopore	SRR28811875	39.88
nanopore	SRR28926170	53.78
nanopore	SRR28974803	49.59
nanopore	SRR29006306	48.67
nanopore	SRR29012380	38.00
nanopore	SRR29024534	50.58
nanopore	SRR29081115	25.19
nanopore	SRR29081119	24.91
nanopore	SRR29090061	52.31
nanopore	SRR29090066	53.22
nanopore	SRR29099095	55.17
nanopore	SRR29099096	53.64
nanopore	SRR29099101	55.09
nanopore	SRR29099102	57.17
nanopore	SRR29099103	53.69
nanopore	SRR29190359	47.70
nanopore	SRR29203347	51.04
nanopore	SRR29248331	58.90
nanopore	SRR29307546	56.54
nanopore	SRR29314677	42.39
nanopore	SRR29321010	2.02
nanopore	SRR29360690	40.07
nanopore	SRR29457729	44.01
nanopore	SRR29516537	54.12
nanopore	SRR29516540	54.08
nanopore	SRR29516548	51.83
nanopore	SRR29516549	56.64
nanopore	SRR29675657	40.78
nanopore	SRR29675658	41.57
nanopore	SRR29675659	38.05
nanopore	SRR29707290	37.76
nanopore	SRR29726873	44.22
nanopore	SRR29726874	50.80
nanopore	SRR29726875	53.33
nanopore	SRR29726883	52.37
nanopore	SRR29726885	54.83
nanopore	SRR29726886	51.86
nanopore	SRR29726889	50.35
nanopore	SRR29726894	51.28
nanopore	SRR29726897	57.48
nanopore	SRR29744428	33.51
nanopore	SRR29761484	35.62
nanopore	SRR29761485	38.77
nanopore	SRR29788353	49.79
nanopore	SRR29821702	29.64
nanopore	SRR29831488	52.95
nanopore	SRR29831490	50.62
nanopore	SRR29831492	50.87
nanopore	SRR29831493	52.97
nanopore	SRR29859744	47.92
nanopore	SRR29859747	42.39
nanopore	SRR29859748	42.52
nanopore	SRR29859760	45.22
nanopore	SRR29882844	51.67
nanopore	SRR29882849	55.22
nanopore	SRR29882858	56.46
nanopore	SRR29911121	53.27
nanopore	SRR29931579	53.56
nanopore	SRR30016546	36.91
nanopore	SRR30016866	47.37
nanopore	SRR30037587	39.74
nanopore	SRR30037662	47.33
nanopore	SRR30037663	44.50
nanopore	SRR30037664	44.84
nanopore	SRR30037665	48.74
nanopore	SRR30037790	35.50
nanopore	SRR30037791	36.49
nanopore	SRR30037810	47.71
nanopore	SRR30037949	43.20
nanopore	SRR30037950	49.83
nanopore	SRR30040119	49.58
nanopore	SRR30040122	49.14
nanopore	SRR30040123	52.86
nanopore	SRR30040124	51.02
nanopore	SRR30040126	47.42
nanopore	SRR30040127	49.65
nanopore	SRR30040129	49.17
nanopore	SRR30040130	51.33
nanopore	SRR30040131	47.63
nanopore	SRR30040132	46.09
nanopore	SRR30040133	46.37
nanopore	SRR30040135	49.18
nanopore	SRR30040136	46.71
nanopore	SRR30040142	44.68
nanopore	SRR30040143	47.77
nanopore	SRR30040144	44.16
nanopore	SRR30040145	45.40
nanopore	SRR30041326	48.84
nanopore	SRR30041329	45.46
nanopore	SRR30110356	47.18
nanopore	SRR30167947	41.53
nanopore	SRR30183520	49.17
nanopore	SRR30284786	58.00
nanopore	SRR30291089	38.23
nanopore	SRR30291090	37.38
nanopore	SRR30291092	41.77
nanopore	SRR30293562	42.74
nanopore	SRR30293568	39.75
nanopore	SRR30293569	44.38
nanopore	SRR30293580	48.10
nanopore	SRR30293594	48.71
nanopore	SRR30293595	46.68
nanopore	SRR30293600	48.31
nanopore	SRR30293610	44.28
nanopore	SRR30293611	48.03
nanopore	SRR30295439	50.53
nanopore	SRR30295613	42.55
nanopore	SRR30295657	40.73
nanopore	SRR30357352	53.15
nanopore	SRR30602136	45.60
nanopore	SRR30602156	50.99
nanopore	SRR30602158	41.14
nanopore	SRR30602159	38.92
nanopore	SRR30638105	53.11
nanopore	SRR30669827	43.47
nanopore	SRR30730934	50.33
nanopore	SRR30867952	29.23
nanopore	SRR30868057	52.35
nanopore	SRR30868068	44.02
nanopore	SRR30868085	40.33
nanopore	SRR30868088	39.01
nanopore	SRR30868089	39.76
nanopore	SRR30868091	44.59
nanopore	SRR30868094	38.68
nanopore	SRR30868095	44.48
nanopore	SRR30868096	33.94
nanopore	SRR30868131	39.86
nanopore	SRR30868133	46.36
nanopore	SRR30868137	50.08
nanopore	SRR30868138	31.61
nanopore	SRR30868140	38.16
nanopore	SRR30868141	27.09
nanopore	SRR30868142	36.38
nanopore	SRR30868145	33.72
nanopore	SRR30868146	44.35
nanopore	SRR30868147	42.16
nanopore	SRR30868148	36.32
nanopore	SRR30868149	37.76
nanopore	SRR30868150	47.75
nanopore	SRR30868151	48.41
nanopore	SRR30868152	40.01
nanopore	SRR30868153	44.63
nanopore	SRR30868160	39.97
nanopore	SRR30868163	44.23
nanopore	SRR5635115	25.43
nanopore	SRR5665590	52.68
nanopore	SRR5665591	49.34
nanopore	SRR5665599	47.57
nanopore	SRR5817725	47.92
nanopore	SRR6118140	54.23
nanopore	SRR6129216	22.82
nanopore	SRR6129218	25.10
nanopore	SRR6175467	22.46
nanopore	SRR6175468	24.63
nanopore	SRR6192954	25.07
nanopore	SRR6202031	22.79
nanopore	SRR6202032	22.24
nanopore	SRR6224382	27.33
nanopore	SRR6364637	3.41
nanopore	SRR6747884	29.84
nanopore	SRR6780912	28.23
nanopore	SRR6780922	3.66
nanopore	SRR6785587	29.41
nanopore	SRR6873507	36.07
nanopore	SRR6873508	37.64
nanopore	SRR6873509	36.33
nanopore	SRR6873510	31.65
nanopore	SRR7521703	37.05
nanopore	SRR7532470	33.70
nanopore	SRR7896260	34.13
nanopore	SRR7896261	33.84
nanopore	SRR7896264	39.76
nanopore	SRR7896265	41.98
nanopore	SRR7908033	43.41
nanopore	SRR7941349	47.22
nanopore	SRR7962491	18.58
nanopore	SRR7962743	53.10
nanopore	SRR8112132	44.77
nanopore	SRR8113455	45.21
nanopore	SRR8185373	26.54
nanopore	SRR8194171	17.78
nanopore	SRR8335316	43.27
nanopore	SRR8335317	43.16
nanopore	SRR8365081	82.18
nanopore	SRR8400040	42.15
nanopore	SRR8457073	44.86
nanopore	SRR8457074	41.59
nanopore	SRR8457079	40.83
nanopore	SRR8523153	57.41
nanopore	SRR8523155	53.28
nanopore	SRR8560598	37.93
nanopore	SRR8638908	52.54
nanopore	SRR8639572	50.08
nanopore	SRR8639574	49.86
nanopore	SRR8647639	50.67
nanopore	SRR8647641	53.71
nanopore	SRR8697007	58.56
nanopore	SRR8697008	58.28
nanopore	SRR8707511	57.37
nanopore	SRR8740797	44.02
nanopore	SRR8754885	33.46
nanopore	SRR8767346	8.99
nanopore	SRR8776787	36.79
nanopore	SRR8776793	42.00
nanopore	SRR8776794	40.59
nanopore	SRR8776821	46.78
nanopore	SRR8776864	39.05
nanopore	SRR8776865	37.97
nanopore	SRR8776873	47.63
nanopore	SRR8776876	37.21
nanopore	SRR8776877	41.65
nanopore	SRR8776879	46.56
nanopore	SRR8776882	39.54
nanopore	SRR8776883	33.66
nanopore	SRR8776890	39.31
nanopore	SRR8885333	35.65
nanopore	SRR8885335	38.57
nanopore	SRR8885336	37.90
nanopore	SRR8893065	35.28
nanopore	SRR8902593	44.02
nanopore	SRR8902595	32.37
nanopore	SRR8902596	35.20
nanopore	SRR8902597	41.87
nanopore	SRR8902599	14.65
nanopore	SRR8902600	47.71
nanopore	SRR8902601	28.76
nanopore	SRR8902602	31.69
nanopore	SRR8902603	30.92
nanopore	SRR8902605	42.31
nanopore	SRR8902607	34.61
nanopore	SRR8902608	23.45
nanopore	SRR8902610	44.86
nanopore	SRR8902611	18.89
nanopore	SRR8902613	18.44
nanopore	SRR8902614	14.88
nanopore	SRR8902616	15.07
nanopore	SRR8902617	31.90
nanopore	SRR8902618	23.19
nanopore	SRR8902620	33.04
nanopore	SRR8902621	12.75
nanopore	SRR8961729	27.92
nanopore	SRR8961731	41.18
nanopore	SRR8993900	29.85
nanopore	SRR9030015	32.93
nanopore	SRR9030017	42.58
nanopore	SRR9030018	36.99
nanopore	SRR9033707	47.58
nanopore	SRR9061458	38.24
nanopore	SRR9097966	51.95
nanopore	SRR9097968	47.21
nanopore	SRR9099567	49.35
nanopore	SRR9136339	34.24
nanopore	SRR9136341	29.93
nanopore	SRR9136344	48.81
nanopore	SRR9136346	35.25
nanopore	SRR9165326	43.39
nanopore	SRR9221458	33.55
nanopore	SRR9221467	34.97
nanopore	SRR9269163	39.79
nanopore	SRR9722910	29.12
nanopore	SRR9733839	41.45
nanopore	SRR9821894	47.46
nanopore	SRR9822007	11.43
nanopore	SRR9849528	34.79
nanopore	SRR9849534	34.47
nanopore	SRR9849535	35.28
nanopore	SRR9849538	34.51
nanopore	SRR9849550	37.22
nanopore	SRR9849555	40.85
nanopore	SRR9849561	34.93
nanopore	SRR9849570	38.69
nanopore	SRR9849571	38.08
nanopore	SRR9850530	48.64
nanopore	SRR9899748	7.15
nanopore	SRR9900640	21.69
nanopore	SRR9901958	31.36
nanopore	SRR9970116	48.58
nanopore	SRR9970117	47.22
nanopore	SRR9988395	38.43
pacbio_nanopore_preset	DRR072240	0.00
pacbio_nanopore_preset	DRR126367	11.82
pacbio_nanopore_preset	DRR126418	19.21
pacbio_nanopore_preset	DRR126420	19.91
pacbio_nanopore_preset	DRR140496	8.22
pacbio_nanopore_preset	DRR148418	5.45
pacbio_nanopore_preset	DRR157860	8.37
pacbio_nanopore_preset	DRR174804	7.42
pacbio_nanopore_preset	DRR174806	16.59
pacbio_nanopore_preset	DRR174808	19.60
pacbio_nanopore_preset	DRR174985	12.80
pacbio_nanopore_preset	DRR179484	23.75
pacbio_nanopore_preset	DRR179485	25.32
pacbio_nanopore_preset	DRR179488	31.15
pacbio_nanopore_preset	DRR180575	5.42
pacbio_nanopore_preset	DRR189760	2.26
pacbio_nanopore_preset	DRR198111	33.31
pacbio_nanopore_preset	DRR207928	19.02
pacbio_nanopore_preset	DRR218311	17.95
pacbio_nanopore_preset	DRR228291	7.14
pacbio_nanopore_preset	DRR228292	8.00
pacbio_nanopore_preset	DRR241428	4.51
pacbio_nanopore_preset	DRR248582	8.87
pacbio_nanopore_preset	DRR296284	61.40
pacbio_nanopore_preset	DRR307107	26.02
pacbio_nanopore_preset	DRR307112	29.94
pacbio_nanopore_preset	DRR307121	14.96
pacbio_nanopore_preset	DRR307122	30.28
pacbio_nanopore_preset	DRR307155	17.91
pacbio_nanopore_preset	DRR307162	15.13
pacbio_nanopore_preset	DRR331382	1.04
pacbio_nanopore_preset	DRR331672	2.51
pacbio_nanopore_preset	DRR331673	4.23
pacbio_nanopore_preset	DRR331674	4.97
pacbio_nanopore_preset	DRR331675	5.62
pacbio_nanopore_preset	DRR331676	8.89
pacbio_nanopore_preset	DRR331677	8.82
pacbio_nanopore_preset	DRR331678	9.34
pacbio_nanopore_preset	DRR331679	8.85
pacbio_nanopore_preset	DRR346902	56.73
pacbio_nanopore_preset	DRR376827	28.13
pacbio_nanopore_preset	DRR378333	0.91
pacbio_nanopore_preset	DRR379710	0.66
pacbio_nanopore_preset	DRR396223	31.18
pacbio_nanopore_preset	DRR403244	54.29
pacbio_nanopore_preset	DRR403326	55.46
pacbio_nanopore_preset	DRR403997	20.71
pacbio_nanopore_preset	DRR403998	43.14
pacbio_nanopore_preset	DRR403999	19.92
pacbio_nanopore_preset	DRR404003	26.47
pacbio_nanopore_preset	DRR409419	13.29
pacbio_nanopore_preset	DRR413267	45.25
pacbio_nanopore_preset	DRR413434	52.84
pacbio_nanopore_preset	DRR413435	54.41
pacbio_nanopore_preset	DRR488392	55.23
pacbio_nanopore_preset	DRR490216	62.24
pacbio_nanopore_preset	DRR491367	61.77
pacbio_nanopore_preset	DRR506547	60.68
pacbio_nanopore_preset	DRR513694	72.70
pacbio_nanopore_preset	DRR514775	23.94
pacbio_nanopore_preset	DRR514873	55.38
pacbio_nanopore_preset	DRR514962	56.22
pacbio_nanopore_preset	DRR514964	59.29
pacbio_nanopore_preset	DRR514966	58.53
pacbio_nanopore_preset	DRR546153	59.62
pacbio_nanopore_preset	DRR546398	56.08
pacbio_nanopore_preset	DRR546667	69.37
pacbio_nanopore_preset	DRR567738	60.40
pacbio_nanopore_preset	DRR568656	52.97
pacbio_nanopore_preset	SRR10013755	11.00
pacbio_nanopore_preset	SRR10019385	4.12
pacbio_nanopore_preset	SRR10070368	19.54
pacbio_nanopore_preset	SRR10078297	5.92
pacbio_nanopore_preset	SRR10140034	11.32
pacbio_nanopore_preset	SRR10405212	49.36
pacbio_nanopore_preset	SRR10411457	24.11
pacbio_nanopore_preset	SRR10428552	10.97
pacbio_nanopore_preset	SRR10507067	31.68
pacbio_nanopore_preset	SRR10520608	15.49
pacbio_nanopore_preset	SRR10613303	7.60
pacbio_nanopore_preset	SRR10662281	11.06
pacbio_nanopore_preset	SRR10672466	10.26
pacbio_nanopore_preset	SRR10672468	9.69
pacbio_nanopore_preset	SRR10672473	4.80
pacbio_nanopore_preset	SRR10695014	34.65
pacbio_nanopore_preset	SRR10728566	13.23
pacbio_nanopore_preset	SRR10741801	11.00
pacbio_nanopore_preset	SRR10743286	41.97
pacbio_nanopore_preset	SRR10752810	8.86
pacbio_nanopore_preset	SRR10752811	11.04
pacbio_nanopore_preset	SRR10752812	8.36
pacbio_nanopore_preset	SRR10766199	13.84
pacbio_nanopore_preset	SRR10803141	4.43
pacbio_nanopore_preset	SRR10803142	2.67
pacbio_nanopore_preset	SRR10803143	3.96
pacbio_nanopore_preset	SRR10831793	11.81
pacbio_nanopore_preset	SRR10851446	18.10
pacbio_nanopore_preset	SRR10882607	11.27
pacbio_nanopore_preset	SRR10912906	3.52
pacbio_nanopore_preset	SRR11078307	11.38
pacbio_nanopore_preset	SRR11091770	22.94
pacbio_nanopore_preset	SRR11140579	24.92
pacbio_nanopore_preset	SRR11140580	19.59
pacbio_nanopore_preset	SRR11140588	21.78
pacbio_nanopore_preset	SRR11179864	7.88
pacbio_nanopore_preset	SRR11212804	32.95
pacbio_nanopore_preset	SRR11215186	11.78
pacbio_nanopore_preset	SRR11248242	25.71
pacbio_nanopore_preset	SRR11248247	20.83
pacbio_nanopore_preset	SRR11248338	28.23
pacbio_nanopore_preset	SRR11288494	4.67
pacbio_nanopore_preset	SRR11290117	12.15
pacbio_nanopore_preset	SRR11290118	5.29
pacbio_nanopore_preset	SRR11290119	0.54
pacbio_nanopore_preset	SRR11306710	11.56
pacbio_nanopore_preset	SRR11317973	8.97
pacbio_nanopore_preset	SRR11365219	10.26
pacbio_nanopore_preset	SRR11451958	3.75
pacbio_nanopore_preset	SRR11462379	20.05
pacbio_nanopore_preset	SRR11507283	24.82
pacbio_nanopore_preset	SRR11513892	6.16
pacbio_nanopore_preset	SRR11513901	30.06
pacbio_nanopore_preset	SRR11513908	5.00
pacbio_nanopore_preset	SRR11553454	40.18
pacbio_nanopore_preset	SRR11553455	46.50
pacbio_nanopore_preset	SRR11778447	9.57
pacbio_nanopore_preset	SRR11880653	12.39
pacbio_nanopore_preset	SRR11977808	55.44
pacbio_nanopore_preset	SRR12020159	17.84
pacbio_nanopore_preset	SRR12042540	15.84
pacbio_nanopore_preset	SRR12066800	5.41
pacbio_nanopore_preset	SRR12073574	12.20
pacbio_nanopore_preset	SRR12073575	4.14
pacbio_nanopore_preset	SRR12135868	0.00
pacbio_nanopore_preset	SRR12147485	10.38
pacbio_nanopore_preset	SRR12158098	5.98
pacbio_nanopore_preset	SRR12158100	6.45
pacbio_nanopore_preset	SRR12211926	0.00
pacbio_nanopore_preset	SRR12298352	11.95
pacbio_nanopore_preset	SRR12298448	15.25
pacbio_nanopore_preset	SRR12339180	50.93
pacbio_nanopore_preset	SRR12367305	2.09
pacbio_nanopore_preset	SRR12390689	6.97
pacbio_nanopore_preset	SRR12390701	9.57
pacbio_nanopore_preset	SRR12396136	12.15
pacbio_nanopore_preset	SRR12507229	7.92
pacbio_nanopore_preset	SRR12507232	15.58
pacbio_nanopore_preset	SRR12563834	8.14
pacbio_nanopore_preset	SRR12607128	24.95
pacbio_nanopore_preset	SRR12622555	4.85
pacbio_nanopore_preset	SRR12704060	21.11
pacbio_nanopore_preset	SRR12704061	32.98
pacbio_nanopore_preset	SRR12739076	2.62
pacbio_nanopore_preset	SRR12739077	2.63
pacbio_nanopore_preset	SRR12739078	3.05
pacbio_nanopore_preset	SRR12800422	26.17
pacbio_nanopore_preset	SRR12811577	5.86
pacbio_nanopore_preset	SRR12811583	2.76
pacbio_nanopore_preset	SRR12811588	1.59
pacbio_nanopore_preset	SRR12811598	7.29
pacbio_nanopore_preset	SRR12825849	8.57
pacbio_nanopore_preset	SRR12825855	7.15
pacbio_nanopore_preset	SRR12825879	25.93
pacbio_nanopore_preset	SRR12825882	18.25
pacbio_nanopore_preset	SRR12933777	54.62
pacbio_nanopore_preset	SRR12933779	21.91
pacbio_nanopore_preset	SRR12934924	21.41
pacbio_nanopore_preset	SRR12934927	20.49
pacbio_nanopore_preset	SRR12936660	15.99
pacbio_nanopore_preset	SRR12937956	3.30
pacbio_nanopore_preset	SRR12937959	10.47
pacbio_nanopore_preset	SRR12938614	14.51
pacbio_nanopore_preset	SRR12938618	5.89
pacbio_nanopore_preset	SRR12938891	15.99
pacbio_nanopore_preset	SRR12938913	15.11
pacbio_nanopore_preset	SRR12938915	13.94
pacbio_nanopore_preset	SRR12938961	15.65
pacbio_nanopore_preset	SRR12953601	1.04
pacbio_nanopore_preset	SRR12970172	12.82
pacbio_nanopore_preset	SRR12970238	5.97
pacbio_nanopore_preset	SRR12970287	11.89
pacbio_nanopore_preset	SRR12975746	15.35
pacbio_nanopore_preset	SRR13014167	3.36
pacbio_nanopore_preset	SRR13181161	11.95
pacbio_nanopore_preset	SRR13181163	15.60
pacbio_nanopore_preset	SRR13181232	16.43
pacbio_nanopore_preset	SRR13181256	8.33
pacbio_nanopore_preset	SRR13181480	13.88
pacbio_nanopore_preset	SRR13181598	24.85
pacbio_nanopore_preset	SRR13181644	13.58
pacbio_nanopore_preset	SRR13181648	23.53
pacbio_nanopore_preset	SRR13181652	11.55
pacbio_nanopore_preset	SRR13181654	14.62
pacbio_nanopore_preset	SRR13181655	12.57
pacbio_nanopore_preset	SRR13181968	16.41
pacbio_nanopore_preset	SRR13181987	19.83
pacbio_nanopore_preset	SRR13182350	16.29
pacbio_nanopore_preset	SRR13182352	21.26
pacbio_nanopore_preset	SRR13182360	24.74
pacbio_nanopore_preset	SRR13182422	22.24
pacbio_nanopore_preset	SRR13182559	23.16
pacbio_nanopore_preset	SRR13182589	21.23
pacbio_nanopore_preset	SRR13182691	25.01
pacbio_nanopore_preset	SRR13183063	24.63
pacbio_nanopore_preset	SRR13183064	75.47
pacbio_nanopore_preset	SRR13183065	29.59
pacbio_nanopore_preset	SRR13183067	72.61
pacbio_nanopore_preset	SRR13183068	28.55
pacbio_nanopore_preset	SRR13183069	29.65
pacbio_nanopore_preset	SRR13183070	22.22
pacbio_nanopore_preset	SRR13183072	34.18
pacbio_nanopore_preset	SRR13183073	11.09
pacbio_nanopore_preset	SRR13195542	11.95
pacbio_nanopore_preset	SRR13238532	19.09
pacbio_nanopore_preset	SRR13355265	29.98
pacbio_nanopore_preset	SRR13365414	31.36
pacbio_nanopore_preset	SRR13443114	19.82
pacbio_nanopore_preset	SRR13447360	19.43
pacbio_nanopore_preset	SRR13449989	17.20
pacbio_nanopore_preset	SRR13642592	33.05
pacbio_nanopore_preset	SRR13668413	28.54
pacbio_nanopore_preset	SRR13668427	22.04
pacbio_nanopore_preset	SRR13668439	29.12
pacbio_nanopore_preset	SRR13670000	25.32
pacbio_nanopore_preset	SRR13670131	31.22
pacbio_nanopore_preset	SRR13670628	32.95
pacbio_nanopore_preset	SRR13672888	32.63
pacbio_nanopore_preset	SRR13674228	26.61
pacbio_nanopore_preset	SRR13674234	15.50
pacbio_nanopore_preset	SRR13674408	19.76
pacbio_nanopore_preset	SRR13674440	15.25
pacbio_nanopore_preset	SRR13674457	19.70
pacbio_nanopore_preset	SRR13674459	20.49
pacbio_nanopore_preset	SRR13674460	13.78
pacbio_nanopore_preset	SRR13674462	16.01
pacbio_nanopore_preset	SRR13674464	11.50
pacbio_nanopore_preset	SRR13837247	52.21
pacbio_nanopore_preset	SRR14069006	39.12
pacbio_nanopore_preset	SRR14069081	37.97
pacbio_nanopore_preset	SRR14069623	34.54
pacbio_nanopore_preset	SRR14075991	13.96
pacbio_nanopore_preset	SRR14103433	40.07
pacbio_nanopore_preset	SRR14108820	19.64
pacbio_nanopore_preset	SRR14108825	32.44
pacbio_nanopore_preset	SRR14108827	27.99
pacbio_nanopore_preset	SRR14140347	22.36
pacbio_nanopore_preset	SRR14181225	7.97
pacbio_nanopore_preset	SRR14294771	58.88
pacbio_nanopore_preset	SRR14294773	57.72
pacbio_nanopore_preset	SRR14294776	61.61
pacbio_nanopore_preset	SRR14294777	57.53
pacbio_nanopore_preset	SRR14294779	20.99
pacbio_nanopore_preset	SRR14294782	24.90
pacbio_nanopore_preset	SRR14294783	31.28
pacbio_nanopore_preset	SRR14294785	62.59
pacbio_nanopore_preset	SRR14294788	67.26
pacbio_nanopore_preset	SRR14294789	57.91
pacbio_nanopore_preset	SRR14318404	31.07
pacbio_nanopore_preset	SRR14417043	24.91
pacbio_nanopore_preset	SRR14419376	20.03
pacbio_nanopore_preset	SRR14419378	32.81
pacbio_nanopore_preset	SRR14419384	15.86
pacbio_nanopore_preset	SRR14419388	10.99
pacbio_nanopore_preset	SRR14458708	29.72
pacbio_nanopore_preset	SRR14619782	6.77
pacbio_nanopore_preset	SRR14621278	5.46
pacbio_nanopore_preset	SRR14621967	5.72
pacbio_nanopore_preset	SRR14693196	15.61
pacbio_nanopore_preset	SRR14693198	14.55
pacbio_nanopore_preset	SRR14757211	32.60
pacbio_nanopore_preset	SRR14757212	32.41
pacbio_nanopore_preset	SRR14757213	26.71
pacbio_nanopore_preset	SRR14757215	30.32
pacbio_nanopore_preset	SRR14757216	33.01
pacbio_nanopore_preset	SRR14757217	28.92
pacbio_nanopore_preset	SRR14757218	32.03
pacbio_nanopore_preset	SRR14757219	34.67
pacbio_nanopore_preset	SRR14757220	28.80
pacbio_nanopore_preset	SRR14757221	27.50
pacbio_nanopore_preset	SRR14757222	31.13
pacbio_nanopore_preset	SRR14757224	26.17
pacbio_nanopore_preset	SRR14867659	11.91
pacbio_nanopore_preset	SRR15032814	46.53
pacbio_nanopore_preset	SRR15032816	46.75
pacbio_nanopore_preset	SRR15032817	42.76
pacbio_nanopore_preset	SRR15070654	13.98
pacbio_nanopore_preset	SRR15070656	17.09
pacbio_nanopore_preset	SRR15075397	24.34
pacbio_nanopore_preset	SRR15075399	19.79
pacbio_nanopore_preset	SRR15075400	18.42
pacbio_nanopore_preset	SRR15075449	28.02
pacbio_nanopore_preset	SRR15075454	23.89
pacbio_nanopore_preset	SRR15075462	20.19
pacbio_nanopore_preset	SRR15076203	26.69
pacbio_nanopore_preset	SRR15076260	23.34
pacbio_nanopore_preset	SRR15076386	25.98
pacbio_nanopore_preset	SRR15076581	19.05
pacbio_nanopore_preset	SRR15076584	13.05
pacbio_nanopore_preset	SRR15076596	10.28
pacbio_nanopore_preset	SRR15076597	14.43
pacbio_nanopore_preset	SRR15076623	16.93
pacbio_nanopore_preset	SRR15076625	13.06
pacbio_nanopore_preset	SRR15076628	19.35
pacbio_nanopore_preset	SRR15076629	13.26
pacbio_nanopore_preset	SRR15076632	16.61
pacbio_nanopore_preset	SRR15079688	11.62
pacbio_nanopore_preset	SRR15079691	19.72
pacbio_nanopore_preset	SRR15079693	11.37
pacbio_nanopore_preset	SRR15079695	13.58
pacbio_nanopore_preset	SRR15079697	13.03
pacbio_nanopore_preset	SRR15079699	10.41
pacbio_nanopore_preset	SRR15079701	17.77
pacbio_nanopore_preset	SRR15139186	21.82
pacbio_nanopore_preset	SRR15140980	26.87
pacbio_nanopore_preset	SRR15171257	31.94
pacbio_nanopore_preset	SRR15195250	44.21
pacbio_nanopore_preset	SRR15244009	18.90
pacbio_nanopore_preset	SRR15291770	41.25
pacbio_nanopore_preset	SRR15291771	31.68
pacbio_nanopore_preset	SRR15390434	40.04
pacbio_nanopore_preset	SRR15390484	38.66
pacbio_nanopore_preset	SRR15521836	6.38
pacbio_nanopore_preset	SRR15521837	16.07
pacbio_nanopore_preset	SRR15521842	9.44
pacbio_nanopore_preset	SRR15521844	7.50
pacbio_nanopore_preset	SRR15521845	7.29
pacbio_nanopore_preset	SRR15530284	6.93
pacbio_nanopore_preset	SRR15540408	1.42
pacbio_nanopore_preset	SRR15540421	2.48
pacbio_nanopore_preset	SRR15600651	27.07
pacbio_nanopore_preset	SRR15616890	8.85
pacbio_nanopore_preset	SRR15674694	19.47
pacbio_nanopore_preset	SRR15683928	29.80
pacbio_nanopore_preset	SRR15838435	6.40
pacbio_nanopore_preset	SRR15871657	17.10
pacbio_nanopore_preset	SRR15959708	17.49
pacbio_nanopore_preset	SRR16016662	19.21
pacbio_nanopore_preset	SRR16089729	19.84
pacbio_nanopore_preset	SRR16089745	38.74
pacbio_nanopore_preset	SRR16089767	14.03
pacbio_nanopore_preset	SRR16089769	34.50
pacbio_nanopore_preset	SRR16089773	31.07
pacbio_nanopore_preset	SRR16089781	36.83
pacbio_nanopore_preset	SRR16089785	35.86
pacbio_nanopore_preset	SRR16089787	37.98
pacbio_nanopore_preset	SRR16089789	36.26
pacbio_nanopore_preset	SRR16089793	43.43
pacbio_nanopore_preset	SRR16089794	33.96
pacbio_nanopore_preset	SRR16089807	38.02
pacbio_nanopore_preset	SRR16093181	29.83
pacbio_nanopore_preset	SRR16093182	28.01
pacbio_nanopore_preset	SRR16093183	27.55
pacbio_nanopore_preset	SRR16178825	13.02
pacbio_nanopore_preset	SRR16249240	12.10
pacbio_nanopore_preset	SRR16249248	16.26
pacbio_nanopore_preset	SRR16249284	25.38
pacbio_nanopore_preset	SRR16249301	25.65
pacbio_nanopore_preset	SRR16249313	25.59
pacbio_nanopore_preset	SRR16249315	14.01
pacbio_nanopore_preset	SRR16249366	8.76
pacbio_nanopore_preset	SRR16249368	8.65
pacbio_nanopore_preset	SRR16251405	17.98
pacbio_nanopore_preset	SRR16251406	15.78
pacbio_nanopore_preset	SRR16251409	8.61
pacbio_nanopore_preset	SRR16251423	17.65
pacbio_nanopore_preset	SRR16251444	10.73
pacbio_nanopore_preset	SRR16259016	24.12
pacbio_nanopore_preset	SRR16259204	25.82
pacbio_nanopore_preset	SRR16259360	23.06
pacbio_nanopore_preset	SRR16259583	19.64
pacbio_nanopore_preset	SRR16259731	13.44
pacbio_nanopore_preset	SRR16263410	18.74
pacbio_nanopore_preset	SRR16263412	13.77
pacbio_nanopore_preset	SRR16263435	19.57
pacbio_nanopore_preset	SRR16308509	4.24
pacbio_nanopore_preset	SRR16494726	25.81
pacbio_nanopore_preset	SRR16494727	37.21
pacbio_nanopore_preset	SRR16494730	26.82
pacbio_nanopore_preset	SRR16631313	82.55
pacbio_nanopore_preset	SRR16676985	34.93
pacbio_nanopore_preset	SRR16676988	33.06
pacbio_nanopore_preset	SRR16767125	81.55
pacbio_nanopore_preset	SRR16805543	38.64
pacbio_nanopore_preset	SRR16950002	26.98
pacbio_nanopore_preset	SRR16950003	24.81
pacbio_nanopore_preset	SRR16950004	31.45
pacbio_nanopore_preset	SRR16950006	31.83
pacbio_nanopore_preset	SRR16950007	29.75
pacbio_nanopore_preset	SRR16950008	27.51
pacbio_nanopore_preset	SRR16950009	34.55
pacbio_nanopore_preset	SRR16962373	25.86
pacbio_nanopore_preset	SRR16962374	28.94
pacbio_nanopore_preset	SRR16962375	32.40
pacbio_nanopore_preset	SRR16962376	27.03
pacbio_nanopore_preset	SRR16962377	26.50
pacbio_nanopore_preset	SRR16962378	24.64
pacbio_nanopore_preset	SRR16962380	27.55
pacbio_nanopore_preset	SRR16962382	15.00
pacbio_nanopore_preset	SRR16962383	23.09
pacbio_nanopore_preset	SRR16962385	25.61
pacbio_nanopore_preset	SRR16962387	23.32
pacbio_nanopore_preset	SRR16962389	25.22
pacbio_nanopore_preset	SRR16962390	30.56
pacbio_nanopore_preset	SRR16962391	24.66
pacbio_nanopore_preset	SRR16962393	28.93
pacbio_nanopore_preset	SRR16962394	30.46
pacbio_nanopore_preset	SRR16962395	36.20
pacbio_nanopore_preset	SRR16962396	27.66
pacbio_nanopore_preset	SRR16962397	32.34
pacbio_nanopore_preset	SRR16962400	33.63
pacbio_nanopore_preset	SRR16962406	32.54
pacbio_nanopore_preset	SRR16962407	24.33
pacbio_nanopore_preset	SRR16962408	31.59
pacbio_nanopore_preset	SRR16972384	8.27
pacbio_nanopore_preset	SRR17000714	4.93
pacbio_nanopore_preset	SRR17115571	8.61
pacbio_nanopore_preset	SRR17117120	17.74
pacbio_nanopore_preset	SRR17117122	15.92
pacbio_nanopore_preset	SRR17117123	13.60
pacbio_nanopore_preset	SRR17117164	17.87
pacbio_nanopore_preset	SRR17117182	23.26
pacbio_nanopore_preset	SRR17118586	29.01
pacbio_nanopore_preset	SRR17118588	24.28
pacbio_nanopore_preset	SRR17119282	18.90
pacbio_nanopore_preset	SRR17122010	17.57
pacbio_nanopore_preset	SRR17124527	22.74
pacbio_nanopore_preset	SRR17124529	17.06
pacbio_nanopore_preset	SRR17124558	23.65
pacbio_nanopore_preset	SRR17126946	19.66
pacbio_nanopore_preset	SRR17126948	13.28
pacbio_nanopore_preset	SRR17133875	23.36
pacbio_nanopore_preset	SRR17188519	83.73
pacbio_nanopore_preset	SRR17234886	0.00
pacbio_nanopore_preset	SRR17234888	0.00
pacbio_nanopore_preset	SRR17234894	0.00
pacbio_nanopore_preset	SRR17234895	0.00
pacbio_nanopore_preset	SRR17234896	0.00
pacbio_nanopore_preset	SRR17234900	0.00
pacbio_nanopore_preset	SRR17234903	0.00
pacbio_nanopore_preset	SRR17284493	1.24
pacbio_nanopore_preset	SRR17284691	4.27
pacbio_nanopore_preset	SRR17390676	49.58
pacbio_nanopore_preset	SRR17665523	31.20
pacbio_nanopore_preset	SRR17782760	19.63
pacbio_nanopore_preset	SRR17841630	28.37
pacbio_nanopore_preset	SRR17853485	31.20
pacbio_nanopore_preset	SRR17873538	6.71
pacbio_nanopore_preset	SRR18010266	40.73
pacbio_nanopore_preset	SRR18120112	21.07
pacbio_nanopore_preset	SRR18206676	9.87
pacbio_nanopore_preset	SRR18206677	6.87
pacbio_nanopore_preset	SRR18299176	17.85
pacbio_nanopore_preset	SRR18299177	20.47
pacbio_nanopore_preset	SRR18299183	18.58
pacbio_nanopore_preset	SRR18299185	20.48
pacbio_nanopore_preset	SRR18299186	15.91
pacbio_nanopore_preset	SRR18299189	18.65
pacbio_nanopore_preset	SRR18299192	20.45
pacbio_nanopore_preset	SRR18371756	15.72
pacbio_nanopore_preset	SRR18425953	29.49
pacbio_nanopore_preset	SRR18476736	13.86
pacbio_nanopore_preset	SRR18904150	35.26
pacbio_nanopore_preset	SRR18904155	41.55
pacbio_nanopore_preset	SRR18918020	2.35
pacbio_nanopore_preset	SRR19160253	38.92
pacbio_nanopore_preset	SRR19205248	6.61
pacbio_nanopore_preset	SRR19519852	31.40
pacbio_nanopore_preset	SRR19519855	21.74
pacbio_nanopore_preset	SRR19519856	28.13
pacbio_nanopore_preset	SRR19519859	31.64
pacbio_nanopore_preset	SRR19519874	27.50
pacbio_nanopore_preset	SRR19519875	29.34
pacbio_nanopore_preset	SRR19519886	36.60
pacbio_nanopore_preset	SRR19519887	22.88
pacbio_nanopore_preset	SRR19519889	28.85
pacbio_nanopore_preset	SRR19519893	30.39
pacbio_nanopore_preset	SRR19519894	26.13
pacbio_nanopore_preset	SRR19519903	29.72
pacbio_nanopore_preset	SRR19519904	23.36
pacbio_nanopore_preset	SRR19519905	32.03
pacbio_nanopore_preset	SRR19519906	23.89
pacbio_nanopore_preset	SRR19519907	30.19
pacbio_nanopore_preset	SRR19519908	29.41
pacbio_nanopore_preset	SRR19519909	30.80
pacbio_nanopore_preset	SRR19519924	30.68
pacbio_nanopore_preset	SRR19519925	36.56
pacbio_nanopore_preset	SRR19519933	27.12
pacbio_nanopore_preset	SRR19519935	20.84
pacbio_nanopore_preset	SRR19519936	32.72
pacbio_nanopore_preset	SRR19519939	25.65
pacbio_nanopore_preset	SRR19519940	28.36
pacbio_nanopore_preset	SRR19570818	40.96
pacbio_nanopore_preset	SRR19572345	18.81
pacbio_nanopore_preset	SRR19646378	56.64
pacbio_nanopore_preset	SRR19646389	57.04
pacbio_nanopore_preset	SRR19646390	55.26
pacbio_nanopore_preset	SRR19646391	56.34
pacbio_nanopore_preset	SRR19646392	57.70
pacbio_nanopore_preset	SRR19646394	54.13
pacbio_nanopore_preset	SRR19646395	59.61
pacbio_nanopore_preset	SRR19646396	58.43
pacbio_nanopore_preset	SRR19807560	0.95
pacbio_nanopore_preset	SRR19880591	27.69
pacbio_nanopore_preset	SRR20280882	24.60
pacbio_nanopore_preset	SRR20280883	24.51
pacbio_nanopore_preset	SRR20280884	27.96
pacbio_nanopore_preset	SRR20280886	14.34
pacbio_nanopore_preset	SRR20280887	20.56
pacbio_nanopore_preset	SRR20280888	22.34
pacbio_nanopore_preset	SRR20280891	6.27
pacbio_nanopore_preset	SRR20280894	23.41
pacbio_nanopore_preset	SRR20746747	33.12
pacbio_nanopore_preset	SRR20907454	1.77
pacbio_nanopore_preset	SRR20950142	15.42
pacbio_nanopore_preset	SRR21079302	22.84
pacbio_nanopore_preset	SRR21079304	16.41
pacbio_nanopore_preset	SRR21131590	25.57
pacbio_nanopore_preset	SRR21133403	10.32
pacbio_nanopore_preset	SRR21133406	17.15
pacbio_nanopore_preset	SRR21133407	13.49
pacbio_nanopore_preset	SRR21166831	39.06
pacbio_nanopore_preset	SRR21276823	24.56
pacbio_nanopore_preset	SRR21285060	11.64
pacbio_nanopore_preset	SRR21285063	16.38
pacbio_nanopore_preset	SRR21285064	12.85
pacbio_nanopore_preset	SRR21295163	55.22
pacbio_nanopore_preset	SRR2132330	6.98
pacbio_nanopore_preset	SRR21430004	52.27
pacbio_nanopore_preset	SRR21563152	30.00
pacbio_nanopore_preset	SRR21601282	20.53
pacbio_nanopore_preset	SRR2163058	6.98
pacbio_nanopore_preset	SRR21643318	31.51
pacbio_nanopore_preset	SRR21672106	4.78
pacbio_nanopore_preset	SRR21731845	3.80
pacbio_nanopore_preset	SRR21793358	24.06
pacbio_nanopore_preset	SRR22007585	18.33
pacbio_nanopore_preset	SRR22007588	13.76
pacbio_nanopore_preset	SRR22077206	57.90
pacbio_nanopore_preset	SRR22094550	31.99
pacbio_nanopore_preset	SRR22094552	36.03
pacbio_nanopore_preset	SRR22094554	35.77
pacbio_nanopore_preset	SRR22094555	33.03
pacbio_nanopore_preset	SRR22253723	26.60
pacbio_nanopore_preset	SRR22253726	28.30
pacbio_nanopore_preset	SRR22253727	29.77
pacbio_nanopore_preset	SRR22253728	28.37
pacbio_nanopore_preset	SRR22272752	10.42
pacbio_nanopore_preset	SRR22381796	10.68
pacbio_nanopore_preset	SRR22381797	10.66
pacbio_nanopore_preset	SRR22805145	13.17
pacbio_nanopore_preset	SRR22805297	13.70
pacbio_nanopore_preset	SRR22809568	50.32
pacbio_nanopore_preset	SRR22840785	30.68
pacbio_nanopore_preset	SRR22876607	2.59
pacbio_nanopore_preset	SRR22876612	3.62
pacbio_nanopore_preset	SRR22984656	23.77
pacbio_nanopore_preset	SRR23086700	13.43
pacbio_nanopore_preset	SRR23095539	58.95
pacbio_nanopore_preset	SRR23518000	12.10
pacbio_nanopore_preset	SRR23518001	4.85
pacbio_nanopore_preset	SRR23525315	64.22
pacbio_nanopore_preset	SRR23525317	55.69
pacbio_nanopore_preset	SRR23538270	7.46
pacbio_nanopore_preset	SRR23562243	18.70
pacbio_nanopore_preset	SRR23562248	17.15
pacbio_nanopore_preset	SRR23636845	18.90
pacbio_nanopore_preset	SRR23692898	25.70
pacbio_nanopore_preset	SRR23697208	55.41
pacbio_nanopore_preset	SRR23852394	18.58
pacbio_nanopore_preset	SRR23891542	12.93
pacbio_nanopore_preset	SRR23952291	59.84
pacbio_nanopore_preset	SRR23952319	55.73
pacbio_nanopore_preset	SRR24003359	1.35
pacbio_nanopore_preset	SRR24105536	3.53
pacbio_nanopore_preset	SRR24105538	3.29
pacbio_nanopore_preset	SRR24105540	3.61
pacbio_nanopore_preset	SRR24332397	42.82
pacbio_nanopore_preset	SRR24356093	14.54
pacbio_nanopore_preset	SRR24363119	3.37
pacbio_nanopore_preset	SRR24363120	5.06
pacbio_nanopore_preset	SRR24363422	5.04
pacbio_nanopore_preset	SRR24498229	51.21
pacbio_nanopore_preset	SRR24633660	21.57
pacbio_nanopore_preset	SRR24653076	54.49
pacbio_nanopore_preset	SRR24831249	34.17
pacbio_nanopore_preset	SRR25013904	28.83
pacbio_nanopore_preset	SRR25041725	31.53
pacbio_nanopore_preset	SRR25113362	24.74
pacbio_nanopore_preset	SRR25120112	22.65
pacbio_nanopore_preset	SRR25366715	35.60
pacbio_nanopore_preset	SRR25775191	30.92
pacbio_nanopore_preset	SRR25775193	30.52
pacbio_nanopore_preset	SRR25775195	35.65
pacbio_nanopore_preset	SRR25835575	25.99
pacbio_nanopore_preset	SRR25916648	56.65
pacbio_nanopore_preset	SRR26205285	7.80
pacbio_nanopore_preset	SRR26302840	68.10
pacbio_nanopore_preset	SRR26302841	57.12
pacbio_nanopore_preset	SRR26305322	26.04
pacbio_nanopore_preset	SRR26305326	23.72
pacbio_nanopore_preset	SRR26364401	57.31
pacbio_nanopore_preset	SRR26382609	62.44
pacbio_nanopore_preset	SRR26435097	28.81
pacbio_nanopore_preset	SRR26435099	31.73
pacbio_nanopore_preset	SRR26435101	33.79
pacbio_nanopore_preset	SRR26473444	9.38
pacbio_nanopore_preset	SRR26794288	10.79
pacbio_nanopore_preset	SRR26795840	17.67
pacbio_nanopore_preset	SRR26804258	16.90
pacbio_nanopore_preset	SRR26937449	53.24
pacbio_nanopore_preset	SRR26961105	53.91
pacbio_nanopore_preset	SRR26961106	53.57
pacbio_nanopore_preset	SRR27033692	62.04
pacbio_nanopore_preset	SRR27033702	72.60
pacbio_nanopore_preset	SRR27033706	60.81
pacbio_nanopore_preset	SRR27033711	62.50
pacbio_nanopore_preset	SRR27033717	51.86
pacbio_nanopore_preset	SRR27033720	55.48
pacbio_nanopore_preset	SRR27272519	0.89
pacbio_nanopore_preset	SRR27467497	29.06
pacbio_nanopore_preset	SRR27467500	22.41
pacbio_nanopore_preset	SRR27467501	21.28
pacbio_nanopore_preset	SRR27467502	29.11
pacbio_nanopore_preset	SRR27467503	24.73
pacbio_nanopore_preset	SRR27467504	25.05
pacbio_nanopore_preset	SRR27467505	22.11
pacbio_nanopore_preset	SRR27467508	23.17
pacbio_nanopore_preset	SRR27467509	26.49
pacbio_nanopore_preset	SRR27467511	24.13
pacbio_nanopore_preset	SRR27467529	26.54
pacbio_nanopore_preset	SRR27467545	24.35
pacbio_nanopore_preset	SRR27467549	27.08
pacbio_nanopore_preset	SRR27467552	27.75
pacbio_nanopore_preset	SRR27467554	26.12
pacbio_nanopore_preset	SRR27467576	25.20
pacbio_nanopore_preset	SRR27467579	27.53
pacbio_nanopore_preset	SRR27467584	28.34
pacbio_nanopore_preset	SRR27467586	24.66
pacbio_nanopore_preset	SRR27558654	26.93
pacbio_nanopore_preset	SRR27638605	58.83
pacbio_nanopore_preset	SRR27695013	30.08
pacbio_nanopore_preset	SRR27704963	32.44
pacbio_nanopore_preset	SRR27704964	30.58
pacbio_nanopore_preset	SRR27704967	34.63
pacbio_nanopore_preset	SRR27726272	70.82
pacbio_nanopore_preset	SRR27956926	47.01
pacbio_nanopore_preset	SRR28019343	26.29
pacbio_nanopore_preset	SRR28037804	29.72
pacbio_nanopore_preset	SRR28037811	2.36
pacbio_nanopore_preset	SRR28129708	57.26
pacbio_nanopore_preset	SRR28257190	23.30
pacbio_nanopore_preset	SRR28257202	12.01
pacbio_nanopore_preset	SRR28257217	28.49
pacbio_nanopore_preset	SRR28257223	27.67
pacbio_nanopore_preset	SRR28257226	26.80
pacbio_nanopore_preset	SRR28257243	10.78
pacbio_nanopore_preset	SRR28257247	26.12
pacbio_nanopore_preset	SRR28257255	26.76
pacbio_nanopore_preset	SRR28518279	11.75
pacbio_nanopore_preset	SRR28552087	20.18
pacbio_nanopore_preset	SRR28558243	51.07
pacbio_nanopore_preset	SRR28576149	59.19
pacbio_nanopore_preset	SRR28579936	25.70
pacbio_nanopore_preset	SRR28580445	57.73
pacbio_nanopore_preset	SRR28595544	59.90
pacbio_nanopore_preset	SRR28679068	58.36
pacbio_nanopore_preset	SRR28720844	19.79
pacbio_nanopore_preset	SRR28730575	20.75
pacbio_nanopore_preset	SRR28779488	29.34
pacbio_nanopore_preset	SRR28781548	35.68
pacbio_nanopore_preset	SRR28781557	37.94
pacbio_nanopore_preset	SRR28781560	33.35
pacbio_nanopore_preset	SRR28785304	66.02
pacbio_nanopore_preset	SRR28875596	59.10
pacbio_nanopore_preset	SRR29131298	26.34
pacbio_nanopore_preset	SRR29131303	25.96
pacbio_nanopore_preset	SRR29131306	25.45
pacbio_nanopore_preset	SRR29131317	19.70
pacbio_nanopore_preset	SRR29131322	28.27
pacbio_nanopore_preset	SRR2924715	20.07
pacbio_nanopore_preset	SRR2925029	16.77
pacbio_nanopore_preset	SRR29360624	31.55
pacbio_nanopore_preset	SRR29500127	61.94
pacbio_nanopore_preset	SRR29504274	69.01
pacbio_nanopore_preset	SRR29506353	55.59
pacbio_nanopore_preset	SRR29525484	50.98
pacbio_nanopore_preset	SRR29533363	52.66
pacbio_nanopore_preset	SRR29553744	48.91
pacbio_nanopore_preset	SRR29553879	57.88
pacbio_nanopore_preset	SRR29606854	71.87
pacbio_nanopore_preset	SRR29632262	55.12
pacbio_nanopore_preset	SRR29635771	55.91
pacbio_nanopore_preset	SRR29644585	69.31
pacbio_nanopore_preset	SRR29650136	51.73
pacbio_nanopore_preset	SRR29676179	51.60
pacbio_nanopore_preset	SRR29686943	61.17
pacbio_nanopore_preset	SRR29687153	58.82
pacbio_nanopore_preset	SRR29688496	58.50
pacbio_nanopore_preset	SRR29688497	57.33
pacbio_nanopore_preset	SRR29688498	81.09
pacbio_nanopore_preset	SRR29688558	60.76
pacbio_nanopore_preset	SRR29688559	59.32
pacbio_nanopore_preset	SRR29688560	68.27
pacbio_nanopore_preset	SRR29688561	59.29
pacbio_nanopore_preset	SRR29688562	61.36
pacbio_nanopore_preset	SRR29688624	58.01
pacbio_nanopore_preset	SRR29944176	19.08
pacbio_nanopore_preset	SRR30049752	6.59
pacbio_nanopore_preset	SRR30049938	23.94
pacbio_nanopore_preset	SRR30076315	25.17
pacbio_nanopore_preset	SRR30076316	6.71
pacbio_nanopore_preset	SRR30077469	34.43
pacbio_nanopore_preset	SRR30082401	4.69
pacbio_nanopore_preset	SRR30087447	40.32
pacbio_nanopore_preset	SRR30128336	57.74
pacbio_nanopore_preset	SRR30162148	71.06
pacbio_nanopore_preset	SRR30162149	84.17
pacbio_nanopore_preset	SRR3019206	8.36
pacbio_nanopore_preset	SRR30211838	25.14
pacbio_nanopore_preset	SRR30223606	58.70
pacbio_nanopore_preset	SRR30238144	61.28
pacbio_nanopore_preset	SRR30238161	69.64
pacbio_nanopore_preset	SRR30255941	15.15
pacbio_nanopore_preset	SRR30275311	26.12
pacbio_nanopore_preset	SRR3028939	9.08
pacbio_nanopore_preset	SRR30357565	77.95
pacbio_nanopore_preset	SRR30357566	80.51
pacbio_nanopore_preset	SRR30357567	77.25
pacbio_nanopore_preset	SRR30357568	81.35
pacbio_nanopore_preset	SRR3038646	5.29
pacbio_nanopore_preset	SRR3038655	7.51
pacbio_nanopore_preset	SRR3038659	12.44
pacbio_nanopore_preset	SRR30397318	66.67
pacbio_nanopore_preset	SRR30573099	52.14
pacbio_nanopore_preset	SRR30599898	4.52
pacbio_nanopore_preset	SRR30640849	68.07
pacbio_nanopore_preset	SRR30641007	66.07
pacbio_nanopore_preset	SRR3109671	7.99
pacbio_nanopore_preset	SRR3109909	6.61
pacbio_nanopore_preset	SRR3109926	12.74
pacbio_nanopore_preset	SRR3109930	30.86
pacbio_nanopore_preset	SRR3109983	8.67
pacbio_nanopore_preset	SRR3114698	11.22
pacbio_nanopore_preset	SRR3114710	21.92
pacbio_nanopore_preset	SRR3356468	12.88
pacbio_nanopore_preset	SRR3356531	14.07
pacbio_nanopore_preset	SRR3441689	44.69
pacbio_nanopore_preset	SRR3441720	0.00
pacbio_nanopore_preset	SRR3593477	9.99
pacbio_nanopore_preset	SRR3880289	5.57
pacbio_nanopore_preset	SRR3880290	2.93
pacbio_nanopore_preset	SRR3880376	3.83
pacbio_nanopore_preset	SRR3880379	3.53
pacbio_nanopore_preset	SRR3880380	2.73
pacbio_nanopore_preset	SRR4017189	55.09
pacbio_nanopore_preset	SRR4097312	17.04
pacbio_nanopore_preset	SRR4097316	18.29
pacbio_nanopore_preset	SRR4097329	19.72
pacbio_nanopore_preset	SRR4097352	28.24
pacbio_nanopore_preset	SRR4097552	18.55
pacbio_nanopore_preset	SRR4097624	22.31
pacbio_nanopore_preset	SRR4097691	20.24
pacbio_nanopore_preset	SRR4097763	18.02
pacbio_nanopore_preset	SRR4300073	15.46
pacbio_nanopore_preset	SRR4300075	4.23
pacbio_nanopore_preset	SRR5066061	3.16
pacbio_nanopore_preset	SRR5179548	20.34
pacbio_nanopore_preset	SRR5282539	12.21
pacbio_nanopore_preset	SRR5320247	8.97
pacbio_nanopore_preset	SRR5320430	7.82
pacbio_nanopore_preset	SRR5362220	0.00
pacbio_nanopore_preset	SRR5362225	0.00
pacbio_nanopore_preset	SRR5400280	0.00
pacbio_nanopore_preset	SRR5440732	0.00
pacbio_nanopore_preset	SRR5635116	21.70
pacbio_nanopore_preset	SRR5810498	12.68
pacbio_nanopore_preset	SRR5810500	7.65
pacbio_nanopore_preset	SRR5826156	1.15
pacbio_nanopore_preset	SRR5829677	1.02
pacbio_nanopore_preset	SRR5829729	0.00
pacbio_nanopore_preset	SRR5855230	23.31
pacbio_nanopore_preset	SRR5949107	4.93
pacbio_nanopore_preset	SRR5949108	7.12
pacbio_nanopore_preset	SRR6008331	7.20
pacbio_nanopore_preset	SRR6029562	6.05
pacbio_nanopore_preset	SRR6331514	0.00
pacbio_nanopore_preset	SRR6413814	5.01
pacbio_nanopore_preset	SRR6515889	5.41
pacbio_nanopore_preset	SRR6635820	7.16
pacbio_nanopore_preset	SRR6635822	10.23
pacbio_nanopore_preset	SRR6742499	7.58
pacbio_nanopore_preset	SRR6825087	1.61
pacbio_nanopore_preset	SRR6982907	4.93
pacbio_nanopore_preset	SRR6982908	4.14
pacbio_nanopore_preset	SRR6982909	10.15
pacbio_nanopore_preset	SRR6982910	14.41
pacbio_nanopore_preset	SRR6982911	11.50
pacbio_nanopore_preset	SRR6982912	14.49
pacbio_nanopore_preset	SRR6982913	14.23
pacbio_nanopore_preset	SRR6982914	10.67
pacbio_nanopore_preset	SRR6982915	6.52
pacbio_nanopore_preset	SRR6982916	25.79
pacbio_nanopore_preset	SRR6982917	28.51
pacbio_nanopore_preset	SRR6982918	24.28
pacbio_nanopore_preset	SRR6982919	14.50
pacbio_nanopore_preset	SRR6982920	16.75
pacbio_nanopore_preset	SRR6982921	14.53
pacbio_nanopore_preset	SRR6982922	18.74
pacbio_nanopore_preset	SRR6982923	22.50
pacbio_nanopore_preset	SRR6982924	18.42
pacbio_nanopore_preset	SRR6982925	21.87
pacbio_nanopore_preset	SRR6982926	22.14
pacbio_nanopore_preset	SRR6982927	4.02
pacbio_nanopore_preset	SRR6982928	7.93
pacbio_nanopore_preset	SRR6982929	26.13
pacbio_nanopore_preset	SRR6982931	16.01
pacbio_nanopore_preset	SRR6982932	4.80
pacbio_nanopore_preset	SRR6982933	33.47
pacbio_nanopore_preset	SRR6982934	13.96
pacbio_nanopore_preset	SRR6982935	18.73
pacbio_nanopore_preset	SRR6982936	20.33
pacbio_nanopore_preset	SRR6982937	6.99
pacbio_nanopore_preset	SRR6982938	16.39
pacbio_nanopore_preset	SRR6982939	23.74
pacbio_nanopore_preset	SRR6982940	19.29
pacbio_nanopore_preset	SRR6982941	18.88
pacbio_nanopore_preset	SRR6982942	17.15
pacbio_nanopore_preset	SRR6982943	23.50
pacbio_nanopore_preset	SRR6982945	12.47
pacbio_nanopore_preset	SRR6985643	0.00
pacbio_nanopore_preset	SRR6985735	0.62
pacbio_nanopore_preset	SRR7183053	0.00
pacbio_nanopore_preset	SRR7183054	0.00
pacbio_nanopore_preset	SRR7183055	0.00
pacbio_nanopore_preset	SRR7205491	30.05
pacbio_nanopore_preset	SRR7640589	8.55
pacbio_nanopore_preset	SRR7640590	9.12
pacbio_nanopore_preset	SRR7640788	1.75
pacbio_nanopore_preset	SRR7668116	3.65
pacbio_nanopore_preset	SRR7686016	10.46
pacbio_nanopore_preset	SRR7686591	11.07
pacbio_nanopore_preset	SRR7692455	2.47
pacbio_nanopore_preset	SRR7692458	2.05
pacbio_nanopore_preset	SRR7692459	3.02
pacbio_nanopore_preset	SRR7692460	1.94
pacbio_nanopore_preset	SRR7692504	3.91
pacbio_nanopore_preset	SRR7692507	5.57
pacbio_nanopore_preset	SRR7721906	0.00
pacbio_nanopore_preset	SRR7781231	4.57
pacbio_nanopore_preset	SRR7817081	13.13
pacbio_nanopore_preset	SRR7971250	0.00
pacbio_nanopore_preset	SRR7971259	3.11
pacbio_nanopore_preset	SRR8105427	16.64
pacbio_nanopore_preset	SRR8258035	59.51
pacbio_nanopore_preset	SRR8283322	66.31
pacbio_nanopore_preset	SRR8293886	23.98
pacbio_nanopore_preset	SRR8305981	6.48
pacbio_nanopore_preset	SRR8305998	14.10
pacbio_nanopore_preset	SRR8306355	10.63
pacbio_nanopore_preset	SRR8306745	13.19
pacbio_nanopore_preset	SRR8327213	11.39
pacbio_nanopore_preset	SRR8362596	12.85
pacbio_nanopore_preset	SRR8362597	17.18
pacbio_nanopore_preset	SRR8362616	25.74
pacbio_nanopore_preset	SRR8362618	13.43
pacbio_nanopore_preset	SRR8362621	25.16
pacbio_nanopore_preset	SRR8362625	17.86
pacbio_nanopore_preset	SRR8362631	12.56
pacbio_nanopore_preset	SRR8365815	2.91
pacbio_nanopore_preset	SRR8416122	0.82
pacbio_nanopore_preset	SRR8416224	2.77
pacbio_nanopore_preset	SRR8489231	10.98
pacbio_nanopore_preset	SRR8489233	9.16
pacbio_nanopore_preset	SRR8489307	16.51
pacbio_nanopore_preset	SRR8489315	10.94
pacbio_nanopore_preset	SRR8549120	16.78
pacbio_nanopore_preset	SRR8549885	10.99
pacbio_nanopore_preset	SRR8618952	32.86
pacbio_nanopore_preset	SRR8893068	16.82
pacbio_nanopore_preset	SRR8961732	15.91
pacbio_nanopore_preset	SRR8984467	1.06
pacbio_nanopore_preset	SRR8989648	1.23
pacbio_nanopore_preset	SRR9027110	14.98
pacbio_nanopore_preset	SRR9043820	1.72
pacbio_nanopore_preset	SRR9052984	19.77
pacbio_nanopore_preset	SRR9056840	24.14
pacbio_nanopore_preset	SRR9119442	0.84
pacbio_nanopore_preset	SRR9119443	0.85
pacbio_nanopore_preset	SRR9150091	0.51
pacbio_nanopore_preset	SRR9176580	1.56
pacbio_nanopore_preset	SRR9313687	2.80
pacbio_nanopore_preset	SRR9588640	3.84
pacbio_nanopore_preset	SRR9609586	2.82
pacbio_nanopore_preset	SRR9641469	0.64
pacbio_nanopore_preset	SRR9693851	8.60
pacbio_nanopore_preset	SRR9694229	7.83
pacbio_nanopore_preset	SRR9701318	0.00
pacbio_nanopore_preset	SRR9701320	5.07
pacbio_nanopore_preset	SRR9794369	0.00
pacbio_nanopore_preset	SRR9822117	12.33
pacbio_nanopore_preset	SRR9861703	47.28
pacbio_nanopore_preset	SRR9887248	13.23
pacbio	DRR072240	3.27
pacbio	DRR126367	21.32
pacbio	DRR126418	26.00
pacbio	DRR126420	27.57
pacbio	DRR140496	12.28
pacbio	DRR148418	15.11
pacbio	DRR157860	14.25
pacbio	DRR174804	9.87
pacbio	DRR174806	25.70
pacbio	DRR174808	27.67
pacbio	DRR174985	22.45
pacbio	DRR179484	28.64
pacbio	DRR179485	29.54
pacbio	DRR179488	35.53
pacbio	DRR180575	8.78
pacbio	DRR189760	9.01
pacbio	DRR198111	33.44
pacbio	DRR207928	23.54
pacbio	DRR218311	23.36
pacbio	DRR228291	21.05
pacbio	DRR228292	21.58
pacbio	DRR241428	14.91
pacbio	DRR248582	23.91
pacbio	DRR296284	59.36
pacbio	DRR307107	33.62
pacbio	DRR307112	33.40
pacbio	DRR307121	20.77
pacbio	DRR307122	36.28
pacbio	DRR307155	24.20
pacbio	DRR307162	21.09
pacbio	DRR331382	3.12
pacbio	DRR331672	9.72
pacbio	DRR331673	12.23
pacbio	DRR331674	15.20
pacbio	DRR331675	14.81
pacbio	DRR331676	21.17
pacbio	DRR331677	20.47
pacbio	DRR331678	19.92
pacbio	DRR331679	19.07
pacbio	DRR346902	56.29
pacbio	DRR376827	35.46
pacbio	DRR378333	4.36
pacbio	DRR379710	5.10
pacbio	DRR396223	38.14
pacbio	DRR403244	54.68
pacbio	DRR403326	55.27
pacbio	DRR403997	24.30
pacbio	DRR403998	46.06
pacbio	DRR403999	23.34
pacbio	DRR404003	29.35
pacbio	DRR409419	22.81
pacbio	DRR413267	42.58
pacbio	DRR413434	51.23
pacbio	DRR413435	54.41
pacbio	DRR488392	59.21
pacbio	DRR490216	62.02
pacbio	DRR491367	60.87
pacbio	DRR506547	58.87
pacbio	DRR513694	70.81
pacbio	DRR514775	28.57
pacbio	DRR514873	54.22
pacbio	DRR514962	55.95
pacbio	DRR514964	58.50
pacbio	DRR514966	57.62
pacbio	DRR546153	58.12
pacbio	DRR546398	54.34
pacbio	DRR546667	69.44
pacbio	DRR567738	61.18
pacbio	DRR568656	52.79
pacbio	SRR10013755	25.27
pacbio	SRR10019385	14.15
pacbio	SRR10070368	28.86
pacbio	SRR10078297	11.19
pacbio	SRR10140034	22.08
pacbio	SRR10405212	48.87
pacbio	SRR10411457	36.52
pacbio	SRR10428552	16.20
pacbio	SRR10507067	46.02
pacbio	SRR10520608	19.17
pacbio	SRR10613303	15.89
pacbio	SRR10662281	21.86
pacbio	SRR10672466	16.10
pacbio	SRR10672468	14.09
pacbio	SRR10672473	15.93
pacbio	SRR10695014	40.25
pacbio	SRR10728566	22.25
pacbio	SRR10741801	16.20
pacbio	SRR10743286	49.81
pacbio	SRR10752810	10.60
pacbio	SRR10752811	15.13
pacbio	SRR10752812	15.49
pacbio	SRR10766199	19.21
pacbio	SRR10803141	16.09
pacbio	SRR10803142	13.74
pacbio	SRR10803143	15.67
pacbio	SRR10831793	15.73
pacbio	SRR10851446	24.24
pacbio	SRR10882607	16.70
pacbio	SRR10912906	11.27
pacbio	SRR11078307	19.01
pacbio	SRR11091770	19.89
pacbio	SRR11140579	31.59
pacbio	SRR11140580	25.20
pacbio	SRR11140588	27.84
pacbio	SRR11179864	14.38
pacbio	SRR11212804	40.42
pacbio	SRR11215186	13.71
pacbio	SRR11248242	32.75
pacbio	SRR11248247	27.96
pacbio	SRR11248338	34.09
pacbio	SRR11288494	3.33
pacbio	SRR11290117	28.18
pacbio	SRR11290118	21.30
pacbio	SRR11290119	3.64
pacbio	SRR11306710	14.84
pacbio	SRR11317973	17.38
pacbio	SRR11365219	17.04
pacbio	SRR11451958	8.30
pacbio	SRR11462379	33.55
pacbio	SRR11507283	32.15
pacbio	SRR11513892	12.02
pacbio	SRR11513901	38.00
pacbio	SRR11513908	8.63
pacbio	SRR11553454	45.61
pacbio	SRR11553455	51.48
pacbio	SRR11778447	23.74
pacbio	SRR11880653	15.48
pacbio	SRR11977808	52.95
pacbio	SRR12020159	24.84
pacbio	SRR12042540	25.06
pacbio	SRR12066800	11.67
pacbio	SRR12073574	21.43
pacbio	SRR12073575	12.30
pacbio	SRR12135868	0.84
pacbio	SRR12147485	26.40
pacbio	SRR12158098	16.83
pacbio	SRR12158100	17.42
pacbio	SRR12211926	4.26
pacbio	SRR12298352	25.90
pacbio	SRR12298448	25.52
pacbio	SRR12339180	51.50
pacbio	SRR12367305	9.57
pacbio	SRR12390689	14.71
pacbio	SRR12390701	17.43
pacbio	SRR12396136	22.46
pacbio	SRR12507229	14.66
pacbio	SRR12507232	22.63
pacbio	SRR12563834	14.94
pacbio	SRR12607128	32.67
pacbio	SRR12622555	12.23
pacbio	SRR12704060	33.37
pacbio	SRR12704061	40.16
pacbio	SRR12739076	8.03
pacbio	SRR12739077	6.69
pacbio	SRR12739078	6.75
pacbio	SRR12800422	33.59
pacbio	SRR12811577	8.77
pacbio	SRR12811583	4.73
pacbio	SRR12811588	3.46
pacbio	SRR12811598	12.27
pacbio	SRR12825849	13.08
pacbio	SRR12825855	11.64
pacbio	SRR12825879	33.72
pacbio	SRR12825882	26.41
pacbio	SRR12933777	74.63
pacbio	SRR12933779	29.13
pacbio	SRR12934924	32.68
pacbio	SRR12934927	31.19
pacbio	SRR12936660	25.43
pacbio	SRR12937956	8.50
pacbio	SRR12937959	17.62
pacbio	SRR12938614	21.02
pacbio	SRR12938618	9.04
pacbio	SRR12938891	17.15
pacbio	SRR12938913	20.67
pacbio	SRR12938915	18.88
pacbio	SRR12938961	23.38
pacbio	SRR12953601	6.67
pacbio	SRR12970172	18.78
pacbio	SRR12970238	8.10
pacbio	SRR12970287	15.18
pacbio	SRR12975746	24.19
pacbio	SRR13014167	8.61
pacbio	SRR13181161	19.73
pacbio	SRR13181163	23.64
pacbio	SRR13181232	26.12
pacbio	SRR13181256	15.75
pacbio	SRR13181480	22.97
pacbio	SRR13181598	32.18
pacbio	SRR13181644	20.18
pacbio	SRR13181648	30.84
pacbio	SRR13181652	20.23
pacbio	SRR13181654	31.62
pacbio	SRR13181655	23.80
pacbio	SRR13181968	25.26
pacbio	SRR13181987	27.17
pacbio	SRR13182350	23.72
pacbio	SRR13182352	27.54
pacbio	SRR13182360	31.58
pacbio	SRR13182422	31.35
pacbio	SRR13182559	30.05
pacbio	SRR13182589	30.20
pacbio	SRR13182691	33.91
pacbio	SRR13183063	31.15
pacbio	SRR13183064	79.26
pacbio	SRR13183065	37.11
pacbio	SRR13183067	82.69
pacbio	SRR13183068	36.78
pacbio	SRR13183069	36.19
pacbio	SRR13183070	29.56
pacbio	SRR13183072	47.38
pacbio	SRR13183073	23.65
pacbio	SRR13195542	25.33
pacbio	SRR13238532	31.34
pacbio	SRR13355265	38.58
pacbio	SRR13365414	45.44
pacbio	SRR13443114	27.47
pacbio	SRR13447360	26.30
pacbio	SRR13449989	23.97
pacbio	SRR13642592	40.29
pacbio	SRR13668413	36.92
pacbio	SRR13668427	30.91
pacbio	SRR13668439	37.78
pacbio	SRR13670000	33.60
pacbio	SRR13670131	38.77
pacbio	SRR13670628	40.70
pacbio	SRR13672888	40.31
pacbio	SRR13674228	34.17
pacbio	SRR13674234	24.72
pacbio	SRR13674408	28.26
pacbio	SRR13674440	22.94
pacbio	SRR13674457	33.14
pacbio	SRR13674459	34.59
pacbio	SRR13674460	24.06
pacbio	SRR13674462	26.83
pacbio	SRR13674464	21.55
pacbio	SRR13837247	52.12
pacbio	SRR14069006	50.38
pacbio	SRR14069081	47.10
pacbio	SRR14069623	42.56
pacbio	SRR14075991	29.01
pacbio	SRR14103433	44.32
pacbio	SRR14108820	29.81
pacbio	SRR14108825	39.51
pacbio	SRR14108827	35.02
pacbio	SRR14140347	31.33
pacbio	SRR14181225	7.03
pacbio	SRR14294771	57.85
pacbio	SRR14294773	56.82
pacbio	SRR14294776	61.41
pacbio	SRR14294777	56.70
pacbio	SRR14294779	33.24
pacbio	SRR14294782	37.05
pacbio	SRR14294783	40.91
pacbio	SRR14294785	60.86
pacbio	SRR14294788	66.85
pacbio	SRR14294789	57.81
pacbio	SRR14318404	36.67
pacbio	SRR14417043	32.96
pacbio	SRR14419376	36.39
pacbio	SRR14419378	48.81
pacbio	SRR14419384	29.36
pacbio	SRR14419388	24.51
pacbio	SRR14458708	36.83
pacbio	SRR14619782	9.54
pacbio	SRR14621278	8.85
pacbio	SRR14621967	9.20
pacbio	SRR14693196	25.13
pacbio	SRR14693198	24.01
pacbio	SRR14757211	41.03
pacbio	SRR14757212	41.18
pacbio	SRR14757213	35.66
pacbio	SRR14757215	38.99
pacbio	SRR14757216	42.18
pacbio	SRR14757217	37.28
pacbio	SRR14757218	40.91
pacbio	SRR14757219	43.00
pacbio	SRR14757220	37.73
pacbio	SRR14757221	36.68
pacbio	SRR14757222	40.44
pacbio	SRR14757224	35.79
pacbio	SRR14867659	30.45
pacbio	SRR15032814	53.96
pacbio	SRR15032816	55.15
pacbio	SRR15032817	53.06
pacbio	SRR15070654	17.57
pacbio	SRR15070656	21.60
pacbio	SRR15075397	30.50
pacbio	SRR15075399	27.66
pacbio	SRR15075400	26.36
pacbio	SRR15075449	32.46
pacbio	SRR15075454	30.28
pacbio	SRR15075462	25.08
pacbio	SRR15076203	32.41
pacbio	SRR15076260	28.23
pacbio	SRR15076386	28.33
pacbio	SRR15076581	26.77
pacbio	SRR15076584	19.90
pacbio	SRR15076596	18.64
pacbio	SRR15076597	22.53
pacbio	SRR15076623	24.68
pacbio	SRR15076625	21.38
pacbio	SRR15076628	26.23
pacbio	SRR15076629	19.47
pacbio	SRR15076632	24.57
pacbio	SRR15079688	19.61
pacbio	SRR15079691	26.54
pacbio	SRR15079693	19.16
pacbio	SRR15079695	20.50
pacbio	SRR15079697	22.70
pacbio	SRR15079699	17.46
pacbio	SRR15079701	24.53
pacbio	SRR15139186	31.73
pacbio	SRR15140980	34.75
pacbio	SRR15171257	36.87
pacbio	SRR15195250	52.00
pacbio	SRR15244009	27.68
pacbio	SRR15291770	47.88
pacbio	SRR15291771	38.63
pacbio	SRR15390434	51.69
pacbio	SRR15390484	52.84
pacbio	SRR15521836	12.85
pacbio	SRR15521837	23.65
pacbio	SRR15521842	15.02
pacbio	SRR15521844	12.98
pacbio	SRR15521845	12.72
pacbio	SRR15530284	19.44
pacbio	SRR15540408	3.04
pacbio	SRR15540421	4.67
pacbio	SRR15600651	39.46
pacbio	SRR15616890	23.89
pacbio	SRR15674694	28.20
pacbio	SRR15683928	36.69
pacbio	SRR15838435	13.05
pacbio	SRR15871657	27.39
pacbio	SRR15959708	25.92
pacbio	SRR16016662	37.28
pacbio	SRR16089729	32.47
pacbio	SRR16089745	48.85
pacbio	SRR16089767	27.56
pacbio	SRR16089769	45.57
pacbio	SRR16089773	41.52
pacbio	SRR16089781	45.41
pacbio	SRR16089785	43.98
pacbio	SRR16089787	49.60
pacbio	SRR16089789	44.96
pacbio	SRR16089793	52.58
pacbio	SRR16089794	41.62
pacbio	SRR16089807	47.45
pacbio	SRR16093181	36.42
pacbio	SRR16093182	35.27
pacbio	SRR16093183	35.40
pacbio	SRR16178825	21.72
pacbio	SRR16249240	21.05
pacbio	SRR16249248	24.25
pacbio	SRR16249284	35.68
pacbio	SRR16249301	31.49
pacbio	SRR16249313	33.45
pacbio	SRR16249315	23.63
pacbio	SRR16249366	16.62
pacbio	SRR16249368	13.96
pacbio	SRR16251405	24.77
pacbio	SRR16251406	20.85
pacbio	SRR16251409	14.16
pacbio	SRR16251423	25.14
pacbio	SRR16251444	16.05
pacbio	SRR16259016	30.53
pacbio	SRR16259204	32.87
pacbio	SRR16259360	27.27
pacbio	SRR16259583	25.40
pacbio	SRR16259731	19.51
pacbio	SRR16263410	25.92
pacbio	SRR16263412	17.96
pacbio	SRR16263435	24.61
pacbio	SRR16308509	15.52
pacbio	SRR16494726	33.94
pacbio	SRR16494727	40.05
pacbio	SRR16494730	34.82
pacbio	SRR16631313	82.05
pacbio	SRR16676985	44.23
pacbio	SRR16676988	44.37
pacbio	SRR16767125	80.86
pacbio	SRR16805543	44.33
pacbio	SRR16950002	36.58
pacbio	SRR16950003	34.84
pacbio	SRR16950004	40.97
pacbio	SRR16950006	43.97
pacbio	SRR16950007	40.09
pacbio	SRR16950008	38.73
pacbio	SRR16950009	47.33
pacbio	SRR16962373	34.77
pacbio	SRR16962374	39.57
pacbio	SRR16962375	41.63
pacbio	SRR16962376	36.92
pacbio	SRR16962377	35.83
pacbio	SRR16962378	35.87
pacbio	SRR16962380	36.63
pacbio	SRR16962382	25.70
pacbio	SRR16962383	32.68
pacbio	SRR16962385	34.73
pacbio	SRR16962387	32.60
pacbio	SRR16962389	36.83
pacbio	SRR16962390	42.72
pacbio	SRR16962391	35.55
pacbio	SRR16962393	40.55
pacbio	SRR16962394	41.89
pacbio	SRR16962395	44.85
pacbio	SRR16962396	37.67
pacbio	SRR16962397	40.88
pacbio	SRR16962400	42.94
pacbio	SRR16962406	41.76
pacbio	SRR16962407	34.81
pacbio	SRR16962408	42.43
pacbio	SRR16972384	15.17
pacbio	SRR17000714	8.80
pacbio	SRR17115571	13.05
pacbio	SRR17117120	24.93
pacbio	SRR17117122	21.44
pacbio	SRR17117123	18.21
pacbio	SRR17117164	25.64
pacbio	SRR17117182	33.73
pacbio	SRR17118586	34.61
pacbio	SRR17118588	31.78
pacbio	SRR17119282	26.16
pacbio	SRR17122010	25.54
pacbio	SRR17124527	30.30
pacbio	SRR17124529	24.34
pacbio	SRR17124558	30.51
pacbio	SRR17126946	22.57
pacbio	SRR17126948	18.30
pacbio	SRR17133875	26.71
pacbio	SRR17188519	83.26
pacbio	SRR17234886	2.35
pacbio	SRR17234888	2.22
pacbio	SRR17234894	1.47
pacbio	SRR17234895	0.99
pacbio	SRR17234896	1.18
pacbio	SRR17234900	1.99
pacbio	SRR17234903	1.25
pacbio	SRR17284493	7.11
pacbio	SRR17284691	13.57
pacbio	SRR17390676	50.04
pacbio	SRR17665523	35.74
pacbio	SRR17782760	25.64
pacbio	SRR17841630	36.22
pacbio	SRR17853485	35.74
pacbio	SRR17873538	14.33
pacbio	SRR18010266	47.85
pacbio	SRR18120112	33.86
pacbio	SRR18206676	19.06
pacbio	SRR18206677	15.65
pacbio	SRR18299176	24.18
pacbio	SRR18299177	26.79
pacbio	SRR18299183	24.66
pacbio	SRR18299185	26.78
pacbio	SRR18299186	22.40
pacbio	SRR18299189	24.58
pacbio	SRR18299192	26.22
pacbio	SRR18371756	25.77
pacbio	SRR18425953	34.02
pacbio	SRR18476736	23.76
pacbio	SRR18904150	40.96
pacbio	SRR18904155	47.46
pacbio	SRR18918020	8.46
pacbio	SRR19160253	43.86
pacbio	SRR19205248	10.88
pacbio	SRR19519852	33.82
pacbio	SRR19519855	24.92
pacbio	SRR19519856	35.00
pacbio	SRR19519859	35.03
pacbio	SRR19519874	31.10
pacbio	SRR19519875	32.53
pacbio	SRR19519886	42.51
pacbio	SRR19519887	25.99
pacbio	SRR19519889	32.66
pacbio	SRR19519893	33.99
pacbio	SRR19519894	28.51
pacbio	SRR19519903	38.29
pacbio	SRR19519904	27.39
pacbio	SRR19519905	36.59
pacbio	SRR19519906	27.27
pacbio	SRR19519907	35.39
pacbio	SRR19519908	33.61
pacbio	SRR19519909	37.50
pacbio	SRR19519924	34.06
pacbio	SRR19519925	38.79
pacbio	SRR19519933	31.14
pacbio	SRR19519935	24.64
pacbio	SRR19519936	36.33
pacbio	SRR19519939	28.78
pacbio	SRR19519940	31.32
pacbio	SRR19570818	46.78
pacbio	SRR19572345	21.88
pacbio	SRR19646378	54.59
pacbio	SRR19646389	54.78
pacbio	SRR19646390	53.64
pacbio	SRR19646391	54.74
pacbio	SRR19646392	55.77
pacbio	SRR19646394	52.64
pacbio	SRR19646395	58.13
pacbio	SRR19646396	57.20
pacbio	SRR19807560	3.38
pacbio	SRR19880591	34.85
pacbio	SRR20280882	34.43
pacbio	SRR20280883	32.34
pacbio	SRR20280884	36.83
pacbio	SRR20280886	21.51
pacbio	SRR20280887	26.17
pacbio	SRR20280888	28.60
pacbio	SRR20280891	15.71
pacbio	SRR20280894	31.43
pacbio	SRR20746747	37.53
pacbio	SRR20907454	8.83
pacbio	SRR20950142	31.09
pacbio	SRR21079302	31.18
pacbio	SRR21079304	23.78
pacbio	SRR21131590	32.92
pacbio	SRR21133403	17.29
pacbio	SRR21133406	26.23
pacbio	SRR21133407	22.64
pacbio	SRR21166831	45.70
pacbio	SRR21276823	30.82
pacbio	SRR21285060	19.61
pacbio	SRR21285063	25.79
pacbio	SRR21285064	22.15
pacbio	SRR21295163	54.18
pacbio	SRR2132330	17.94
pacbio	SRR21430004	52.07
pacbio	SRR21563152	39.02
pacbio	SRR21601282	28.21
pacbio	SRR2163058	17.94
pacbio	SRR21643318	38.47
pacbio	SRR21672106	17.51
pacbio	SRR21731845	10.36
pacbio	SRR21793358	31.90
pacbio	SRR22007585	25.66
pacbio	SRR22007588	20.30
pacbio	SRR22077206	57.40
pacbio	SRR22094550	39.63
pacbio	SRR22094552	43.69
pacbio	SRR22094554	44.56
pacbio	SRR22094555	41.35
pacbio	SRR22253723	29.67
pacbio	SRR22253726	32.05
pacbio	SRR22253727	33.42
pacbio	SRR22253728	32.18
pacbio	SRR22272752	24.98
pacbio	SRR22381796	18.47
pacbio	SRR22381797	17.69
pacbio	SRR22805145	20.86
pacbio	SRR22805297	21.18
pacbio	SRR22809568	50.08
pacbio	SRR22840785	40.18
pacbio	SRR22876607	6.50
pacbio	SRR22876612	7.50
pacbio	SRR22984656	33.55
pacbio	SRR23086700	19.30
pacbio	SRR23095539	58.09
pacbio	SRR23518000	20.97
pacbio	SRR23518001	12.58
pacbio	SRR23525315	64.48
pacbio	SRR23525317	55.24
pacbio	SRR23538270	13.79
pacbio	SRR23562243	26.56
pacbio	SRR23562248	25.07
pacbio	SRR23636845	21.86
pacbio	SRR23692898	31.11
pacbio	SRR23697208	55.31
pacbio	SRR23852394	26.43
pacbio	SRR23891542	18.38
pacbio	SRR23952291	57.08
pacbio	SRR23952319	54.88
pacbio	SRR24003359	6.19
pacbio	SRR24105536	11.14
pacbio	SRR24105538	9.40
pacbio	SRR24105540	10.23
pacbio	SRR24332397	51.37
pacbio	SRR24356093	32.52
pacbio	SRR24363119	12.94
pacbio	SRR24363120	16.69
pacbio	SRR24363422	12.19
pacbio	SRR24498229	50.40
pacbio	SRR24633660	27.47
pacbio	SRR24653076	52.85
pacbio	SRR24831249	38.98
pacbio	SRR25013904	35.74
pacbio	SRR25041725	39.21
pacbio	SRR25113362	34.26
pacbio	SRR25120112	27.69
pacbio	SRR25366715	43.04
pacbio	SRR25775191	34.71
pacbio	SRR25775193	34.90
pacbio	SRR25775195	40.63
pacbio	SRR25835575	32.63
pacbio	SRR25916648	56.66
pacbio	SRR26205285	13.32
pacbio	SRR26302840	68.58
pacbio	SRR26302841	55.31
pacbio	SRR26305322	34.50
pacbio	SRR26305326	31.34
pacbio	SRR26364401	55.29
pacbio	SRR26382609	58.50
pacbio	SRR26435097	33.08
pacbio	SRR26435099	36.38
pacbio	SRR26435101	39.63
pacbio	SRR26473444	15.32
pacbio	SRR26794288	15.46
pacbio	SRR26795840	23.61
pacbio	SRR26804258	21.01
pacbio	SRR26937449	50.58
pacbio	SRR26961105	53.20
pacbio	SRR26961106	52.70
pacbio	SRR27033692	60.45
pacbio	SRR27033702	70.80
pacbio	SRR27033706	60.78
pacbio	SRR27033711	60.43
pacbio	SRR27033717	50.81
pacbio	SRR27033720	54.44
pacbio	SRR27272519	2.47
pacbio	SRR27467497	33.55
pacbio	SRR27467500	26.15
pacbio	SRR27467501	25.73
pacbio	SRR27467502	32.20
pacbio	SRR27467503	28.98
pacbio	SRR27467504	28.53
pacbio	SRR27467505	26.02
pacbio	SRR27467508	26.53
pacbio	SRR27467509	30.40
pacbio	SRR27467511	27.89
pacbio	SRR27467529	30.13
pacbio	SRR27467545	28.59
pacbio	SRR27467549	31.87
pacbio	SRR27467552	31.28
pacbio	SRR27467554	31.03
pacbio	SRR27467576	28.85
pacbio	SRR27467579	31.78
pacbio	SRR27467584	32.64
pacbio	SRR27467586	29.46
pacbio	SRR27558654	34.51
pacbio	SRR27638605	57.87
pacbio	SRR27695013	37.17
pacbio	SRR27704963	39.05
pacbio	SRR27704964	36.03
pacbio	SRR27704967	41.59
pacbio	SRR27726272	70.28
pacbio	SRR27956926	57.32
pacbio	SRR28019343	30.10
pacbio	SRR28037804	32.68
pacbio	SRR28037811	6.56
pacbio	SRR28129708	57.27
pacbio	SRR28257190	32.04
pacbio	SRR28257202	19.27
pacbio	SRR28257217	34.86
pacbio	SRR28257223	35.84
pacbio	SRR28257226	34.45
pacbio	SRR28257243	18.99
pacbio	SRR28257247	34.60
pacbio	SRR28257255	34.67
pacbio	SRR28518279	25.92
pacbio	SRR28552087	27.99
pacbio	SRR28558243	50.75
pacbio	SRR28576149	58.57
pacbio	SRR28579936	33.37
pacbio	SRR28580445	56.41
pacbio	SRR28595544	60.66
pacbio	SRR28679068	56.40
pacbio	SRR28720844	26.71
pacbio	SRR28730575	29.71
pacbio	SRR28779488	38.00
pacbio	SRR28781548	41.29
pacbio	SRR28781557	43.04
pacbio	SRR28781560	39.95
pacbio	SRR28785304	63.73
pacbio	SRR28875596	58.32
pacbio	SRR29131298	34.32
pacbio	SRR29131303	34.32
pacbio	SRR29131306	33.17
pacbio	SRR29131317	27.02
pacbio	SRR29131322	31.11
pacbio	SRR2924715	30.67
pacbio	SRR2925029	28.40
pacbio	SRR29360624	38.93
pacbio	SRR29500127	61.79
pacbio	SRR29504274	68.32
pacbio	SRR29506353	55.60
pacbio	SRR29525484	50.88
pacbio	SRR29533363	52.59
pacbio	SRR29553744	48.85
pacbio	SRR29553879	58.07
pacbio	SRR29606854	71.65
pacbio	SRR29632262	55.16
pacbio	SRR29635771	55.84
pacbio	SRR29644585	68.62
pacbio	SRR29650136	50.72
pacbio	SRR29676179	50.83
pacbio	SRR29686943	60.39
pacbio	SRR29687153	58.57
pacbio	SRR29688496	57.75
pacbio	SRR29688497	55.97
pacbio	SRR29688498	80.51
pacbio	SRR29688558	60.90
pacbio	SRR29688559	59.23
pacbio	SRR29688560	67.97
pacbio	SRR29688561	58.97
pacbio	SRR29688562	61.04
pacbio	SRR29688624	57.22
pacbio	SRR29944176	27.46
pacbio	SRR30049752	12.73
pacbio	SRR30049938	29.63
pacbio	SRR30076315	32.78
pacbio	SRR30076316	10.96
pacbio	SRR30077469	42.32
pacbio	SRR30082401	9.29
pacbio	SRR30087447	48.89
pacbio	SRR30128336	56.29
pacbio	SRR30162148	68.65
pacbio	SRR30162149	83.30
pacbio	SRR3019206	20.19
pacbio	SRR30211838	31.10
pacbio	SRR30223606	55.48
pacbio	SRR30238144	59.84
pacbio	SRR30238161	67.60
pacbio	SRR30255941	22.20
pacbio	SRR30275311	33.01
pacbio	SRR3028939	19.12
pacbio	SRR30357565	81.20
pacbio	SRR30357566	82.58
pacbio	SRR30357567	79.90
pacbio	SRR30357568	81.65
pacbio	SRR3038646	15.01
pacbio	SRR3038655	17.82
pacbio	SRR3038659	23.74
pacbio	SRR30397318	66.63
pacbio	SRR30573099	51.71
pacbio	SRR30599898	7.38
pacbio	SRR30640849	63.45
pacbio	SRR30641007	62.90
pacbio	SRR3109671	18.90
pacbio	SRR3109909	14.73
pacbio	SRR3109926	24.49
pacbio	SRR3109930	41.15
pacbio	SRR3109983	17.57
pacbio	SRR3114698	23.61
pacbio	SRR3114710	36.94
pacbio	SRR3356468	25.44
pacbio	SRR3356531	27.48
pacbio	SRR3441689	46.82
pacbio	SRR3441720	0.00
pacbio	SRR3593477	22.02
pacbio	SRR3880289	25.22
pacbio	SRR3880290	21.30
pacbio	SRR3880376	21.43
pacbio	SRR3880379	15.52
pacbio	SRR3880380	13.59
pacbio	SRR4017189	52.94
pacbio	SRR4097312	32.86
pacbio	SRR4097316	32.37
pacbio	SRR4097329	36.29
pacbio	SRR4097352	42.83
pacbio	SRR4097552	32.84
pacbio	SRR4097624	38.16
pacbio	SRR4097691	35.75
pacbio	SRR4097763	31.84
pacbio	SRR4300073	30.62
pacbio	SRR4300075	13.41
pacbio	SRR5066061	5.37
pacbio	SRR5179548	32.56
pacbio	SRR5282539	28.40
pacbio	SRR5320247	20.27
pacbio	SRR5320430	21.09
pacbio	SRR5362220	0.00
pacbio	SRR5362225	0.00
pacbio	SRR5400280	0.00
pacbio	SRR5440732	0.00
pacbio	SRR5635116	32.98
pacbio	SRR5810498	27.55
pacbio	SRR5810500	19.35
pacbio	SRR5826156	2.23
pacbio	SRR5829677	1.57
pacbio	SRR5829729	0.00
pacbio	SRR5855230	38.41
pacbio	SRR5949107	13.53
pacbio	SRR5949108	17.04
pacbio	SRR6008331	17.26
pacbio	SRR6029562	30.26
pacbio	SRR6331514	0.00
pacbio	SRR6413814	16.04
pacbio	SRR6515889	8.84
pacbio	SRR6635820	12.54
pacbio	SRR6635822	12.72
pacbio	SRR6742499	16.89
pacbio	SRR6825087	7.67
pacbio	SRR6982907	15.68
pacbio	SRR6982908	11.00
pacbio	SRR6982909	24.35
pacbio	SRR6982910	30.96
pacbio	SRR6982911	26.79
pacbio	SRR6982912	29.20
pacbio	SRR6982913	30.36
pacbio	SRR6982914	24.44
pacbio	SRR6982915	20.22
pacbio	SRR6982916	42.22
pacbio	SRR6982917	42.60
pacbio	SRR6982918	39.20
pacbio	SRR6982919	28.94
pacbio	SRR6982920	31.16
pacbio	SRR6982921	29.73
pacbio	SRR6982922	31.74
pacbio	SRR6982923	37.11
pacbio	SRR6982924	32.66
pacbio	SRR6982925	36.11
pacbio	SRR6982926	36.64
pacbio	SRR6982927	12.17
pacbio	SRR6982928	18.83
pacbio	SRR6982929	43.40
pacbio	SRR6982931	29.54
pacbio	SRR6982932	12.32
pacbio	SRR6982933	49.68
pacbio	SRR6982934	30.97
pacbio	SRR6982935	34.63
pacbio	SRR6982936	37.02
pacbio	SRR6982937	17.37
pacbio	SRR6982938	30.57
pacbio	SRR6982939	39.18
pacbio	SRR6982940	34.73
pacbio	SRR6982941	34.95
pacbio	SRR6982942	35.15
pacbio	SRR6982943	44.75
pacbio	SRR6982945	28.68
pacbio	SRR6985643	0.00
pacbio	SRR6985735	1.30
pacbio	SRR7183053	1.71
pacbio	SRR7183054	1.90
pacbio	SRR7183055	4.18
pacbio	SRR7205491	34.91
pacbio	SRR7640589	22.86
pacbio	SRR7640590	28.51
pacbio	SRR7640788	7.01
pacbio	SRR7668116	12.16
pacbio	SRR7686016	10.52
pacbio	SRR7686591	26.07
pacbio	SRR7692455	8.77
pacbio	SRR7692458	10.17
pacbio	SRR7692459	12.23
pacbio	SRR7692460	9.73
pacbio	SRR7692504	10.93
pacbio	SRR7692507	14.49
pacbio	SRR7721906	0.00
pacbio	SRR7781231	9.35
pacbio	SRR7817081	34.78
pacbio	SRR7971250	0.81
pacbio	SRR7971259	5.69
pacbio	SRR8105427	34.37
pacbio	SRR8258035	66.91
pacbio	SRR8283322	65.69
pacbio	SRR8293886	37.51
pacbio	SRR8305981	11.27
pacbio	SRR8305998	20.39
pacbio	SRR8306355	16.53
pacbio	SRR8306745	19.61
pacbio	SRR8327213	26.22
pacbio	SRR8362596	19.53
pacbio	SRR8362597	25.26
pacbio	SRR8362616	36.32
pacbio	SRR8362618	17.97
pacbio	SRR8362621	32.07
pacbio	SRR8362625	26.56
pacbio	SRR8362631	20.08
pacbio	SRR8365815	4.67
pacbio	SRR8416122	5.60
pacbio	SRR8416224	10.93
pacbio	SRR8489231	21.95
pacbio	SRR8489233	20.35
pacbio	SRR8489307	25.24
pacbio	SRR8489315	21.06
pacbio	SRR8549120	25.06
pacbio	SRR8549885	22.95
pacbio	SRR8618952	42.21
pacbio	SRR8893068	24.64
pacbio	SRR8961732	23.70
pacbio	SRR8984467	1.96
pacbio	SRR8989648	2.47
pacbio	SRR9027110	30.93
pacbio	SRR9043820	3.91
pacbio	SRR9052984	30.15
pacbio	SRR9056840	37.35
pacbio	SRR9119442	2.45
pacbio	SRR9119443	2.28
pacbio	SRR9150091	1.48
pacbio	SRR9176580	1.82
pacbio	SRR9313687	10.21
pacbio	SRR9588640	17.75
pacbio	SRR9609586	7.86
pacbio	SRR9641469	1.22
pacbio	SRR9693851	20.38
pacbio	SRR9694229	16.75
pacbio	SRR9701318	1.97
pacbio	SRR9701320	12.30
pacbio	SRR9794369	3.58
pacbio	SRR9822117	27.79
pacbio	SRR9861703	55.30
pacbio	SRR9887248	22.25
