group	lower_pct	upper_pct	coverage	mean_width_rel	median_width_rel
nanopore	1	51	0.7062	0.7934	0.7852
nanopore	1	52	0.7411	0.8020	0.7928
nanopore	1	53	0.7767	0.8108	0.8009
nanopore	1	54	0.8185	0.8198	0.8091
nanopore	1	55	0.8436	0.8290	0.8183
nanopore	1	56	0.8728	0.8381	0.8265
nanopore	1	57	0.8967	0.8476	0.8353
nanopore	1	58	0.9226	0.8572	0.8439
nanopore	1	59	0.9364	0.8670	0.8526
nanopore	1	60	0.9489	0.8770	0.8617
nanopore	1	61	0.9575	0.8872	0.8713
nanopore	1	62	0.9676	0.8976	0.8811
nanopore	1	63	0.9708	0.9083	0.8909
nanopore	1	64	0.9769	0.9193	0.9003
nanopore	1	65	0.9818	0.9305	0.9102
nanopore	1	66	0.9854	0.9422	0.9211
nanopore	1	67	0.9866	0.9540	0.9324
nanopore	1	68	0.9895	0.9664	0.9432
nanopore	1	69	0.9911	0.9791	0.9548
nanopore	1	70	0.9923	0.9922	0.9662
nanopore	1	71	0.9923	1.0059	0.9775
nanopore	1	72	0.9931	1.0201	0.9896
nanopore	1	73	0.9943	1.0350	1.0036
nanopore	1	74	0.9955	1.0505	1.0170
nanopore	1	75	0.9959	1.0665	1.0305
nanopore	1	76	0.9959	1.0834	1.0444
nanopore	1	77	0.9968	1.1011	1.0606
nanopore	1	78	0.9972	1.1198	1.0773
nanopore	1	79	0.9972	1.1396	1.0931
nanopore	1	80	0.9976	1.1607	1.1128
nanopore	1	81	0.9976	1.1836	1.1311
nanopore	1	82	0.9976	1.2077	1.1513
nanopore	1	83	0.9980	1.2334	1.1726
nanopore	1	84	0.9984	1.2614	1.1956
nanopore	1	85	0.9984	1.2913	1.2213
nanopore	1	86	0.9984	1.3243	1.2484
nanopore	1	87	0.9984	1.3606	1.2748
nanopore	1	88	0.9984	1.4011	1.3038
nanopore	1	89	0.9988	1.4473	1.3394
nanopore	1	90	0.9988	1.5002	1.3777
nanopore	1	91	0.9992	1.5607	1.4234
nanopore	1	92	0.9992	1.6311	1.4777
nanopore	1	93	0.9992	1.7181	1.5389
nanopore	1	94	0.9996	1.8278	1.6177
nanopore	1	95	0.9996	1.9706	1.7209
nanopore	1	96	1.0000	2.1755	1.8544
nanopore	1	97	1.0000	2.4737	2.0539
nanopore	1	98	1.0000	3.0104	2.4007
nanopore	1	99	1.0000	4.2969	3.3791
nanopore	2	51	0.7062	0.7044	0.6895
nanopore	2	52	0.7411	0.7131	0.6970
nanopore	2	53	0.7767	0.7219	0.7044
nanopore	2	54	0.8185	0.7308	0.7135
nanopore	2	55	0.8436	0.7400	0.7225
nanopore	2	56	0.8728	0.7492	0.7302
nanopore	2	57	0.8967	0.7586	0.7399
nanopore	2	58	0.9226	0.7682	0.7481
nanopore	2	59	0.9364	0.7781	0.7576
nanopore	2	60	0.9489	0.7881	0.7662
nanopore	2	61	0.9575	0.7983	0.7753
nanopore	2	62	0.9676	0.8086	0.7851
nanopore	2	63	0.9708	0.8193	0.7953
nanopore	2	64	0.9769	0.8303	0.8055
nanopore	2	65	0.9818	0.8416	0.8161
nanopore	2	66	0.9854	0.8532	0.8263
nanopore	2	67	0.9866	0.8651	0.8376
nanopore	2	68	0.9895	0.8774	0.8486
nanopore	2	69	0.9911	0.8901	0.8597
nanopore	2	70	0.9923	0.9033	0.8706
nanopore	2	71	0.9923	0.9169	0.8842
nanopore	2	72	0.9931	0.9312	0.8983
nanopore	2	73	0.9943	0.9460	0.9115
nanopore	2	74	0.9955	0.9615	0.9248
nanopore	2	75	0.9959	0.9775	0.9394
nanopore	2	76	0.9959	0.9944	0.9540
nanopore	2	77	0.9968	1.0122	0.9700
nanopore	2	78	0.9972	1.0308	0.9875
nanopore	2	79	0.9972	1.0507	1.0051
nanopore	2	80	0.9976	1.0718	1.0216
nanopore	2	81	0.9976	1.0946	1.0408
nanopore	2	82	0.9976	1.1187	1.0602
nanopore	2	83	0.9980	1.1445	1.0802
nanopore	2	84	0.9984	1.1724	1.1051
nanopore	2	85	0.9984	1.2023	1.1326
nanopore	2	86	0.9984	1.2354	1.1557
nanopore	2	87	0.9984	1.2717	1.1839
nanopore	2	88	0.9984	1.3122	1.2167
nanopore	2	89	0.9988	1.3583	1.2511
nanopore	2	90	0.9988	1.4113	1.2938
nanopore	2	91	0.9992	1.4717	1.3385
nanopore	2	92	0.9992	1.5421	1.3927
nanopore	2	93	0.9992	1.6292	1.4490
nanopore	2	94	0.9996	1.7388	1.5284
nanopore	2	95	0.9996	1.8816	1.6277
nanopore	2	96	1.0000	2.0865	1.7549
nanopore	2	97	1.0000	2.3847	1.9566
nanopore	2	98	1.0000	2.9214	2.3017
nanopore	2	99	1.0000	4.2079	3.2851
nanopore	3	51	0.7058	0.6383	0.6071
nanopore	3	52	0.7407	0.6470	0.6158
nanopore	3	53	0.7763	0.6558	0.6240
nanopore	3	54	0.8181	0.6648	0.6326
nanopore	3	55	0.8432	0.6739	0.6421
nanopore	3	56	0.8724	0.6831	0.6499
nanopore	3	57	0.8963	0.6925	0.6608
nanopore	3	58	0.9222	0.7021	0.6698
nanopore	3	59	0.9360	0.7120	0.6791
nanopore	3	60	0.9485	0.7220	0.6894
nanopore	3	61	0.9571	0.7322	0.6998
nanopore	3	62	0.9672	0.7425	0.7092
nanopore	3	63	0.9704	0.7533	0.7197
nanopore	3	64	0.9765	0.7643	0.7296
nanopore	3	65	0.9814	0.7755	0.7401
nanopore	3	66	0.9850	0.7872	0.7504
nanopore	3	67	0.9862	0.7990	0.7615
nanopore	3	68	0.9891	0.8113	0.7707
nanopore	3	69	0.9907	0.8240	0.7822
nanopore	3	70	0.9919	0.8372	0.7952
nanopore	3	71	0.9919	0.8508	0.8078
nanopore	3	72	0.9927	0.8651	0.8214
nanopore	3	73	0.9939	0.8799	0.8346
nanopore	3	74	0.9951	0.8954	0.8475
nanopore	3	75	0.9955	0.9114	0.8616
nanopore	3	76	0.9955	0.9283	0.8773
nanopore	3	77	0.9964	0.9461	0.8944
nanopore	3	78	0.9968	0.9647	0.9105
nanopore	3	79	0.9968	0.9846	0.9285
nanopore	3	80	0.9972	1.0057	0.9479
nanopore	3	81	0.9972	1.0285	0.9677
nanopore	3	82	0.9972	1.0526	0.9872
nanopore	3	83	0.9976	1.0784	1.0093
nanopore	3	84	0.9980	1.1064	1.0319
nanopore	3	85	0.9980	1.1362	1.0560
nanopore	3	86	0.9980	1.1693	1.0857
nanopore	3	87	0.9980	1.2056	1.1141
nanopore	3	88	0.9980	1.2461	1.1457
nanopore	3	89	0.9984	1.2922	1.1797
nanopore	3	90	0.9984	1.3452	1.2215
nanopore	3	91	0.9988	1.4056	1.2680
nanopore	3	92	0.9988	1.4760	1.3180
nanopore	3	93	0.9988	1.5631	1.3831
nanopore	3	94	0.9992	1.6727	1.4547
nanopore	3	95	0.9992	1.8155	1.5530
nanopore	3	96	0.9996	2.0204	1.6840
nanopore	3	97	0.9996	2.3186	1.8837
nanopore	3	98	0.9996	2.8553	2.2368
nanopore	3	99	0.9996	4.1419	3.2043
nanopore	4	51	0.7050	0.5907	0.5512
nanopore	4	52	0.7399	0.5994	0.5601
nanopore	4	53	0.7755	0.6082	0.5675
nanopore	4	54	0.8173	0.6172	0.5758
nanopore	4	55	0.8424	0.6263	0.5846
nanopore	4	56	0.8716	0.6355	0.5938
nanopore	4	57	0.8955	0.6449	0.6029
nanopore	4	58	0.9214	0.6545	0.6131
nanopore	4	59	0.9352	0.6644	0.6237
nanopore	4	60	0.9477	0.6744	0.6338
nanopore	4	61	0.9562	0.6846	0.6440
nanopore	4	62	0.9664	0.6949	0.6540
nanopore	4	63	0.9696	0.7057	0.6652
nanopore	4	64	0.9757	0.7166	0.6752
nanopore	4	65	0.9806	0.7279	0.6856
nanopore	4	66	0.9842	0.7395	0.6958
nanopore	4	67	0.9854	0.7514	0.7075
nanopore	4	68	0.9882	0.7637	0.7185
nanopore	4	69	0.9899	0.7764	0.7297
nanopore	4	70	0.9911	0.7896	0.7409
nanopore	4	71	0.9911	0.8032	0.7536
nanopore	4	72	0.9919	0.8175	0.7653
nanopore	4	73	0.9931	0.8323	0.7785
nanopore	4	74	0.9943	0.8478	0.7920
nanopore	4	75	0.9947	0.8638	0.8064
nanopore	4	76	0.9947	0.8807	0.8226
nanopore	4	77	0.9955	0.8985	0.8384
nanopore	4	78	0.9959	0.9171	0.8549
nanopore	4	79	0.9959	0.9370	0.8726
nanopore	4	80	0.9964	0.9581	0.8910
nanopore	4	81	0.9964	0.9809	0.9097
nanopore	4	82	0.9964	1.0050	0.9330
nanopore	4	83	0.9968	1.0308	0.9550
nanopore	4	84	0.9972	1.0588	0.9794
nanopore	4	85	0.9972	1.0886	1.0036
nanopore	4	86	0.9972	1.1217	1.0303
nanopore	4	87	0.9972	1.1580	1.0598
nanopore	4	88	0.9972	1.1985	1.0936
nanopore	4	89	0.9976	1.2446	1.1320
nanopore	4	90	0.9976	1.2976	1.1744
nanopore	4	91	0.9980	1.3580	1.2193
nanopore	4	92	0.9980	1.4284	1.2710
nanopore	4	93	0.9980	1.5155	1.3318
nanopore	4	94	0.9984	1.6251	1.4086
nanopore	4	95	0.9984	1.7679	1.5066
nanopore	4	96	0.9988	1.9728	1.6332
nanopore	4	97	0.9988	2.2710	1.8325
nanopore	4	98	0.9988	2.8077	2.1868
nanopore	4	99	0.9988	4.0942	3.1568
nanopore	5	51	0.7050	0.5515	0.5061
nanopore	5	52	0.7399	0.5602	0.5162
nanopore	5	53	0.7755	0.5690	0.5247
nanopore	5	54	0.8173	0.5780	0.5329
nanopore	5	55	0.8424	0.5871	0.5417
nanopore	5	56	0.8716	0.5963	0.5500
nanopore	5	57	0.8955	0.6057	0.5603
nanopore	5	58	0.9214	0.6154	0.5698
nanopore	5	59	0.9352	0.6252	0.5795
nanopore	5	60	0.9477	0.6352	0.5888
nanopore	5	61	0.9562	0.6454	0.5997
nanopore	5	62	0.9664	0.6557	0.6105
nanopore	5	63	0.9696	0.6665	0.6224
nanopore	5	64	0.9757	0.6775	0.6323
nanopore	5	65	0.9806	0.6887	0.6423
nanopore	5	66	0.9842	0.7004	0.6532
nanopore	5	67	0.9854	0.7122	0.6644
nanopore	5	68	0.9882	0.7245	0.6762
nanopore	5	69	0.9899	0.7372	0.6875
nanopore	5	70	0.9911	0.7504	0.6996
nanopore	5	71	0.9911	0.7640	0.7122
nanopore	5	72	0.9919	0.7783	0.7266
nanopore	5	73	0.9931	0.7931	0.7395
nanopore	5	74	0.9943	0.8086	0.7522
nanopore	5	75	0.9947	0.8246	0.7648
nanopore	5	76	0.9947	0.8415	0.7800
nanopore	5	77	0.9955	0.8593	0.7967
nanopore	5	78	0.9959	0.8779	0.8135
nanopore	5	79	0.9959	0.8978	0.8308
nanopore	5	80	0.9964	0.9189	0.8492
nanopore	5	81	0.9964	0.9417	0.8700
nanopore	5	82	0.9964	0.9658	0.8901
nanopore	5	83	0.9968	0.9916	0.9133
nanopore	5	84	0.9972	1.0196	0.9357
nanopore	5	85	0.9972	1.0494	0.9613
nanopore	5	86	0.9972	1.0825	0.9899
nanopore	5	87	0.9972	1.1188	1.0198
nanopore	5	88	0.9972	1.1593	1.0526
nanopore	5	89	0.9976	1.2054	1.0932
nanopore	5	90	0.9976	1.2584	1.1353
nanopore	5	91	0.9980	1.3188	1.1830
nanopore	5	92	0.9980	1.3892	1.2302
nanopore	5	93	0.9980	1.4763	1.2931
nanopore	5	94	0.9984	1.5859	1.3734
nanopore	5	95	0.9984	1.7287	1.4648
nanopore	5	96	0.9988	1.9337	1.5926
nanopore	5	97	0.9988	2.2318	1.7948
nanopore	5	98	0.9988	2.7685	2.1442
nanopore	5	99	0.9988	4.0551	3.1256
nanopore	6	51	0.7046	0.5182	0.4700
nanopore	6	52	0.7395	0.5269	0.4787
nanopore	6	53	0.7751	0.5357	0.4878
nanopore	6	54	0.8169	0.5447	0.4977
nanopore	6	55	0.8420	0.5538	0.5075
nanopore	6	56	0.8712	0.5630	0.5170
nanopore	6	57	0.8951	0.5725	0.5253
nanopore	6	58	0.9210	0.5821	0.5351
nanopore	6	59	0.9348	0.5919	0.5452
nanopore	6	60	0.9473	0.6019	0.5542
nanopore	6	61	0.9558	0.6121	0.5644
nanopore	6	62	0.9660	0.6224	0.5744
nanopore	6	63	0.9692	0.6332	0.5844
nanopore	6	64	0.9753	0.6442	0.5945
nanopore	6	65	0.9801	0.6554	0.6059
nanopore	6	66	0.9838	0.6671	0.6175
nanopore	6	67	0.9850	0.6789	0.6294
nanopore	6	68	0.9878	0.6912	0.6417
nanopore	6	69	0.9895	0.7039	0.6531
nanopore	6	70	0.9907	0.7171	0.6659
nanopore	6	71	0.9907	0.7308	0.6773
nanopore	6	72	0.9915	0.7450	0.6915
nanopore	6	73	0.9927	0.7598	0.7054
nanopore	6	74	0.9939	0.7754	0.7186
nanopore	6	75	0.9943	0.7914	0.7327
nanopore	6	76	0.9943	0.8082	0.7471
nanopore	6	77	0.9951	0.8260	0.7626
nanopore	6	78	0.9955	0.8446	0.7781
nanopore	6	79	0.9955	0.8645	0.7959
nanopore	6	80	0.9959	0.8856	0.8154
nanopore	6	81	0.9959	0.9084	0.8345
nanopore	6	82	0.9959	0.9325	0.8558
nanopore	6	83	0.9964	0.9583	0.8786
nanopore	6	84	0.9968	0.9863	0.9015
nanopore	6	85	0.9968	1.0161	0.9266
nanopore	6	86	0.9968	1.0492	0.9559
nanopore	6	87	0.9968	1.0855	0.9865
nanopore	6	88	0.9968	1.1260	1.0191
nanopore	6	89	0.9972	1.1722	1.0565
nanopore	6	90	0.9972	1.2251	1.1013
nanopore	6	91	0.9976	1.2855	1.1485
nanopore	6	92	0.9976	1.3560	1.2017
nanopore	6	93	0.9976	1.4430	1.2623
nanopore	6	94	0.9980	1.5526	1.3344
nanopore	6	95	0.9980	1.6954	1.4315
nanopore	6	96	0.9984	1.9004	1.5634
nanopore	6	97	0.9984	2.1985	1.7574
nanopore	6	98	0.9984	2.7352	2.1097
nanopore	6	99	0.9984	4.0218	3.0917
nanopore	7	51	0.7038	0.4893	0.4423
nanopore	7	52	0.7387	0.4979	0.4510
nanopore	7	53	0.7743	0.5067	0.4606
nanopore	7	54	0.8160	0.5157	0.4690
nanopore	7	55	0.8412	0.5249	0.4783
nanopore	7	56	0.8703	0.5340	0.4878
nanopore	7	57	0.8942	0.5435	0.4968
nanopore	7	58	0.9202	0.5531	0.5063
nanopore	7	59	0.9340	0.5629	0.5147
nanopore	7	60	0.9465	0.5729	0.5248
nanopore	7	61	0.9550	0.5831	0.5339
nanopore	7	62	0.9652	0.5935	0.5439
nanopore	7	63	0.9684	0.6042	0.5551
nanopore	7	64	0.9745	0.6152	0.5654
nanopore	7	65	0.9793	0.6264	0.5764
nanopore	7	66	0.9830	0.6381	0.5881
nanopore	7	67	0.9842	0.6500	0.5994
nanopore	7	68	0.9870	0.6623	0.6113
nanopore	7	69	0.9887	0.6750	0.6224
nanopore	7	70	0.9899	0.6881	0.6350
nanopore	7	71	0.9899	0.7018	0.6472
nanopore	7	72	0.9907	0.7160	0.6599
nanopore	7	73	0.9919	0.7309	0.6738
nanopore	7	74	0.9931	0.7464	0.6876
nanopore	7	75	0.9935	0.7624	0.7021
nanopore	7	76	0.9935	0.7793	0.7162
nanopore	7	77	0.9943	0.7970	0.7309
nanopore	7	78	0.9947	0.8157	0.7480
nanopore	7	79	0.9947	0.8355	0.7673
nanopore	7	80	0.9951	0.8566	0.7870
nanopore	7	81	0.9951	0.8795	0.8059
nanopore	7	82	0.9951	0.9036	0.8271
nanopore	7	83	0.9955	0.9294	0.8500
nanopore	7	84	0.9959	0.9573	0.8725
nanopore	7	85	0.9959	0.9872	0.8985
nanopore	7	86	0.9959	1.0202	0.9275
nanopore	7	87	0.9959	1.0565	0.9572
nanopore	7	88	0.9959	1.0970	0.9918
nanopore	7	89	0.9964	1.1432	1.0292
nanopore	7	90	0.9964	1.1961	1.0711
nanopore	7	91	0.9968	1.2566	1.1168
nanopore	7	92	0.9968	1.3270	1.1723
nanopore	7	93	0.9968	1.4140	1.2340
nanopore	7	94	0.9972	1.5237	1.3082
nanopore	7	95	0.9972	1.6665	1.4034
nanopore	7	96	0.9976	1.8714	1.5355
nanopore	7	97	0.9976	2.1696	1.7351
nanopore	7	98	0.9976	2.7063	2.0824
nanopore	7	99	0.9976	3.9928	3.0665
nanopore	8	51	0.7022	0.4637	0.4179
nanopore	8	52	0.7370	0.4724	0.4263
nanopore	8	53	0.7727	0.4812	0.4353
nanopore	8	54	0.8144	0.4902	0.4444
nanopore	8	55	0.8395	0.4993	0.4530
nanopore	8	56	0.8687	0.5085	0.4612
nanopore	8	57	0.8926	0.5179	0.4700
nanopore	8	58	0.9186	0.5275	0.4798
nanopore	8	59	0.9323	0.5374	0.4889
nanopore	8	60	0.9449	0.5474	0.4984
nanopore	8	61	0.9534	0.5576	0.5091
nanopore	8	62	0.9635	0.5679	0.5197
nanopore	8	63	0.9668	0.5787	0.5311
nanopore	8	64	0.9729	0.5897	0.5411
nanopore	8	65	0.9777	0.6009	0.5517
nanopore	8	66	0.9814	0.6125	0.5624
nanopore	8	67	0.9826	0.6244	0.5735
nanopore	8	68	0.9854	0.6367	0.5849
nanopore	8	69	0.9870	0.6494	0.5956
nanopore	8	70	0.9882	0.6626	0.6072
nanopore	8	71	0.9882	0.6762	0.6206
nanopore	8	72	0.9891	0.6905	0.6337
nanopore	8	73	0.9903	0.7053	0.6471
nanopore	8	74	0.9915	0.7208	0.6619
nanopore	8	75	0.9919	0.7368	0.6760
nanopore	8	76	0.9919	0.7537	0.6908
nanopore	8	77	0.9927	0.7715	0.7068
nanopore	8	78	0.9931	0.7901	0.7239
nanopore	8	79	0.9931	0.8100	0.7421
nanopore	8	80	0.9935	0.8311	0.7617
nanopore	8	81	0.9935	0.8539	0.7808
nanopore	8	82	0.9935	0.8780	0.8004
nanopore	8	83	0.9939	0.9038	0.8231
nanopore	8	84	0.9943	0.9318	0.8467
nanopore	8	85	0.9943	0.9616	0.8714
nanopore	8	86	0.9943	0.9947	0.9018
nanopore	8	87	0.9943	1.0310	0.9312
nanopore	8	88	0.9943	1.0715	0.9660
nanopore	8	89	0.9947	1.1176	1.0022
nanopore	8	90	0.9947	1.1706	1.0445
nanopore	8	91	0.9951	1.2310	1.0919
nanopore	8	92	0.9951	1.3014	1.1445
nanopore	8	93	0.9951	1.3885	1.2061
nanopore	8	94	0.9955	1.4981	1.2823
nanopore	8	95	0.9955	1.6409	1.3802
nanopore	8	96	0.9959	1.8458	1.5105
nanopore	8	97	0.9959	2.1440	1.7112
nanopore	8	98	0.9959	2.6807	2.0548
nanopore	8	99	0.9959	3.9673	3.0407
nanopore	9	51	0.7014	0.4406	0.3938
nanopore	9	52	0.7362	0.4493	0.4025
nanopore	9	53	0.7719	0.4581	0.4113
nanopore	9	54	0.8136	0.4671	0.4198
nanopore	9	55	0.8387	0.4762	0.4286
nanopore	9	56	0.8679	0.4854	0.4376
nanopore	9	57	0.8918	0.4948	0.4474
nanopore	9	58	0.9177	0.5044	0.4566
nanopore	9	59	0.9315	0.5143	0.4671
nanopore	9	60	0.9441	0.5243	0.4776
nanopore	9	61	0.9526	0.5345	0.4872
nanopore	9	62	0.9627	0.5448	0.4979
nanopore	9	63	0.9660	0.5556	0.5076
nanopore	9	64	0.9720	0.5666	0.5173
nanopore	9	65	0.9769	0.5778	0.5276
nanopore	9	66	0.9806	0.5895	0.5390
nanopore	9	67	0.9818	0.6013	0.5502
nanopore	9	68	0.9846	0.6136	0.5618
nanopore	9	69	0.9862	0.6263	0.5735
nanopore	9	70	0.9874	0.6395	0.5859
nanopore	9	71	0.9874	0.6531	0.5980
nanopore	9	72	0.9882	0.6674	0.6118
nanopore	9	73	0.9895	0.6822	0.6254
nanopore	9	74	0.9907	0.6977	0.6398
nanopore	9	75	0.9911	0.7137	0.6534
nanopore	9	76	0.9911	0.7306	0.6699
nanopore	9	77	0.9919	0.7484	0.6855
nanopore	9	78	0.9923	0.7670	0.7027
nanopore	9	79	0.9923	0.7869	0.7199
nanopore	9	80	0.9927	0.8080	0.7382
nanopore	9	81	0.9927	0.8308	0.7587
nanopore	9	82	0.9927	0.8549	0.7781
nanopore	9	83	0.9931	0.8807	0.8006
nanopore	9	84	0.9935	0.9087	0.8252
nanopore	9	85	0.9935	0.9385	0.8516
nanopore	9	86	0.9935	0.9716	0.8807
nanopore	9	87	0.9935	1.0079	0.9104
nanopore	9	88	0.9935	1.0484	0.9436
nanopore	9	89	0.9939	1.0945	0.9800
nanopore	9	90	0.9939	1.1475	1.0200
nanopore	9	91	0.9943	1.2079	1.0697
nanopore	9	92	0.9943	1.2783	1.1209
nanopore	9	93	0.9943	1.3654	1.1840
nanopore	9	94	0.9947	1.4750	1.2617
nanopore	9	95	0.9947	1.6178	1.3575
nanopore	9	96	0.9951	1.8227	1.4851
nanopore	9	97	0.9951	2.1209	1.6877
nanopore	9	98	0.9951	2.6576	2.0327
nanopore	9	99	0.9951	3.9442	3.0197
nanopore	10	51	0.7006	0.4190	0.3746
nanopore	10	52	0.7354	0.4277	0.3837
nanopore	10	53	0.7711	0.4365	0.3923
nanopore	10	54	0.8128	0.4455	0.4014
nanopore	10	55	0.8379	0.4546	0.4101
nanopore	10	56	0.8671	0.4638	0.4192
nanopore	10	57	0.8910	0.4733	0.4284
nanopore	10	58	0.9169	0.4829	0.4380
nanopore	10	59	0.9307	0.4927	0.4477
nanopore	10	60	0.9433	0.5027	0.4566
nanopore	10	61	0.9518	0.5129	0.4667
nanopore	10	62	0.9619	0.5232	0.4767
nanopore	10	63	0.9652	0.5340	0.4872
nanopore	10	64	0.9712	0.5450	0.4960
nanopore	10	65	0.9761	0.5562	0.5068
nanopore	10	66	0.9797	0.5679	0.5178
nanopore	10	67	0.9810	0.5797	0.5298
nanopore	10	68	0.9838	0.5920	0.5424
nanopore	10	69	0.9854	0.6047	0.5532
nanopore	10	70	0.9866	0.6179	0.5663
nanopore	10	71	0.9866	0.6316	0.5780
nanopore	10	72	0.9874	0.6458	0.5916
nanopore	10	73	0.9887	0.6606	0.6051
nanopore	10	74	0.9899	0.6761	0.6193
nanopore	10	75	0.9903	0.6922	0.6329
nanopore	10	76	0.9903	0.7090	0.6495
nanopore	10	77	0.9911	0.7268	0.6651
nanopore	10	78	0.9915	0.7454	0.6812
nanopore	10	79	0.9915	0.7653	0.6977
nanopore	10	80	0.9919	0.7864	0.7189
nanopore	10	81	0.9919	0.8092	0.7383
nanopore	10	82	0.9919	0.8333	0.7593
nanopore	10	83	0.9923	0.8591	0.7820
nanopore	10	84	0.9927	0.8871	0.8051
nanopore	10	85	0.9927	0.9169	0.8305
nanopore	10	86	0.9927	0.9500	0.8590
nanopore	10	87	0.9927	0.9863	0.8868
nanopore	10	88	0.9927	1.0268	0.9190
nanopore	10	89	0.9931	1.0730	0.9578
nanopore	10	90	0.9931	1.1259	0.9999
nanopore	10	91	0.9935	1.1863	1.0467
nanopore	10	92	0.9935	1.2568	1.0999
nanopore	10	93	0.9935	1.3438	1.1593
nanopore	10	94	0.9939	1.4534	1.2403
nanopore	10	95	0.9939	1.5962	1.3322
nanopore	10	96	0.9943	1.8012	1.4639
nanopore	10	97	0.9943	2.0993	1.6621
nanopore	10	98	0.9943	2.6360	2.0196
nanopore	10	99	0.9943	3.9226	3.0053
nanopore	11	51	0.7002	0.3995	0.3575
nanopore	11	52	0.7350	0.4081	0.3658
nanopore	11	53	0.7707	0.4169	0.3745
nanopore	11	54	0.8124	0.4259	0.3838
nanopore	11	55	0.8375	0.4350	0.3927
nanopore	11	56	0.8667	0.4442	0.4019
nanopore	11	57	0.8906	0.4537	0.4111
nanopore	11	58	0.9165	0.4633	0.4205
nanopore	11	59	0.9303	0.4731	0.4293
nanopore	11	60	0.9429	0.4831	0.4384
nanopore	11	61	0.9514	0.4933	0.4479
nanopore	11	62	0.9615	0.5037	0.4575
nanopore	11	63	0.9647	0.5144	0.4670
nanopore	11	64	0.9708	0.5254	0.4780
nanopore	11	65	0.9757	0.5366	0.4892
nanopore	11	66	0.9793	0.5483	0.5005
nanopore	11	67	0.9806	0.5601	0.5124
nanopore	11	68	0.9834	0.5724	0.5235
nanopore	11	69	0.9850	0.5851	0.5355
nanopore	11	70	0.9862	0.5983	0.5481
nanopore	11	71	0.9862	0.6120	0.5596
nanopore	11	72	0.9870	0.6262	0.5722
nanopore	11	73	0.9882	0.6410	0.5864
nanopore	11	74	0.9895	0.6566	0.6000
nanopore	11	75	0.9899	0.6726	0.6151
nanopore	11	76	0.9899	0.6895	0.6304
nanopore	11	77	0.9907	0.7072	0.6459
nanopore	11	78	0.9911	0.7259	0.6625
nanopore	11	79	0.9911	0.7457	0.6811
nanopore	11	80	0.9915	0.7668	0.6993
nanopore	11	81	0.9915	0.7896	0.7192
nanopore	11	82	0.9915	0.8138	0.7402
nanopore	11	83	0.9919	0.8395	0.7641
nanopore	11	84	0.9923	0.8675	0.7873
nanopore	11	85	0.9923	0.8974	0.8110
nanopore	11	86	0.9923	0.9304	0.8388
nanopore	11	87	0.9923	0.9667	0.8657
nanopore	11	88	0.9923	1.0072	0.8969
nanopore	11	89	0.9927	1.0534	0.9379
nanopore	11	90	0.9927	1.1063	0.9805
nanopore	11	91	0.9931	1.1667	1.0286
nanopore	11	92	0.9931	1.2372	1.0777
nanopore	11	93	0.9931	1.3242	1.1424
nanopore	11	94	0.9935	1.4338	1.2206
nanopore	11	95	0.9935	1.5766	1.3152
nanopore	11	96	0.9939	1.7816	1.4449
nanopore	11	97	0.9939	2.0797	1.6419
nanopore	11	98	0.9939	2.6164	2.0003
nanopore	11	99	0.9939	3.9030	2.9906
nanopore	12	51	0.6985	0.3812	0.3417
nanopore	12	52	0.7334	0.3898	0.3497
nanopore	12	53	0.7690	0.3986	0.3583
nanopore	12	54	0.8108	0.4076	0.3670
nanopore	12	55	0.8359	0.4168	0.3762
nanopore	12	56	0.8651	0.4259	0.3852
nanopore	12	57	0.8890	0.4354	0.3940
nanopore	12	58	0.9149	0.4450	0.4035
nanopore	12	59	0.9287	0.4548	0.4126
nanopore	12	60	0.9412	0.4648	0.4218
nanopore	12	61	0.9498	0.4750	0.4316
nanopore	12	62	0.9599	0.4854	0.4419
nanopore	12	63	0.9631	0.4961	0.4525
nanopore	12	64	0.9692	0.5071	0.4626
nanopore	12	65	0.9741	0.5183	0.4736
nanopore	12	66	0.9777	0.5300	0.4849
nanopore	12	67	0.9789	0.5419	0.4958
nanopore	12	68	0.9818	0.5542	0.5077
nanopore	12	69	0.9834	0.5669	0.5191
nanopore	12	70	0.9846	0.5800	0.5303
nanopore	12	71	0.9846	0.5937	0.5434
nanopore	12	72	0.9854	0.6079	0.5556
nanopore	12	73	0.9866	0.6228	0.5690
nanopore	12	74	0.9878	0.6383	0.5835
nanopore	12	75	0.9882	0.6543	0.5981
nanopore	12	76	0.9882	0.6712	0.6146
nanopore	12	77	0.9891	0.6889	0.6306
nanopore	12	78	0.9895	0.7076	0.6474
nanopore	12	79	0.9895	0.7274	0.6651
nanopore	12	80	0.9899	0.7485	0.6836
nanopore	12	81	0.9899	0.7714	0.7023
nanopore	12	82	0.9899	0.7955	0.7243
nanopore	12	83	0.9903	0.8213	0.7456
nanopore	12	84	0.9907	0.8492	0.7691
nanopore	12	85	0.9907	0.8791	0.7936
nanopore	12	86	0.9907	0.9121	0.8197
nanopore	12	87	0.9907	0.9484	0.8498
nanopore	12	88	0.9907	0.9889	0.8830
nanopore	12	89	0.9911	1.0351	0.9201
nanopore	12	90	0.9911	1.0880	0.9623
nanopore	12	91	0.9915	1.1485	1.0112
nanopore	12	92	0.9915	1.2189	1.0567
nanopore	12	93	0.9915	1.3059	1.1225
nanopore	12	94	0.9919	1.4156	1.2017
nanopore	12	95	0.9919	1.5584	1.2968
nanopore	12	96	0.9923	1.7633	1.4290
nanopore	12	97	0.9923	2.0615	1.6246
nanopore	12	98	0.9923	2.5982	1.9750
nanopore	12	99	0.9923	3.8847	2.9709
nanopore	13	51	0.6969	0.3643	0.3265
nanopore	13	52	0.7318	0.3729	0.3351
nanopore	13	53	0.7674	0.3817	0.3440
nanopore	13	54	0.8092	0.3907	0.3523
nanopore	13	55	0.8343	0.3999	0.3613
nanopore	13	56	0.8635	0.4090	0.3702
nanopore	13	57	0.8874	0.4185	0.3799
nanopore	13	58	0.9133	0.4281	0.3888
nanopore	13	59	0.9271	0.4379	0.3979
nanopore	13	60	0.9396	0.4479	0.4071
nanopore	13	61	0.9481	0.4581	0.4172
nanopore	13	62	0.9583	0.4685	0.4266
nanopore	13	63	0.9615	0.4792	0.4371
nanopore	13	64	0.9676	0.4902	0.4471
nanopore	13	65	0.9724	0.5014	0.4583
nanopore	13	66	0.9761	0.5131	0.4687
nanopore	13	67	0.9773	0.5249	0.4805
nanopore	13	68	0.9801	0.5372	0.4918
nanopore	13	69	0.9818	0.5500	0.5027
nanopore	13	70	0.9830	0.5631	0.5153
nanopore	13	71	0.9830	0.5768	0.5277
nanopore	13	72	0.9838	0.5910	0.5406
nanopore	13	73	0.9850	0.6059	0.5546
nanopore	13	74	0.9862	0.6214	0.5692
nanopore	13	75	0.9866	0.6374	0.5841
nanopore	13	76	0.9866	0.6543	0.6001
nanopore	13	77	0.9874	0.6720	0.6162
nanopore	13	78	0.9878	0.6907	0.6321
nanopore	13	79	0.9878	0.7105	0.6498
nanopore	13	80	0.9882	0.7316	0.6684
nanopore	13	81	0.9882	0.7545	0.6874
nanopore	13	82	0.9882	0.7786	0.7095
nanopore	13	83	0.9887	0.8043	0.7289
nanopore	13	84	0.9891	0.8323	0.7524
nanopore	13	85	0.9891	0.8622	0.7781
nanopore	13	86	0.9891	0.8952	0.8040
nanopore	13	87	0.9891	0.9315	0.8334
nanopore	13	88	0.9891	0.9720	0.8654
nanopore	13	89	0.9895	1.0182	0.9019
nanopore	13	90	0.9895	1.0711	0.9440
nanopore	13	91	0.9899	1.1316	0.9921
nanopore	13	92	0.9899	1.2020	1.0407
nanopore	13	93	0.9899	1.2890	1.1042
nanopore	13	94	0.9903	1.3987	1.1802
nanopore	13	95	0.9903	1.5415	1.2802
nanopore	13	96	0.9907	1.7464	1.4091
nanopore	13	97	0.9907	2.0446	1.6083
nanopore	13	98	0.9907	2.5813	1.9549
nanopore	13	99	0.9907	3.8678	2.9550
nanopore	14	51	0.6961	0.3485	0.3137
nanopore	14	52	0.7310	0.3572	0.3225
nanopore	14	53	0.7666	0.3659	0.3309
nanopore	14	54	0.8083	0.3749	0.3392
nanopore	14	55	0.8335	0.3841	0.3472
nanopore	14	56	0.8626	0.3933	0.3565
nanopore	14	57	0.8865	0.4027	0.3653
nanopore	14	58	0.9125	0.4123	0.3749
nanopore	14	59	0.9263	0.4221	0.3839
nanopore	14	60	0.9388	0.4321	0.3931
nanopore	14	61	0.9473	0.4424	0.4028
nanopore	14	62	0.9575	0.4527	0.4122
nanopore	14	63	0.9607	0.4634	0.4222
nanopore	14	64	0.9668	0.4744	0.4326
nanopore	14	65	0.9716	0.4857	0.4437
nanopore	14	66	0.9753	0.4973	0.4548
nanopore	14	67	0.9765	0.5092	0.4659
nanopore	14	68	0.9793	0.5215	0.4770
nanopore	14	69	0.9810	0.5342	0.4891
nanopore	14	70	0.9822	0.5474	0.5011
nanopore	14	71	0.9822	0.5610	0.5138
nanopore	14	72	0.9830	0.5753	0.5273
nanopore	14	73	0.9842	0.5901	0.5410
nanopore	14	74	0.9854	0.6056	0.5549
nanopore	14	75	0.9858	0.6216	0.5702
nanopore	14	76	0.9858	0.6385	0.5851
nanopore	14	77	0.9866	0.6563	0.6006
nanopore	14	78	0.9870	0.6749	0.6172
nanopore	14	79	0.9870	0.6948	0.6338
nanopore	14	80	0.9874	0.7159	0.6530
nanopore	14	81	0.9874	0.7387	0.6726
nanopore	14	82	0.9874	0.7628	0.6929
nanopore	14	83	0.9878	0.7886	0.7143
nanopore	14	84	0.9882	0.8165	0.7366
nanopore	14	85	0.9882	0.8464	0.7606
nanopore	14	86	0.9882	0.8794	0.7877
nanopore	14	87	0.9882	0.9158	0.8180
nanopore	14	88	0.9882	0.9562	0.8496
nanopore	14	89	0.9887	1.0024	0.8864
nanopore	14	90	0.9887	1.0554	0.9296
nanopore	14	91	0.9891	1.1158	0.9757
nanopore	14	92	0.9891	1.1862	1.0233
nanopore	14	93	0.9891	1.2733	1.0858
nanopore	14	94	0.9895	1.3829	1.1661
nanopore	14	95	0.9895	1.5257	1.2655
nanopore	14	96	0.9899	1.7306	1.3934
nanopore	14	97	0.9899	2.0288	1.5950
nanopore	14	98	0.9899	2.5655	1.9397
nanopore	14	99	0.9899	3.8520	2.9393
nanopore	15	51	0.6945	0.3337	0.3012
nanopore	15	52	0.7293	0.3424	0.3098
nanopore	15	53	0.7650	0.3511	0.3179
nanopore	15	54	0.8067	0.3601	0.3267
nanopore	15	55	0.8318	0.3693	0.3345
nanopore	15	56	0.8610	0.3785	0.3432
nanopore	15	57	0.8849	0.3879	0.3522
nanopore	15	58	0.9109	0.3975	0.3617
nanopore	15	59	0.9246	0.4073	0.3704
nanopore	15	60	0.9372	0.4174	0.3800
nanopore	15	61	0.9457	0.4276	0.3897
nanopore	15	62	0.9558	0.4379	0.3995
nanopore	15	63	0.9591	0.4486	0.4099
nanopore	15	64	0.9652	0.4596	0.4202
nanopore	15	65	0.9700	0.4709	0.4313
nanopore	15	66	0.9737	0.4825	0.4420
nanopore	15	67	0.9749	0.4944	0.4527
nanopore	15	68	0.9777	0.5067	0.4642
nanopore	15	69	0.9793	0.5194	0.4762
nanopore	15	70	0.9806	0.5326	0.4883
nanopore	15	71	0.9806	0.5462	0.5012
nanopore	15	72	0.9814	0.5605	0.5131
nanopore	15	73	0.9826	0.5753	0.5270
nanopore	15	74	0.9838	0.5908	0.5403
nanopore	15	75	0.9842	0.6068	0.5554
nanopore	15	76	0.9842	0.6237	0.5695
nanopore	15	77	0.9850	0.6415	0.5856
nanopore	15	78	0.9854	0.6601	0.6007
nanopore	15	79	0.9854	0.6800	0.6194
nanopore	15	80	0.9858	0.7011	0.6387
nanopore	15	81	0.9858	0.7239	0.6585
nanopore	15	82	0.9858	0.7480	0.6780
nanopore	15	83	0.9862	0.7738	0.6995
nanopore	15	84	0.9866	0.8017	0.7226
nanopore	15	85	0.9866	0.8316	0.7462
nanopore	15	86	0.9866	0.8646	0.7740
nanopore	15	87	0.9866	0.9010	0.8035
nanopore	15	88	0.9866	0.9414	0.8366
nanopore	15	89	0.9870	0.9876	0.8741
nanopore	15	90	0.9870	1.0406	0.9164
nanopore	15	91	0.9874	1.1010	0.9602
nanopore	15	92	0.9874	1.1714	1.0106
nanopore	15	93	0.9874	1.2585	1.0711
nanopore	15	94	0.9878	1.3681	1.1496
nanopore	15	95	0.9878	1.5109	1.2521
nanopore	15	96	0.9882	1.7158	1.3800
nanopore	15	97	0.9882	2.0140	1.5777
nanopore	15	98	0.9882	2.5507	1.9256
nanopore	15	99	0.9882	3.8372	2.9240
nanopore	16	51	0.6929	0.3198	0.2891
nanopore	16	52	0.7277	0.3285	0.2974
nanopore	16	53	0.7634	0.3373	0.3055
nanopore	16	54	0.8051	0.3463	0.3135
nanopore	16	55	0.8302	0.3554	0.3226
nanopore	16	56	0.8594	0.3646	0.3311
nanopore	16	57	0.8833	0.3741	0.3404
nanopore	16	58	0.9092	0.3837	0.3500
nanopore	16	59	0.9230	0.3935	0.3588
nanopore	16	60	0.9356	0.4035	0.3683
nanopore	16	61	0.9441	0.4137	0.3774
nanopore	16	62	0.9542	0.4240	0.3871
nanopore	16	63	0.9575	0.4348	0.3973
nanopore	16	64	0.9635	0.4458	0.4073
nanopore	16	65	0.9684	0.4570	0.4191
nanopore	16	66	0.9720	0.4687	0.4297
nanopore	16	67	0.9733	0.4805	0.4400
nanopore	16	68	0.9761	0.4928	0.4514
nanopore	16	69	0.9777	0.5055	0.4627
nanopore	16	70	0.9789	0.5187	0.4744
nanopore	16	71	0.9789	0.5324	0.4864
nanopore	16	72	0.9797	0.5466	0.4986
nanopore	16	73	0.9810	0.5614	0.5120
nanopore	16	74	0.9822	0.5769	0.5267
nanopore	16	75	0.9826	0.5930	0.5410
nanopore	16	76	0.9826	0.6098	0.5557
nanopore	16	77	0.9834	0.6276	0.5712
nanopore	16	78	0.9838	0.6462	0.5874
nanopore	16	79	0.9838	0.6661	0.6044
nanopore	16	80	0.9842	0.6872	0.6228
nanopore	16	81	0.9842	0.7100	0.6427
nanopore	16	82	0.9842	0.7341	0.6642
nanopore	16	83	0.9846	0.7599	0.6855
nanopore	16	84	0.9850	0.7879	0.7096
nanopore	16	85	0.9850	0.8177	0.7335
nanopore	16	86	0.9850	0.8508	0.7601
nanopore	16	87	0.9850	0.8871	0.7911
nanopore	16	88	0.9850	0.9276	0.8234
nanopore	16	89	0.9854	0.9737	0.8599
nanopore	16	90	0.9854	1.0267	0.9017
nanopore	16	91	0.9858	1.0871	0.9457
nanopore	16	92	0.9858	1.1576	0.9972
nanopore	16	93	0.9858	1.2446	1.0585
nanopore	16	94	0.9862	1.3542	1.1360
nanopore	16	95	0.9862	1.4970	1.2385
nanopore	16	96	0.9866	1.7020	1.3673
nanopore	16	97	0.9866	2.0001	1.5640
nanopore	16	98	0.9866	2.5368	1.9105
nanopore	16	99	0.9866	3.8234	2.9084
nanopore	17	51	0.6912	0.3067	0.2776
nanopore	17	52	0.7261	0.3153	0.2857
nanopore	17	53	0.7618	0.3241	0.2940
nanopore	17	54	0.8035	0.3331	0.3023
nanopore	17	55	0.8286	0.3423	0.3113
nanopore	17	56	0.8578	0.3514	0.3203
nanopore	17	57	0.8817	0.3609	0.3292
nanopore	17	58	0.9076	0.3705	0.3379
nanopore	17	59	0.9214	0.3803	0.3473
nanopore	17	60	0.9340	0.3903	0.3564
nanopore	17	61	0.9425	0.4005	0.3660
nanopore	17	62	0.9526	0.4109	0.3754
nanopore	17	63	0.9558	0.4216	0.3850
nanopore	17	64	0.9619	0.4326	0.3959
nanopore	17	65	0.9668	0.4438	0.4059
nanopore	17	66	0.9704	0.4555	0.4171
nanopore	17	67	0.9716	0.4674	0.4281
nanopore	17	68	0.9745	0.4797	0.4386
nanopore	17	69	0.9761	0.4924	0.4504
nanopore	17	70	0.9773	0.5055	0.4618
nanopore	17	71	0.9773	0.5192	0.4739
nanopore	17	72	0.9781	0.5334	0.4863
nanopore	17	73	0.9793	0.5483	0.5003
nanopore	17	74	0.9806	0.5638	0.5135
nanopore	17	75	0.9810	0.5798	0.5271
nanopore	17	76	0.9810	0.5967	0.5427
nanopore	17	77	0.9818	0.6144	0.5588
nanopore	17	78	0.9822	0.6331	0.5753
nanopore	17	79	0.9822	0.6529	0.5921
nanopore	17	80	0.9826	0.6740	0.6105
nanopore	17	81	0.9826	0.6969	0.6319
nanopore	17	82	0.9826	0.7210	0.6519
nanopore	17	83	0.9830	0.7468	0.6732
nanopore	17	84	0.9834	0.7747	0.6965
nanopore	17	85	0.9834	0.8046	0.7211
nanopore	17	86	0.9834	0.8376	0.7478
nanopore	17	87	0.9834	0.8739	0.7793
nanopore	17	88	0.9834	0.9144	0.8099
nanopore	17	89	0.9838	0.9606	0.8470
nanopore	17	90	0.9838	1.0135	0.8890
nanopore	17	91	0.9842	1.0740	0.9334
nanopore	17	92	0.9842	1.1444	0.9846
nanopore	17	93	0.9842	1.2314	1.0478
nanopore	17	94	0.9846	1.3411	1.1251
nanopore	17	95	0.9846	1.4839	1.2258
nanopore	17	96	0.9850	1.6888	1.3520
nanopore	17	97	0.9850	1.9870	1.5473
nanopore	17	98	0.9850	2.5237	1.9005
nanopore	17	99	0.9850	3.8102	2.8953
nanopore	18	51	0.6904	0.2942	0.2664
nanopore	18	52	0.7253	0.3028	0.2744
nanopore	18	53	0.7609	0.3116	0.2831
nanopore	18	54	0.8027	0.3206	0.2911
nanopore	18	55	0.8278	0.3297	0.3002
nanopore	18	56	0.8570	0.3389	0.3092
nanopore	18	57	0.8809	0.3484	0.3177
nanopore	18	58	0.9068	0.3580	0.3268
nanopore	18	59	0.9206	0.3678	0.3361
nanopore	18	60	0.9331	0.3778	0.3449
nanopore	18	61	0.9417	0.3880	0.3544
nanopore	18	62	0.9518	0.3984	0.3647
nanopore	18	63	0.9550	0.4091	0.3748
nanopore	18	64	0.9611	0.4201	0.3845
nanopore	18	65	0.9660	0.4313	0.3938
nanopore	18	66	0.9696	0.4430	0.4055
nanopore	18	67	0.9708	0.4548	0.4161
nanopore	18	68	0.9737	0.4671	0.4271
nanopore	18	69	0.9753	0.4798	0.4384
nanopore	18	70	0.9765	0.4930	0.4498
nanopore	18	71	0.9765	0.5067	0.4620
nanopore	18	72	0.9773	0.5209	0.4746
nanopore	18	73	0.9785	0.5357	0.4877
nanopore	18	74	0.9797	0.5513	0.5020
nanopore	18	75	0.9801	0.5673	0.5157
nanopore	18	76	0.9801	0.5842	0.5316
nanopore	18	77	0.9810	0.6019	0.5475
nanopore	18	78	0.9814	0.6206	0.5635
nanopore	18	79	0.9814	0.6404	0.5824
nanopore	18	80	0.9818	0.6615	0.5989
nanopore	18	81	0.9818	0.6844	0.6183
nanopore	18	82	0.9818	0.7085	0.6401
nanopore	18	83	0.9822	0.7342	0.6612
nanopore	18	84	0.9826	0.7622	0.6840
nanopore	18	85	0.9826	0.7921	0.7089
nanopore	18	86	0.9826	0.8251	0.7350
nanopore	18	87	0.9826	0.8614	0.7648
nanopore	18	88	0.9826	0.9019	0.7985
nanopore	18	89	0.9830	0.9481	0.8342
nanopore	18	90	0.9830	1.0010	0.8756
nanopore	18	91	0.9834	1.0615	0.9198
nanopore	18	92	0.9834	1.1319	0.9735
nanopore	18	93	0.9834	1.2189	1.0358
nanopore	18	94	0.9838	1.3286	1.1122
nanopore	18	95	0.9838	1.4713	1.2133
nanopore	18	96	0.9842	1.6763	1.3393
nanopore	18	97	0.9842	1.9745	1.5331
nanopore	18	98	0.9842	2.5112	1.8906
nanopore	18	99	0.9842	3.7977	2.8845
nanopore	19	51	0.6880	0.2822	0.2557
nanopore	19	52	0.7229	0.2908	0.2640
nanopore	19	53	0.7585	0.2996	0.2724
nanopore	19	54	0.8002	0.3086	0.2809
nanopore	19	55	0.8254	0.3177	0.2900
nanopore	19	56	0.8545	0.3269	0.2983
nanopore	19	57	0.8784	0.3364	0.3074
nanopore	19	58	0.9044	0.3460	0.3159
nanopore	19	59	0.9182	0.3558	0.3253
nanopore	19	60	0.9307	0.3658	0.3341
nanopore	19	61	0.9392	0.3760	0.3432
nanopore	19	62	0.9494	0.3864	0.3531
nanopore	19	63	0.9526	0.3971	0.3626
nanopore	19	64	0.9587	0.4081	0.3727
nanopore	19	65	0.9635	0.4193	0.3833
nanopore	19	66	0.9672	0.4310	0.3942
nanopore	19	67	0.9684	0.4428	0.4052
nanopore	19	68	0.9712	0.4551	0.4164
nanopore	19	69	0.9729	0.4678	0.4277
nanopore	19	70	0.9741	0.4810	0.4393
nanopore	19	71	0.9741	0.4947	0.4515
nanopore	19	72	0.9749	0.5089	0.4632
nanopore	19	73	0.9761	0.5237	0.4766
nanopore	19	74	0.9773	0.5393	0.4910
nanopore	19	75	0.9777	0.5553	0.5056
nanopore	19	76	0.9777	0.5721	0.5211
nanopore	19	77	0.9785	0.5899	0.5359
nanopore	19	78	0.9789	0.6085	0.5529
nanopore	19	79	0.9789	0.6284	0.5700
nanopore	19	80	0.9793	0.6495	0.5879
nanopore	19	81	0.9793	0.6723	0.6068
nanopore	19	82	0.9793	0.6965	0.6282
nanopore	19	83	0.9797	0.7222	0.6499
nanopore	19	84	0.9801	0.7502	0.6729
nanopore	19	85	0.9801	0.7800	0.6959
nanopore	19	86	0.9801	0.8131	0.7229
nanopore	19	87	0.9801	0.8494	0.7538
nanopore	19	88	0.9801	0.8899	0.7864
nanopore	19	89	0.9806	0.9361	0.8229
nanopore	19	90	0.9806	0.9890	0.8616
nanopore	19	91	0.9810	1.0494	0.9081
nanopore	19	92	0.9810	1.1199	0.9613
nanopore	19	93	0.9810	1.2069	1.0248
nanopore	19	94	0.9814	1.3165	1.1003
nanopore	19	95	0.9814	1.4593	1.2004
nanopore	19	96	0.9818	1.6643	1.3267
nanopore	19	97	0.9818	1.9624	1.5205
nanopore	19	98	0.9818	2.4991	1.8759
nanopore	19	99	0.9818	3.7857	2.8707
nanopore	20	51	0.6860	0.2706	0.2462
nanopore	20	52	0.7208	0.2793	0.2544
nanopore	20	53	0.7565	0.2880	0.2628
nanopore	20	54	0.7982	0.2970	0.2707
nanopore	20	55	0.8233	0.3062	0.2793
nanopore	20	56	0.8525	0.3154	0.2881
nanopore	20	57	0.8764	0.3248	0.2968
nanopore	20	58	0.9024	0.3344	0.3056
nanopore	20	59	0.9161	0.3442	0.3147
nanopore	20	60	0.9287	0.3542	0.3239
nanopore	20	61	0.9372	0.3644	0.3335
nanopore	20	62	0.9473	0.3748	0.3427
nanopore	20	63	0.9506	0.3855	0.3528
nanopore	20	64	0.9566	0.3965	0.3631
nanopore	20	65	0.9615	0.4078	0.3733
nanopore	20	66	0.9652	0.4194	0.3843
nanopore	20	67	0.9664	0.4313	0.3956
nanopore	20	68	0.9692	0.4436	0.4066
nanopore	20	69	0.9708	0.4563	0.4176
nanopore	20	70	0.9720	0.4694	0.4290
nanopore	20	71	0.9720	0.4831	0.4419
nanopore	20	72	0.9729	0.4974	0.4542
nanopore	20	73	0.9741	0.5122	0.4676
nanopore	20	74	0.9753	0.5277	0.4814
nanopore	20	75	0.9757	0.5437	0.4962
nanopore	20	76	0.9757	0.5606	0.5098
nanopore	20	77	0.9765	0.5784	0.5254
nanopore	20	78	0.9769	0.5970	0.5427
nanopore	20	79	0.9769	0.6169	0.5595
nanopore	20	80	0.9773	0.6380	0.5778
nanopore	20	81	0.9773	0.6608	0.5960
nanopore	20	82	0.9773	0.6849	0.6155
nanopore	20	83	0.9777	0.7107	0.6386
nanopore	20	84	0.9781	0.7386	0.6605
nanopore	20	85	0.9781	0.7685	0.6846
nanopore	20	86	0.9781	0.8015	0.7126
nanopore	20	87	0.9781	0.8378	0.7425
nanopore	20	88	0.9781	0.8783	0.7752
nanopore	20	89	0.9785	0.9245	0.8119
nanopore	20	90	0.9785	0.9775	0.8518
nanopore	20	91	0.9789	1.0379	0.8968
nanopore	20	92	0.9789	1.1083	0.9522
nanopore	20	93	0.9789	1.1954	1.0141
nanopore	20	94	0.9793	1.3050	1.0888
nanopore	20	95	0.9793	1.4478	1.1895
nanopore	20	96	0.9797	1.6527	1.3138
nanopore	20	97	0.9797	1.9509	1.5096
nanopore	20	98	0.9797	2.4876	1.8687
nanopore	20	99	0.9797	3.7741	2.8626
nanopore	21	51	0.6819	0.2596	0.2360
nanopore	21	52	0.7168	0.2682	0.2441
nanopore	21	53	0.7524	0.2770	0.2524
nanopore	21	54	0.7942	0.2860	0.2611
nanopore	21	55	0.8193	0.2951	0.2696
nanopore	21	56	0.8485	0.3043	0.2785
nanopore	21	57	0.8724	0.3138	0.2874
nanopore	21	58	0.8983	0.3234	0.2964
nanopore	21	59	0.9121	0.3332	0.3053
nanopore	21	60	0.9246	0.3432	0.3146
nanopore	21	61	0.9331	0.3534	0.3240
nanopore	21	62	0.9433	0.3638	0.3333
nanopore	21	63	0.9465	0.3745	0.3436
nanopore	21	64	0.9526	0.3855	0.3534
nanopore	21	65	0.9575	0.3967	0.3633
nanopore	21	66	0.9611	0.4084	0.3742
nanopore	21	67	0.9623	0.4202	0.3856
nanopore	21	68	0.9652	0.4325	0.3960
nanopore	21	69	0.9668	0.4452	0.4072
nanopore	21	70	0.9680	0.4584	0.4185
nanopore	21	71	0.9680	0.4721	0.4312
nanopore	21	72	0.9688	0.4863	0.4436
nanopore	21	73	0.9700	0.5011	0.4569
nanopore	21	74	0.9712	0.5167	0.4704
nanopore	21	75	0.9716	0.5327	0.4843
nanopore	21	76	0.9716	0.5495	0.4993
nanopore	21	77	0.9724	0.5673	0.5157
nanopore	21	78	0.9729	0.5860	0.5322
nanopore	21	79	0.9729	0.6058	0.5489
nanopore	21	80	0.9733	0.6269	0.5659
nanopore	21	81	0.9733	0.6497	0.5847
nanopore	21	82	0.9733	0.6739	0.6048
nanopore	21	83	0.9737	0.6996	0.6264
nanopore	21	84	0.9741	0.7276	0.6491
nanopore	21	85	0.9741	0.7575	0.6738
nanopore	21	86	0.9741	0.7905	0.7017
nanopore	21	87	0.9741	0.8268	0.7331
nanopore	21	88	0.9741	0.8673	0.7641
nanopore	21	89	0.9745	0.9135	0.7990
nanopore	21	90	0.9745	0.9664	0.8401
nanopore	21	91	0.9749	1.0268	0.8857
nanopore	21	92	0.9749	1.0973	0.9408
nanopore	21	93	0.9749	1.1843	1.0022
nanopore	21	94	0.9753	1.2939	1.0765
nanopore	21	95	0.9753	1.4367	1.1761
nanopore	21	96	0.9757	1.6417	1.3025
nanopore	21	97	0.9757	1.9398	1.5005
nanopore	21	98	0.9757	2.4765	1.8589
nanopore	21	99	0.9757	3.7631	2.8578
nanopore	22	51	0.6767	0.2489	0.2269
nanopore	22	52	0.7115	0.2575	0.2354
nanopore	22	53	0.7472	0.2663	0.2435
nanopore	22	54	0.7889	0.2753	0.2521
nanopore	22	55	0.8140	0.2845	0.2610
nanopore	22	56	0.8432	0.2937	0.2697
nanopore	22	57	0.8671	0.3031	0.2782
nanopore	22	58	0.8930	0.3127	0.2871
nanopore	22	59	0.9068	0.3225	0.2958
nanopore	22	60	0.9194	0.3325	0.3056
nanopore	22	61	0.9279	0.3427	0.3150
nanopore	22	62	0.9380	0.3531	0.3244
nanopore	22	63	0.9412	0.3638	0.3340
nanopore	22	64	0.9473	0.3748	0.3436
nanopore	22	65	0.9522	0.3861	0.3534
nanopore	22	66	0.9558	0.3977	0.3636
nanopore	22	67	0.9571	0.4096	0.3745
nanopore	22	68	0.9599	0.4219	0.3858
nanopore	22	69	0.9615	0.4346	0.3965
nanopore	22	70	0.9627	0.4477	0.4089
nanopore	22	71	0.9627	0.4614	0.4212
nanopore	22	72	0.9635	0.4757	0.4333
nanopore	22	73	0.9647	0.4905	0.4463
nanopore	22	74	0.9660	0.5060	0.4604
nanopore	22	75	0.9664	0.5220	0.4748
nanopore	22	76	0.9664	0.5389	0.4900
nanopore	22	77	0.9672	0.5566	0.5053
nanopore	22	78	0.9676	0.5753	0.5213
nanopore	22	79	0.9676	0.5952	0.5386
nanopore	22	80	0.9680	0.6162	0.5558
nanopore	22	81	0.9680	0.6391	0.5745
nanopore	22	82	0.9680	0.6632	0.5955
nanopore	22	83	0.9684	0.6890	0.6169
nanopore	22	84	0.9688	0.7169	0.6400
nanopore	22	85	0.9688	0.7468	0.6641
nanopore	22	86	0.9688	0.7798	0.6936
nanopore	22	87	0.9688	0.8161	0.7223
nanopore	22	88	0.9688	0.8566	0.7543
nanopore	22	89	0.9692	0.9028	0.7896
nanopore	22	90	0.9692	0.9557	0.8316
nanopore	22	91	0.9696	1.0162	0.8749
nanopore	22	92	0.9696	1.0866	0.9280
nanopore	22	93	0.9696	1.1737	0.9911
nanopore	22	94	0.9700	1.2833	1.0656
nanopore	22	95	0.9700	1.4261	1.1633
nanopore	22	96	0.9704	1.6310	1.2901
nanopore	22	97	0.9704	1.9292	1.4909
nanopore	22	98	0.9704	2.4659	1.8504
nanopore	22	99	0.9704	3.7524	2.8458
nanopore	23	51	0.6710	0.2384	0.2180
nanopore	23	52	0.7058	0.2471	0.2258
nanopore	23	53	0.7415	0.2558	0.2345
nanopore	23	54	0.7832	0.2648	0.2434
nanopore	23	55	0.8083	0.2740	0.2519
nanopore	23	56	0.8375	0.2832	0.2606
nanopore	23	57	0.8614	0.2926	0.2694
nanopore	23	58	0.8874	0.3022	0.2780
nanopore	23	59	0.9011	0.3120	0.2868
nanopore	23	60	0.9137	0.3220	0.2962
nanopore	23	61	0.9222	0.3322	0.3052
nanopore	23	62	0.9323	0.3426	0.3147
nanopore	23	63	0.9356	0.3533	0.3240
nanopore	23	64	0.9417	0.3643	0.3342
nanopore	23	65	0.9465	0.3756	0.3440
nanopore	23	66	0.9502	0.3872	0.3549
nanopore	23	67	0.9514	0.3991	0.3657
nanopore	23	68	0.9542	0.4114	0.3766
nanopore	23	69	0.9558	0.4241	0.3877
nanopore	23	70	0.9571	0.4372	0.3997
nanopore	23	71	0.9571	0.4509	0.4117
nanopore	23	72	0.9579	0.4652	0.4240
nanopore	23	73	0.9591	0.4800	0.4361
nanopore	23	74	0.9603	0.4955	0.4506
nanopore	23	75	0.9607	0.5115	0.4659
nanopore	23	76	0.9607	0.5284	0.4800
nanopore	23	77	0.9615	0.5461	0.4950
nanopore	23	78	0.9619	0.5648	0.5111
nanopore	23	79	0.9619	0.5847	0.5285
nanopore	23	80	0.9623	0.6058	0.5462
nanopore	23	81	0.9623	0.6286	0.5647
nanopore	23	82	0.9623	0.6527	0.5859
nanopore	23	83	0.9627	0.6785	0.6079
nanopore	23	84	0.9631	0.7064	0.6310
nanopore	23	85	0.9631	0.7363	0.6552
nanopore	23	86	0.9631	0.7693	0.6822
nanopore	23	87	0.9631	0.8056	0.7113
nanopore	23	88	0.9631	0.8461	0.7438
nanopore	23	89	0.9635	0.8923	0.7794
nanopore	23	90	0.9635	0.9453	0.8200
nanopore	23	91	0.9639	1.0057	0.8653
nanopore	23	92	0.9639	1.0761	0.9187
nanopore	23	93	0.9639	1.1632	0.9808
nanopore	23	94	0.9643	1.2728	1.0562
nanopore	23	95	0.9643	1.4156	1.1528
nanopore	23	96	0.9647	1.6205	1.2791
nanopore	23	97	0.9647	1.9187	1.4813
nanopore	23	98	0.9647	2.4554	1.8386
nanopore	23	99	0.9647	3.7419	2.8373
nanopore	24	51	0.6673	0.2283	0.2091
nanopore	24	52	0.7022	0.2370	0.2172
nanopore	24	53	0.7378	0.2457	0.2254
nanopore	24	54	0.7796	0.2547	0.2344
nanopore	24	55	0.8047	0.2639	0.2427
nanopore	24	56	0.8339	0.2731	0.2516
nanopore	24	57	0.8578	0.2825	0.2605
nanopore	24	58	0.8837	0.2921	0.2689
nanopore	24	59	0.8975	0.3019	0.2773
nanopore	24	60	0.9100	0.3119	0.2868
nanopore	24	61	0.9186	0.3222	0.2958
nanopore	24	62	0.9287	0.3325	0.3055
nanopore	24	63	0.9319	0.3432	0.3152
nanopore	24	64	0.9380	0.3542	0.3251
nanopore	24	65	0.9429	0.3655	0.3353
nanopore	24	66	0.9465	0.3771	0.3453
nanopore	24	67	0.9477	0.3890	0.3566
nanopore	24	68	0.9506	0.4013	0.3678
nanopore	24	69	0.9522	0.4140	0.3784
nanopore	24	70	0.9534	0.4272	0.3901
nanopore	24	71	0.9534	0.4408	0.4018
nanopore	24	72	0.9542	0.4551	0.4142
nanopore	24	73	0.9554	0.4699	0.4273
nanopore	24	74	0.9566	0.4854	0.4404
nanopore	24	75	0.9571	0.5014	0.4558
nanopore	24	76	0.9571	0.5183	0.4704
nanopore	24	77	0.9579	0.5361	0.4859
nanopore	24	78	0.9583	0.5547	0.5018
nanopore	24	79	0.9583	0.5746	0.5184
nanopore	24	80	0.9587	0.5957	0.5371
nanopore	24	81	0.9587	0.6185	0.5556
nanopore	24	82	0.9587	0.6426	0.5758
nanopore	24	83	0.9591	0.6684	0.5975
nanopore	24	84	0.9595	0.6963	0.6217
nanopore	24	85	0.9595	0.7262	0.6454
nanopore	24	86	0.9595	0.7592	0.6723
nanopore	24	87	0.9595	0.7956	0.7017
nanopore	24	88	0.9595	0.8360	0.7321
nanopore	24	89	0.9599	0.8822	0.7690
nanopore	24	90	0.9599	0.9352	0.8087
nanopore	24	91	0.9603	0.9956	0.8541
nanopore	24	92	0.9603	1.0660	0.9093
nanopore	24	93	0.9603	1.1531	0.9711
nanopore	24	94	0.9607	1.2627	1.0458
nanopore	24	95	0.9607	1.4055	1.1429
nanopore	24	96	0.9611	1.6104	1.2698
nanopore	24	97	0.9611	1.9086	1.4715
nanopore	24	98	0.9611	2.4453	1.8273
nanopore	24	99	0.9611	3.7318	2.8259
nanopore	25	51	0.6584	0.2186	0.2010
nanopore	25	52	0.6933	0.2272	0.2089
nanopore	25	53	0.7289	0.2360	0.2173
nanopore	25	54	0.7707	0.2450	0.2260
nanopore	25	55	0.7958	0.2542	0.2343
nanopore	25	56	0.8250	0.2633	0.2427
nanopore	25	57	0.8489	0.2728	0.2514
nanopore	25	58	0.8748	0.2824	0.2598
nanopore	25	59	0.8886	0.2922	0.2686
nanopore	25	60	0.9011	0.3022	0.2779
nanopore	25	61	0.9096	0.3124	0.2871
nanopore	25	62	0.9198	0.3228	0.2966
nanopore	25	63	0.9230	0.3335	0.3062
nanopore	25	64	0.9291	0.3445	0.3159
nanopore	25	65	0.9340	0.3557	0.3265
nanopore	25	66	0.9376	0.3674	0.3370
nanopore	25	67	0.9388	0.3792	0.3472
nanopore	25	68	0.9417	0.3916	0.3586
nanopore	25	69	0.9433	0.4043	0.3694
nanopore	25	70	0.9445	0.4174	0.3803
nanopore	25	71	0.9445	0.4311	0.3927
nanopore	25	72	0.9453	0.4453	0.4051
nanopore	25	73	0.9465	0.4602	0.4177
nanopore	25	74	0.9477	0.4757	0.4320
nanopore	25	75	0.9481	0.4917	0.4468
nanopore	25	76	0.9481	0.5086	0.4615
nanopore	25	77	0.9489	0.5263	0.4775
nanopore	25	78	0.9494	0.5450	0.4933
nanopore	25	79	0.9494	0.5648	0.5102
nanopore	25	80	0.9498	0.5859	0.5284
nanopore	25	81	0.9498	0.6088	0.5478
nanopore	25	82	0.9498	0.6329	0.5676
nanopore	25	83	0.9502	0.6586	0.5888
nanopore	25	84	0.9506	0.6866	0.6128
nanopore	25	85	0.9506	0.7165	0.6364
nanopore	25	86	0.9506	0.7495	0.6629
nanopore	25	87	0.9506	0.7858	0.6907
nanopore	25	88	0.9506	0.8263	0.7228
nanopore	25	89	0.9510	0.8725	0.7586
nanopore	25	90	0.9510	0.9254	0.7982
nanopore	25	91	0.9514	0.9859	0.8449
nanopore	25	92	0.9514	1.0563	0.8996
nanopore	25	93	0.9514	1.1433	0.9606
nanopore	25	94	0.9518	1.2530	1.0361
nanopore	25	95	0.9518	1.3958	1.1326
nanopore	25	96	0.9522	1.6007	1.2612
nanopore	25	97	0.9522	1.8989	1.4611
nanopore	25	98	0.9522	2.4356	1.8177
nanopore	25	99	0.9522	3.7221	2.8171
nanopore	26	51	0.6532	0.2091	0.1927
nanopore	26	52	0.6880	0.2177	0.2012
nanopore	26	53	0.7237	0.2265	0.2091
nanopore	26	54	0.7654	0.2355	0.2176
nanopore	26	55	0.7905	0.2446	0.2257
nanopore	26	56	0.8197	0.2538	0.2340
nanopore	26	57	0.8436	0.2633	0.2426
nanopore	26	58	0.8695	0.2729	0.2515
nanopore	26	59	0.8833	0.2827	0.2599
nanopore	26	60	0.8959	0.2927	0.2692
nanopore	26	61	0.9044	0.3029	0.2785
nanopore	26	62	0.9145	0.3133	0.2882
nanopore	26	63	0.9177	0.3240	0.2976
nanopore	26	64	0.9238	0.3350	0.3075
nanopore	26	65	0.9287	0.3462	0.3175
nanopore	26	66	0.9323	0.3579	0.3282
nanopore	26	67	0.9335	0.3697	0.3389
nanopore	26	68	0.9364	0.3820	0.3494
nanopore	26	69	0.9380	0.3947	0.3601
nanopore	26	70	0.9392	0.4079	0.3717
nanopore	26	71	0.9392	0.4216	0.3844
nanopore	26	72	0.9400	0.4358	0.3964
nanopore	26	73	0.9412	0.4506	0.4096
nanopore	26	74	0.9425	0.4662	0.4233
nanopore	26	75	0.9429	0.4822	0.4378
nanopore	26	76	0.9429	0.4990	0.4525
nanopore	26	77	0.9437	0.5168	0.4691
nanopore	26	78	0.9441	0.5355	0.4850
nanopore	26	79	0.9441	0.5553	0.5019
nanopore	26	80	0.9445	0.5764	0.5204
nanopore	26	81	0.9445	0.5992	0.5390
nanopore	26	82	0.9445	0.6234	0.5590
nanopore	26	83	0.9449	0.6491	0.5802
nanopore	26	84	0.9453	0.6771	0.6036
nanopore	26	85	0.9453	0.7070	0.6264
nanopore	26	86	0.9453	0.7400	0.6524
nanopore	26	87	0.9453	0.7763	0.6816
nanopore	26	88	0.9453	0.8168	0.7123
nanopore	26	89	0.9457	0.8630	0.7487
nanopore	26	90	0.9457	0.9159	0.7879
nanopore	26	91	0.9461	0.9763	0.8370
nanopore	26	92	0.9461	1.0468	0.8889
nanopore	26	93	0.9461	1.1338	0.9512
nanopore	26	94	0.9465	1.2434	1.0281
nanopore	26	95	0.9465	1.3862	1.1236
nanopore	26	96	0.9469	1.5912	1.2522
nanopore	26	97	0.9469	1.8893	1.4513
nanopore	26	98	0.9469	2.4260	1.8109
nanopore	26	99	0.9469	3.7126	2.8076
nanopore	27	51	0.6487	0.1995	0.1841
nanopore	27	52	0.6835	0.2082	0.1924
nanopore	27	53	0.7192	0.2169	0.2003
nanopore	27	54	0.7609	0.2259	0.2089
nanopore	27	55	0.7861	0.2351	0.2171
nanopore	27	56	0.8152	0.2443	0.2256
nanopore	27	57	0.8391	0.2537	0.2344
nanopore	27	58	0.8651	0.2633	0.2429
nanopore	27	59	0.8788	0.2731	0.2511
nanopore	27	60	0.8914	0.2832	0.2608
nanopore	27	61	0.8999	0.2934	0.2702
nanopore	27	62	0.9100	0.3037	0.2793
nanopore	27	63	0.9133	0.3144	0.2886
nanopore	27	64	0.9194	0.3254	0.2987
nanopore	27	65	0.9242	0.3367	0.3091
nanopore	27	66	0.9279	0.3483	0.3197
nanopore	27	67	0.9291	0.3602	0.3305
nanopore	27	68	0.9319	0.3725	0.3412
nanopore	27	69	0.9335	0.3852	0.3522
nanopore	27	70	0.9348	0.3984	0.3635
nanopore	27	71	0.9348	0.4120	0.3761
nanopore	27	72	0.9356	0.4263	0.3883
nanopore	27	73	0.9368	0.4411	0.4014
nanopore	27	74	0.9380	0.4566	0.4159
nanopore	27	75	0.9384	0.4726	0.4299
nanopore	27	76	0.9384	0.4895	0.4445
nanopore	27	77	0.9392	0.5073	0.4609
nanopore	27	78	0.9396	0.5259	0.4764
nanopore	27	79	0.9396	0.5458	0.4931
nanopore	27	80	0.9400	0.5669	0.5110
nanopore	27	81	0.9400	0.5897	0.5303
nanopore	27	82	0.9400	0.6138	0.5499
nanopore	27	83	0.9404	0.6396	0.5704
nanopore	27	84	0.9408	0.6675	0.5930
nanopore	27	85	0.9408	0.6974	0.6164
nanopore	27	86	0.9408	0.7305	0.6432
nanopore	27	87	0.9408	0.7668	0.6715
nanopore	27	88	0.9408	0.8072	0.7030
nanopore	27	89	0.9412	0.8534	0.7398
nanopore	27	90	0.9412	0.9064	0.7803
nanopore	27	91	0.9417	0.9668	0.8287
nanopore	27	92	0.9417	1.0372	0.8800
nanopore	27	93	0.9417	1.1243	0.9421
nanopore	27	94	0.9421	1.2339	1.0192
nanopore	27	95	0.9421	1.3767	1.1150
nanopore	27	96	0.9425	1.5816	1.2428
nanopore	27	97	0.9425	1.8798	1.4422
nanopore	27	98	0.9425	2.4165	1.8012
nanopore	27	99	0.9425	3.7030	2.7990
nanopore	28	51	0.6402	0.1905	0.1755
nanopore	28	52	0.6750	0.1991	0.1837
nanopore	28	53	0.7107	0.2079	0.1917
nanopore	28	54	0.7524	0.2169	0.2005
nanopore	28	55	0.7776	0.2260	0.2085
nanopore	28	56	0.8067	0.2352	0.2173
nanopore	28	57	0.8306	0.2447	0.2259
nanopore	28	58	0.8566	0.2543	0.2348
nanopore	28	59	0.8703	0.2641	0.2435
nanopore	28	60	0.8829	0.2741	0.2529
nanopore	28	61	0.8914	0.2843	0.2621
nanopore	28	62	0.9015	0.2947	0.2713
nanopore	28	63	0.9048	0.3054	0.2802
nanopore	28	64	0.9109	0.3164	0.2905
nanopore	28	65	0.9157	0.3276	0.3009
nanopore	28	66	0.9194	0.3393	0.3115
nanopore	28	67	0.9206	0.3511	0.3219
nanopore	28	68	0.9234	0.3634	0.3327
nanopore	28	69	0.9250	0.3761	0.3439
nanopore	28	70	0.9263	0.3893	0.3550
nanopore	28	71	0.9263	0.4030	0.3678
nanopore	28	72	0.9271	0.4172	0.3801
nanopore	28	73	0.9283	0.4320	0.3937
nanopore	28	74	0.9295	0.4476	0.4072
nanopore	28	75	0.9299	0.4636	0.4221
nanopore	28	76	0.9299	0.4805	0.4361
nanopore	28	77	0.9307	0.4982	0.4510
nanopore	28	78	0.9311	0.5169	0.4678
nanopore	28	79	0.9311	0.5367	0.4842
nanopore	28	80	0.9315	0.5578	0.5018
nanopore	28	81	0.9315	0.5806	0.5212
nanopore	28	82	0.9315	0.6048	0.5405
nanopore	28	83	0.9319	0.6305	0.5620
nanopore	28	84	0.9323	0.6585	0.5847
nanopore	28	85	0.9323	0.6884	0.6079
nanopore	28	86	0.9323	0.7214	0.6337
nanopore	28	87	0.9323	0.7577	0.6626
nanopore	28	88	0.9323	0.7982	0.6953
nanopore	28	89	0.9327	0.8444	0.7310
nanopore	28	90	0.9327	0.8973	0.7720
nanopore	28	91	0.9331	0.9577	0.8190
nanopore	28	92	0.9331	1.0282	0.8716
nanopore	28	93	0.9331	1.1152	0.9334
nanopore	28	94	0.9335	1.2248	1.0104
nanopore	28	95	0.9335	1.3676	1.1064
nanopore	28	96	0.9340	1.5726	1.2335
nanopore	28	97	0.9340	1.8707	1.4347
nanopore	28	98	0.9340	2.4074	1.7926
nanopore	28	99	0.9340	3.6940	2.7914
nanopore	29	51	0.6329	0.1816	0.1673
nanopore	29	52	0.6677	0.1902	0.1753
nanopore	29	53	0.7034	0.1990	0.1838
nanopore	29	54	0.7451	0.2080	0.1922
nanopore	29	55	0.7703	0.2172	0.2006
nanopore	29	56	0.7994	0.2264	0.2092
nanopore	29	57	0.8233	0.2358	0.2178
nanopore	29	58	0.8493	0.2454	0.2260
nanopore	29	59	0.8630	0.2552	0.2352
nanopore	29	60	0.8756	0.2652	0.2446
nanopore	29	61	0.8841	0.2754	0.2540
nanopore	29	62	0.8942	0.2858	0.2632
nanopore	29	63	0.8975	0.2965	0.2726
nanopore	29	64	0.9036	0.3075	0.2825
nanopore	29	65	0.9084	0.3188	0.2928
nanopore	29	66	0.9121	0.3304	0.3032
nanopore	29	67	0.9133	0.3423	0.3136
nanopore	29	68	0.9161	0.3546	0.3245
nanopore	29	69	0.9177	0.3673	0.3358
nanopore	29	70	0.9190	0.3804	0.3470
nanopore	29	71	0.9190	0.3941	0.3600
nanopore	29	72	0.9198	0.4084	0.3725
nanopore	29	73	0.9210	0.4232	0.3854
nanopore	29	74	0.9222	0.4387	0.3994
nanopore	29	75	0.9226	0.4547	0.4132
nanopore	29	76	0.9226	0.4716	0.4275
nanopore	29	77	0.9234	0.4893	0.4418
nanopore	29	78	0.9238	0.5080	0.4587
nanopore	29	79	0.9238	0.5278	0.4752
nanopore	29	80	0.9242	0.5489	0.4938
nanopore	29	81	0.9242	0.5718	0.5127
nanopore	29	82	0.9242	0.5959	0.5304
nanopore	29	83	0.9246	0.6217	0.5527
nanopore	29	84	0.9250	0.6496	0.5752
nanopore	29	85	0.9250	0.6795	0.5981
nanopore	29	86	0.9250	0.7125	0.6245
nanopore	29	87	0.9250	0.7488	0.6543
nanopore	29	88	0.9250	0.7893	0.6861
nanopore	29	89	0.9254	0.8355	0.7214
nanopore	29	90	0.9254	0.8884	0.7620
nanopore	29	91	0.9259	0.9489	0.8095
nanopore	29	92	0.9259	1.0193	0.8644
nanopore	29	93	0.9259	1.1064	0.9261
nanopore	29	94	0.9263	1.2160	1.0030
nanopore	29	95	0.9263	1.3588	1.0970
nanopore	29	96	0.9267	1.5637	1.2252
nanopore	29	97	0.9267	1.8619	1.4265
nanopore	29	98	0.9267	2.3986	1.7855
nanopore	29	99	0.9267	3.6851	2.7837
nanopore	30	51	0.6224	0.1729	0.1592
nanopore	30	52	0.6572	0.1815	0.1674
nanopore	30	53	0.6929	0.1903	0.1760
nanopore	30	54	0.7346	0.1993	0.1843
nanopore	30	55	0.7597	0.2085	0.1927
nanopore	30	56	0.7889	0.2177	0.2013
nanopore	30	57	0.8128	0.2271	0.2095
nanopore	30	58	0.8387	0.2367	0.2183
nanopore	30	59	0.8525	0.2465	0.2270
nanopore	30	60	0.8651	0.2565	0.2366
nanopore	30	61	0.8736	0.2667	0.2456
nanopore	30	62	0.8837	0.2771	0.2553
nanopore	30	63	0.8870	0.2878	0.2644
nanopore	30	64	0.8930	0.2988	0.2743
nanopore	30	65	0.8979	0.3101	0.2846
nanopore	30	66	0.9015	0.3217	0.2951
nanopore	30	67	0.9028	0.3336	0.3058
nanopore	30	68	0.9056	0.3459	0.3168
nanopore	30	69	0.9072	0.3586	0.3278
nanopore	30	70	0.9084	0.3717	0.3395
nanopore	30	71	0.9084	0.3854	0.3520
nanopore	30	72	0.9092	0.3997	0.3644
nanopore	30	73	0.9105	0.4145	0.3774
nanopore	30	74	0.9117	0.4300	0.3911
nanopore	30	75	0.9121	0.4460	0.4047
nanopore	30	76	0.9121	0.4629	0.4189
nanopore	30	77	0.9129	0.4806	0.4338
nanopore	30	78	0.9133	0.4993	0.4505
nanopore	30	79	0.9133	0.5192	0.4678
nanopore	30	80	0.9137	0.5402	0.4855
nanopore	30	81	0.9137	0.5631	0.5037
nanopore	30	82	0.9137	0.5872	0.5222
nanopore	30	83	0.9141	0.6130	0.5441
nanopore	30	84	0.9145	0.6409	0.5674
nanopore	30	85	0.9145	0.6708	0.5900
nanopore	30	86	0.9145	0.7038	0.6162
nanopore	30	87	0.9145	0.7401	0.6456
nanopore	30	88	0.9145	0.7806	0.6770
nanopore	30	89	0.9149	0.8268	0.7135
nanopore	30	90	0.9149	0.8797	0.7536
nanopore	30	91	0.9153	0.9402	0.8010
nanopore	30	92	0.9153	1.0106	0.8562
nanopore	30	93	0.9153	1.0977	0.9179
nanopore	30	94	0.9157	1.2073	0.9952
nanopore	30	95	0.9157	1.3501	1.0889
nanopore	30	96	0.9161	1.5550	1.2179
nanopore	30	97	0.9161	1.8532	1.4180
nanopore	30	98	0.9161	2.3899	1.7781
nanopore	30	99	0.9161	3.6764	2.7775
nanopore	31	51	0.6122	0.1643	0.1513
nanopore	31	52	0.6471	0.1730	0.1597
nanopore	31	53	0.6827	0.1818	0.1681
nanopore	31	54	0.7245	0.1908	0.1763
nanopore	31	55	0.7496	0.1999	0.1845
nanopore	31	56	0.7788	0.2091	0.1930
nanopore	31	57	0.8027	0.2186	0.2012
nanopore	31	58	0.8286	0.2282	0.2101
nanopore	31	59	0.8424	0.2380	0.2190
nanopore	31	60	0.8549	0.2480	0.2285
nanopore	31	61	0.8635	0.2582	0.2379
nanopore	31	62	0.8736	0.2685	0.2469
nanopore	31	63	0.8768	0.2793	0.2568
nanopore	31	64	0.8829	0.2903	0.2666
nanopore	31	65	0.8878	0.3015	0.2766
nanopore	31	66	0.8914	0.3132	0.2869
nanopore	31	67	0.8926	0.3250	0.2979
nanopore	31	68	0.8955	0.3373	0.3087
nanopore	31	69	0.8971	0.3500	0.3197
nanopore	31	70	0.8983	0.3632	0.3315
nanopore	31	71	0.8983	0.3769	0.3439
nanopore	31	72	0.8991	0.3911	0.3563
nanopore	31	73	0.9003	0.4059	0.3686
nanopore	31	74	0.9015	0.4214	0.3820
nanopore	31	75	0.9019	0.4375	0.3960
nanopore	31	76	0.9019	0.4543	0.4110
nanopore	31	77	0.9028	0.4721	0.4261
nanopore	31	78	0.9032	0.4907	0.4425
nanopore	31	79	0.9032	0.5106	0.4590
nanopore	31	80	0.9036	0.5317	0.4765
nanopore	31	81	0.9036	0.5545	0.4939
nanopore	31	82	0.9036	0.5786	0.5131
nanopore	31	83	0.9040	0.6044	0.5349
nanopore	31	84	0.9044	0.6324	0.5585
nanopore	31	85	0.9044	0.6622	0.5814
nanopore	31	86	0.9044	0.6953	0.6076
nanopore	31	87	0.9044	0.7316	0.6378
nanopore	31	88	0.9044	0.7721	0.6689
nanopore	31	89	0.9048	0.8182	0.7043
nanopore	31	90	0.9048	0.8712	0.7457
nanopore	31	91	0.9052	0.9316	0.7926
nanopore	31	92	0.9052	1.0021	0.8469
nanopore	31	93	0.9052	1.0891	0.9068
nanopore	31	94	0.9056	1.1987	0.9862
nanopore	31	95	0.9056	1.3415	1.0791
nanopore	31	96	0.9060	1.5465	1.2101
nanopore	31	97	0.9060	1.8446	1.4095
nanopore	31	98	0.9060	2.3813	1.7704
nanopore	31	99	0.9060	3.6679	2.7677
nanopore	32	51	0.5989	0.1559	0.1437
nanopore	32	52	0.6337	0.1646	0.1520
nanopore	32	53	0.6694	0.1734	0.1604
nanopore	32	54	0.7111	0.1823	0.1688
nanopore	32	55	0.7362	0.1915	0.1771
nanopore	32	56	0.7654	0.2007	0.1853
nanopore	32	57	0.7893	0.2101	0.1936
nanopore	32	58	0.8152	0.2197	0.2024
nanopore	32	59	0.8290	0.2295	0.2114
nanopore	32	60	0.8416	0.2396	0.2205
nanopore	32	61	0.8501	0.2498	0.2300
nanopore	32	62	0.8602	0.2601	0.2388
nanopore	32	63	0.8635	0.2708	0.2487
nanopore	32	64	0.8695	0.2818	0.2588
nanopore	32	65	0.8744	0.2931	0.2685
nanopore	32	66	0.8780	0.3047	0.2789
nanopore	32	67	0.8793	0.3166	0.2897
nanopore	32	68	0.8821	0.3289	0.3003
nanopore	32	69	0.8837	0.3416	0.3118
nanopore	32	70	0.8849	0.3548	0.3232
nanopore	32	71	0.8849	0.3684	0.3353
nanopore	32	72	0.8857	0.3827	0.3483
nanopore	32	73	0.8870	0.3975	0.3609
nanopore	32	74	0.8882	0.4130	0.3745
nanopore	32	75	0.8886	0.4290	0.3884
nanopore	32	76	0.8886	0.4459	0.4032
nanopore	32	77	0.8894	0.4637	0.4180
nanopore	32	78	0.8898	0.4823	0.4345
nanopore	32	79	0.8898	0.5022	0.4511
nanopore	32	80	0.8902	0.5233	0.4682
nanopore	32	81	0.8902	0.5461	0.4861
nanopore	32	82	0.8902	0.5702	0.5044
nanopore	32	83	0.8906	0.5960	0.5262
nanopore	32	84	0.8910	0.6239	0.5495
nanopore	32	85	0.8910	0.6538	0.5734
nanopore	32	86	0.8910	0.6869	0.5998
nanopore	32	87	0.8910	0.7232	0.6303
nanopore	32	88	0.8910	0.7637	0.6602
nanopore	32	89	0.8914	0.8098	0.6962
nanopore	32	90	0.8914	0.8628	0.7374
nanopore	32	91	0.8918	0.9232	0.7843
nanopore	32	92	0.8918	0.9936	0.8383
nanopore	32	93	0.8918	1.0807	0.8989
nanopore	32	94	0.8922	1.1903	0.9784
nanopore	32	95	0.8922	1.3331	1.0719
nanopore	32	96	0.8926	1.5380	1.2026
nanopore	32	97	0.8926	1.8362	1.4005
nanopore	32	98	0.8926	2.3729	1.7616
nanopore	32	99	0.8926	3.6594	2.7563
nanopore	33	51	0.5887	0.1476	0.1363
nanopore	33	52	0.6236	0.1562	0.1446
nanopore	33	53	0.6592	0.1650	0.1526
nanopore	33	54	0.7010	0.1740	0.1612
nanopore	33	55	0.7261	0.1832	0.1694
nanopore	33	56	0.7553	0.1923	0.1779
nanopore	33	57	0.7792	0.2018	0.1858
nanopore	33	58	0.8051	0.2114	0.1941
nanopore	33	59	0.8189	0.2212	0.2037
nanopore	33	60	0.8314	0.2312	0.2129
nanopore	33	61	0.8400	0.2414	0.2224
nanopore	33	62	0.8501	0.2518	0.2317
nanopore	33	63	0.8533	0.2625	0.2409
nanopore	33	64	0.8594	0.2735	0.2509
nanopore	33	65	0.8643	0.2847	0.2609
nanopore	33	66	0.8679	0.2964	0.2712
nanopore	33	67	0.8691	0.3082	0.2823
nanopore	33	68	0.8720	0.3206	0.2929
nanopore	33	69	0.8736	0.3333	0.3042
nanopore	33	70	0.8748	0.3464	0.3159
nanopore	33	71	0.8748	0.3601	0.3283
nanopore	33	72	0.8756	0.3743	0.3406
nanopore	33	73	0.8768	0.3892	0.3534
nanopore	33	74	0.8780	0.4047	0.3671
nanopore	33	75	0.8784	0.4207	0.3805
nanopore	33	76	0.8784	0.4376	0.3957
nanopore	33	77	0.8793	0.4553	0.4104
nanopore	33	78	0.8797	0.4740	0.4263
nanopore	33	79	0.8797	0.4938	0.4429
nanopore	33	80	0.8801	0.5149	0.4597
nanopore	33	81	0.8801	0.5378	0.4770
nanopore	33	82	0.8801	0.5619	0.4970
nanopore	33	83	0.8805	0.5876	0.5178
nanopore	33	84	0.8809	0.6156	0.5409
nanopore	33	85	0.8809	0.6455	0.5656
nanopore	33	86	0.8809	0.6785	0.5925
nanopore	33	87	0.8809	0.7148	0.6230
nanopore	33	88	0.8809	0.7553	0.6524
nanopore	33	89	0.8813	0.8015	0.6879
nanopore	33	90	0.8813	0.8544	0.7285
nanopore	33	91	0.8817	0.9149	0.7759
nanopore	33	92	0.8817	0.9853	0.8306
nanopore	33	93	0.8817	1.0723	0.8916
nanopore	33	94	0.8821	1.1820	0.9709
nanopore	33	95	0.8821	1.3248	1.0647
nanopore	33	96	0.8825	1.5297	1.1944
nanopore	33	97	0.8825	1.8279	1.3934
nanopore	33	98	0.8825	2.3646	1.7534
nanopore	33	99	0.8825	3.6511	2.7490
nanopore	34	51	0.5733	0.1393	0.1288
nanopore	34	52	0.6082	0.1479	0.1371
nanopore	34	53	0.6438	0.1567	0.1450
nanopore	34	54	0.6856	0.1657	0.1532
nanopore	34	55	0.7107	0.1749	0.1615
nanopore	34	56	0.7399	0.1840	0.1697
nanopore	34	57	0.7638	0.1935	0.1781
nanopore	34	58	0.7897	0.2031	0.1868
nanopore	34	59	0.8035	0.2129	0.1961
nanopore	34	60	0.8160	0.2229	0.2050
nanopore	34	61	0.8246	0.2331	0.2142
nanopore	34	62	0.8347	0.2435	0.2237
nanopore	34	63	0.8379	0.2542	0.2334
nanopore	34	64	0.8440	0.2652	0.2429
nanopore	34	65	0.8489	0.2764	0.2527
nanopore	34	66	0.8525	0.2881	0.2636
nanopore	34	67	0.8537	0.3000	0.2741
nanopore	34	68	0.8566	0.3123	0.2847
nanopore	34	69	0.8582	0.3250	0.2961
nanopore	34	70	0.8594	0.3381	0.3080
nanopore	34	71	0.8594	0.3518	0.3202
nanopore	34	72	0.8602	0.3660	0.3323
nanopore	34	73	0.8614	0.3809	0.3453
nanopore	34	74	0.8626	0.3964	0.3595
nanopore	34	75	0.8630	0.4124	0.3728
nanopore	34	76	0.8630	0.4293	0.3875
nanopore	34	77	0.8639	0.4470	0.4022
nanopore	34	78	0.8643	0.4657	0.4179
nanopore	34	79	0.8643	0.4855	0.4344
nanopore	34	80	0.8647	0.5066	0.4516
nanopore	34	81	0.8647	0.5295	0.4693
nanopore	34	82	0.8647	0.5536	0.4891
nanopore	34	83	0.8651	0.5794	0.5104
nanopore	34	84	0.8655	0.6073	0.5336
nanopore	34	85	0.8655	0.6372	0.5583
nanopore	34	86	0.8655	0.6702	0.5852
nanopore	34	87	0.8655	0.7065	0.6148
nanopore	34	88	0.8655	0.7470	0.6443
nanopore	34	89	0.8659	0.7932	0.6806
nanopore	34	90	0.8659	0.8461	0.7204
nanopore	34	91	0.8663	0.9066	0.7693
nanopore	34	92	0.8663	0.9770	0.8222
nanopore	34	93	0.8663	1.0640	0.8846
nanopore	34	94	0.8667	1.1737	0.9629
nanopore	34	95	0.8667	1.3165	1.0566
nanopore	34	96	0.8671	1.5214	1.1861
nanopore	34	97	0.8671	1.8196	1.3859
nanopore	34	98	0.8671	2.3563	1.7456
nanopore	34	99	0.8671	3.6428	2.7428
nanopore	35	51	0.5575	0.1311	0.1213
nanopore	35	52	0.5924	0.1397	0.1295
nanopore	35	53	0.6280	0.1485	0.1376
nanopore	35	54	0.6698	0.1575	0.1457
nanopore	35	55	0.6949	0.1667	0.1541
nanopore	35	56	0.7241	0.1758	0.1626
nanopore	35	57	0.7480	0.1853	0.1707
nanopore	35	58	0.7739	0.1949	0.1793
nanopore	35	59	0.7877	0.2047	0.1886
nanopore	35	60	0.8002	0.2147	0.1976
nanopore	35	61	0.8088	0.2249	0.2069
nanopore	35	62	0.8189	0.2353	0.2160
nanopore	35	63	0.8221	0.2460	0.2258
nanopore	35	64	0.8282	0.2570	0.2355
nanopore	35	65	0.8331	0.2682	0.2455
nanopore	35	66	0.8367	0.2799	0.2560
nanopore	35	67	0.8379	0.2918	0.2670
nanopore	35	68	0.8408	0.3041	0.2781
nanopore	35	69	0.8424	0.3168	0.2891
nanopore	35	70	0.8436	0.3299	0.3010
nanopore	35	71	0.8436	0.3436	0.3125
nanopore	35	72	0.8444	0.3578	0.3250
nanopore	35	73	0.8456	0.3727	0.3378
nanopore	35	74	0.8468	0.3882	0.3512
nanopore	35	75	0.8472	0.4042	0.3652
nanopore	35	76	0.8472	0.4211	0.3794
nanopore	35	77	0.8481	0.4388	0.3940
nanopore	35	78	0.8485	0.4575	0.4100
nanopore	35	79	0.8485	0.4773	0.4270
nanopore	35	80	0.8489	0.4984	0.4438
nanopore	35	81	0.8489	0.5213	0.4616
nanopore	35	82	0.8489	0.5454	0.4808
nanopore	35	83	0.8493	0.5712	0.5030
nanopore	35	84	0.8497	0.5991	0.5254
nanopore	35	85	0.8497	0.6290	0.5506
nanopore	35	86	0.8497	0.6620	0.5776
nanopore	35	87	0.8497	0.6983	0.6068
nanopore	35	88	0.8497	0.7388	0.6369
nanopore	35	89	0.8501	0.7850	0.6737
nanopore	35	90	0.8501	0.8379	0.7127
nanopore	35	91	0.8505	0.8984	0.7609
nanopore	35	92	0.8505	0.9688	0.8139
nanopore	35	93	0.8505	1.0558	0.8775
nanopore	35	94	0.8509	1.1655	0.9552
nanopore	35	95	0.8509	1.3083	1.0474
nanopore	35	96	0.8513	1.5132	1.1784
nanopore	35	97	0.8513	1.8114	1.3782
nanopore	35	98	0.8513	2.3481	1.7348
nanopore	35	99	0.8513	3.6346	2.7358
nanopore	36	51	0.5421	0.1229	0.1136
nanopore	36	52	0.5770	0.1316	0.1221
nanopore	36	53	0.6126	0.1403	0.1300
nanopore	36	54	0.6544	0.1493	0.1384
nanopore	36	55	0.6795	0.1585	0.1468
nanopore	36	56	0.7087	0.1677	0.1549
nanopore	36	57	0.7326	0.1771	0.1634
nanopore	36	58	0.7585	0.1867	0.1722
nanopore	36	59	0.7723	0.1965	0.1811
nanopore	36	60	0.7848	0.2065	0.1897
nanopore	36	61	0.7934	0.2168	0.1992
nanopore	36	62	0.8035	0.2271	0.2082
nanopore	36	63	0.8067	0.2378	0.2184
nanopore	36	64	0.8128	0.2488	0.2281
nanopore	36	65	0.8177	0.2601	0.2384
nanopore	36	66	0.8213	0.2717	0.2485
nanopore	36	67	0.8225	0.2836	0.2598
nanopore	36	68	0.8254	0.2959	0.2706
nanopore	36	69	0.8270	0.3086	0.2816
nanopore	36	70	0.8282	0.3218	0.2933
nanopore	36	71	0.8282	0.3354	0.3048
nanopore	36	72	0.8290	0.3497	0.3174
nanopore	36	73	0.8302	0.3645	0.3302
nanopore	36	74	0.8314	0.3800	0.3439
nanopore	36	75	0.8318	0.3960	0.3579
nanopore	36	76	0.8318	0.4129	0.3723
nanopore	36	77	0.8327	0.4307	0.3864
nanopore	36	78	0.8331	0.4493	0.4024
nanopore	36	79	0.8331	0.4692	0.4194
nanopore	36	80	0.8335	0.4903	0.4360
nanopore	36	81	0.8335	0.5131	0.4544
nanopore	36	82	0.8335	0.5372	0.4731
nanopore	36	83	0.8339	0.5630	0.4953
nanopore	36	84	0.8343	0.5909	0.5186
nanopore	36	85	0.8343	0.6208	0.5426
nanopore	36	86	0.8343	0.6538	0.5696
nanopore	36	87	0.8343	0.6901	0.5983
nanopore	36	88	0.8343	0.7306	0.6298
nanopore	36	89	0.8347	0.7768	0.6655
nanopore	36	90	0.8347	0.8298	0.7056
nanopore	36	91	0.8351	0.8902	0.7531
nanopore	36	92	0.8351	0.9606	0.8075
nanopore	36	93	0.8351	1.0477	0.8694
nanopore	36	94	0.8355	1.1573	0.9477
nanopore	36	95	0.8355	1.3001	1.0408
nanopore	36	96	0.8359	1.5050	1.1712
nanopore	36	97	0.8359	1.8032	1.3706
nanopore	36	98	0.8359	2.3399	1.7282
nanopore	36	99	0.8359	3.6264	2.7293
nanopore	37	51	0.5227	0.1147	0.1062
nanopore	37	52	0.5575	0.1234	0.1144
nanopore	37	53	0.5932	0.1322	0.1221
nanopore	37	54	0.6349	0.1412	0.1307
nanopore	37	55	0.6600	0.1503	0.1389
nanopore	37	56	0.6892	0.1595	0.1470
nanopore	37	57	0.7131	0.1690	0.1556
nanopore	37	58	0.7391	0.1786	0.1644
nanopore	37	59	0.7528	0.1884	0.1733
nanopore	37	60	0.7654	0.1984	0.1820
nanopore	37	61	0.7739	0.2086	0.1915
nanopore	37	62	0.7840	0.2189	0.2007
nanopore	37	63	0.7873	0.2297	0.2107
nanopore	37	64	0.7934	0.2407	0.2205
nanopore	37	65	0.7982	0.2519	0.2309
nanopore	37	66	0.8019	0.2636	0.2410
nanopore	37	67	0.8031	0.2754	0.2523
nanopore	37	68	0.8059	0.2877	0.2633
nanopore	37	69	0.8075	0.3004	0.2737
nanopore	37	70	0.8088	0.3136	0.2854
nanopore	37	71	0.8088	0.3273	0.2975
nanopore	37	72	0.8096	0.3415	0.3099
nanopore	37	73	0.8108	0.3563	0.3227
nanopore	37	74	0.8120	0.3718	0.3363
nanopore	37	75	0.8124	0.3879	0.3505
nanopore	37	76	0.8124	0.4047	0.3647
nanopore	37	77	0.8132	0.4225	0.3794
nanopore	37	78	0.8136	0.4411	0.3949
nanopore	37	79	0.8136	0.4610	0.4116
nanopore	37	80	0.8140	0.4821	0.4285
nanopore	37	81	0.8140	0.5049	0.4471
nanopore	37	82	0.8140	0.5290	0.4662
nanopore	37	83	0.8144	0.5548	0.4879
nanopore	37	84	0.8148	0.5828	0.5114
nanopore	37	85	0.8148	0.6126	0.5355
nanopore	37	86	0.8148	0.6457	0.5619
nanopore	37	87	0.8148	0.6820	0.5907
nanopore	37	88	0.8148	0.7225	0.6217
nanopore	37	89	0.8152	0.7686	0.6578
nanopore	37	90	0.8152	0.8216	0.6987
nanopore	37	91	0.8156	0.8820	0.7449
nanopore	37	92	0.8156	0.9525	0.8008
nanopore	37	93	0.8156	1.0395	0.8630
nanopore	37	94	0.8160	1.1491	0.9393
nanopore	37	95	0.8160	1.2919	1.0326
nanopore	37	96	0.8165	1.4969	1.1631
nanopore	37	97	0.8165	1.7950	1.3631
nanopore	37	98	0.8165	2.3317	1.7205
nanopore	37	99	0.8165	3.6183	2.7179
nanopore	38	51	0.5000	0.1066	0.0988
nanopore	38	52	0.5348	0.1153	0.1069
nanopore	38	53	0.5705	0.1241	0.1150
nanopore	38	54	0.6122	0.1330	0.1230
nanopore	38	55	0.6374	0.1422	0.1314
nanopore	38	56	0.6665	0.1514	0.1396
nanopore	38	57	0.6904	0.1608	0.1479
nanopore	38	58	0.7164	0.1704	0.1567
nanopore	38	59	0.7301	0.1802	0.1657
nanopore	38	60	0.7427	0.1903	0.1741
nanopore	38	61	0.7512	0.2005	0.1838
nanopore	38	62	0.7613	0.2108	0.1928
nanopore	38	63	0.7646	0.2215	0.2030
nanopore	38	64	0.7707	0.2325	0.2128
nanopore	38	65	0.7755	0.2438	0.2231
nanopore	38	66	0.7792	0.2554	0.2336
nanopore	38	67	0.7804	0.2673	0.2447
nanopore	38	68	0.7832	0.2796	0.2557
nanopore	38	69	0.7848	0.2923	0.2663
nanopore	38	70	0.7861	0.3055	0.2777
nanopore	38	71	0.7861	0.3191	0.2901
nanopore	38	72	0.7869	0.3334	0.3020
nanopore	38	73	0.7881	0.3482	0.3148
nanopore	38	74	0.7893	0.3637	0.3287
nanopore	38	75	0.7897	0.3797	0.3424
nanopore	38	76	0.7897	0.3966	0.3575
nanopore	38	77	0.7905	0.4144	0.3720
nanopore	38	78	0.7909	0.4330	0.3877
nanopore	38	79	0.7909	0.4529	0.4039
nanopore	38	80	0.7913	0.4740	0.4209
nanopore	38	81	0.7913	0.4968	0.4395
nanopore	38	82	0.7913	0.5209	0.4589
nanopore	38	83	0.7917	0.5467	0.4801
nanopore	38	84	0.7921	0.5746	0.5029
nanopore	38	85	0.7921	0.6045	0.5276
nanopore	38	86	0.7921	0.6376	0.5537
nanopore	38	87	0.7921	0.6739	0.5832
nanopore	38	88	0.7921	0.7143	0.6144
nanopore	38	89	0.7925	0.7605	0.6511
nanopore	38	90	0.7925	0.8135	0.6915
nanopore	38	91	0.7929	0.8739	0.7374
nanopore	38	92	0.7929	0.9443	0.7938
nanopore	38	93	0.7929	1.0314	0.8534
nanopore	38	94	0.7934	1.1410	0.9312
nanopore	38	95	0.7934	1.2838	1.0246
nanopore	38	96	0.7938	1.4887	1.1543
nanopore	38	97	0.7938	1.7869	1.3561
nanopore	38	98	0.7938	2.3236	1.7133
nanopore	38	99	0.7938	3.6101	2.7113
nanopore	39	51	0.4761	0.0986	0.0911
nanopore	39	52	0.5109	0.1072	0.0992
nanopore	39	53	0.5466	0.1160	0.1071
nanopore	39	54	0.5883	0.1250	0.1154
nanopore	39	55	0.6135	0.1342	0.1237
nanopore	39	56	0.6426	0.1433	0.1318
nanopore	39	57	0.6665	0.1528	0.1405
nanopore	39	58	0.6925	0.1624	0.1493
nanopore	39	59	0.7062	0.1722	0.1582
nanopore	39	60	0.7188	0.1822	0.1668
nanopore	39	61	0.7273	0.1924	0.1761
nanopore	39	62	0.7374	0.2028	0.1854
nanopore	39	63	0.7407	0.2135	0.1955
nanopore	39	64	0.7468	0.2245	0.2053
nanopore	39	65	0.7516	0.2357	0.2160
nanopore	39	66	0.7553	0.2474	0.2267
nanopore	39	67	0.7565	0.2592	0.2370
nanopore	39	68	0.7593	0.2715	0.2478
nanopore	39	69	0.7609	0.2842	0.2585
nanopore	39	70	0.7622	0.2974	0.2701
nanopore	39	71	0.7622	0.3111	0.2824
nanopore	39	72	0.7630	0.3253	0.2945
nanopore	39	73	0.7642	0.3401	0.3073
nanopore	39	74	0.7654	0.3557	0.3209
nanopore	39	75	0.7658	0.3717	0.3345
nanopore	39	76	0.7658	0.3886	0.3501
nanopore	39	77	0.7666	0.4063	0.3643
nanopore	39	78	0.7670	0.4250	0.3797
nanopore	39	79	0.7670	0.4448	0.3958
nanopore	39	80	0.7674	0.4659	0.4130
nanopore	39	81	0.7674	0.4888	0.4315
nanopore	39	82	0.7674	0.5129	0.4507
nanopore	39	83	0.7678	0.5386	0.4733
nanopore	39	84	0.7682	0.5666	0.4948
nanopore	39	85	0.7682	0.5965	0.5204
nanopore	39	86	0.7682	0.6295	0.5460
nanopore	39	87	0.7682	0.6658	0.5759
nanopore	39	88	0.7682	0.7063	0.6075
nanopore	39	89	0.7686	0.7525	0.6432
nanopore	39	90	0.7686	0.8054	0.6840
nanopore	39	91	0.7690	0.8659	0.7305
nanopore	39	92	0.7690	0.9363	0.7858
nanopore	39	93	0.7690	1.0233	0.8462
nanopore	39	94	0.7694	1.1330	0.9231
nanopore	39	95	0.7694	1.2758	1.0173
nanopore	39	96	0.7699	1.4807	1.1468
nanopore	39	97	0.7699	1.7789	1.3481
nanopore	39	98	0.7699	2.3156	1.7059
nanopore	39	99	0.7699	3.6021	2.7053
nanopore	40	51	0.4485	0.0906	0.0836
nanopore	40	52	0.4834	0.0992	0.0919
nanopore	40	53	0.5190	0.1080	0.0997
nanopore	40	54	0.5608	0.1170	0.1082
nanopore	40	55	0.5859	0.1261	0.1164
nanopore	40	56	0.6151	0.1353	0.1245
nanopore	40	57	0.6390	0.1448	0.1332
nanopore	40	58	0.6649	0.1544	0.1417
nanopore	40	59	0.6787	0.1642	0.1507
nanopore	40	60	0.6912	0.1742	0.1597
nanopore	40	61	0.6998	0.1844	0.1691
nanopore	40	62	0.7099	0.1948	0.1784
nanopore	40	63	0.7131	0.2055	0.1880
nanopore	40	64	0.7192	0.2165	0.1982
nanopore	40	65	0.7241	0.2277	0.2084
nanopore	40	66	0.7277	0.2394	0.2187
nanopore	40	67	0.7289	0.2512	0.2295
nanopore	40	68	0.7318	0.2635	0.2403
nanopore	40	69	0.7334	0.2762	0.2512
nanopore	40	70	0.7346	0.2894	0.2628
nanopore	40	71	0.7346	0.3031	0.2749
nanopore	40	72	0.7354	0.3173	0.2867
nanopore	40	73	0.7366	0.3321	0.2990
nanopore	40	74	0.7378	0.3477	0.3131
nanopore	40	75	0.7382	0.3637	0.3267
nanopore	40	76	0.7382	0.3805	0.3425
nanopore	40	77	0.7391	0.3983	0.3565
nanopore	40	78	0.7395	0.4170	0.3726
nanopore	40	79	0.7395	0.4368	0.3884
nanopore	40	80	0.7399	0.4579	0.4056
nanopore	40	81	0.7399	0.4807	0.4231
nanopore	40	82	0.7399	0.5049	0.4431
nanopore	40	83	0.7403	0.5306	0.4658
nanopore	40	84	0.7407	0.5586	0.4876
nanopore	40	85	0.7407	0.5885	0.5124
nanopore	40	86	0.7407	0.6215	0.5393
nanopore	40	87	0.7407	0.6578	0.5684
nanopore	40	88	0.7407	0.6983	0.6010
nanopore	40	89	0.7411	0.7445	0.6357
nanopore	40	90	0.7411	0.7974	0.6766
nanopore	40	91	0.7415	0.8578	0.7226
nanopore	40	92	0.7415	0.9283	0.7781
nanopore	40	93	0.7415	1.0153	0.8384
nanopore	40	94	0.7419	1.1249	0.9157
nanopore	40	95	0.7419	1.2677	1.0110
nanopore	40	96	0.7423	1.4727	1.1412
nanopore	40	97	0.7423	1.7708	1.3416
nanopore	40	98	0.7423	2.3075	1.6966
nanopore	40	99	0.7423	3.5941	2.7007
nanopore	41	51	0.4234	0.0825	0.0762
nanopore	41	52	0.4583	0.0912	0.0846
nanopore	41	53	0.4939	0.0999	0.0925
nanopore	41	54	0.5357	0.1089	0.1007
nanopore	41	55	0.5608	0.1181	0.1089
nanopore	41	56	0.5900	0.1273	0.1173
nanopore	41	57	0.6139	0.1367	0.1257
nanopore	41	58	0.6398	0.1463	0.1346
nanopore	41	59	0.6536	0.1561	0.1433
nanopore	41	60	0.6661	0.1662	0.1523
nanopore	41	61	0.6746	0.1764	0.1616
nanopore	41	62	0.6848	0.1867	0.1711
nanopore	41	63	0.6880	0.1974	0.1807
nanopore	41	64	0.6941	0.2084	0.1903
nanopore	41	65	0.6989	0.2197	0.2004
nanopore	41	66	0.7026	0.2313	0.2110
nanopore	41	67	0.7038	0.2432	0.2219
nanopore	41	68	0.7066	0.2555	0.2327
nanopore	41	69	0.7083	0.2682	0.2436
nanopore	41	70	0.7095	0.2814	0.2553
nanopore	41	71	0.7095	0.2950	0.2671
nanopore	41	72	0.7103	0.3093	0.2783
nanopore	41	73	0.7115	0.3241	0.2911
nanopore	41	74	0.7127	0.3396	0.3046
nanopore	41	75	0.7131	0.3556	0.3192
nanopore	41	76	0.7131	0.3725	0.3344
nanopore	41	77	0.7139	0.3903	0.3487
nanopore	41	78	0.7143	0.4089	0.3643
nanopore	41	79	0.7143	0.4288	0.3810
nanopore	41	80	0.7147	0.4499	0.3982
nanopore	41	81	0.7147	0.4727	0.4163
nanopore	41	82	0.7147	0.4968	0.4359
nanopore	41	83	0.7152	0.5226	0.4582
nanopore	41	84	0.7156	0.5505	0.4804
nanopore	41	85	0.7156	0.5804	0.5050
nanopore	41	86	0.7156	0.6134	0.5323
nanopore	41	87	0.7156	0.6498	0.5611
nanopore	41	88	0.7156	0.6902	0.5926
nanopore	41	89	0.7160	0.7364	0.6286
nanopore	41	90	0.7160	0.7894	0.6694
nanopore	41	91	0.7164	0.8498	0.7156
nanopore	41	92	0.7164	0.9202	0.7708
nanopore	41	93	0.7164	1.0073	0.8307
nanopore	41	94	0.7168	1.1169	0.9085
nanopore	41	95	0.7168	1.2597	1.0025
nanopore	41	96	0.7172	1.4646	1.1338
nanopore	41	97	0.7172	1.7628	1.3339
nanopore	41	98	0.7172	2.2995	1.6884
nanopore	41	99	0.7172	3.5860	2.6943
nanopore	42	51	0.3833	0.0745	0.0688
nanopore	42	52	0.4182	0.0832	0.0769
nanopore	42	53	0.4538	0.0919	0.0848
nanopore	42	54	0.4955	0.1009	0.0933
nanopore	42	55	0.5207	0.1101	0.1013
nanopore	42	56	0.5498	0.1193	0.1099
nanopore	42	57	0.5737	0.1287	0.1183
nanopore	42	58	0.5997	0.1383	0.1272
nanopore	42	59	0.6135	0.1481	0.1358
nanopore	42	60	0.6260	0.1581	0.1448
nanopore	42	61	0.6345	0.1683	0.1542
nanopore	42	62	0.6447	0.1787	0.1637
nanopore	42	63	0.6479	0.1894	0.1734
nanopore	42	64	0.6540	0.2004	0.1830
nanopore	42	65	0.6588	0.2117	0.1931
nanopore	42	66	0.6625	0.2233	0.2038
nanopore	42	67	0.6637	0.2352	0.2143
nanopore	42	68	0.6665	0.2475	0.2255
nanopore	42	69	0.6682	0.2602	0.2365
nanopore	42	70	0.6694	0.2733	0.2481
nanopore	42	71	0.6694	0.2870	0.2593
nanopore	42	72	0.6702	0.3013	0.2713
nanopore	42	73	0.6714	0.3161	0.2836
nanopore	42	74	0.6726	0.3316	0.2978
nanopore	42	75	0.6730	0.3476	0.3118
nanopore	42	76	0.6730	0.3645	0.3264
nanopore	42	77	0.6738	0.3822	0.3409
nanopore	42	78	0.6742	0.4009	0.3572
nanopore	42	79	0.6742	0.4208	0.3737
nanopore	42	80	0.6746	0.4418	0.3907
nanopore	42	81	0.6746	0.4647	0.4089
nanopore	42	82	0.6746	0.4888	0.4281
nanopore	42	83	0.6750	0.5146	0.4504
nanopore	42	84	0.6754	0.5425	0.4721
nanopore	42	85	0.6754	0.5724	0.4970
nanopore	42	86	0.6754	0.6054	0.5244
nanopore	42	87	0.6754	0.6417	0.5531
nanopore	42	88	0.6754	0.6822	0.5849
nanopore	42	89	0.6759	0.7284	0.6215
nanopore	42	90	0.6759	0.7813	0.6615
nanopore	42	91	0.6763	0.8418	0.7070
nanopore	42	92	0.6763	0.9122	0.7633
nanopore	42	93	0.6763	0.9993	0.8228
nanopore	42	94	0.6767	1.1089	0.9009
nanopore	42	95	0.6767	1.2517	0.9958
nanopore	42	96	0.6771	1.4566	1.1263
nanopore	42	97	0.6771	1.7548	1.3261
nanopore	42	98	0.6771	2.2915	1.6811
nanopore	42	99	0.6771	3.5780	2.6862
nanopore	43	51	0.3472	0.0664	0.0613
nanopore	43	52	0.3821	0.0750	0.0693
nanopore	43	53	0.4177	0.0838	0.0775
nanopore	43	54	0.4595	0.0928	0.0857
nanopore	43	55	0.4846	0.1020	0.0940
nanopore	43	56	0.5138	0.1111	0.1024
nanopore	43	57	0.5377	0.1206	0.1108
nanopore	43	58	0.5636	0.1302	0.1194
nanopore	43	59	0.5774	0.1400	0.1281
nanopore	43	60	0.5900	0.1500	0.1374
nanopore	43	61	0.5985	0.1602	0.1469
nanopore	43	62	0.6086	0.1706	0.1560
nanopore	43	63	0.6118	0.1813	0.1657
nanopore	43	64	0.6179	0.1923	0.1754
nanopore	43	65	0.6228	0.2035	0.1855
nanopore	43	66	0.6264	0.2152	0.1961
nanopore	43	67	0.6276	0.2270	0.2070
nanopore	43	68	0.6305	0.2394	0.2183
nanopore	43	69	0.6321	0.2521	0.2293
nanopore	43	70	0.6333	0.2652	0.2406
nanopore	43	71	0.6333	0.2789	0.2519
nanopore	43	72	0.6341	0.2931	0.2639
nanopore	43	73	0.6353	0.3080	0.2763
nanopore	43	74	0.6365	0.3235	0.2901
nanopore	43	75	0.6370	0.3395	0.3041
nanopore	43	76	0.6370	0.3564	0.3188
nanopore	43	77	0.6378	0.3741	0.3339
nanopore	43	78	0.6382	0.3928	0.3494
nanopore	43	79	0.6382	0.4126	0.3662
nanopore	43	80	0.6386	0.4337	0.3831
nanopore	43	81	0.6386	0.4566	0.4015
nanopore	43	82	0.6386	0.4807	0.4200
nanopore	43	83	0.6390	0.5065	0.4430
nanopore	43	84	0.6394	0.5344	0.4655
nanopore	43	85	0.6394	0.5643	0.4898
nanopore	43	86	0.6394	0.5973	0.5175
nanopore	43	87	0.6394	0.6336	0.5456
nanopore	43	88	0.6394	0.6741	0.5773
nanopore	43	89	0.6398	0.7203	0.6145
nanopore	43	90	0.6398	0.7732	0.6535
nanopore	43	91	0.6402	0.8337	0.6996
nanopore	43	92	0.6402	0.9041	0.7556
nanopore	43	93	0.6402	0.9911	0.8150
nanopore	43	94	0.6406	1.1008	0.8942
nanopore	43	95	0.6406	1.2436	0.9883
nanopore	43	96	0.6410	1.4485	1.1186
nanopore	43	97	0.6410	1.7467	1.3172
nanopore	43	98	0.6410	2.2834	1.6726
nanopore	43	99	0.6410	3.5699	2.6780
nanopore	44	51	0.3031	0.0583	0.0538
nanopore	44	52	0.3379	0.0669	0.0619
nanopore	44	53	0.3736	0.0757	0.0699
nanopore	44	54	0.4153	0.0847	0.0783
nanopore	44	55	0.4404	0.0939	0.0864
nanopore	44	56	0.4696	0.1030	0.0947
nanopore	44	57	0.4935	0.1125	0.1032
nanopore	44	58	0.5194	0.1221	0.1120
nanopore	44	59	0.5332	0.1319	0.1208
nanopore	44	60	0.5458	0.1419	0.1298
nanopore	44	61	0.5543	0.1521	0.1392
nanopore	44	62	0.5644	0.1625	0.1486
nanopore	44	63	0.5677	0.1732	0.1580
nanopore	44	64	0.5737	0.1842	0.1684
nanopore	44	65	0.5786	0.1954	0.1779
nanopore	44	66	0.5823	0.2071	0.1886
nanopore	44	67	0.5835	0.2189	0.1996
nanopore	44	68	0.5863	0.2312	0.2104
nanopore	44	69	0.5879	0.2439	0.2211
nanopore	44	70	0.5891	0.2571	0.2327
nanopore	44	71	0.5891	0.2708	0.2442
nanopore	44	72	0.5900	0.2850	0.2564
nanopore	44	73	0.5912	0.2999	0.2688
nanopore	44	74	0.5924	0.3154	0.2826
nanopore	44	75	0.5928	0.3314	0.2968
nanopore	44	76	0.5928	0.3483	0.3114
nanopore	44	77	0.5936	0.3660	0.3259
nanopore	44	78	0.5940	0.3847	0.3422
nanopore	44	79	0.5940	0.4045	0.3581
nanopore	44	80	0.5944	0.4256	0.3755
nanopore	44	81	0.5944	0.4485	0.3935
nanopore	44	82	0.5944	0.4726	0.4134
nanopore	44	83	0.5948	0.4983	0.4348
nanopore	44	84	0.5952	0.5263	0.4581
nanopore	44	85	0.5952	0.5562	0.4824
nanopore	44	86	0.5952	0.5892	0.5099
nanopore	44	87	0.5952	0.6255	0.5378
nanopore	44	88	0.5952	0.6660	0.5692
nanopore	44	89	0.5956	0.7122	0.6071
nanopore	44	90	0.5956	0.7651	0.6462
nanopore	44	91	0.5960	0.8256	0.6926
nanopore	44	92	0.5960	0.8960	0.7480
nanopore	44	93	0.5960	0.9830	0.8065
nanopore	44	94	0.5964	1.0927	0.8864
nanopore	44	95	0.5964	1.2355	0.9800
nanopore	44	96	0.5968	1.4404	1.1109
nanopore	44	97	0.5968	1.7386	1.3100
nanopore	44	98	0.5968	2.2753	1.6643
nanopore	44	99	0.5968	3.5618	2.6707
nanopore	45	51	0.2536	0.0501	0.0462
nanopore	45	52	0.2885	0.0587	0.0543
nanopore	45	53	0.3241	0.0675	0.0623
nanopore	45	54	0.3659	0.0765	0.0707
nanopore	45	55	0.3910	0.0857	0.0786
nanopore	45	56	0.4202	0.0948	0.0870
nanopore	45	57	0.4441	0.1043	0.0954
nanopore	45	58	0.4700	0.1139	0.1044
nanopore	45	59	0.4838	0.1237	0.1130
nanopore	45	60	0.4964	0.1337	0.1224
nanopore	45	61	0.5049	0.1439	0.1314
nanopore	45	62	0.5150	0.1543	0.1410
nanopore	45	63	0.5182	0.1650	0.1504
nanopore	45	64	0.5243	0.1760	0.1605
nanopore	45	65	0.5292	0.1872	0.1704
nanopore	45	66	0.5328	0.1989	0.1810
nanopore	45	67	0.5340	0.2107	0.1919
nanopore	45	68	0.5369	0.2230	0.2024
nanopore	45	69	0.5385	0.2357	0.2137
nanopore	45	70	0.5397	0.2489	0.2247
nanopore	45	71	0.5397	0.2626	0.2365
nanopore	45	72	0.5405	0.2768	0.2487
nanopore	45	73	0.5417	0.2916	0.2619
nanopore	45	74	0.5429	0.3072	0.2750
nanopore	45	75	0.5434	0.3232	0.2895
nanopore	45	76	0.5434	0.3401	0.3033
nanopore	45	77	0.5442	0.3578	0.3182
nanopore	45	78	0.5446	0.3765	0.3340
nanopore	45	79	0.5446	0.3963	0.3508
nanopore	45	80	0.5450	0.4174	0.3673
nanopore	45	81	0.5450	0.4403	0.3863
nanopore	45	82	0.5450	0.4644	0.4055
nanopore	45	83	0.5454	0.4901	0.4266
nanopore	45	84	0.5458	0.5181	0.4501
nanopore	45	85	0.5458	0.5480	0.4747
nanopore	45	86	0.5458	0.5810	0.5024
nanopore	45	87	0.5458	0.6173	0.5309
nanopore	45	88	0.5458	0.6578	0.5622
nanopore	45	89	0.5462	0.7040	0.5986
nanopore	45	90	0.5462	0.7569	0.6396
nanopore	45	91	0.5466	0.8174	0.6847
nanopore	45	92	0.5466	0.8878	0.7403
nanopore	45	93	0.5466	0.9748	0.7988
nanopore	45	94	0.5470	1.0845	0.8791
nanopore	45	95	0.5470	1.2273	0.9729
nanopore	45	96	0.5474	1.4322	1.1031
nanopore	45	97	0.5474	1.7304	1.3025
nanopore	45	98	0.5474	2.2671	1.6564
nanopore	45	99	0.5474	3.5536	2.6609
nanopore	46	51	0.2152	0.0419	0.0386
nanopore	46	52	0.2500	0.0505	0.0467
nanopore	46	53	0.2857	0.0593	0.0547
nanopore	46	54	0.3274	0.0683	0.0631
nanopore	46	55	0.3525	0.0775	0.0714
nanopore	46	56	0.3817	0.0866	0.0796
nanopore	46	57	0.4056	0.0961	0.0880
nanopore	46	58	0.4315	0.1057	0.0966
nanopore	46	59	0.4453	0.1155	0.1054
nanopore	46	60	0.4579	0.1255	0.1146
nanopore	46	61	0.4664	0.1357	0.1237
nanopore	46	62	0.4765	0.1461	0.1334
nanopore	46	63	0.4797	0.1568	0.1428
nanopore	46	64	0.4858	0.1678	0.1527
nanopore	46	65	0.4907	0.1790	0.1624
nanopore	46	66	0.4943	0.1907	0.1736
nanopore	46	67	0.4955	0.2026	0.1843
nanopore	46	68	0.4984	0.2149	0.1948
nanopore	46	69	0.5000	0.2276	0.2060
nanopore	46	70	0.5012	0.2407	0.2176
nanopore	46	71	0.5012	0.2544	0.2287
nanopore	46	72	0.5020	0.2686	0.2414
nanopore	46	73	0.5032	0.2835	0.2540
nanopore	46	74	0.5045	0.2990	0.2670
nanopore	46	75	0.5049	0.3150	0.2818
nanopore	46	76	0.5049	0.3319	0.2955
nanopore	46	77	0.5057	0.3496	0.3102
nanopore	46	78	0.5061	0.3683	0.3264
nanopore	46	79	0.5061	0.3881	0.3431
nanopore	46	80	0.5065	0.4092	0.3598
nanopore	46	81	0.5065	0.4321	0.3786
nanopore	46	82	0.5065	0.4562	0.3976
nanopore	46	83	0.5069	0.4820	0.4188
nanopore	46	84	0.5073	0.5099	0.4425
nanopore	46	85	0.5073	0.5398	0.4674
nanopore	46	86	0.5073	0.5728	0.4946
nanopore	46	87	0.5073	0.6091	0.5232
nanopore	46	88	0.5073	0.6496	0.5535
nanopore	46	89	0.5077	0.6958	0.5911
nanopore	46	90	0.5077	0.7487	0.6316
nanopore	46	91	0.5081	0.8092	0.6769
nanopore	46	92	0.5081	0.8796	0.7329
nanopore	46	93	0.5081	0.9666	0.7904
nanopore	46	94	0.5085	1.0763	0.8717
nanopore	46	95	0.5085	1.2191	0.9659
nanopore	46	96	0.5089	1.4240	1.0950
nanopore	46	97	0.5089	1.7222	1.2939
nanopore	46	98	0.5089	2.2589	1.6491
nanopore	46	99	0.5089	3.5454	2.6529
nanopore	47	51	0.1734	0.0336	0.0311
nanopore	47	52	0.2083	0.0423	0.0391
nanopore	47	53	0.2439	0.0511	0.0473
nanopore	47	54	0.2857	0.0601	0.0556
nanopore	47	55	0.3108	0.0692	0.0637
nanopore	47	56	0.3400	0.0784	0.0721
nanopore	47	57	0.3639	0.0878	0.0804
nanopore	47	58	0.3898	0.0975	0.0889
nanopore	47	59	0.4036	0.1073	0.0978
nanopore	47	60	0.4161	0.1173	0.1071
nanopore	47	61	0.4246	0.1275	0.1164
nanopore	47	62	0.4348	0.1378	0.1258
nanopore	47	63	0.4380	0.1486	0.1353
nanopore	47	64	0.4441	0.1596	0.1448
nanopore	47	65	0.4489	0.1708	0.1550
nanopore	47	66	0.4526	0.1825	0.1657
nanopore	47	67	0.4538	0.1943	0.1762
nanopore	47	68	0.4566	0.2066	0.1875
nanopore	47	69	0.4583	0.2193	0.1986
nanopore	47	70	0.4595	0.2325	0.2099
nanopore	47	71	0.4595	0.2461	0.2216
nanopore	47	72	0.4603	0.2604	0.2335
nanopore	47	73	0.4615	0.2752	0.2462
nanopore	47	74	0.4627	0.2907	0.2595
nanopore	47	75	0.4631	0.3067	0.2743
nanopore	47	76	0.4631	0.3236	0.2884
nanopore	47	77	0.4639	0.3414	0.3028
nanopore	47	78	0.4643	0.3600	0.3181
nanopore	47	79	0.4643	0.3799	0.3358
nanopore	47	80	0.4647	0.4010	0.3520
nanopore	47	81	0.4647	0.4238	0.3711
nanopore	47	82	0.4647	0.4479	0.3899
nanopore	47	83	0.4652	0.4737	0.4112
nanopore	47	84	0.4656	0.5017	0.4343
nanopore	47	85	0.4656	0.5315	0.4600
nanopore	47	86	0.4656	0.5646	0.4869
nanopore	47	87	0.4656	0.6009	0.5149
nanopore	47	88	0.4656	0.6414	0.5464
nanopore	47	89	0.4660	0.6875	0.5832
nanopore	47	90	0.4660	0.7405	0.6233
nanopore	47	91	0.4664	0.8009	0.6687
nanopore	47	92	0.4664	0.8713	0.7249
nanopore	47	93	0.4664	0.9584	0.7824
nanopore	47	94	0.4668	1.0680	0.8632
nanopore	47	95	0.4668	1.2108	0.9589
nanopore	47	96	0.4672	1.4157	1.0874
nanopore	47	97	0.4672	1.7139	1.2855
nanopore	47	98	0.4672	2.2506	1.6411
nanopore	47	99	0.4672	3.5372	2.6437
nanopore	48	51	0.1276	0.0253	0.0233
nanopore	48	52	0.1625	0.0340	0.0313
nanopore	48	53	0.1981	0.0428	0.0393
nanopore	48	54	0.2399	0.0518	0.0476
nanopore	48	55	0.2650	0.0609	0.0558
nanopore	48	56	0.2942	0.0701	0.0641
nanopore	48	57	0.3181	0.0795	0.0728
nanopore	48	58	0.3440	0.0892	0.0814
nanopore	48	59	0.3578	0.0990	0.0902
nanopore	48	60	0.3703	0.1090	0.0995
nanopore	48	61	0.3788	0.1192	0.1087
nanopore	48	62	0.3890	0.1295	0.1180
nanopore	48	63	0.3922	0.1403	0.1275
nanopore	48	64	0.3983	0.1513	0.1373
nanopore	48	65	0.4032	0.1625	0.1470
nanopore	48	66	0.4068	0.1742	0.1577
nanopore	48	67	0.4080	0.1860	0.1686
nanopore	48	68	0.4109	0.1983	0.1796
nanopore	48	69	0.4125	0.2110	0.1909
nanopore	48	70	0.4137	0.2242	0.2021
nanopore	48	71	0.4137	0.2378	0.2136
nanopore	48	72	0.4145	0.2521	0.2258
nanopore	48	73	0.4157	0.2669	0.2389
nanopore	48	74	0.4169	0.2824	0.2520
nanopore	48	75	0.4173	0.2984	0.2663
nanopore	48	76	0.4173	0.3153	0.2802
nanopore	48	77	0.4182	0.3331	0.2951
nanopore	48	78	0.4186	0.3517	0.3102
nanopore	48	79	0.4186	0.3716	0.3276
nanopore	48	80	0.4190	0.3927	0.3445
nanopore	48	81	0.4190	0.4155	0.3632
nanopore	48	82	0.4190	0.4396	0.3820
nanopore	48	83	0.4194	0.4654	0.4032
nanopore	48	84	0.4198	0.4934	0.4264
nanopore	48	85	0.4198	0.5232	0.4519
nanopore	48	86	0.4198	0.5563	0.4786
nanopore	48	87	0.4198	0.5926	0.5070
nanopore	48	88	0.4198	0.6331	0.5387
nanopore	48	89	0.4202	0.6792	0.5756
nanopore	48	90	0.4202	0.7322	0.6153
nanopore	48	91	0.4206	0.7926	0.6609
nanopore	48	92	0.4206	0.8630	0.7156
nanopore	48	93	0.4206	0.9501	0.7739
nanopore	48	94	0.4210	1.0597	0.8561
nanopore	48	95	0.4210	1.2025	0.9516
nanopore	48	96	0.4214	1.4074	1.0804
nanopore	48	97	0.4214	1.7056	1.2804
nanopore	48	98	0.4214	2.2423	1.6336
nanopore	48	99	0.4214	3.5289	2.6352
nanopore	49	51	0.0843	0.0170	0.0156
nanopore	49	52	0.1191	0.0256	0.0235
nanopore	49	53	0.1548	0.0344	0.0316
nanopore	49	54	0.1965	0.0434	0.0398
nanopore	49	55	0.2216	0.0525	0.0481
nanopore	49	56	0.2508	0.0617	0.0564
nanopore	49	57	0.2747	0.0712	0.0649
nanopore	49	58	0.3006	0.0808	0.0738
nanopore	49	59	0.3144	0.0906	0.0825
nanopore	49	60	0.3270	0.1006	0.0919
nanopore	49	61	0.3355	0.1108	0.1008
nanopore	49	62	0.3456	0.1212	0.1102
nanopore	49	63	0.3489	0.1319	0.1200
nanopore	49	64	0.3549	0.1429	0.1297
nanopore	49	65	0.3598	0.1541	0.1396
nanopore	49	66	0.3635	0.1658	0.1498
nanopore	49	67	0.3647	0.1776	0.1609
nanopore	49	68	0.3675	0.1899	0.1720
nanopore	49	69	0.3691	0.2026	0.1828
nanopore	49	70	0.3703	0.2158	0.1940
nanopore	49	71	0.3703	0.2295	0.2058
nanopore	49	72	0.3712	0.2437	0.2180
nanopore	49	73	0.3724	0.2585	0.2308
nanopore	49	74	0.3736	0.2741	0.2444
nanopore	49	75	0.3740	0.2901	0.2583
nanopore	49	76	0.3740	0.3069	0.2726
nanopore	49	77	0.3748	0.3247	0.2878
nanopore	49	78	0.3752	0.3434	0.3030
nanopore	49	79	0.3752	0.3632	0.3193
nanopore	49	80	0.3756	0.3843	0.3365
nanopore	49	81	0.3756	0.4071	0.3551
nanopore	49	82	0.3756	0.4313	0.3734
nanopore	49	83	0.3760	0.4570	0.3957
nanopore	49	84	0.3764	0.4850	0.4194
nanopore	49	85	0.3764	0.5149	0.4442
nanopore	49	86	0.3764	0.5479	0.4719
nanopore	49	87	0.3764	0.5842	0.4989
nanopore	49	88	0.3764	0.6247	0.5307
nanopore	49	89	0.3768	0.6709	0.5676
nanopore	49	90	0.3768	0.7238	0.6072
nanopore	49	91	0.3772	0.7842	0.6527
nanopore	49	92	0.3772	0.8547	0.7073
nanopore	49	93	0.3772	0.9417	0.7666
nanopore	49	94	0.3776	1.0513	0.8468
nanopore	49	95	0.3776	1.1941	0.9444
nanopore	49	96	0.3780	1.3991	1.0735
nanopore	49	97	0.3780	1.6972	1.2717
nanopore	49	98	0.3780	2.2339	1.6262
nanopore	49	99	0.3780	3.5205	2.6287
pacbio_nanopore_preset	1	51	0.8304	1.0420	0.8396
pacbio_nanopore_preset	1	52	0.8359	1.0602	0.8494
pacbio_nanopore_preset	1	53	0.8426	1.0784	0.8619
pacbio_nanopore_preset	1	54	0.8459	1.0974	0.8724
pacbio_nanopore_preset	1	55	0.8514	1.1166	0.8816
pacbio_nanopore_preset	1	56	0.8670	1.1369	0.8931
pacbio_nanopore_preset	1	57	0.8736	1.1576	0.9050
pacbio_nanopore_preset	1	58	0.8880	1.1791	0.9220
pacbio_nanopore_preset	1	59	0.8991	1.2010	0.9356
pacbio_nanopore_preset	1	60	0.9102	1.2236	0.9489
pacbio_nanopore_preset	1	61	0.9146	1.2465	0.9597
pacbio_nanopore_preset	1	62	0.9224	1.2705	0.9705
pacbio_nanopore_preset	1	63	0.9279	1.2954	0.9845
pacbio_nanopore_preset	1	64	0.9279	1.3207	0.9976
pacbio_nanopore_preset	1	65	0.9290	1.3475	1.0118
pacbio_nanopore_preset	1	66	0.9290	1.3757	1.0274
pacbio_nanopore_preset	1	67	0.9335	1.4050	1.0417
pacbio_nanopore_preset	1	68	0.9346	1.4353	1.0560
pacbio_nanopore_preset	1	69	0.9379	1.4672	1.0703
pacbio_nanopore_preset	1	70	0.9424	1.5014	1.0864
pacbio_nanopore_preset	1	71	0.9435	1.5378	1.1032
pacbio_nanopore_preset	1	72	0.9457	1.5768	1.1239
pacbio_nanopore_preset	1	73	0.9490	1.6178	1.1416
pacbio_nanopore_preset	1	74	0.9490	1.6604	1.1654
pacbio_nanopore_preset	1	75	0.9490	1.7053	1.1859
pacbio_nanopore_preset	1	76	0.9501	1.7531	1.2132
pacbio_nanopore_preset	1	77	0.9501	1.8047	1.2357
pacbio_nanopore_preset	1	78	0.9523	1.8600	1.2600
pacbio_nanopore_preset	1	79	0.9523	1.9192	1.2875
pacbio_nanopore_preset	1	80	0.9523	1.9825	1.3145
pacbio_nanopore_preset	1	81	0.9534	2.0520	1.3456
pacbio_nanopore_preset	1	82	0.9568	2.1286	1.3745
pacbio_nanopore_preset	1	83	0.9579	2.2114	1.4150
pacbio_nanopore_preset	1	84	0.9590	2.3043	1.4559
pacbio_nanopore_preset	1	85	0.9601	2.4088	1.4958
pacbio_nanopore_preset	1	86	0.9601	2.5319	1.5522
pacbio_nanopore_preset	1	87	0.9601	2.6665	1.6095
pacbio_nanopore_preset	1	88	0.9601	2.8205	1.6732
pacbio_nanopore_preset	1	89	0.9601	3.0008	1.7441
pacbio_nanopore_preset	1	90	0.9601	3.2049	1.8222
pacbio_nanopore_preset	1	91	0.9601	3.4576	1.9217
pacbio_nanopore_preset	1	92	0.9601	3.7585	2.0428
pacbio_nanopore_preset	1	93	0.9601	4.1557	2.2126
pacbio_nanopore_preset	1	94	0.9601	4.6820	2.4403
pacbio_nanopore_preset	1	95	0.9601	5.3701	2.7690
pacbio_nanopore_preset	1	96	0.9601	6.3380	3.2610
pacbio_nanopore_preset	1	97	0.9601	7.8681	4.1229
pacbio_nanopore_preset	1	98	0.9601	10.3852	6.1957
pacbio_nanopore_preset	1	99	0.9601	15.7620	11.0722
pacbio_nanopore_preset	2	51	0.8126	0.9366	0.7486
pacbio_nanopore_preset	2	52	0.8182	0.9548	0.7607
pacbio_nanopore_preset	2	53	0.8248	0.9730	0.7694
pacbio_nanopore_preset	2	54	0.8282	0.9919	0.7781
pacbio_nanopore_preset	2	55	0.8337	1.0112	0.7905
pacbio_nanopore_preset	2	56	0.8492	1.0314	0.7998
pacbio_nanopore_preset	2	57	0.8559	1.0522	0.8110
pacbio_nanopore_preset	2	58	0.8703	1.0736	0.8203
pacbio_nanopore_preset	2	59	0.8814	1.0955	0.8331
pacbio_nanopore_preset	2	60	0.8925	1.1181	0.8445
pacbio_nanopore_preset	2	61	0.8969	1.1411	0.8575
pacbio_nanopore_preset	2	62	0.9047	1.1650	0.8700
pacbio_nanopore_preset	2	63	0.9102	1.1899	0.8850
pacbio_nanopore_preset	2	64	0.9102	1.2152	0.9011
pacbio_nanopore_preset	2	65	0.9113	1.2420	0.9146
pacbio_nanopore_preset	2	66	0.9113	1.2702	0.9288
pacbio_nanopore_preset	2	67	0.9157	1.2995	0.9439
pacbio_nanopore_preset	2	68	0.9169	1.3299	0.9589
pacbio_nanopore_preset	2	69	0.9202	1.3618	0.9745
pacbio_nanopore_preset	2	70	0.9246	1.3960	0.9917
pacbio_nanopore_preset	2	71	0.9257	1.4324	1.0094
pacbio_nanopore_preset	2	72	0.9279	1.4713	1.0269
pacbio_nanopore_preset	2	73	0.9313	1.5123	1.0455
pacbio_nanopore_preset	2	74	0.9313	1.5549	1.0671
pacbio_nanopore_preset	2	75	0.9313	1.5999	1.0868
pacbio_nanopore_preset	2	76	0.9324	1.6476	1.1084
pacbio_nanopore_preset	2	77	0.9324	1.6993	1.1321
pacbio_nanopore_preset	2	78	0.9346	1.7545	1.1577
pacbio_nanopore_preset	2	79	0.9346	1.8138	1.1844
pacbio_nanopore_preset	2	80	0.9346	1.8771	1.2129
pacbio_nanopore_preset	2	81	0.9357	1.9466	1.2527
pacbio_nanopore_preset	2	82	0.9390	2.0231	1.2812
pacbio_nanopore_preset	2	83	0.9401	2.1059	1.3174
pacbio_nanopore_preset	2	84	0.9412	2.1988	1.3572
pacbio_nanopore_preset	2	85	0.9424	2.3033	1.4068
pacbio_nanopore_preset	2	86	0.9424	2.4265	1.4555
pacbio_nanopore_preset	2	87	0.9424	2.5611	1.5081
pacbio_nanopore_preset	2	88	0.9424	2.7150	1.5670
pacbio_nanopore_preset	2	89	0.9424	2.8954	1.6352
pacbio_nanopore_preset	2	90	0.9424	3.0995	1.7112
pacbio_nanopore_preset	2	91	0.9424	3.3521	1.8061
pacbio_nanopore_preset	2	92	0.9424	3.6530	1.9391
pacbio_nanopore_preset	2	93	0.9424	4.0503	2.1067
pacbio_nanopore_preset	2	94	0.9424	4.5766	2.3316
pacbio_nanopore_preset	2	95	0.9424	5.2647	2.6235
pacbio_nanopore_preset	2	96	0.9424	6.2326	3.1248
pacbio_nanopore_preset	2	97	0.9424	7.7626	4.0281
pacbio_nanopore_preset	2	98	0.9424	10.2797	6.0565
pacbio_nanopore_preset	2	99	0.9424	15.6566	10.9929
pacbio_nanopore_preset	3	51	0.7916	0.8675	0.6867
pacbio_nanopore_preset	3	52	0.7971	0.8857	0.6982
pacbio_nanopore_preset	3	53	0.8038	0.9039	0.7078
pacbio_nanopore_preset	3	54	0.8071	0.9229	0.7195
pacbio_nanopore_preset	3	55	0.8126	0.9421	0.7312
pacbio_nanopore_preset	3	56	0.8282	0.9624	0.7428
pacbio_nanopore_preset	3	57	0.8348	0.9831	0.7514
pacbio_nanopore_preset	3	58	0.8492	1.0046	0.7624
pacbio_nanopore_preset	3	59	0.8603	1.0265	0.7753
pacbio_nanopore_preset	3	60	0.8714	1.0491	0.7867
pacbio_nanopore_preset	3	61	0.8758	1.0720	0.7998
pacbio_nanopore_preset	3	62	0.8836	1.0960	0.8097
pacbio_nanopore_preset	3	63	0.8891	1.1209	0.8195
pacbio_nanopore_preset	3	64	0.8891	1.1462	0.8341
pacbio_nanopore_preset	3	65	0.8902	1.1730	0.8488
pacbio_nanopore_preset	3	66	0.8902	1.2012	0.8599
pacbio_nanopore_preset	3	67	0.8947	1.2305	0.8786
pacbio_nanopore_preset	3	68	0.8958	1.2608	0.8944
pacbio_nanopore_preset	3	69	0.8991	1.2927	0.9083
pacbio_nanopore_preset	3	70	0.9035	1.3269	0.9262
pacbio_nanopore_preset	3	71	0.9047	1.3633	0.9444
pacbio_nanopore_preset	3	72	0.9069	1.4023	0.9652
pacbio_nanopore_preset	3	73	0.9102	1.4433	0.9823
pacbio_nanopore_preset	3	74	0.9102	1.4859	1.0055
pacbio_nanopore_preset	3	75	0.9102	1.5308	1.0241
pacbio_nanopore_preset	3	76	0.9113	1.5786	1.0505
pacbio_nanopore_preset	3	77	0.9113	1.6303	1.0780
pacbio_nanopore_preset	3	78	0.9135	1.6855	1.0981
pacbio_nanopore_preset	3	79	0.9135	1.7447	1.1263
pacbio_nanopore_preset	3	80	0.9135	1.8080	1.1494
pacbio_nanopore_preset	3	81	0.9146	1.8775	1.1795
pacbio_nanopore_preset	3	82	0.9180	1.9541	1.2128
pacbio_nanopore_preset	3	83	0.9191	2.0369	1.2479
pacbio_nanopore_preset	3	84	0.9202	2.1298	1.2928
pacbio_nanopore_preset	3	85	0.9213	2.2343	1.3291
pacbio_nanopore_preset	3	86	0.9213	2.3575	1.3814
pacbio_nanopore_preset	3	87	0.9213	2.4920	1.4294
pacbio_nanopore_preset	3	88	0.9213	2.6460	1.4968
pacbio_nanopore_preset	3	89	0.9213	2.8263	1.5618
pacbio_nanopore_preset	3	90	0.9213	3.0304	1.6443
pacbio_nanopore_preset	3	91	0.9213	3.2831	1.7399
pacbio_nanopore_preset	3	92	0.9213	3.5840	1.8691
pacbio_nanopore_preset	3	93	0.9213	3.9812	2.0278
pacbio_nanopore_preset	3	94	0.9213	4.5075	2.2491
pacbio_nanopore_preset	3	95	0.9213	5.1956	2.5643
pacbio_nanopore_preset	3	96	0.9213	6.1635	3.0756
pacbio_nanopore_preset	3	97	0.9213	7.6936	3.9563
pacbio_nanopore_preset	3	98	0.9213	10.2107	5.9822
pacbio_nanopore_preset	3	99	0.9213	15.5875	10.8922
pacbio_nanopore_preset	4	51	0.7694	0.8145	0.6402
pacbio_nanopore_preset	4	52	0.7749	0.8326	0.6517
pacbio_nanopore_preset	4	53	0.7816	0.8509	0.6612
pacbio_nanopore_preset	4	54	0.7849	0.8698	0.6702
pacbio_nanopore_preset	4	55	0.7905	0.8891	0.6814
pacbio_nanopore_preset	4	56	0.8060	0.9093	0.6914
pacbio_nanopore_preset	4	57	0.8126	0.9301	0.7018
pacbio_nanopore_preset	4	58	0.8271	0.9515	0.7134
pacbio_nanopore_preset	4	59	0.8381	0.9734	0.7260
pacbio_nanopore_preset	4	60	0.8492	0.9960	0.7379
pacbio_nanopore_preset	4	61	0.8537	1.0189	0.7492
pacbio_nanopore_preset	4	62	0.8614	1.0429	0.7594
pacbio_nanopore_preset	4	63	0.8670	1.0678	0.7687
pacbio_nanopore_preset	4	64	0.8670	1.0931	0.7837
pacbio_nanopore_preset	4	65	0.8681	1.1199	0.7980
pacbio_nanopore_preset	4	66	0.8681	1.1481	0.8127
pacbio_nanopore_preset	4	67	0.8725	1.1774	0.8315
pacbio_nanopore_preset	4	68	0.8736	1.2077	0.8474
pacbio_nanopore_preset	4	69	0.8769	1.2397	0.8636
pacbio_nanopore_preset	4	70	0.8814	1.2739	0.8792
pacbio_nanopore_preset	4	71	0.8825	1.3103	0.8983
pacbio_nanopore_preset	4	72	0.8847	1.3492	0.9178
pacbio_nanopore_preset	4	73	0.8880	1.3902	0.9396
pacbio_nanopore_preset	4	74	0.8880	1.4328	0.9596
pacbio_nanopore_preset	4	75	0.8880	1.4778	0.9796
pacbio_nanopore_preset	4	76	0.8891	1.5255	0.9991
pacbio_nanopore_preset	4	77	0.8891	1.5772	1.0226
pacbio_nanopore_preset	4	78	0.8914	1.6324	1.0469
pacbio_nanopore_preset	4	79	0.8914	1.6917	1.0761
pacbio_nanopore_preset	4	80	0.8914	1.7550	1.1007
pacbio_nanopore_preset	4	81	0.8925	1.8245	1.1267
pacbio_nanopore_preset	4	82	0.8958	1.9010	1.1632
pacbio_nanopore_preset	4	83	0.8969	1.9838	1.1963
pacbio_nanopore_preset	4	84	0.8980	2.0767	1.2377
pacbio_nanopore_preset	4	85	0.8991	2.1812	1.2766
pacbio_nanopore_preset	4	86	0.8991	2.3044	1.3233
pacbio_nanopore_preset	4	87	0.8991	2.4389	1.3770
pacbio_nanopore_preset	4	88	0.8991	2.5929	1.4399
pacbio_nanopore_preset	4	89	0.8991	2.7733	1.5065
pacbio_nanopore_preset	4	90	0.8991	2.9774	1.5890
pacbio_nanopore_preset	4	91	0.8991	3.2300	1.6896
pacbio_nanopore_preset	4	92	0.8991	3.5309	1.8206
pacbio_nanopore_preset	4	93	0.8991	3.9281	1.9923
pacbio_nanopore_preset	4	94	0.8991	4.4545	2.1951
pacbio_nanopore_preset	4	95	0.8991	5.1426	2.5203
pacbio_nanopore_preset	4	96	0.8991	6.1105	3.0292
pacbio_nanopore_preset	4	97	0.8991	7.6405	3.9215
pacbio_nanopore_preset	4	98	0.8991	10.1576	5.9308
pacbio_nanopore_preset	4	99	0.8991	15.5345	10.8612
pacbio_nanopore_preset	5	51	0.7428	0.7713	0.6008
pacbio_nanopore_preset	5	52	0.7483	0.7895	0.6132
pacbio_nanopore_preset	5	53	0.7550	0.8077	0.6234
pacbio_nanopore_preset	5	54	0.7583	0.8267	0.6345
pacbio_nanopore_preset	5	55	0.7639	0.8459	0.6443
pacbio_nanopore_preset	5	56	0.7794	0.8661	0.6558
pacbio_nanopore_preset	5	57	0.7860	0.8869	0.6665
pacbio_nanopore_preset	5	58	0.8004	0.9084	0.6788
pacbio_nanopore_preset	5	59	0.8115	0.9303	0.6882
pacbio_nanopore_preset	5	60	0.8226	0.9529	0.6989
pacbio_nanopore_preset	5	61	0.8271	0.9758	0.7095
pacbio_nanopore_preset	5	62	0.8348	0.9998	0.7231
pacbio_nanopore_preset	5	63	0.8404	1.0246	0.7355
pacbio_nanopore_preset	5	64	0.8404	1.0500	0.7508
pacbio_nanopore_preset	5	65	0.8415	1.0768	0.7661
pacbio_nanopore_preset	5	66	0.8415	1.1050	0.7831
pacbio_nanopore_preset	5	67	0.8459	1.1343	0.7992
pacbio_nanopore_preset	5	68	0.8470	1.1646	0.8143
pacbio_nanopore_preset	5	69	0.8503	1.1965	0.8292
pacbio_nanopore_preset	5	70	0.8548	1.2307	0.8452
pacbio_nanopore_preset	5	71	0.8559	1.2671	0.8618
pacbio_nanopore_preset	5	72	0.8581	1.3061	0.8789
pacbio_nanopore_preset	5	73	0.8614	1.3471	0.8972
pacbio_nanopore_preset	5	74	0.8614	1.3897	0.9158
pacbio_nanopore_preset	5	75	0.8614	1.4346	0.9374
pacbio_nanopore_preset	5	76	0.8625	1.4824	0.9623
pacbio_nanopore_preset	5	77	0.8625	1.5340	0.9843
pacbio_nanopore_preset	5	78	0.8647	1.5893	1.0106
pacbio_nanopore_preset	5	79	0.8647	1.6485	1.0355
pacbio_nanopore_preset	5	80	0.8647	1.7118	1.0598
pacbio_nanopore_preset	5	81	0.8659	1.7813	1.0900
pacbio_nanopore_preset	5	82	0.8692	1.8578	1.1220
pacbio_nanopore_preset	5	83	0.8703	1.9407	1.1581
pacbio_nanopore_preset	5	84	0.8714	2.0336	1.1966
pacbio_nanopore_preset	5	85	0.8725	2.1381	1.2370
pacbio_nanopore_preset	5	86	0.8725	2.2612	1.2829
pacbio_nanopore_preset	5	87	0.8725	2.3958	1.3366
pacbio_nanopore_preset	5	88	0.8725	2.5498	1.3989
pacbio_nanopore_preset	5	89	0.8725	2.7301	1.4694
pacbio_nanopore_preset	5	90	0.8725	2.9342	1.5494
pacbio_nanopore_preset	5	91	0.8725	3.1869	1.6544
pacbio_nanopore_preset	5	92	0.8725	3.4877	1.7776
pacbio_nanopore_preset	5	93	0.8725	3.8850	1.9452
pacbio_nanopore_preset	5	94	0.8725	4.4113	2.1591
pacbio_nanopore_preset	5	95	0.8725	5.0994	2.4819
pacbio_nanopore_preset	5	96	0.8725	6.0673	2.9892
pacbio_nanopore_preset	5	97	0.8725	7.5973	3.8898
pacbio_nanopore_preset	5	98	0.8725	10.1145	5.8953
pacbio_nanopore_preset	5	99	0.8725	15.4913	10.8412
pacbio_nanopore_preset	6	51	0.7206	0.7353	0.5641
pacbio_nanopore_preset	6	52	0.7262	0.7535	0.5753
pacbio_nanopore_preset	6	53	0.7328	0.7717	0.5853
pacbio_nanopore_preset	6	54	0.7361	0.7907	0.5950
pacbio_nanopore_preset	6	55	0.7417	0.8099	0.6069
pacbio_nanopore_preset	6	56	0.7572	0.8302	0.6186
pacbio_nanopore_preset	6	57	0.7639	0.8509	0.6297
pacbio_nanopore_preset	6	58	0.7783	0.8724	0.6371
pacbio_nanopore_preset	6	59	0.7894	0.8943	0.6504
pacbio_nanopore_preset	6	60	0.8004	0.9169	0.6649
pacbio_nanopore_preset	6	61	0.8049	0.9398	0.6763
pacbio_nanopore_preset	6	62	0.8126	0.9638	0.6902
pacbio_nanopore_preset	6	63	0.8182	0.9886	0.7064
pacbio_nanopore_preset	6	64	0.8182	1.0140	0.7236
pacbio_nanopore_preset	6	65	0.8193	1.0408	0.7399
pacbio_nanopore_preset	6	66	0.8193	1.0690	0.7532
pacbio_nanopore_preset	6	67	0.8237	1.0983	0.7709
pacbio_nanopore_preset	6	68	0.8248	1.1286	0.7894
pacbio_nanopore_preset	6	69	0.8282	1.1605	0.8037
pacbio_nanopore_preset	6	70	0.8326	1.1947	0.8208
pacbio_nanopore_preset	6	71	0.8337	1.2311	0.8360
pacbio_nanopore_preset	6	72	0.8359	1.2701	0.8525
pacbio_nanopore_preset	6	73	0.8392	1.3111	0.8700
pacbio_nanopore_preset	6	74	0.8392	1.3537	0.8868
pacbio_nanopore_preset	6	75	0.8392	1.3986	0.9111
pacbio_nanopore_preset	6	76	0.8404	1.4464	0.9289
pacbio_nanopore_preset	6	77	0.8404	1.4980	0.9534
pacbio_nanopore_preset	6	78	0.8426	1.5533	0.9791
pacbio_nanopore_preset	6	79	0.8426	1.6125	1.0023
pacbio_nanopore_preset	6	80	0.8426	1.6758	1.0312
pacbio_nanopore_preset	6	81	0.8437	1.7453	1.0632
pacbio_nanopore_preset	6	82	0.8470	1.8219	1.0928
pacbio_nanopore_preset	6	83	0.8481	1.9047	1.1295
pacbio_nanopore_preset	6	84	0.8492	1.9976	1.1651
pacbio_nanopore_preset	6	85	0.8503	2.1021	1.2054
pacbio_nanopore_preset	6	86	0.8503	2.2252	1.2507
pacbio_nanopore_preset	6	87	0.8503	2.3598	1.3084
pacbio_nanopore_preset	6	88	0.8503	2.5138	1.3655
pacbio_nanopore_preset	6	89	0.8503	2.6941	1.4419
pacbio_nanopore_preset	6	90	0.8503	2.8982	1.5188
pacbio_nanopore_preset	6	91	0.8503	3.1509	1.6261
pacbio_nanopore_preset	6	92	0.8503	3.4518	1.7468
pacbio_nanopore_preset	6	93	0.8503	3.8490	1.9177
pacbio_nanopore_preset	6	94	0.8503	4.3753	2.1298
pacbio_nanopore_preset	6	95	0.8503	5.0634	2.4464
pacbio_nanopore_preset	6	96	0.8503	6.0313	2.9602
pacbio_nanopore_preset	6	97	0.8503	7.5614	3.8694
pacbio_nanopore_preset	6	98	0.8503	10.0785	5.8584
pacbio_nanopore_preset	6	99	0.8503	15.4553	10.8207
pacbio_nanopore_preset	7	51	0.6984	0.7031	0.5288
pacbio_nanopore_preset	7	52	0.7040	0.7212	0.5409
pacbio_nanopore_preset	7	53	0.7106	0.7395	0.5532
pacbio_nanopore_preset	7	54	0.7140	0.7584	0.5659
pacbio_nanopore_preset	7	55	0.7195	0.7777	0.5759
pacbio_nanopore_preset	7	56	0.7350	0.7979	0.5876
pacbio_nanopore_preset	7	57	0.7417	0.8187	0.5984
pacbio_nanopore_preset	7	58	0.7561	0.8401	0.6107
pacbio_nanopore_preset	7	59	0.7672	0.8620	0.6250
pacbio_nanopore_preset	7	60	0.7783	0.8846	0.6403
pacbio_nanopore_preset	7	61	0.7827	0.9075	0.6547
pacbio_nanopore_preset	7	62	0.7905	0.9315	0.6700
pacbio_nanopore_preset	7	63	0.7960	0.9564	0.6842
pacbio_nanopore_preset	7	64	0.7960	0.9817	0.7014
pacbio_nanopore_preset	7	65	0.7971	1.0085	0.7166
pacbio_nanopore_preset	7	66	0.7971	1.0367	0.7317
pacbio_nanopore_preset	7	67	0.8016	1.0660	0.7492
pacbio_nanopore_preset	7	68	0.8027	1.0963	0.7660
pacbio_nanopore_preset	7	69	0.8060	1.1283	0.7779
pacbio_nanopore_preset	7	70	0.8104	1.1625	0.7969
pacbio_nanopore_preset	7	71	0.8115	1.1989	0.8136
pacbio_nanopore_preset	7	72	0.8137	1.2378	0.8317
pacbio_nanopore_preset	7	73	0.8171	1.2788	0.8496
pacbio_nanopore_preset	7	74	0.8171	1.3214	0.8667
pacbio_nanopore_preset	7	75	0.8171	1.3664	0.8842
pacbio_nanopore_preset	7	76	0.8182	1.4141	0.9069
pacbio_nanopore_preset	7	77	0.8182	1.4658	0.9274
pacbio_nanopore_preset	7	78	0.8204	1.5210	0.9485
pacbio_nanopore_preset	7	79	0.8204	1.5803	0.9746
pacbio_nanopore_preset	7	80	0.8204	1.6436	1.0069
pacbio_nanopore_preset	7	81	0.8215	1.7131	1.0377
pacbio_nanopore_preset	7	82	0.8248	1.7896	1.0659
pacbio_nanopore_preset	7	83	0.8259	1.8724	1.1062
pacbio_nanopore_preset	7	84	0.8271	1.9653	1.1406
pacbio_nanopore_preset	7	85	0.8282	2.0698	1.1809
pacbio_nanopore_preset	7	86	0.8282	2.1930	1.2279
pacbio_nanopore_preset	7	87	0.8282	2.3275	1.2780
pacbio_nanopore_preset	7	88	0.8282	2.4815	1.3418
pacbio_nanopore_preset	7	89	0.8282	2.6619	1.4142
pacbio_nanopore_preset	7	90	0.8282	2.8660	1.4945
pacbio_nanopore_preset	7	91	0.8282	3.1186	1.6006
pacbio_nanopore_preset	7	92	0.8282	3.4195	1.7219
pacbio_nanopore_preset	7	93	0.8282	3.8167	1.8852
pacbio_nanopore_preset	7	94	0.8282	4.3431	2.0928
pacbio_nanopore_preset	7	95	0.8282	5.0312	2.4242
pacbio_nanopore_preset	7	96	0.8282	5.9991	2.9281
pacbio_nanopore_preset	7	97	0.8282	7.5291	3.8492
pacbio_nanopore_preset	7	98	0.8282	10.0462	5.8354
pacbio_nanopore_preset	7	99	0.8282	15.4231	10.8011
pacbio_nanopore_preset	8	51	0.6729	0.6742	0.5048
pacbio_nanopore_preset	8	52	0.6785	0.6924	0.5146
pacbio_nanopore_preset	8	53	0.6851	0.7106	0.5269
pacbio_nanopore_preset	8	54	0.6885	0.7296	0.5378
pacbio_nanopore_preset	8	55	0.6940	0.7488	0.5497
pacbio_nanopore_preset	8	56	0.7095	0.7691	0.5603
pacbio_nanopore_preset	8	57	0.7162	0.7898	0.5733
pacbio_nanopore_preset	8	58	0.7306	0.8113	0.5871
pacbio_nanopore_preset	8	59	0.7417	0.8332	0.6016
pacbio_nanopore_preset	8	60	0.7528	0.8558	0.6152
pacbio_nanopore_preset	8	61	0.7572	0.8787	0.6281
pacbio_nanopore_preset	8	62	0.7650	0.9027	0.6423
pacbio_nanopore_preset	8	63	0.7705	0.9275	0.6598
pacbio_nanopore_preset	8	64	0.7705	0.9529	0.6739
pacbio_nanopore_preset	8	65	0.7716	0.9797	0.6890
pacbio_nanopore_preset	8	66	0.7716	1.0079	0.7039
pacbio_nanopore_preset	8	67	0.7761	1.0372	0.7169
pacbio_nanopore_preset	8	68	0.7772	1.0675	0.7315
pacbio_nanopore_preset	8	69	0.7805	1.0994	0.7498
pacbio_nanopore_preset	8	70	0.7849	1.1336	0.7673
pacbio_nanopore_preset	8	71	0.7860	1.1700	0.7850
pacbio_nanopore_preset	8	72	0.7882	1.2090	0.8038
pacbio_nanopore_preset	8	73	0.7916	1.2500	0.8241
pacbio_nanopore_preset	8	74	0.7916	1.2926	0.8420
pacbio_nanopore_preset	8	75	0.7916	1.3375	0.8602
pacbio_nanopore_preset	8	76	0.7927	1.3853	0.8786
pacbio_nanopore_preset	8	77	0.7927	1.4369	0.9028
pacbio_nanopore_preset	8	78	0.7949	1.4922	0.9266
pacbio_nanopore_preset	8	79	0.7949	1.5514	0.9501
pacbio_nanopore_preset	8	80	0.7949	1.6147	0.9796
pacbio_nanopore_preset	8	81	0.7960	1.6842	1.0101
pacbio_nanopore_preset	8	82	0.7993	1.7608	1.0419
pacbio_nanopore_preset	8	83	0.8004	1.8436	1.0763
pacbio_nanopore_preset	8	84	0.8016	1.9365	1.1103
pacbio_nanopore_preset	8	85	0.8027	2.0410	1.1517
pacbio_nanopore_preset	8	86	0.8027	2.1641	1.2015
pacbio_nanopore_preset	8	87	0.8027	2.2987	1.2482
pacbio_nanopore_preset	8	88	0.8027	2.4527	1.3183
pacbio_nanopore_preset	8	89	0.8027	2.6330	1.3806
pacbio_nanopore_preset	8	90	0.8027	2.8371	1.4605
pacbio_nanopore_preset	8	91	0.8027	3.0898	1.5705
pacbio_nanopore_preset	8	92	0.8027	3.3906	1.6936
pacbio_nanopore_preset	8	93	0.8027	3.7879	1.8523
pacbio_nanopore_preset	8	94	0.8027	4.3142	2.0687
pacbio_nanopore_preset	8	95	0.8027	5.0023	2.4042
pacbio_nanopore_preset	8	96	0.8027	5.9702	2.9002
pacbio_nanopore_preset	8	97	0.8027	7.5002	3.8332
pacbio_nanopore_preset	8	98	0.8027	10.0174	5.8208
pacbio_nanopore_preset	8	99	0.8027	15.3942	10.7746
pacbio_nanopore_preset	9	51	0.6475	0.6477	0.4781
pacbio_nanopore_preset	9	52	0.6530	0.6659	0.4895
pacbio_nanopore_preset	9	53	0.6596	0.6842	0.5013
pacbio_nanopore_preset	9	54	0.6630	0.7031	0.5127
pacbio_nanopore_preset	9	55	0.6685	0.7223	0.5255
pacbio_nanopore_preset	9	56	0.6840	0.7426	0.5394
pacbio_nanopore_preset	9	57	0.6907	0.7634	0.5511
pacbio_nanopore_preset	9	58	0.7051	0.7848	0.5616
pacbio_nanopore_preset	9	59	0.7162	0.8067	0.5755
pacbio_nanopore_preset	9	60	0.7273	0.8293	0.5887
pacbio_nanopore_preset	9	61	0.7317	0.8522	0.6045
pacbio_nanopore_preset	9	62	0.7395	0.8762	0.6180
pacbio_nanopore_preset	9	63	0.7450	0.9011	0.6331
pacbio_nanopore_preset	9	64	0.7450	0.9264	0.6463
pacbio_nanopore_preset	9	65	0.7461	0.9532	0.6605
pacbio_nanopore_preset	9	66	0.7461	0.9814	0.6743
pacbio_nanopore_preset	9	67	0.7506	1.0107	0.6908
pacbio_nanopore_preset	9	68	0.7517	1.0410	0.7055
pacbio_nanopore_preset	9	69	0.7550	1.0730	0.7229
pacbio_nanopore_preset	9	70	0.7594	1.1071	0.7434
pacbio_nanopore_preset	9	71	0.7605	1.1435	0.7615
pacbio_nanopore_preset	9	72	0.7627	1.1825	0.7810
pacbio_nanopore_preset	9	73	0.7661	1.2235	0.8035
pacbio_nanopore_preset	9	74	0.7661	1.2661	0.8225
pacbio_nanopore_preset	9	75	0.7661	1.3111	0.8431
pacbio_nanopore_preset	9	76	0.7672	1.3588	0.8586
pacbio_nanopore_preset	9	77	0.7672	1.4105	0.8818
pacbio_nanopore_preset	9	78	0.7694	1.4657	0.9043
pacbio_nanopore_preset	9	79	0.7694	1.5249	0.9281
pacbio_nanopore_preset	9	80	0.7694	1.5882	0.9563
pacbio_nanopore_preset	9	81	0.7705	1.6578	0.9811
pacbio_nanopore_preset	9	82	0.7738	1.7343	1.0195
pacbio_nanopore_preset	9	83	0.7749	1.8171	1.0515
pacbio_nanopore_preset	9	84	0.7761	1.9100	1.0903
pacbio_nanopore_preset	9	85	0.7772	2.0145	1.1312
pacbio_nanopore_preset	9	86	0.7772	2.1377	1.1757
pacbio_nanopore_preset	9	87	0.7772	2.2722	1.2258
pacbio_nanopore_preset	9	88	0.7772	2.4262	1.2956
pacbio_nanopore_preset	9	89	0.7772	2.6066	1.3580
pacbio_nanopore_preset	9	90	0.7772	2.8107	1.4416
pacbio_nanopore_preset	9	91	0.7772	3.0633	1.5449
pacbio_nanopore_preset	9	92	0.7772	3.3642	1.6734
pacbio_nanopore_preset	9	93	0.7772	3.7614	1.8317
pacbio_nanopore_preset	9	94	0.7772	4.2878	2.0484
pacbio_nanopore_preset	9	95	0.7772	4.9759	2.3839
pacbio_nanopore_preset	9	96	0.7772	5.9438	2.8832
pacbio_nanopore_preset	9	97	0.7772	7.4738	3.8147
pacbio_nanopore_preset	9	98	0.7772	9.9909	5.8073
pacbio_nanopore_preset	9	99	0.7772	15.3677	10.7491
pacbio_nanopore_preset	10	51	0.6353	0.6238	0.4559
pacbio_nanopore_preset	10	52	0.6408	0.6420	0.4668
pacbio_nanopore_preset	10	53	0.6475	0.6602	0.4792
pacbio_nanopore_preset	10	54	0.6508	0.6791	0.4914
pacbio_nanopore_preset	10	55	0.6563	0.6984	0.5024
pacbio_nanopore_preset	10	56	0.6718	0.7186	0.5155
pacbio_nanopore_preset	10	57	0.6785	0.7394	0.5265
pacbio_nanopore_preset	10	58	0.6929	0.7608	0.5389
pacbio_nanopore_preset	10	59	0.7040	0.7828	0.5520
pacbio_nanopore_preset	10	60	0.7151	0.8054	0.5663
pacbio_nanopore_preset	10	61	0.7195	0.8283	0.5814
pacbio_nanopore_preset	10	62	0.7273	0.8522	0.5945
pacbio_nanopore_preset	10	63	0.7328	0.8771	0.6085
pacbio_nanopore_preset	10	64	0.7328	0.9025	0.6209
pacbio_nanopore_preset	10	65	0.7339	0.9293	0.6343
pacbio_nanopore_preset	10	66	0.7339	0.9574	0.6500
pacbio_nanopore_preset	10	67	0.7384	0.9867	0.6678
pacbio_nanopore_preset	10	68	0.7395	1.0171	0.6834
pacbio_nanopore_preset	10	69	0.7428	1.0490	0.6999
pacbio_nanopore_preset	10	70	0.7472	1.0832	0.7196
pacbio_nanopore_preset	10	71	0.7483	1.1196	0.7357
pacbio_nanopore_preset	10	72	0.7506	1.1585	0.7560
pacbio_nanopore_preset	10	73	0.7539	1.1996	0.7771
pacbio_nanopore_preset	10	74	0.7539	1.2421	0.7994
pacbio_nanopore_preset	10	75	0.7539	1.2871	0.8192
pacbio_nanopore_preset	10	76	0.7550	1.3349	0.8424
pacbio_nanopore_preset	10	77	0.7550	1.3865	0.8633
pacbio_nanopore_preset	10	78	0.7572	1.4417	0.8839
pacbio_nanopore_preset	10	79	0.7572	1.5010	0.9073
pacbio_nanopore_preset	10	80	0.7572	1.5643	0.9352
pacbio_nanopore_preset	10	81	0.7583	1.6338	0.9649
pacbio_nanopore_preset	10	82	0.7616	1.7103	1.0032
pacbio_nanopore_preset	10	83	0.7627	1.7931	1.0349
pacbio_nanopore_preset	10	84	0.7639	1.8860	1.0733
pacbio_nanopore_preset	10	85	0.7650	1.9906	1.1155
pacbio_nanopore_preset	10	86	0.7650	2.1137	1.1560
pacbio_nanopore_preset	10	87	0.7650	2.2483	1.2087
pacbio_nanopore_preset	10	88	0.7650	2.4023	1.2754
pacbio_nanopore_preset	10	89	0.7650	2.5826	1.3353
pacbio_nanopore_preset	10	90	0.7650	2.7867	1.4159
pacbio_nanopore_preset	10	91	0.7650	3.0393	1.5182
pacbio_nanopore_preset	10	92	0.7650	3.3402	1.6520
pacbio_nanopore_preset	10	93	0.7650	3.7375	1.8116
pacbio_nanopore_preset	10	94	0.7650	4.2638	2.0292
pacbio_nanopore_preset	10	95	0.7650	4.9519	2.3535
pacbio_nanopore_preset	10	96	0.7650	5.9198	2.8614
pacbio_nanopore_preset	10	97	0.7650	7.4498	3.7985
pacbio_nanopore_preset	10	98	0.7650	9.9670	5.7938
pacbio_nanopore_preset	10	99	0.7650	15.3438	10.7275
pacbio_nanopore_preset	11	51	0.6075	0.6016	0.4358
pacbio_nanopore_preset	11	52	0.6131	0.6198	0.4463
pacbio_nanopore_preset	11	53	0.6197	0.6381	0.4579
pacbio_nanopore_preset	11	54	0.6231	0.6570	0.4712
pacbio_nanopore_preset	11	55	0.6286	0.6762	0.4828
pacbio_nanopore_preset	11	56	0.6441	0.6965	0.4953
pacbio_nanopore_preset	11	57	0.6508	0.7173	0.5078
pacbio_nanopore_preset	11	58	0.6652	0.7387	0.5221
pacbio_nanopore_preset	11	59	0.6763	0.7606	0.5341
pacbio_nanopore_preset	11	60	0.6874	0.7832	0.5453
pacbio_nanopore_preset	11	61	0.6918	0.8061	0.5606
pacbio_nanopore_preset	11	62	0.6996	0.8301	0.5747
pacbio_nanopore_preset	11	63	0.7051	0.8550	0.5873
pacbio_nanopore_preset	11	64	0.7051	0.8803	0.6013
pacbio_nanopore_preset	11	65	0.7062	0.9071	0.6172
pacbio_nanopore_preset	11	66	0.7062	0.9353	0.6324
pacbio_nanopore_preset	11	67	0.7106	0.9646	0.6496
pacbio_nanopore_preset	11	68	0.7118	0.9949	0.6626
pacbio_nanopore_preset	11	69	0.7151	1.0269	0.6816
pacbio_nanopore_preset	11	70	0.7195	1.0610	0.6988
pacbio_nanopore_preset	11	71	0.7206	1.0974	0.7184
pacbio_nanopore_preset	11	72	0.7228	1.1364	0.7371
pacbio_nanopore_preset	11	73	0.7262	1.1774	0.7576
pacbio_nanopore_preset	11	74	0.7262	1.2200	0.7785
pacbio_nanopore_preset	11	75	0.7262	1.2650	0.7997
pacbio_nanopore_preset	11	76	0.7273	1.3127	0.8210
pacbio_nanopore_preset	11	77	0.7273	1.3644	0.8434
pacbio_nanopore_preset	11	78	0.7295	1.4196	0.8674
pacbio_nanopore_preset	11	79	0.7295	1.4788	0.8901
pacbio_nanopore_preset	11	80	0.7295	1.5421	0.9170
pacbio_nanopore_preset	11	81	0.7306	1.6117	0.9476
pacbio_nanopore_preset	11	82	0.7339	1.6882	0.9809
pacbio_nanopore_preset	11	83	0.7350	1.7710	1.0143
pacbio_nanopore_preset	11	84	0.7361	1.8639	1.0550
pacbio_nanopore_preset	11	85	0.7373	1.9684	1.0939
pacbio_nanopore_preset	11	86	0.7373	2.0916	1.1384
pacbio_nanopore_preset	11	87	0.7373	2.2261	1.1850
pacbio_nanopore_preset	11	88	0.7373	2.3801	1.2544
pacbio_nanopore_preset	11	89	0.7373	2.5605	1.3182
pacbio_nanopore_preset	11	90	0.7373	2.7645	1.3986
pacbio_nanopore_preset	11	91	0.7373	3.0172	1.4954
pacbio_nanopore_preset	11	92	0.7373	3.3181	1.6353
pacbio_nanopore_preset	11	93	0.7373	3.7153	1.7928
pacbio_nanopore_preset	11	94	0.7373	4.2417	2.0106
pacbio_nanopore_preset	11	95	0.7373	4.9297	2.3334
pacbio_nanopore_preset	11	96	0.7373	5.8976	2.8418
pacbio_nanopore_preset	11	97	0.7373	7.4277	3.7852
pacbio_nanopore_preset	11	98	0.7373	9.9448	5.7771
pacbio_nanopore_preset	11	99	0.7373	15.3216	10.7001
pacbio_nanopore_preset	12	51	0.5798	0.5814	0.4185
pacbio_nanopore_preset	12	52	0.5854	0.5996	0.4301
pacbio_nanopore_preset	12	53	0.5920	0.6178	0.4425
pacbio_nanopore_preset	12	54	0.5953	0.6367	0.4539
pacbio_nanopore_preset	12	55	0.6009	0.6560	0.4649
pacbio_nanopore_preset	12	56	0.6164	0.6762	0.4768
pacbio_nanopore_preset	12	57	0.6231	0.6970	0.4884
pacbio_nanopore_preset	12	58	0.6375	0.7184	0.5014
pacbio_nanopore_preset	12	59	0.6486	0.7403	0.5149
pacbio_nanopore_preset	12	60	0.6596	0.7629	0.5283
pacbio_nanopore_preset	12	61	0.6641	0.7859	0.5414
pacbio_nanopore_preset	12	62	0.6718	0.8098	0.5547
pacbio_nanopore_preset	12	63	0.6774	0.8347	0.5691
pacbio_nanopore_preset	12	64	0.6774	0.8600	0.5831
pacbio_nanopore_preset	12	65	0.6785	0.8869	0.5979
pacbio_nanopore_preset	12	66	0.6785	0.9150	0.6143
pacbio_nanopore_preset	12	67	0.6829	0.9443	0.6295
pacbio_nanopore_preset	12	68	0.6840	0.9747	0.6459
pacbio_nanopore_preset	12	69	0.6874	1.0066	0.6640
pacbio_nanopore_preset	12	70	0.6918	1.0408	0.6816
pacbio_nanopore_preset	12	71	0.6929	1.0772	0.6990
pacbio_nanopore_preset	12	72	0.6951	1.1161	0.7186
pacbio_nanopore_preset	12	73	0.6984	1.1571	0.7369
pacbio_nanopore_preset	12	74	0.6984	1.1997	0.7611
pacbio_nanopore_preset	12	75	0.6984	1.2447	0.7789
pacbio_nanopore_preset	12	76	0.6996	1.2925	0.8016
pacbio_nanopore_preset	12	77	0.6996	1.3441	0.8259
pacbio_nanopore_preset	12	78	0.7018	1.3993	0.8495
pacbio_nanopore_preset	12	79	0.7018	1.4586	0.8757
pacbio_nanopore_preset	12	80	0.7018	1.5219	0.9010
pacbio_nanopore_preset	12	81	0.7029	1.5914	0.9317
pacbio_nanopore_preset	12	82	0.7062	1.6679	0.9673
pacbio_nanopore_preset	12	83	0.7073	1.7507	1.0004
pacbio_nanopore_preset	12	84	0.7084	1.8436	1.0345
pacbio_nanopore_preset	12	85	0.7095	1.9482	1.0772
pacbio_nanopore_preset	12	86	0.7095	2.0713	1.1230
pacbio_nanopore_preset	12	87	0.7095	2.2059	1.1697
pacbio_nanopore_preset	12	88	0.7095	2.3599	1.2390
pacbio_nanopore_preset	12	89	0.7095	2.5402	1.3029
pacbio_nanopore_preset	12	90	0.7095	2.7443	1.3839
pacbio_nanopore_preset	12	91	0.7095	2.9969	1.4805
pacbio_nanopore_preset	12	92	0.7095	3.2978	1.6206
pacbio_nanopore_preset	12	93	0.7095	3.6951	1.7786
pacbio_nanopore_preset	12	94	0.7095	4.2214	1.9857
pacbio_nanopore_preset	12	95	0.7095	4.9095	2.3165
pacbio_nanopore_preset	12	96	0.7095	5.8774	2.8268
pacbio_nanopore_preset	12	97	0.7095	7.4074	3.7712
pacbio_nanopore_preset	12	98	0.7095	9.9246	5.7599
pacbio_nanopore_preset	12	99	0.7095	15.3014	10.6747
pacbio_nanopore_preset	13	51	0.5565	0.5623	0.4017
pacbio_nanopore_preset	13	52	0.5621	0.5805	0.4136
pacbio_nanopore_preset	13	53	0.5687	0.5988	0.4242
pacbio_nanopore_preset	13	54	0.5721	0.6177	0.4352
pacbio_nanopore_preset	13	55	0.5776	0.6369	0.4468
pacbio_nanopore_preset	13	56	0.5931	0.6572	0.4591
pacbio_nanopore_preset	13	57	0.5998	0.6780	0.4726
pacbio_nanopore_preset	13	58	0.6142	0.6994	0.4862
pacbio_nanopore_preset	13	59	0.6253	0.7213	0.4977
pacbio_nanopore_preset	13	60	0.6364	0.7439	0.5113
pacbio_nanopore_preset	13	61	0.6408	0.7668	0.5261
pacbio_nanopore_preset	13	62	0.6486	0.7908	0.5391
pacbio_nanopore_preset	13	63	0.6541	0.8157	0.5524
pacbio_nanopore_preset	13	64	0.6541	0.8410	0.5655
pacbio_nanopore_preset	13	65	0.6552	0.8678	0.5792
pacbio_nanopore_preset	13	66	0.6552	0.8960	0.5969
pacbio_nanopore_preset	13	67	0.6596	0.9253	0.6136
pacbio_nanopore_preset	13	68	0.6608	0.9556	0.6312
pacbio_nanopore_preset	13	69	0.6641	0.9876	0.6477
pacbio_nanopore_preset	13	70	0.6685	1.0217	0.6647
pacbio_nanopore_preset	13	71	0.6696	1.0581	0.6823
pacbio_nanopore_preset	13	72	0.6718	1.0971	0.7010
pacbio_nanopore_preset	13	73	0.6752	1.1381	0.7196
pacbio_nanopore_preset	13	74	0.6752	1.1807	0.7434
pacbio_nanopore_preset	13	75	0.6752	1.2257	0.7616
pacbio_nanopore_preset	13	76	0.6763	1.2734	0.7836
pacbio_nanopore_preset	13	77	0.6763	1.3251	0.8101
pacbio_nanopore_preset	13	78	0.6785	1.3803	0.8332
pacbio_nanopore_preset	13	79	0.6785	1.4395	0.8608
pacbio_nanopore_preset	13	80	0.6785	1.5028	0.8871
pacbio_nanopore_preset	13	81	0.6796	1.5724	0.9188
pacbio_nanopore_preset	13	82	0.6829	1.6489	0.9524
pacbio_nanopore_preset	13	83	0.6840	1.7317	0.9843
pacbio_nanopore_preset	13	84	0.6851	1.8246	1.0189
pacbio_nanopore_preset	13	85	0.6863	1.9291	1.0611
pacbio_nanopore_preset	13	86	0.6863	2.0523	1.1098
pacbio_nanopore_preset	13	87	0.6863	2.1868	1.1557
pacbio_nanopore_preset	13	88	0.6863	2.3408	1.2219
pacbio_nanopore_preset	13	89	0.6863	2.5212	1.2865
pacbio_nanopore_preset	13	90	0.6863	2.7252	1.3722
pacbio_nanopore_preset	13	91	0.6863	2.9779	1.4724
pacbio_nanopore_preset	13	92	0.6863	3.2788	1.6090
pacbio_nanopore_preset	13	93	0.6863	3.6760	1.7672
pacbio_nanopore_preset	13	94	0.6863	4.2024	1.9683
pacbio_nanopore_preset	13	95	0.6863	4.8904	2.3028
pacbio_nanopore_preset	13	96	0.6863	5.8583	2.8146
pacbio_nanopore_preset	13	97	0.6863	7.3884	3.7556
pacbio_nanopore_preset	13	98	0.6863	9.9055	5.7476
pacbio_nanopore_preset	13	99	0.6863	15.2823	10.6597
pacbio_nanopore_preset	14	51	0.5233	0.5443	0.3866
pacbio_nanopore_preset	14	52	0.5288	0.5625	0.3972
pacbio_nanopore_preset	14	53	0.5355	0.5807	0.4088
pacbio_nanopore_preset	14	54	0.5388	0.5996	0.4201
pacbio_nanopore_preset	14	55	0.5443	0.6189	0.4322
pacbio_nanopore_preset	14	56	0.5599	0.6391	0.4430
pacbio_nanopore_preset	14	57	0.5665	0.6599	0.4557
pacbio_nanopore_preset	14	58	0.5809	0.6813	0.4684
pacbio_nanopore_preset	14	59	0.5920	0.7032	0.4810
pacbio_nanopore_preset	14	60	0.6031	0.7258	0.4957
pacbio_nanopore_preset	14	61	0.6075	0.7488	0.5093
pacbio_nanopore_preset	14	62	0.6153	0.7727	0.5221
pacbio_nanopore_preset	14	63	0.6208	0.7976	0.5363
pacbio_nanopore_preset	14	64	0.6208	0.8229	0.5517
pacbio_nanopore_preset	14	65	0.6220	0.8497	0.5666
pacbio_nanopore_preset	14	66	0.6220	0.8779	0.5819
pacbio_nanopore_preset	14	67	0.6264	0.9072	0.5973
pacbio_nanopore_preset	14	68	0.6275	0.9376	0.6130
pacbio_nanopore_preset	14	69	0.6308	0.9695	0.6294
pacbio_nanopore_preset	14	70	0.6353	1.0037	0.6475
pacbio_nanopore_preset	14	71	0.6364	1.0401	0.6649
pacbio_nanopore_preset	14	72	0.6386	1.0790	0.6870
pacbio_nanopore_preset	14	73	0.6419	1.1200	0.7063
pacbio_nanopore_preset	14	74	0.6419	1.1626	0.7251
pacbio_nanopore_preset	14	75	0.6419	1.2076	0.7441
pacbio_nanopore_preset	14	76	0.6430	1.2553	0.7673
pacbio_nanopore_preset	14	77	0.6430	1.3070	0.7926
pacbio_nanopore_preset	14	78	0.6452	1.3622	0.8192
pacbio_nanopore_preset	14	79	0.6452	1.4215	0.8440
pacbio_nanopore_preset	14	80	0.6452	1.4848	0.8720
pacbio_nanopore_preset	14	81	0.6463	1.5543	0.9054
pacbio_nanopore_preset	14	82	0.6497	1.6308	0.9403
pacbio_nanopore_preset	14	83	0.6508	1.7136	0.9724
pacbio_nanopore_preset	14	84	0.6519	1.8065	1.0065
pacbio_nanopore_preset	14	85	0.6530	1.9110	1.0490
pacbio_nanopore_preset	14	86	0.6530	2.0342	1.0939
pacbio_nanopore_preset	14	87	0.6530	2.1688	1.1452
pacbio_nanopore_preset	14	88	0.6530	2.3227	1.2061
pacbio_nanopore_preset	14	89	0.6530	2.5031	1.2741
pacbio_nanopore_preset	14	90	0.6530	2.7072	1.3632
pacbio_nanopore_preset	14	91	0.6530	2.9598	1.4583
pacbio_nanopore_preset	14	92	0.6530	3.2607	1.5956
pacbio_nanopore_preset	14	93	0.6530	3.6580	1.7554
pacbio_nanopore_preset	14	94	0.6530	4.1843	1.9571
pacbio_nanopore_preset	14	95	0.6530	4.8724	2.2872
pacbio_nanopore_preset	14	96	0.6530	5.8403	2.8012
pacbio_nanopore_preset	14	97	0.6530	7.3703	3.7429
pacbio_nanopore_preset	14	98	0.6530	9.8874	5.7339
pacbio_nanopore_preset	14	99	0.6530	15.2643	10.6459
pacbio_nanopore_preset	15	51	0.5033	0.5268	0.3708
pacbio_nanopore_preset	15	52	0.5089	0.5450	0.3805
pacbio_nanopore_preset	15	53	0.5155	0.5632	0.3924
pacbio_nanopore_preset	15	54	0.5188	0.5822	0.4032
pacbio_nanopore_preset	15	55	0.5244	0.6014	0.4159
pacbio_nanopore_preset	15	56	0.5399	0.6217	0.4272
pacbio_nanopore_preset	15	57	0.5466	0.6424	0.4406
pacbio_nanopore_preset	15	58	0.5610	0.6639	0.4547
pacbio_nanopore_preset	15	59	0.5721	0.6858	0.4674
pacbio_nanopore_preset	15	60	0.5831	0.7084	0.4828
pacbio_nanopore_preset	15	61	0.5876	0.7313	0.4950
pacbio_nanopore_preset	15	62	0.5953	0.7553	0.5078
pacbio_nanopore_preset	15	63	0.6009	0.7802	0.5208
pacbio_nanopore_preset	15	64	0.6009	0.8055	0.5355
pacbio_nanopore_preset	15	65	0.6020	0.8323	0.5519
pacbio_nanopore_preset	15	66	0.6020	0.8605	0.5659
pacbio_nanopore_preset	15	67	0.6064	0.8898	0.5825
pacbio_nanopore_preset	15	68	0.6075	0.9201	0.5982
pacbio_nanopore_preset	15	69	0.6109	0.9520	0.6153
pacbio_nanopore_preset	15	70	0.6153	0.9862	0.6328
pacbio_nanopore_preset	15	71	0.6164	1.0226	0.6518
pacbio_nanopore_preset	15	72	0.6186	1.0616	0.6719
pacbio_nanopore_preset	15	73	0.6220	1.1026	0.6910
pacbio_nanopore_preset	15	74	0.6220	1.1452	0.7123
pacbio_nanopore_preset	15	75	0.6220	1.1901	0.7325
pacbio_nanopore_preset	15	76	0.6231	1.2379	0.7530
pacbio_nanopore_preset	15	77	0.6231	1.2896	0.7800
pacbio_nanopore_preset	15	78	0.6253	1.3448	0.8069
pacbio_nanopore_preset	15	79	0.6253	1.4040	0.8317
pacbio_nanopore_preset	15	80	0.6253	1.4673	0.8620
pacbio_nanopore_preset	15	81	0.6264	1.5368	0.8920
pacbio_nanopore_preset	15	82	0.6297	1.6134	0.9279
pacbio_nanopore_preset	15	83	0.6308	1.6962	0.9589
pacbio_nanopore_preset	15	84	0.6319	1.7891	0.9929
pacbio_nanopore_preset	15	85	0.6330	1.8936	1.0372
pacbio_nanopore_preset	15	86	0.6330	2.0167	1.0786
pacbio_nanopore_preset	15	87	0.6330	2.1513	1.1347
pacbio_nanopore_preset	15	88	0.6330	2.3053	1.1926
pacbio_nanopore_preset	15	89	0.6330	2.4856	1.2628
pacbio_nanopore_preset	15	90	0.6330	2.6897	1.3516
pacbio_nanopore_preset	15	91	0.6330	2.9424	1.4471
pacbio_nanopore_preset	15	92	0.6330	3.2433	1.5808
pacbio_nanopore_preset	15	93	0.6330	3.6405	1.7354
pacbio_nanopore_preset	15	94	0.6330	4.1668	1.9420
pacbio_nanopore_preset	15	95	0.6330	4.8549	2.2742
pacbio_nanopore_preset	15	96	0.6330	5.8228	2.7912
pacbio_nanopore_preset	15	97	0.6330	7.3529	3.7330
pacbio_nanopore_preset	15	98	0.6330	9.8700	5.7175
pacbio_nanopore_preset	15	99	0.6330	15.2468	10.6307
pacbio_nanopore_preset	16	51	0.4778	0.5101	0.3570
pacbio_nanopore_preset	16	52	0.4834	0.5283	0.3669
pacbio_nanopore_preset	16	53	0.4900	0.5466	0.3783
pacbio_nanopore_preset	16	54	0.4933	0.5655	0.3900
pacbio_nanopore_preset	16	55	0.4989	0.5847	0.4025
pacbio_nanopore_preset	16	56	0.5144	0.6050	0.4140
pacbio_nanopore_preset	16	57	0.5211	0.6258	0.4285
pacbio_nanopore_preset	16	58	0.5355	0.6472	0.4418
pacbio_nanopore_preset	16	59	0.5466	0.6691	0.4541
pacbio_nanopore_preset	16	60	0.5576	0.6917	0.4685
pacbio_nanopore_preset	16	61	0.5621	0.7146	0.4811
pacbio_nanopore_preset	16	62	0.5698	0.7386	0.4947
pacbio_nanopore_preset	16	63	0.5754	0.7635	0.5075
pacbio_nanopore_preset	16	64	0.5754	0.7888	0.5209
pacbio_nanopore_preset	16	65	0.5765	0.8156	0.5371
pacbio_nanopore_preset	16	66	0.5765	0.8438	0.5523
pacbio_nanopore_preset	16	67	0.5809	0.8731	0.5692
pacbio_nanopore_preset	16	68	0.5820	0.9034	0.5858
pacbio_nanopore_preset	16	69	0.5854	0.9354	0.6031
pacbio_nanopore_preset	16	70	0.5898	0.9695	0.6208
pacbio_nanopore_preset	16	71	0.5909	1.0059	0.6390
pacbio_nanopore_preset	16	72	0.5931	1.0449	0.6583
pacbio_nanopore_preset	16	73	0.5965	1.0859	0.6777
pacbio_nanopore_preset	16	74	0.5965	1.1285	0.6999
pacbio_nanopore_preset	16	75	0.5965	1.1735	0.7198
pacbio_nanopore_preset	16	76	0.5976	1.2212	0.7410
pacbio_nanopore_preset	16	77	0.5976	1.2729	0.7662
pacbio_nanopore_preset	16	78	0.5998	1.3281	0.7906
pacbio_nanopore_preset	16	79	0.5998	1.3873	0.8181
pacbio_nanopore_preset	16	80	0.5998	1.4506	0.8501
pacbio_nanopore_preset	16	81	0.6009	1.5202	0.8814
pacbio_nanopore_preset	16	82	0.6042	1.5967	0.9160
pacbio_nanopore_preset	16	83	0.6053	1.6795	0.9473
pacbio_nanopore_preset	16	84	0.6064	1.7724	0.9843
pacbio_nanopore_preset	16	85	0.6075	1.8769	1.0266
pacbio_nanopore_preset	16	86	0.6075	2.0001	1.0677
pacbio_nanopore_preset	16	87	0.6075	2.1346	1.1234
pacbio_nanopore_preset	16	88	0.6075	2.2886	1.1804
pacbio_nanopore_preset	16	89	0.6075	2.4690	1.2508
pacbio_nanopore_preset	16	90	0.6075	2.6730	1.3390
pacbio_nanopore_preset	16	91	0.6075	2.9257	1.4340
pacbio_nanopore_preset	16	92	0.6075	3.2266	1.5670
pacbio_nanopore_preset	16	93	0.6075	3.6238	1.7198
pacbio_nanopore_preset	16	94	0.6075	4.1502	1.9295
pacbio_nanopore_preset	16	95	0.6075	4.8382	2.2655
pacbio_nanopore_preset	16	96	0.6075	5.8061	2.7779
pacbio_nanopore_preset	16	97	0.6075	7.3362	3.7240
pacbio_nanopore_preset	16	98	0.6075	9.8533	5.7060
pacbio_nanopore_preset	16	99	0.6075	15.2301	10.6167
pacbio_nanopore_preset	17	51	0.4557	0.4942	0.3453
pacbio_nanopore_preset	17	52	0.4612	0.5124	0.3553
pacbio_nanopore_preset	17	53	0.4678	0.5307	0.3653
pacbio_nanopore_preset	17	54	0.4712	0.5496	0.3774
pacbio_nanopore_preset	17	55	0.4767	0.5688	0.3900
pacbio_nanopore_preset	17	56	0.4922	0.5891	0.4031
pacbio_nanopore_preset	17	57	0.4989	0.6099	0.4176
pacbio_nanopore_preset	17	58	0.5133	0.6313	0.4298
pacbio_nanopore_preset	17	59	0.5244	0.6532	0.4424
pacbio_nanopore_preset	17	60	0.5355	0.6758	0.4568
pacbio_nanopore_preset	17	61	0.5399	0.6987	0.4699
pacbio_nanopore_preset	17	62	0.5477	0.7227	0.4815
pacbio_nanopore_preset	17	63	0.5532	0.7476	0.4954
pacbio_nanopore_preset	17	64	0.5532	0.7729	0.5098
pacbio_nanopore_preset	17	65	0.5543	0.7997	0.5252
pacbio_nanopore_preset	17	66	0.5543	0.8279	0.5404
pacbio_nanopore_preset	17	67	0.5588	0.8572	0.5572
pacbio_nanopore_preset	17	68	0.5599	0.8875	0.5727
pacbio_nanopore_preset	17	69	0.5632	0.9195	0.5907
pacbio_nanopore_preset	17	70	0.5676	0.9536	0.6077
pacbio_nanopore_preset	17	71	0.5687	0.9901	0.6263
pacbio_nanopore_preset	17	72	0.5710	1.0290	0.6449
pacbio_nanopore_preset	17	73	0.5743	1.0700	0.6649
pacbio_nanopore_preset	17	74	0.5743	1.1126	0.6835
pacbio_nanopore_preset	17	75	0.5743	1.1576	0.7057
pacbio_nanopore_preset	17	76	0.5754	1.2053	0.7261
pacbio_nanopore_preset	17	77	0.5754	1.2570	0.7528
pacbio_nanopore_preset	17	78	0.5776	1.3122	0.7793
pacbio_nanopore_preset	17	79	0.5776	1.3714	0.8069
pacbio_nanopore_preset	17	80	0.5776	1.4348	0.8355
pacbio_nanopore_preset	17	81	0.5787	1.5043	0.8674
pacbio_nanopore_preset	17	82	0.5820	1.5808	0.9041
pacbio_nanopore_preset	17	83	0.5831	1.6636	0.9358
pacbio_nanopore_preset	17	84	0.5843	1.7565	0.9736
pacbio_nanopore_preset	17	85	0.5854	1.8610	1.0138
pacbio_nanopore_preset	17	86	0.5854	1.9842	1.0558
pacbio_nanopore_preset	17	87	0.5854	2.1187	1.1065
pacbio_nanopore_preset	17	88	0.5854	2.2727	1.1658
pacbio_nanopore_preset	17	89	0.5854	2.4531	1.2387
pacbio_nanopore_preset	17	90	0.5854	2.6572	1.3293
pacbio_nanopore_preset	17	91	0.5854	2.9098	1.4219
pacbio_nanopore_preset	17	92	0.5854	3.2107	1.5538
pacbio_nanopore_preset	17	93	0.5854	3.6079	1.7090
pacbio_nanopore_preset	17	94	0.5854	4.1343	1.9179
pacbio_nanopore_preset	17	95	0.5854	4.8224	2.2536
pacbio_nanopore_preset	17	96	0.5854	5.7903	2.7632
pacbio_nanopore_preset	17	97	0.5854	7.3203	3.7128
pacbio_nanopore_preset	17	98	0.5854	9.8374	5.6938
pacbio_nanopore_preset	17	99	0.5854	15.2142	10.6042
pacbio_nanopore_preset	18	51	0.4313	0.4788	0.3319
pacbio_nanopore_preset	18	52	0.4368	0.4970	0.3437
pacbio_nanopore_preset	18	53	0.4435	0.5153	0.3543
pacbio_nanopore_preset	18	54	0.4468	0.5342	0.3656
pacbio_nanopore_preset	18	55	0.4523	0.5534	0.3782
pacbio_nanopore_preset	18	56	0.4678	0.5737	0.3921
pacbio_nanopore_preset	18	57	0.4745	0.5945	0.4067
pacbio_nanopore_preset	18	58	0.4889	0.6159	0.4189
pacbio_nanopore_preset	18	59	0.5000	0.6378	0.4304
pacbio_nanopore_preset	18	60	0.5111	0.6604	0.4440
pacbio_nanopore_preset	18	61	0.5155	0.6833	0.4579
pacbio_nanopore_preset	18	62	0.5233	0.7073	0.4697
pacbio_nanopore_preset	18	63	0.5288	0.7322	0.4836
pacbio_nanopore_preset	18	64	0.5288	0.7575	0.4974
pacbio_nanopore_preset	18	65	0.5299	0.7843	0.5144
pacbio_nanopore_preset	18	66	0.5299	0.8125	0.5285
pacbio_nanopore_preset	18	67	0.5344	0.8418	0.5460
pacbio_nanopore_preset	18	68	0.5355	0.8721	0.5623
pacbio_nanopore_preset	18	69	0.5388	0.9041	0.5771
pacbio_nanopore_preset	18	70	0.5432	0.9382	0.5950
pacbio_nanopore_preset	18	71	0.5443	0.9746	0.6128
pacbio_nanopore_preset	18	72	0.5466	1.0136	0.6315
pacbio_nanopore_preset	18	73	0.5499	1.0546	0.6508
pacbio_nanopore_preset	18	74	0.5499	1.0972	0.6722
pacbio_nanopore_preset	18	75	0.5499	1.1421	0.6936
pacbio_nanopore_preset	18	76	0.5510	1.1899	0.7144
pacbio_nanopore_preset	18	77	0.5510	1.2416	0.7407
pacbio_nanopore_preset	18	78	0.5532	1.2968	0.7668
pacbio_nanopore_preset	18	79	0.5532	1.3560	0.7958
pacbio_nanopore_preset	18	80	0.5532	1.4193	0.8252
pacbio_nanopore_preset	18	81	0.5543	1.4888	0.8562
pacbio_nanopore_preset	18	82	0.5576	1.5654	0.8927
pacbio_nanopore_preset	18	83	0.5588	1.6482	0.9238
pacbio_nanopore_preset	18	84	0.5599	1.7411	0.9637
pacbio_nanopore_preset	18	85	0.5610	1.8456	1.0047
pacbio_nanopore_preset	18	86	0.5610	1.9688	1.0414
pacbio_nanopore_preset	18	87	0.5610	2.1033	1.0932
pacbio_nanopore_preset	18	88	0.5610	2.2573	1.1543
pacbio_nanopore_preset	18	89	0.5610	2.4377	1.2285
pacbio_nanopore_preset	18	90	0.5610	2.6417	1.3158
pacbio_nanopore_preset	18	91	0.5610	2.8944	1.4141
pacbio_nanopore_preset	18	92	0.5610	3.1953	1.5407
pacbio_nanopore_preset	18	93	0.5610	3.5925	1.6967
pacbio_nanopore_preset	18	94	0.5610	4.1189	1.9047
pacbio_nanopore_preset	18	95	0.5610	4.8069	2.2412
pacbio_nanopore_preset	18	96	0.5610	5.7748	2.7499
pacbio_nanopore_preset	18	97	0.5610	7.3049	3.7029
pacbio_nanopore_preset	18	98	0.5610	9.8220	5.6831
pacbio_nanopore_preset	18	99	0.5610	15.1988	10.5923
pacbio_nanopore_preset	19	51	0.4091	0.4638	0.3200
pacbio_nanopore_preset	19	52	0.4146	0.4820	0.3297
pacbio_nanopore_preset	19	53	0.4213	0.5003	0.3425
pacbio_nanopore_preset	19	54	0.4246	0.5192	0.3550
pacbio_nanopore_preset	19	55	0.4302	0.5384	0.3655
pacbio_nanopore_preset	19	56	0.4457	0.5587	0.3788
pacbio_nanopore_preset	19	57	0.4523	0.5795	0.3920
pacbio_nanopore_preset	19	58	0.4667	0.6009	0.4050
pacbio_nanopore_preset	19	59	0.4778	0.6228	0.4179
pacbio_nanopore_preset	19	60	0.4889	0.6454	0.4328
pacbio_nanopore_preset	19	61	0.4933	0.6683	0.4453
pacbio_nanopore_preset	19	62	0.5011	0.6923	0.4570
pacbio_nanopore_preset	19	63	0.5067	0.7172	0.4708
pacbio_nanopore_preset	19	64	0.5067	0.7425	0.4862
pacbio_nanopore_preset	19	65	0.5078	0.7693	0.5016
pacbio_nanopore_preset	19	66	0.5078	0.7975	0.5165
pacbio_nanopore_preset	19	67	0.5122	0.8268	0.5337
pacbio_nanopore_preset	19	68	0.5133	0.8571	0.5508
pacbio_nanopore_preset	19	69	0.5166	0.8891	0.5652
pacbio_nanopore_preset	19	70	0.5211	0.9232	0.5818
pacbio_nanopore_preset	19	71	0.5222	0.9596	0.5987
pacbio_nanopore_preset	19	72	0.5244	0.9986	0.6173
pacbio_nanopore_preset	19	73	0.5277	1.0396	0.6373
pacbio_nanopore_preset	19	74	0.5277	1.0822	0.6581
pacbio_nanopore_preset	19	75	0.5277	1.1272	0.6803
pacbio_nanopore_preset	19	76	0.5288	1.1749	0.7046
pacbio_nanopore_preset	19	77	0.5288	1.2266	0.7308
pacbio_nanopore_preset	19	78	0.5310	1.2818	0.7558
pacbio_nanopore_preset	19	79	0.5310	1.3410	0.7845
pacbio_nanopore_preset	19	80	0.5310	1.4043	0.8152
pacbio_nanopore_preset	19	81	0.5322	1.4739	0.8467
pacbio_nanopore_preset	19	82	0.5355	1.5504	0.8847
pacbio_nanopore_preset	19	83	0.5366	1.6332	0.9130
pacbio_nanopore_preset	19	84	0.5377	1.7261	0.9512
pacbio_nanopore_preset	19	85	0.5388	1.8306	0.9937
pacbio_nanopore_preset	19	86	0.5388	1.9538	1.0307
pacbio_nanopore_preset	19	87	0.5388	2.0883	1.0822
pacbio_nanopore_preset	19	88	0.5388	2.2423	1.1436
pacbio_nanopore_preset	19	89	0.5388	2.4227	1.2177
pacbio_nanopore_preset	19	90	0.5388	2.6267	1.3045
pacbio_nanopore_preset	19	91	0.5388	2.8794	1.3986
pacbio_nanopore_preset	19	92	0.5388	3.1803	1.5290
pacbio_nanopore_preset	19	93	0.5388	3.5775	1.6833
pacbio_nanopore_preset	19	94	0.5388	4.1039	1.8934
pacbio_nanopore_preset	19	95	0.5388	4.7919	2.2272
pacbio_nanopore_preset	19	96	0.5388	5.7598	2.7367
pacbio_nanopore_preset	19	97	0.5388	7.2899	3.6926
pacbio_nanopore_preset	19	98	0.5388	9.8070	5.6742
pacbio_nanopore_preset	19	99	0.5388	15.1838	10.5795
pacbio_nanopore_preset	20	51	0.3747	0.4489	0.3084
pacbio_nanopore_preset	20	52	0.3803	0.4671	0.3180
pacbio_nanopore_preset	20	53	0.3869	0.4853	0.3309
pacbio_nanopore_preset	20	54	0.3902	0.5043	0.3443
pacbio_nanopore_preset	20	55	0.3958	0.5235	0.3558
pacbio_nanopore_preset	20	56	0.4113	0.5438	0.3675
pacbio_nanopore_preset	20	57	0.4180	0.5645	0.3786
pacbio_nanopore_preset	20	58	0.4324	0.5860	0.3914
pacbio_nanopore_preset	20	59	0.4435	0.6079	0.4059
pacbio_nanopore_preset	20	60	0.4545	0.6305	0.4200
pacbio_nanopore_preset	20	61	0.4590	0.6534	0.4328
pacbio_nanopore_preset	20	62	0.4667	0.6774	0.4454
pacbio_nanopore_preset	20	63	0.4723	0.7023	0.4596
pacbio_nanopore_preset	20	64	0.4723	0.7276	0.4748
pacbio_nanopore_preset	20	65	0.4734	0.7544	0.4917
pacbio_nanopore_preset	20	66	0.4734	0.7826	0.5073
pacbio_nanopore_preset	20	67	0.4778	0.8119	0.5230
pacbio_nanopore_preset	20	68	0.4789	0.8422	0.5378
pacbio_nanopore_preset	20	69	0.4823	0.8741	0.5533
pacbio_nanopore_preset	20	70	0.4867	0.9083	0.5703
pacbio_nanopore_preset	20	71	0.4878	0.9447	0.5871
pacbio_nanopore_preset	20	72	0.4900	0.9837	0.6056
pacbio_nanopore_preset	20	73	0.4933	1.0247	0.6272
pacbio_nanopore_preset	20	74	0.4933	1.0673	0.6486
pacbio_nanopore_preset	20	75	0.4933	1.1122	0.6709
pacbio_nanopore_preset	20	76	0.4945	1.1600	0.6925
pacbio_nanopore_preset	20	77	0.4945	1.2117	0.7191
pacbio_nanopore_preset	20	78	0.4967	1.2669	0.7451
pacbio_nanopore_preset	20	79	0.4967	1.3261	0.7754
pacbio_nanopore_preset	20	80	0.4967	1.3894	0.8044
pacbio_nanopore_preset	20	81	0.4978	1.4589	0.8368
pacbio_nanopore_preset	20	82	0.5011	1.5355	0.8715
pacbio_nanopore_preset	20	83	0.5022	1.6183	0.9007
pacbio_nanopore_preset	20	84	0.5033	1.7112	0.9385
pacbio_nanopore_preset	20	85	0.5044	1.8157	0.9842
pacbio_nanopore_preset	20	86	0.5044	1.9389	1.0207
pacbio_nanopore_preset	20	87	0.5044	2.0734	1.0713
pacbio_nanopore_preset	20	88	0.5044	2.2274	1.1322
pacbio_nanopore_preset	20	89	0.5044	2.4077	1.2076
pacbio_nanopore_preset	20	90	0.5044	2.6118	1.2930
pacbio_nanopore_preset	20	91	0.5044	2.8645	1.3888
pacbio_nanopore_preset	20	92	0.5044	3.1654	1.5178
pacbio_nanopore_preset	20	93	0.5044	3.5626	1.6718
pacbio_nanopore_preset	20	94	0.5044	4.0889	1.8856
pacbio_nanopore_preset	20	95	0.5044	4.7770	2.2198
pacbio_nanopore_preset	20	96	0.5044	5.7449	2.7250
pacbio_nanopore_preset	20	97	0.5044	7.2750	3.6805
pacbio_nanopore_preset	20	98	0.5044	9.7921	5.6643
pacbio_nanopore_preset	20	99	0.5044	15.1689	10.5667
pacbio_nanopore_preset	21	51	0.3525	0.4346	0.2985
pacbio_nanopore_preset	21	52	0.3581	0.4528	0.3079
pacbio_nanopore_preset	21	53	0.3647	0.4710	0.3195
pacbio_nanopore_preset	21	54	0.3681	0.4899	0.3323
pacbio_nanopore_preset	21	55	0.3736	0.5092	0.3418
pacbio_nanopore_preset	21	56	0.3891	0.5294	0.3561
pacbio_nanopore_preset	21	57	0.3958	0.5502	0.3674
pacbio_nanopore_preset	21	58	0.4102	0.5716	0.3816
pacbio_nanopore_preset	21	59	0.4213	0.5936	0.3942
pacbio_nanopore_preset	21	60	0.4324	0.6162	0.4082
pacbio_nanopore_preset	21	61	0.4368	0.6391	0.4220
pacbio_nanopore_preset	21	62	0.4446	0.6631	0.4355
pacbio_nanopore_preset	21	63	0.4501	0.6879	0.4498
pacbio_nanopore_preset	21	64	0.4501	0.7133	0.4651
pacbio_nanopore_preset	21	65	0.4512	0.7401	0.4803
pacbio_nanopore_preset	21	66	0.4512	0.7682	0.4927
pacbio_nanopore_preset	21	67	0.4557	0.7975	0.5091
pacbio_nanopore_preset	21	68	0.4568	0.8279	0.5241
pacbio_nanopore_preset	21	69	0.4601	0.8598	0.5407
pacbio_nanopore_preset	21	70	0.4645	0.8940	0.5578
pacbio_nanopore_preset	21	71	0.4656	0.9304	0.5753
pacbio_nanopore_preset	21	72	0.4678	0.9694	0.5932
pacbio_nanopore_preset	21	73	0.4712	1.0104	0.6166
pacbio_nanopore_preset	21	74	0.4712	1.0529	0.6375
pacbio_nanopore_preset	21	75	0.4712	1.0979	0.6594
pacbio_nanopore_preset	21	76	0.4723	1.1457	0.6828
pacbio_nanopore_preset	21	77	0.4723	1.1973	0.7090
pacbio_nanopore_preset	21	78	0.4745	1.2525	0.7350
pacbio_nanopore_preset	21	79	0.4745	1.3118	0.7645
pacbio_nanopore_preset	21	80	0.4745	1.3751	0.7951
pacbio_nanopore_preset	21	81	0.4756	1.4446	0.8258
pacbio_nanopore_preset	21	82	0.4789	1.5211	0.8605
pacbio_nanopore_preset	21	83	0.4800	1.6040	0.8901
pacbio_nanopore_preset	21	84	0.4812	1.6968	0.9268
pacbio_nanopore_preset	21	85	0.4823	1.8014	0.9732
pacbio_nanopore_preset	21	86	0.4823	1.9245	1.0125
pacbio_nanopore_preset	21	87	0.4823	2.0591	1.0615
pacbio_nanopore_preset	21	88	0.4823	2.2131	1.1226
pacbio_nanopore_preset	21	89	0.4823	2.3934	1.1974
pacbio_nanopore_preset	21	90	0.4823	2.5975	1.2792
pacbio_nanopore_preset	21	91	0.4823	2.8501	1.3797
pacbio_nanopore_preset	21	92	0.4823	3.1510	1.5071
pacbio_nanopore_preset	21	93	0.4823	3.5483	1.6622
pacbio_nanopore_preset	21	94	0.4823	4.0746	1.8776
pacbio_nanopore_preset	21	95	0.4823	4.7627	2.2115
pacbio_nanopore_preset	21	96	0.4823	5.7306	2.7135
pacbio_nanopore_preset	21	97	0.4823	7.2606	3.6703
pacbio_nanopore_preset	21	98	0.4823	9.7778	5.6550
pacbio_nanopore_preset	21	99	0.4823	15.1546	10.5558
pacbio_nanopore_preset	22	51	0.3370	0.4205	0.2876
pacbio_nanopore_preset	22	52	0.3426	0.4387	0.2971
pacbio_nanopore_preset	22	53	0.3492	0.4569	0.3077
pacbio_nanopore_preset	22	54	0.3525	0.4758	0.3207
pacbio_nanopore_preset	22	55	0.3581	0.4951	0.3307
pacbio_nanopore_preset	22	56	0.3736	0.5153	0.3439
pacbio_nanopore_preset	22	57	0.3803	0.5361	0.3568
pacbio_nanopore_preset	22	58	0.3947	0.5575	0.3704
pacbio_nanopore_preset	22	59	0.4058	0.5794	0.3829
pacbio_nanopore_preset	22	60	0.4169	0.6020	0.3970
pacbio_nanopore_preset	22	61	0.4213	0.6250	0.4112
pacbio_nanopore_preset	22	62	0.4290	0.6489	0.4248
pacbio_nanopore_preset	22	63	0.4346	0.6738	0.4385
pacbio_nanopore_preset	22	64	0.4346	0.6991	0.4524
pacbio_nanopore_preset	22	65	0.4357	0.7259	0.4675
pacbio_nanopore_preset	22	66	0.4357	0.7541	0.4821
pacbio_nanopore_preset	22	67	0.4401	0.7834	0.4973
pacbio_nanopore_preset	22	68	0.4412	0.8138	0.5131
pacbio_nanopore_preset	22	69	0.4446	0.8457	0.5303
pacbio_nanopore_preset	22	70	0.4490	0.8799	0.5466
pacbio_nanopore_preset	22	71	0.4501	0.9163	0.5653
pacbio_nanopore_preset	22	72	0.4523	0.9552	0.5835
pacbio_nanopore_preset	22	73	0.4557	0.9962	0.6058
pacbio_nanopore_preset	22	74	0.4557	1.0388	0.6274
pacbio_nanopore_preset	22	75	0.4557	1.0838	0.6489
pacbio_nanopore_preset	22	76	0.4568	1.1315	0.6735
pacbio_nanopore_preset	22	77	0.4568	1.1832	0.6990
pacbio_nanopore_preset	22	78	0.4590	1.2384	0.7253
pacbio_nanopore_preset	22	79	0.4590	1.2977	0.7540
pacbio_nanopore_preset	22	80	0.4590	1.3610	0.7830
pacbio_nanopore_preset	22	81	0.4601	1.4305	0.8143
pacbio_nanopore_preset	22	82	0.4634	1.5070	0.8497
pacbio_nanopore_preset	22	83	0.4645	1.5898	0.8782
pacbio_nanopore_preset	22	84	0.4656	1.6827	0.9160
pacbio_nanopore_preset	22	85	0.4667	1.7873	0.9632
pacbio_nanopore_preset	22	86	0.4667	1.9104	1.0022
pacbio_nanopore_preset	22	87	0.4667	2.0450	1.0496
pacbio_nanopore_preset	22	88	0.4667	2.1989	1.1130
pacbio_nanopore_preset	22	89	0.4667	2.3793	1.1873
pacbio_nanopore_preset	22	90	0.4667	2.5834	1.2687
pacbio_nanopore_preset	22	91	0.4667	2.8360	1.3687
pacbio_nanopore_preset	22	92	0.4667	3.1369	1.4976
pacbio_nanopore_preset	22	93	0.4667	3.5342	1.6509
pacbio_nanopore_preset	22	94	0.4667	4.0605	1.8675
pacbio_nanopore_preset	22	95	0.4667	4.7486	2.2023
pacbio_nanopore_preset	22	96	0.4667	5.7165	2.7014
pacbio_nanopore_preset	22	97	0.4667	7.2465	3.6598
pacbio_nanopore_preset	22	98	0.4667	9.7636	5.6450
pacbio_nanopore_preset	22	99	0.4667	15.1405	10.5449
pacbio_nanopore_preset	23	51	0.3204	0.4065	0.2764
pacbio_nanopore_preset	23	52	0.3259	0.4246	0.2867
pacbio_nanopore_preset	23	53	0.3326	0.4429	0.2982
pacbio_nanopore_preset	23	54	0.3359	0.4618	0.3097
pacbio_nanopore_preset	23	55	0.3415	0.4811	0.3199
pacbio_nanopore_preset	23	56	0.3570	0.5013	0.3332
pacbio_nanopore_preset	23	57	0.3636	0.5221	0.3471
pacbio_nanopore_preset	23	58	0.3780	0.5435	0.3606
pacbio_nanopore_preset	23	59	0.3891	0.5654	0.3724
pacbio_nanopore_preset	23	60	0.4002	0.5880	0.3862
pacbio_nanopore_preset	23	61	0.4047	0.6110	0.4005
pacbio_nanopore_preset	23	62	0.4124	0.6349	0.4148
pacbio_nanopore_preset	23	63	0.4180	0.6598	0.4282
pacbio_nanopore_preset	23	64	0.4180	0.6851	0.4429
pacbio_nanopore_preset	23	65	0.4191	0.7119	0.4560
pacbio_nanopore_preset	23	66	0.4191	0.7401	0.4718
pacbio_nanopore_preset	23	67	0.4235	0.7694	0.4870
pacbio_nanopore_preset	23	68	0.4246	0.7997	0.5019
pacbio_nanopore_preset	23	69	0.4279	0.8317	0.5184
pacbio_nanopore_preset	23	70	0.4324	0.8659	0.5375
pacbio_nanopore_preset	23	71	0.4335	0.9023	0.5545
pacbio_nanopore_preset	23	72	0.4357	0.9412	0.5729
pacbio_nanopore_preset	23	73	0.4390	0.9822	0.5946
pacbio_nanopore_preset	23	74	0.4390	1.0248	0.6177
pacbio_nanopore_preset	23	75	0.4390	1.0698	0.6401
pacbio_nanopore_preset	23	76	0.4401	1.1175	0.6622
pacbio_nanopore_preset	23	77	0.4401	1.1692	0.6882
pacbio_nanopore_preset	23	78	0.4424	1.2244	0.7147
pacbio_nanopore_preset	23	79	0.4424	1.2837	0.7432
pacbio_nanopore_preset	23	80	0.4424	1.3470	0.7734
pacbio_nanopore_preset	23	81	0.4435	1.4165	0.8021
pacbio_nanopore_preset	23	82	0.4468	1.4930	0.8357
pacbio_nanopore_preset	23	83	0.4479	1.5758	0.8676
pacbio_nanopore_preset	23	84	0.4490	1.6687	0.9073
pacbio_nanopore_preset	23	85	0.4501	1.7732	0.9529
pacbio_nanopore_preset	23	86	0.4501	1.8964	0.9929
pacbio_nanopore_preset	23	87	0.4501	2.0310	1.0403
pacbio_nanopore_preset	23	88	0.4501	2.1849	1.1030
pacbio_nanopore_preset	23	89	0.4501	2.3653	1.1773
pacbio_nanopore_preset	23	90	0.4501	2.5694	1.2601
pacbio_nanopore_preset	23	91	0.4501	2.8220	1.3605
pacbio_nanopore_preset	23	92	0.4501	3.1229	1.4853
pacbio_nanopore_preset	23	93	0.4501	3.5201	1.6411
pacbio_nanopore_preset	23	94	0.4501	4.0465	1.8578
pacbio_nanopore_preset	23	95	0.4501	4.7346	2.1919
pacbio_nanopore_preset	23	96	0.4501	5.7025	2.6904
pacbio_nanopore_preset	23	97	0.4501	7.2325	3.6479
pacbio_nanopore_preset	23	98	0.4501	9.7496	5.6358
pacbio_nanopore_preset	23	99	0.4501	15.1265	10.5358
pacbio_nanopore_preset	24	51	0.2938	0.3927	0.2664
pacbio_nanopore_preset	24	52	0.2993	0.4109	0.2762
pacbio_nanopore_preset	24	53	0.3060	0.4291	0.2882
pacbio_nanopore_preset	24	54	0.3093	0.4480	0.2994
pacbio_nanopore_preset	24	55	0.3149	0.4673	0.3113
pacbio_nanopore_preset	24	56	0.3304	0.4875	0.3226
pacbio_nanopore_preset	24	57	0.3370	0.5083	0.3357
pacbio_nanopore_preset	24	58	0.3514	0.5297	0.3491
pacbio_nanopore_preset	24	59	0.3625	0.5516	0.3628
pacbio_nanopore_preset	24	60	0.3736	0.5742	0.3761
pacbio_nanopore_preset	24	61	0.3780	0.5972	0.3911
pacbio_nanopore_preset	24	62	0.3858	0.6211	0.4037
pacbio_nanopore_preset	24	63	0.3914	0.6460	0.4174
pacbio_nanopore_preset	24	64	0.3914	0.6713	0.4327
pacbio_nanopore_preset	24	65	0.3925	0.6981	0.4459
pacbio_nanopore_preset	24	66	0.3925	0.7263	0.4604
pacbio_nanopore_preset	24	67	0.3969	0.7556	0.4757
pacbio_nanopore_preset	24	68	0.3980	0.7860	0.4912
pacbio_nanopore_preset	24	69	0.4013	0.8179	0.5085
pacbio_nanopore_preset	24	70	0.4058	0.8521	0.5264
pacbio_nanopore_preset	24	71	0.4069	0.8885	0.5437
pacbio_nanopore_preset	24	72	0.4091	0.9274	0.5623
pacbio_nanopore_preset	24	73	0.4124	0.9684	0.5849
pacbio_nanopore_preset	24	74	0.4124	1.0110	0.6055
pacbio_nanopore_preset	24	75	0.4124	1.0560	0.6288
pacbio_nanopore_preset	24	76	0.4135	1.1037	0.6521
pacbio_nanopore_preset	24	77	0.4135	1.1554	0.6787
pacbio_nanopore_preset	24	78	0.4157	1.2106	0.7055
pacbio_nanopore_preset	24	79	0.4157	1.2699	0.7333
pacbio_nanopore_preset	24	80	0.4157	1.3332	0.7618
pacbio_nanopore_preset	24	81	0.4169	1.4027	0.7919
pacbio_nanopore_preset	24	82	0.4202	1.4792	0.8262
pacbio_nanopore_preset	24	83	0.4213	1.5620	0.8581
pacbio_nanopore_preset	24	84	0.4224	1.6549	0.8981
pacbio_nanopore_preset	24	85	0.4235	1.7594	0.9427
pacbio_nanopore_preset	24	86	0.4235	1.8826	0.9842
pacbio_nanopore_preset	24	87	0.4235	2.0172	1.0318
pacbio_nanopore_preset	24	88	0.4235	2.1711	1.0916
pacbio_nanopore_preset	24	89	0.4235	2.3515	1.1673
pacbio_nanopore_preset	24	90	0.4235	2.5556	1.2509
pacbio_nanopore_preset	24	91	0.4235	2.8082	1.3504
pacbio_nanopore_preset	24	92	0.4235	3.1091	1.4757
pacbio_nanopore_preset	24	93	0.4235	3.5064	1.6315
pacbio_nanopore_preset	24	94	0.4235	4.0327	1.8472
pacbio_nanopore_preset	24	95	0.4235	4.7208	2.1822
pacbio_nanopore_preset	24	96	0.4235	5.6887	2.6791
pacbio_nanopore_preset	24	97	0.4235	7.2187	3.6357
pacbio_nanopore_preset	24	98	0.4235	9.7358	5.6277
pacbio_nanopore_preset	24	99	0.4235	15.1127	10.5274
pacbio_nanopore_preset	25	51	0.2639	0.3790	0.2553
pacbio_nanopore_preset	25	52	0.2694	0.3972	0.2660
pacbio_nanopore_preset	25	53	0.2761	0.4154	0.2785
pacbio_nanopore_preset	25	54	0.2794	0.4344	0.2906
pacbio_nanopore_preset	25	55	0.2849	0.4536	0.3016
pacbio_nanopore_preset	25	56	0.3004	0.4738	0.3135
pacbio_nanopore_preset	25	57	0.3071	0.4946	0.3262
pacbio_nanopore_preset	25	58	0.3215	0.5161	0.3396
pacbio_nanopore_preset	25	59	0.3326	0.5380	0.3546
pacbio_nanopore_preset	25	60	0.3437	0.5606	0.3670
pacbio_nanopore_preset	25	61	0.3481	0.5835	0.3820
pacbio_nanopore_preset	25	62	0.3559	0.6075	0.3931
pacbio_nanopore_preset	25	63	0.3614	0.6323	0.4084
pacbio_nanopore_preset	25	64	0.3614	0.6577	0.4227
pacbio_nanopore_preset	25	65	0.3625	0.6845	0.4376
pacbio_nanopore_preset	25	66	0.3625	0.7127	0.4514
pacbio_nanopore_preset	25	67	0.3670	0.7420	0.4667
pacbio_nanopore_preset	25	68	0.3681	0.7723	0.4818
pacbio_nanopore_preset	25	69	0.3714	0.8042	0.4988
pacbio_nanopore_preset	25	70	0.3758	0.8384	0.5160
pacbio_nanopore_preset	25	71	0.3769	0.8748	0.5341
pacbio_nanopore_preset	25	72	0.3792	0.9138	0.5534
pacbio_nanopore_preset	25	73	0.3825	0.9548	0.5744
pacbio_nanopore_preset	25	74	0.3825	0.9974	0.5965
pacbio_nanopore_preset	25	75	0.3825	1.0423	0.6175
pacbio_nanopore_preset	25	76	0.3836	1.0901	0.6430
pacbio_nanopore_preset	25	77	0.3836	1.1417	0.6695
pacbio_nanopore_preset	25	78	0.3858	1.1970	0.6954
pacbio_nanopore_preset	25	79	0.3858	1.2562	0.7242
pacbio_nanopore_preset	25	80	0.3858	1.3195	0.7527
pacbio_nanopore_preset	25	81	0.3869	1.3890	0.7833
pacbio_nanopore_preset	25	82	0.3902	1.4655	0.8146
pacbio_nanopore_preset	25	83	0.3914	1.5484	0.8484
pacbio_nanopore_preset	25	84	0.3925	1.6413	0.8878
pacbio_nanopore_preset	25	85	0.3936	1.7458	0.9317
pacbio_nanopore_preset	25	86	0.3936	1.8689	0.9759
pacbio_nanopore_preset	25	87	0.3936	2.0035	1.0244
pacbio_nanopore_preset	25	88	0.3936	2.1575	1.0825
pacbio_nanopore_preset	25	89	0.3936	2.3378	1.1573
pacbio_nanopore_preset	25	90	0.3936	2.5419	1.2419
pacbio_nanopore_preset	25	91	0.3936	2.7946	1.3422
pacbio_nanopore_preset	25	92	0.3936	3.0954	1.4664
pacbio_nanopore_preset	25	93	0.3936	3.4927	1.6202
pacbio_nanopore_preset	25	94	0.3936	4.0190	1.8383
pacbio_nanopore_preset	25	95	0.3936	4.7071	2.1726
pacbio_nanopore_preset	25	96	0.3936	5.6750	2.6685
pacbio_nanopore_preset	25	97	0.3936	7.2050	3.6243
pacbio_nanopore_preset	25	98	0.3936	9.7222	5.6191
pacbio_nanopore_preset	25	99	0.3936	15.0990	10.5189
pacbio_nanopore_preset	26	51	0.2328	0.3651	0.2458
pacbio_nanopore_preset	26	52	0.2384	0.3833	0.2565
pacbio_nanopore_preset	26	53	0.2450	0.4015	0.2682
pacbio_nanopore_preset	26	54	0.2483	0.4205	0.2809
pacbio_nanopore_preset	26	55	0.2539	0.4397	0.2926
pacbio_nanopore_preset	26	56	0.2694	0.4600	0.3043
pacbio_nanopore_preset	26	57	0.2761	0.4807	0.3178
pacbio_nanopore_preset	26	58	0.2905	0.5022	0.3304
pacbio_nanopore_preset	26	59	0.3016	0.5241	0.3443
pacbio_nanopore_preset	26	60	0.3126	0.5467	0.3571
pacbio_nanopore_preset	26	61	0.3171	0.5696	0.3714
pacbio_nanopore_preset	26	62	0.3248	0.5936	0.3843
pacbio_nanopore_preset	26	63	0.3304	0.6184	0.3995
pacbio_nanopore_preset	26	64	0.3304	0.6438	0.4125
pacbio_nanopore_preset	26	65	0.3315	0.6706	0.4273
pacbio_nanopore_preset	26	66	0.3315	0.6988	0.4421
pacbio_nanopore_preset	26	67	0.3359	0.7281	0.4575
pacbio_nanopore_preset	26	68	0.3370	0.7584	0.4721
pacbio_nanopore_preset	26	69	0.3404	0.7903	0.4891
pacbio_nanopore_preset	26	70	0.3448	0.8245	0.5072
pacbio_nanopore_preset	26	71	0.3459	0.8609	0.5248
pacbio_nanopore_preset	26	72	0.3481	0.8999	0.5424
pacbio_nanopore_preset	26	73	0.3514	0.9409	0.5641
pacbio_nanopore_preset	26	74	0.3514	0.9835	0.5862
pacbio_nanopore_preset	26	75	0.3514	1.0284	0.6088
pacbio_nanopore_preset	26	76	0.3525	1.0762	0.6340
pacbio_nanopore_preset	26	77	0.3525	1.1278	0.6601
pacbio_nanopore_preset	26	78	0.3548	1.1831	0.6855
pacbio_nanopore_preset	26	79	0.3548	1.2423	0.7154
pacbio_nanopore_preset	26	80	0.3548	1.3056	0.7435
pacbio_nanopore_preset	26	81	0.3559	1.3751	0.7730
pacbio_nanopore_preset	26	82	0.3592	1.4517	0.8023
pacbio_nanopore_preset	26	83	0.3603	1.5345	0.8382
pacbio_nanopore_preset	26	84	0.3614	1.6274	0.8785
pacbio_nanopore_preset	26	85	0.3625	1.7319	0.9208
pacbio_nanopore_preset	26	86	0.3625	1.8550	0.9669
pacbio_nanopore_preset	26	87	0.3625	1.9896	1.0151
pacbio_nanopore_preset	26	88	0.3625	2.1436	1.0736
pacbio_nanopore_preset	26	89	0.3625	2.3239	1.1479
pacbio_nanopore_preset	26	90	0.3625	2.5280	1.2337
pacbio_nanopore_preset	26	91	0.3625	2.7807	1.3339
pacbio_nanopore_preset	26	92	0.3625	3.0816	1.4561
pacbio_nanopore_preset	26	93	0.3625	3.4788	1.6104
pacbio_nanopore_preset	26	94	0.3625	4.0051	1.8275
pacbio_nanopore_preset	26	95	0.3625	4.6932	2.1637
pacbio_nanopore_preset	26	96	0.3625	5.6611	2.6564
pacbio_nanopore_preset	26	97	0.3625	7.1912	3.6150
pacbio_nanopore_preset	26	98	0.3625	9.7083	5.6120
pacbio_nanopore_preset	26	99	0.3625	15.0851	10.5100
pacbio_nanopore_preset	27	51	0.2051	0.3509	0.2365
pacbio_nanopore_preset	27	52	0.2106	0.3691	0.2471
pacbio_nanopore_preset	27	53	0.2173	0.3874	0.2586
pacbio_nanopore_preset	27	54	0.2206	0.4063	0.2712
pacbio_nanopore_preset	27	55	0.2262	0.4255	0.2825
pacbio_nanopore_preset	27	56	0.2417	0.4458	0.2944
pacbio_nanopore_preset	27	57	0.2483	0.4666	0.3059
pacbio_nanopore_preset	27	58	0.2627	0.4880	0.3183
pacbio_nanopore_preset	27	59	0.2738	0.5099	0.3344
pacbio_nanopore_preset	27	60	0.2849	0.5325	0.3469
pacbio_nanopore_preset	27	61	0.2894	0.5554	0.3608
pacbio_nanopore_preset	27	62	0.2971	0.5794	0.3741
pacbio_nanopore_preset	27	63	0.3027	0.6043	0.3878
pacbio_nanopore_preset	27	64	0.3027	0.6296	0.4019
pacbio_nanopore_preset	27	65	0.3038	0.6564	0.4164
pacbio_nanopore_preset	27	66	0.3038	0.6846	0.4319
pacbio_nanopore_preset	27	67	0.3082	0.7139	0.4470
pacbio_nanopore_preset	27	68	0.3093	0.7442	0.4622
pacbio_nanopore_preset	27	69	0.3126	0.7762	0.4787
pacbio_nanopore_preset	27	70	0.3171	0.8103	0.4968
pacbio_nanopore_preset	27	71	0.3182	0.8467	0.5145
pacbio_nanopore_preset	27	72	0.3204	0.8857	0.5329
pacbio_nanopore_preset	27	73	0.3237	0.9267	0.5541
pacbio_nanopore_preset	27	74	0.3237	0.9693	0.5761
pacbio_nanopore_preset	27	75	0.3237	1.0143	0.6000
pacbio_nanopore_preset	27	76	0.3248	1.0620	0.6239
pacbio_nanopore_preset	27	77	0.3248	1.1137	0.6497
pacbio_nanopore_preset	27	78	0.3271	1.1689	0.6751
pacbio_nanopore_preset	27	79	0.3271	1.2281	0.7021
pacbio_nanopore_preset	27	80	0.3271	1.2914	0.7333
pacbio_nanopore_preset	27	81	0.3282	1.3610	0.7628
pacbio_nanopore_preset	27	82	0.3315	1.4375	0.7904
pacbio_nanopore_preset	27	83	0.3326	1.5203	0.8267
pacbio_nanopore_preset	27	84	0.3337	1.6132	0.8682
pacbio_nanopore_preset	27	85	0.3348	1.7177	0.9110
pacbio_nanopore_preset	27	86	0.3348	1.8409	0.9573
pacbio_nanopore_preset	27	87	0.3348	1.9754	1.0063
pacbio_nanopore_preset	27	88	0.3348	2.1294	1.0635
pacbio_nanopore_preset	27	89	0.3348	2.3098	1.1370
pacbio_nanopore_preset	27	90	0.3348	2.5138	1.2249
pacbio_nanopore_preset	27	91	0.3348	2.7665	1.3236
pacbio_nanopore_preset	27	92	0.3348	3.0674	1.4464
pacbio_nanopore_preset	27	93	0.3348	3.4646	1.6015
pacbio_nanopore_preset	27	94	0.3348	3.9910	1.8184
pacbio_nanopore_preset	27	95	0.3348	4.6790	2.1546
pacbio_nanopore_preset	27	96	0.3348	5.6469	2.6461
pacbio_nanopore_preset	27	97	0.3348	7.1770	3.6028
pacbio_nanopore_preset	27	98	0.3348	9.6941	5.6031
pacbio_nanopore_preset	27	99	0.3348	15.0709	10.4945
pacbio_nanopore_preset	28	51	0.1874	0.3376	0.2260
pacbio_nanopore_preset	28	52	0.1929	0.3558	0.2373
pacbio_nanopore_preset	28	53	0.1996	0.3740	0.2500
pacbio_nanopore_preset	28	54	0.2029	0.3929	0.2617
pacbio_nanopore_preset	28	55	0.2084	0.4122	0.2730
pacbio_nanopore_preset	28	56	0.2239	0.4324	0.2829
pacbio_nanopore_preset	28	57	0.2306	0.4532	0.2962
pacbio_nanopore_preset	28	58	0.2450	0.4746	0.3100
pacbio_nanopore_preset	28	59	0.2561	0.4966	0.3226
pacbio_nanopore_preset	28	60	0.2672	0.5192	0.3351
pacbio_nanopore_preset	28	61	0.2716	0.5421	0.3503
pacbio_nanopore_preset	28	62	0.2794	0.5661	0.3644
pacbio_nanopore_preset	28	63	0.2849	0.5909	0.3761
pacbio_nanopore_preset	28	64	0.2849	0.6163	0.3912
pacbio_nanopore_preset	28	65	0.2860	0.6431	0.4058
pacbio_nanopore_preset	28	66	0.2860	0.6712	0.4215
pacbio_nanopore_preset	28	67	0.2905	0.7005	0.4368
pacbio_nanopore_preset	28	68	0.2916	0.7309	0.4521
pacbio_nanopore_preset	28	69	0.2949	0.7628	0.4680
pacbio_nanopore_preset	28	70	0.2993	0.7970	0.4868
pacbio_nanopore_preset	28	71	0.3004	0.8334	0.5051
pacbio_nanopore_preset	28	72	0.3027	0.8723	0.5237
pacbio_nanopore_preset	28	73	0.3060	0.9134	0.5452
pacbio_nanopore_preset	28	74	0.3060	0.9559	0.5662
pacbio_nanopore_preset	28	75	0.3060	1.0009	0.5901
pacbio_nanopore_preset	28	76	0.3071	1.0487	0.6137
pacbio_nanopore_preset	28	77	0.3071	1.1003	0.6384
pacbio_nanopore_preset	28	78	0.3093	1.1555	0.6633
pacbio_nanopore_preset	28	79	0.3093	1.2148	0.6933
pacbio_nanopore_preset	28	80	0.3093	1.2781	0.7245
pacbio_nanopore_preset	28	81	0.3104	1.3476	0.7519
pacbio_nanopore_preset	28	82	0.3137	1.4241	0.7804
pacbio_nanopore_preset	28	83	0.3149	1.5069	0.8180
pacbio_nanopore_preset	28	84	0.3160	1.5998	0.8573
pacbio_nanopore_preset	28	85	0.3171	1.7044	0.9036
pacbio_nanopore_preset	28	86	0.3171	1.8275	0.9475
pacbio_nanopore_preset	28	87	0.3171	1.9621	0.9984
pacbio_nanopore_preset	28	88	0.3171	2.1161	1.0560
pacbio_nanopore_preset	28	89	0.3171	2.2964	1.1266
pacbio_nanopore_preset	28	90	0.3171	2.5005	1.2171
pacbio_nanopore_preset	28	91	0.3171	2.7531	1.3143
pacbio_nanopore_preset	28	92	0.3171	3.0540	1.4346
pacbio_nanopore_preset	28	93	0.3171	3.4513	1.5899
pacbio_nanopore_preset	28	94	0.3171	3.9776	1.8071
pacbio_nanopore_preset	28	95	0.3171	4.6657	2.1460
pacbio_nanopore_preset	28	96	0.3171	5.6336	2.6340
pacbio_nanopore_preset	28	97	0.3171	7.1636	3.5901
pacbio_nanopore_preset	28	98	0.3171	9.6808	5.5940
pacbio_nanopore_preset	28	99	0.3171	15.0576	10.4803
pacbio_nanopore_preset	29	51	0.1619	0.3242	0.2159
pacbio_nanopore_preset	29	52	0.1674	0.3424	0.2265
pacbio_nanopore_preset	29	53	0.1741	0.3607	0.2394
pacbio_nanopore_preset	29	54	0.1774	0.3796	0.2514
pacbio_nanopore_preset	29	55	0.1829	0.3988	0.2618
pacbio_nanopore_preset	29	56	0.1984	0.4191	0.2727
pacbio_nanopore_preset	29	57	0.2051	0.4399	0.2864
pacbio_nanopore_preset	29	58	0.2195	0.4613	0.2988
pacbio_nanopore_preset	29	59	0.2306	0.4832	0.3122
pacbio_nanopore_preset	29	60	0.2417	0.5058	0.3257
pacbio_nanopore_preset	29	61	0.2461	0.5287	0.3412
pacbio_nanopore_preset	29	62	0.2539	0.5527	0.3531
pacbio_nanopore_preset	29	63	0.2594	0.5776	0.3659
pacbio_nanopore_preset	29	64	0.2594	0.6029	0.3800
pacbio_nanopore_preset	29	65	0.2605	0.6297	0.3953
pacbio_nanopore_preset	29	66	0.2605	0.6579	0.4108
pacbio_nanopore_preset	29	67	0.2650	0.6872	0.4277
pacbio_nanopore_preset	29	68	0.2661	0.7175	0.4419
pacbio_nanopore_preset	29	69	0.2694	0.7495	0.4583
pacbio_nanopore_preset	29	70	0.2738	0.7837	0.4779
pacbio_nanopore_preset	29	71	0.2749	0.8201	0.4960
pacbio_nanopore_preset	29	72	0.2772	0.8590	0.5138
pacbio_nanopore_preset	29	73	0.2805	0.9000	0.5352
pacbio_nanopore_preset	29	74	0.2805	0.9426	0.5567
pacbio_nanopore_preset	29	75	0.2805	0.9876	0.5799
pacbio_nanopore_preset	29	76	0.2816	1.0353	0.6030
pacbio_nanopore_preset	29	77	0.2816	1.0870	0.6279
pacbio_nanopore_preset	29	78	0.2838	1.1422	0.6535
pacbio_nanopore_preset	29	79	0.2838	1.2015	0.6840
pacbio_nanopore_preset	29	80	0.2838	1.2648	0.7105
pacbio_nanopore_preset	29	81	0.2849	1.3343	0.7421
pacbio_nanopore_preset	29	82	0.2882	1.4108	0.7716
pacbio_nanopore_preset	29	83	0.2894	1.4936	0.8074
pacbio_nanopore_preset	29	84	0.2905	1.5865	0.8483
pacbio_nanopore_preset	29	85	0.2916	1.6910	0.8937
pacbio_nanopore_preset	29	86	0.2916	1.8142	0.9390
pacbio_nanopore_preset	29	87	0.2916	1.9487	0.9893
pacbio_nanopore_preset	29	88	0.2916	2.1027	1.0452
pacbio_nanopore_preset	29	89	0.2916	2.2831	1.1172
pacbio_nanopore_preset	29	90	0.2916	2.4872	1.2086
pacbio_nanopore_preset	29	91	0.2916	2.7398	1.3052
pacbio_nanopore_preset	29	92	0.2916	3.0407	1.4254
pacbio_nanopore_preset	29	93	0.2916	3.4379	1.5817
pacbio_nanopore_preset	29	94	0.2916	3.9643	1.7977
pacbio_nanopore_preset	29	95	0.2916	4.6524	2.1362
pacbio_nanopore_preset	29	96	0.2916	5.6203	2.6218
pacbio_nanopore_preset	29	97	0.2916	7.1503	3.5786
pacbio_nanopore_preset	29	98	0.2916	9.6674	5.5858
pacbio_nanopore_preset	29	99	0.2916	15.0443	10.4651
pacbio_nanopore_preset	30	51	0.1397	0.3111	0.2063
pacbio_nanopore_preset	30	52	0.1452	0.3293	0.2170
pacbio_nanopore_preset	30	53	0.1519	0.3475	0.2291
pacbio_nanopore_preset	30	54	0.1552	0.3665	0.2412
pacbio_nanopore_preset	30	55	0.1608	0.3857	0.2521
pacbio_nanopore_preset	30	56	0.1763	0.4059	0.2638
pacbio_nanopore_preset	30	57	0.1829	0.4267	0.2763
pacbio_nanopore_preset	30	58	0.1973	0.4482	0.2898
pacbio_nanopore_preset	30	59	0.2084	0.4701	0.3024
pacbio_nanopore_preset	30	60	0.2195	0.4927	0.3161
pacbio_nanopore_preset	30	61	0.2239	0.5156	0.3295
pacbio_nanopore_preset	30	62	0.2317	0.5396	0.3434
pacbio_nanopore_preset	30	63	0.2373	0.5644	0.3559
pacbio_nanopore_preset	30	64	0.2373	0.5898	0.3704
pacbio_nanopore_preset	30	65	0.2384	0.6166	0.3865
pacbio_nanopore_preset	30	66	0.2384	0.6448	0.4012
pacbio_nanopore_preset	30	67	0.2428	0.6740	0.4175
pacbio_nanopore_preset	30	68	0.2439	0.7044	0.4319
pacbio_nanopore_preset	30	69	0.2472	0.7363	0.4491
pacbio_nanopore_preset	30	70	0.2517	0.7705	0.4674
pacbio_nanopore_preset	30	71	0.2528	0.8069	0.4861
pacbio_nanopore_preset	30	72	0.2550	0.8459	0.5036
pacbio_nanopore_preset	30	73	0.2583	0.8869	0.5256
pacbio_nanopore_preset	30	74	0.2583	0.9294	0.5467
pacbio_nanopore_preset	30	75	0.2583	0.9744	0.5700
pacbio_nanopore_preset	30	76	0.2594	1.0222	0.5940
pacbio_nanopore_preset	30	77	0.2594	1.0738	0.6177
pacbio_nanopore_preset	30	78	0.2616	1.1290	0.6439
pacbio_nanopore_preset	30	79	0.2616	1.1883	0.6742
pacbio_nanopore_preset	30	80	0.2616	1.2516	0.7003
pacbio_nanopore_preset	30	81	0.2627	1.3211	0.7325
pacbio_nanopore_preset	30	82	0.2661	1.3976	0.7632
pacbio_nanopore_preset	30	83	0.2672	1.4805	0.7976
pacbio_nanopore_preset	30	84	0.2683	1.5734	0.8390
pacbio_nanopore_preset	30	85	0.2694	1.6779	0.8848
pacbio_nanopore_preset	30	86	0.2694	1.8010	0.9307
pacbio_nanopore_preset	30	87	0.2694	1.9356	0.9798
pacbio_nanopore_preset	30	88	0.2694	2.0896	1.0364
pacbio_nanopore_preset	30	89	0.2694	2.2699	1.1076
pacbio_nanopore_preset	30	90	0.2694	2.4740	1.1980
pacbio_nanopore_preset	30	91	0.2694	2.7266	1.2959
pacbio_nanopore_preset	30	92	0.2694	3.0275	1.4168
pacbio_nanopore_preset	30	93	0.2694	3.4248	1.5726
pacbio_nanopore_preset	30	94	0.2694	3.9511	1.7903
pacbio_nanopore_preset	30	95	0.2694	4.6392	2.1277
pacbio_nanopore_preset	30	96	0.2694	5.6071	2.6096
pacbio_nanopore_preset	30	97	0.2694	7.1371	3.5675
pacbio_nanopore_preset	30	98	0.2694	9.6543	5.5775
pacbio_nanopore_preset	30	99	0.2694	15.0311	10.4487
pacbio_nanopore_preset	31	51	0.1220	0.2977	0.1970
pacbio_nanopore_preset	31	52	0.1275	0.3159	0.2080
pacbio_nanopore_preset	31	53	0.1341	0.3341	0.2200
pacbio_nanopore_preset	31	54	0.1375	0.3530	0.2326
pacbio_nanopore_preset	31	55	0.1430	0.3723	0.2438
pacbio_nanopore_preset	31	56	0.1585	0.3925	0.2544
pacbio_nanopore_preset	31	57	0.1652	0.4133	0.2679
pacbio_nanopore_preset	31	58	0.1796	0.4347	0.2808
pacbio_nanopore_preset	31	59	0.1907	0.4566	0.2944
pacbio_nanopore_preset	31	60	0.2018	0.4792	0.3068
pacbio_nanopore_preset	31	61	0.2062	0.5022	0.3206
pacbio_nanopore_preset	31	62	0.2140	0.5261	0.3341
pacbio_nanopore_preset	31	63	0.2195	0.5510	0.3471
pacbio_nanopore_preset	31	64	0.2195	0.5763	0.3620
pacbio_nanopore_preset	31	65	0.2206	0.6031	0.3774
pacbio_nanopore_preset	31	66	0.2206	0.6313	0.3924
pacbio_nanopore_preset	31	67	0.2251	0.6606	0.4075
pacbio_nanopore_preset	31	68	0.2262	0.6910	0.4229
pacbio_nanopore_preset	31	69	0.2295	0.7229	0.4397
pacbio_nanopore_preset	31	70	0.2339	0.7571	0.4593
pacbio_nanopore_preset	31	71	0.2350	0.7935	0.4763
pacbio_nanopore_preset	31	72	0.2373	0.8324	0.4943
pacbio_nanopore_preset	31	73	0.2406	0.8734	0.5159
pacbio_nanopore_preset	31	74	0.2406	0.9160	0.5372
pacbio_nanopore_preset	31	75	0.2406	0.9610	0.5591
pacbio_nanopore_preset	31	76	0.2417	1.0087	0.5843
pacbio_nanopore_preset	31	77	0.2417	1.0604	0.6081
pacbio_nanopore_preset	31	78	0.2439	1.1156	0.6331
pacbio_nanopore_preset	31	79	0.2439	1.1749	0.6599
pacbio_nanopore_preset	31	80	0.2439	1.2382	0.6887
pacbio_nanopore_preset	31	81	0.2450	1.3077	0.7221
pacbio_nanopore_preset	31	82	0.2483	1.3842	0.7529
pacbio_nanopore_preset	31	83	0.2494	1.4670	0.7877
pacbio_nanopore_preset	31	84	0.2506	1.5599	0.8301
pacbio_nanopore_preset	31	85	0.2517	1.6644	0.8743
pacbio_nanopore_preset	31	86	0.2517	1.7876	0.9222
pacbio_nanopore_preset	31	87	0.2517	1.9222	0.9705
pacbio_nanopore_preset	31	88	0.2517	2.0761	1.0256
pacbio_nanopore_preset	31	89	0.2517	2.2565	1.0971
pacbio_nanopore_preset	31	90	0.2517	2.4606	1.1871
pacbio_nanopore_preset	31	91	0.2517	2.7132	1.2863
pacbio_nanopore_preset	31	92	0.2517	3.0141	1.4059
pacbio_nanopore_preset	31	93	0.2517	3.4114	1.5639
pacbio_nanopore_preset	31	94	0.2517	3.9377	1.7811
pacbio_nanopore_preset	31	95	0.2517	4.6258	2.1192
pacbio_nanopore_preset	31	96	0.2517	5.5937	2.5989
pacbio_nanopore_preset	31	97	0.2517	7.1237	3.5591
pacbio_nanopore_preset	31	98	0.2517	9.6408	5.5697
pacbio_nanopore_preset	31	99	0.2517	15.0177	10.4340
pacbio_nanopore_preset	32	51	0.0965	0.2843	0.1873
pacbio_nanopore_preset	32	52	0.1020	0.3024	0.1981
pacbio_nanopore_preset	32	53	0.1086	0.3207	0.2107
pacbio_nanopore_preset	32	54	0.1120	0.3396	0.2231
pacbio_nanopore_preset	32	55	0.1175	0.3589	0.2341
pacbio_nanopore_preset	32	56	0.1330	0.3791	0.2457
pacbio_nanopore_preset	32	57	0.1397	0.3999	0.2590
pacbio_nanopore_preset	32	58	0.1541	0.4213	0.2722
pacbio_nanopore_preset	32	59	0.1652	0.4432	0.2838
pacbio_nanopore_preset	32	60	0.1763	0.4658	0.2982
pacbio_nanopore_preset	32	61	0.1807	0.4887	0.3119
pacbio_nanopore_preset	32	62	0.1885	0.5127	0.3252
pacbio_nanopore_preset	32	63	0.1940	0.5376	0.3386
pacbio_nanopore_preset	32	64	0.1940	0.5629	0.3529
pacbio_nanopore_preset	32	65	0.1951	0.5897	0.3677
pacbio_nanopore_preset	32	66	0.1951	0.6179	0.3813
pacbio_nanopore_preset	32	67	0.1996	0.6472	0.3977
pacbio_nanopore_preset	32	68	0.2007	0.6775	0.4137
pacbio_nanopore_preset	32	69	0.2040	0.7095	0.4302
pacbio_nanopore_preset	32	70	0.2084	0.7437	0.4485
pacbio_nanopore_preset	32	71	0.2095	0.7801	0.4654
pacbio_nanopore_preset	32	72	0.2118	0.8190	0.4843
pacbio_nanopore_preset	32	73	0.2151	0.8600	0.5070
pacbio_nanopore_preset	32	74	0.2151	0.9026	0.5294
pacbio_nanopore_preset	32	75	0.2151	0.9476	0.5494
pacbio_nanopore_preset	32	76	0.2162	0.9953	0.5748
pacbio_nanopore_preset	32	77	0.2162	1.0470	0.5991
pacbio_nanopore_preset	32	78	0.2184	1.1022	0.6232
pacbio_nanopore_preset	32	79	0.2184	1.1615	0.6509
pacbio_nanopore_preset	32	80	0.2184	1.2248	0.6811
pacbio_nanopore_preset	32	81	0.2195	1.2943	0.7109
pacbio_nanopore_preset	32	82	0.2228	1.3708	0.7431
pacbio_nanopore_preset	32	83	0.2239	1.4536	0.7793
pacbio_nanopore_preset	32	84	0.2251	1.5465	0.8223
pacbio_nanopore_preset	32	85	0.2262	1.6510	0.8656
pacbio_nanopore_preset	32	86	0.2262	1.7742	0.9097
pacbio_nanopore_preset	32	87	0.2262	1.9087	0.9620
pacbio_nanopore_preset	32	88	0.2262	2.0627	1.0167
pacbio_nanopore_preset	32	89	0.2262	2.2431	1.0895
pacbio_nanopore_preset	32	90	0.2262	2.4472	1.1758
pacbio_nanopore_preset	32	91	0.2262	2.6998	1.2772
pacbio_nanopore_preset	32	92	0.2262	3.0007	1.3952
pacbio_nanopore_preset	32	93	0.2262	3.3979	1.5528
pacbio_nanopore_preset	32	94	0.2262	3.9243	1.7707
pacbio_nanopore_preset	32	95	0.2262	4.6124	2.1101
pacbio_nanopore_preset	32	96	0.2262	5.5803	2.5886
pacbio_nanopore_preset	32	97	0.2262	7.1103	3.5466
pacbio_nanopore_preset	32	98	0.2262	9.6274	5.5629
pacbio_nanopore_preset	32	99	0.2262	15.0043	10.4208
pacbio_nanopore_preset	33	51	0.0787	0.2709	0.1775
pacbio_nanopore_preset	33	52	0.0843	0.2891	0.1891
pacbio_nanopore_preset	33	53	0.0909	0.3073	0.2009
pacbio_nanopore_preset	33	54	0.0942	0.3262	0.2132
pacbio_nanopore_preset	33	55	0.0998	0.3455	0.2246
pacbio_nanopore_preset	33	56	0.1153	0.3657	0.2362
pacbio_nanopore_preset	33	57	0.1220	0.3865	0.2493
pacbio_nanopore_preset	33	58	0.1364	0.4079	0.2628
pacbio_nanopore_preset	33	59	0.1475	0.4298	0.2758
pacbio_nanopore_preset	33	60	0.1585	0.4524	0.2886
pacbio_nanopore_preset	33	61	0.1630	0.4754	0.3021
pacbio_nanopore_preset	33	62	0.1707	0.4993	0.3148
pacbio_nanopore_preset	33	63	0.1763	0.5242	0.3274
pacbio_nanopore_preset	33	64	0.1763	0.5495	0.3413
pacbio_nanopore_preset	33	65	0.1774	0.5763	0.3562
pacbio_nanopore_preset	33	66	0.1774	0.6045	0.3708
pacbio_nanopore_preset	33	67	0.1818	0.6338	0.3869
pacbio_nanopore_preset	33	68	0.1829	0.6642	0.4023
pacbio_nanopore_preset	33	69	0.1863	0.6961	0.4197
pacbio_nanopore_preset	33	70	0.1907	0.7303	0.4386
pacbio_nanopore_preset	33	71	0.1918	0.7667	0.4560
pacbio_nanopore_preset	33	72	0.1940	0.8056	0.4757
pacbio_nanopore_preset	33	73	0.1973	0.8466	0.4987
pacbio_nanopore_preset	33	74	0.1973	0.8892	0.5201
pacbio_nanopore_preset	33	75	0.1973	0.9342	0.5411
pacbio_nanopore_preset	33	76	0.1984	0.9819	0.5635
pacbio_nanopore_preset	33	77	0.1984	1.0336	0.5896
pacbio_nanopore_preset	33	78	0.2007	1.0888	0.6133
pacbio_nanopore_preset	33	79	0.2007	1.1481	0.6418
pacbio_nanopore_preset	33	80	0.2007	1.2114	0.6720
pacbio_nanopore_preset	33	81	0.2018	1.2809	0.7008
pacbio_nanopore_preset	33	82	0.2051	1.3574	0.7338
pacbio_nanopore_preset	33	83	0.2062	1.4402	0.7699
pacbio_nanopore_preset	33	84	0.2073	1.5331	0.8120
pacbio_nanopore_preset	33	85	0.2084	1.6376	0.8552
pacbio_nanopore_preset	33	86	0.2084	1.7608	0.9030
pacbio_nanopore_preset	33	87	0.2084	1.8954	0.9529
pacbio_nanopore_preset	33	88	0.2084	2.0493	1.0079
pacbio_nanopore_preset	33	89	0.2084	2.2297	1.0834
pacbio_nanopore_preset	33	90	0.2084	2.4338	1.1663
pacbio_nanopore_preset	33	91	0.2084	2.6864	1.2675
pacbio_nanopore_preset	33	92	0.2084	2.9873	1.3849
pacbio_nanopore_preset	33	93	0.2084	3.3846	1.5418
pacbio_nanopore_preset	33	94	0.2084	3.9109	1.7615
pacbio_nanopore_preset	33	95	0.2084	4.5990	2.1015
pacbio_nanopore_preset	33	96	0.2084	5.5669	2.5751
pacbio_nanopore_preset	33	97	0.2084	7.0969	3.5370
pacbio_nanopore_preset	33	98	0.2084	9.6140	5.5543
pacbio_nanopore_preset	33	99	0.2084	14.9909	10.4068
pacbio_nanopore_preset	34	51	0.0665	0.2574	0.1687
pacbio_nanopore_preset	34	52	0.0721	0.2756	0.1809
pacbio_nanopore_preset	34	53	0.0787	0.2938	0.1919
pacbio_nanopore_preset	34	54	0.0820	0.3127	0.2045
pacbio_nanopore_preset	34	55	0.0876	0.3320	0.2160
pacbio_nanopore_preset	34	56	0.1031	0.3522	0.2267
pacbio_nanopore_preset	34	57	0.1098	0.3730	0.2398
pacbio_nanopore_preset	34	58	0.1242	0.3944	0.2540
pacbio_nanopore_preset	34	59	0.1353	0.4163	0.2666
pacbio_nanopore_preset	34	60	0.1463	0.4389	0.2790
pacbio_nanopore_preset	34	61	0.1508	0.4619	0.2904
pacbio_nanopore_preset	34	62	0.1585	0.4858	0.3041
pacbio_nanopore_preset	34	63	0.1641	0.5107	0.3172
pacbio_nanopore_preset	34	64	0.1641	0.5360	0.3313
pacbio_nanopore_preset	34	65	0.1652	0.5628	0.3461
pacbio_nanopore_preset	34	66	0.1652	0.5910	0.3612
pacbio_nanopore_preset	34	67	0.1696	0.6203	0.3773
pacbio_nanopore_preset	34	68	0.1707	0.6507	0.3939
pacbio_nanopore_preset	34	69	0.1741	0.6826	0.4110
pacbio_nanopore_preset	34	70	0.1785	0.7168	0.4289
pacbio_nanopore_preset	34	71	0.1796	0.7532	0.4477
pacbio_nanopore_preset	34	72	0.1818	0.7921	0.4660
pacbio_nanopore_preset	34	73	0.1851	0.8331	0.4894
pacbio_nanopore_preset	34	74	0.1851	0.8757	0.5117
pacbio_nanopore_preset	34	75	0.1851	0.9207	0.5317
pacbio_nanopore_preset	34	76	0.1863	0.9684	0.5549
pacbio_nanopore_preset	34	77	0.1863	1.0201	0.5804
pacbio_nanopore_preset	34	78	0.1885	1.0753	0.6044
pacbio_nanopore_preset	34	79	0.1885	1.1346	0.6325
pacbio_nanopore_preset	34	80	0.1885	1.1979	0.6616
pacbio_nanopore_preset	34	81	0.1896	1.2674	0.6916
pacbio_nanopore_preset	34	82	0.1929	1.3439	0.7243
pacbio_nanopore_preset	34	83	0.1940	1.4267	0.7619
pacbio_nanopore_preset	34	84	0.1951	1.5196	0.8020
pacbio_nanopore_preset	34	85	0.1962	1.6241	0.8454
pacbio_nanopore_preset	34	86	0.1962	1.7473	0.8953
pacbio_nanopore_preset	34	87	0.1962	1.8819	0.9427
pacbio_nanopore_preset	34	88	0.1962	2.0358	0.9997
pacbio_nanopore_preset	34	89	0.1962	2.2162	1.0726
pacbio_nanopore_preset	34	90	0.1962	2.4203	1.1548
pacbio_nanopore_preset	34	91	0.1962	2.6729	1.2579
pacbio_nanopore_preset	34	92	0.1962	2.9738	1.3738
pacbio_nanopore_preset	34	93	0.1962	3.3711	1.5309
pacbio_nanopore_preset	34	94	0.1962	3.8974	1.7527
pacbio_nanopore_preset	34	95	0.1962	4.5855	2.0928
pacbio_nanopore_preset	34	96	0.1962	5.5534	2.5663
pacbio_nanopore_preset	34	97	0.1962	7.0834	3.5272
pacbio_nanopore_preset	34	98	0.1962	9.6005	5.5465
pacbio_nanopore_preset	34	99	0.1962	14.9774	10.3931
pacbio_nanopore_preset	35	51	0.0554	0.2439	0.1595
pacbio_nanopore_preset	35	52	0.0610	0.2621	0.1707
pacbio_nanopore_preset	35	53	0.0676	0.2803	0.1828
pacbio_nanopore_preset	35	54	0.0710	0.2992	0.1945
pacbio_nanopore_preset	35	55	0.0765	0.3185	0.2054
pacbio_nanopore_preset	35	56	0.0920	0.3387	0.2167
pacbio_nanopore_preset	35	57	0.0987	0.3595	0.2296
pacbio_nanopore_preset	35	58	0.1131	0.3809	0.2436
pacbio_nanopore_preset	35	59	0.1242	0.4028	0.2554
pacbio_nanopore_preset	35	60	0.1353	0.4254	0.2665
pacbio_nanopore_preset	35	61	0.1397	0.4484	0.2814
pacbio_nanopore_preset	35	62	0.1475	0.4723	0.2944
pacbio_nanopore_preset	35	63	0.1530	0.4972	0.3074
pacbio_nanopore_preset	35	64	0.1530	0.5225	0.3217
pacbio_nanopore_preset	35	65	0.1541	0.5494	0.3371
pacbio_nanopore_preset	35	66	0.1541	0.5775	0.3518
pacbio_nanopore_preset	35	67	0.1585	0.6068	0.3675
pacbio_nanopore_preset	35	68	0.1596	0.6372	0.3831
pacbio_nanopore_preset	35	69	0.1630	0.6691	0.4003
pacbio_nanopore_preset	35	70	0.1674	0.7033	0.4189
pacbio_nanopore_preset	35	71	0.1685	0.7397	0.4386
pacbio_nanopore_preset	35	72	0.1707	0.7786	0.4571
pacbio_nanopore_preset	35	73	0.1741	0.8196	0.4807
pacbio_nanopore_preset	35	74	0.1741	0.8622	0.5030
pacbio_nanopore_preset	35	75	0.1741	0.9072	0.5237
pacbio_nanopore_preset	35	76	0.1752	0.9550	0.5457
pacbio_nanopore_preset	35	77	0.1752	1.0066	0.5704
pacbio_nanopore_preset	35	78	0.1774	1.0618	0.5960
pacbio_nanopore_preset	35	79	0.1774	1.1211	0.6239
pacbio_nanopore_preset	35	80	0.1774	1.1844	0.6514
pacbio_nanopore_preset	35	81	0.1785	1.2539	0.6827
pacbio_nanopore_preset	35	82	0.1818	1.3304	0.7158
pacbio_nanopore_preset	35	83	0.1829	1.4132	0.7510
pacbio_nanopore_preset	35	84	0.1840	1.5061	0.7934
pacbio_nanopore_preset	35	85	0.1851	1.6107	0.8371
pacbio_nanopore_preset	35	86	0.1851	1.7338	0.8852
pacbio_nanopore_preset	35	87	0.1851	1.8684	0.9326
pacbio_nanopore_preset	35	88	0.1851	2.0224	0.9914
pacbio_nanopore_preset	35	89	0.1851	2.2027	1.0628
pacbio_nanopore_preset	35	90	0.1851	2.4068	1.1450
pacbio_nanopore_preset	35	91	0.1851	2.6594	1.2475
pacbio_nanopore_preset	35	92	0.1851	2.9603	1.3657
pacbio_nanopore_preset	35	93	0.1851	3.3576	1.5197
pacbio_nanopore_preset	35	94	0.1851	3.8839	1.7420
pacbio_nanopore_preset	35	95	0.1851	4.5720	2.0837
pacbio_nanopore_preset	35	96	0.1851	5.5399	2.5566
pacbio_nanopore_preset	35	97	0.1851	7.0699	3.5177
pacbio_nanopore_preset	35	98	0.1851	9.5871	5.5368
pacbio_nanopore_preset	35	99	0.1851	14.9639	10.3776
pacbio_nanopore_preset	36	51	0.0488	0.2302	0.1505
pacbio_nanopore_preset	36	52	0.0543	0.2484	0.1617
pacbio_nanopore_preset	36	53	0.0610	0.2666	0.1738
pacbio_nanopore_preset	36	54	0.0643	0.2855	0.1850
pacbio_nanopore_preset	36	55	0.0698	0.3048	0.1959
pacbio_nanopore_preset	36	56	0.0854	0.3250	0.2074
pacbio_nanopore_preset	36	57	0.0920	0.3458	0.2199
pacbio_nanopore_preset	36	58	0.1064	0.3672	0.2333
pacbio_nanopore_preset	36	59	0.1175	0.3891	0.2453
pacbio_nanopore_preset	36	60	0.1286	0.4117	0.2568
pacbio_nanopore_preset	36	61	0.1330	0.4347	0.2704
pacbio_nanopore_preset	36	62	0.1408	0.4586	0.2839
pacbio_nanopore_preset	36	63	0.1463	0.4835	0.2973
pacbio_nanopore_preset	36	64	0.1463	0.5088	0.3123
pacbio_nanopore_preset	36	65	0.1475	0.5357	0.3268
pacbio_nanopore_preset	36	66	0.1475	0.5638	0.3406
pacbio_nanopore_preset	36	67	0.1519	0.5931	0.3578
pacbio_nanopore_preset	36	68	0.1530	0.6235	0.3733
pacbio_nanopore_preset	36	69	0.1563	0.6554	0.3905
pacbio_nanopore_preset	36	70	0.1608	0.6896	0.4099
pacbio_nanopore_preset	36	71	0.1619	0.7260	0.4289
pacbio_nanopore_preset	36	72	0.1641	0.7649	0.4474
pacbio_nanopore_preset	36	73	0.1674	0.8059	0.4700
pacbio_nanopore_preset	36	74	0.1674	0.8485	0.4931
pacbio_nanopore_preset	36	75	0.1674	0.8935	0.5137
pacbio_nanopore_preset	36	76	0.1685	0.9412	0.5349
pacbio_nanopore_preset	36	77	0.1685	0.9929	0.5614
pacbio_nanopore_preset	36	78	0.1707	1.0481	0.5870
pacbio_nanopore_preset	36	79	0.1707	1.1074	0.6163
pacbio_nanopore_preset	36	80	0.1707	1.1707	0.6413
pacbio_nanopore_preset	36	81	0.1718	1.2402	0.6731
pacbio_nanopore_preset	36	82	0.1752	1.3167	0.7057
pacbio_nanopore_preset	36	83	0.1763	1.3995	0.7432
pacbio_nanopore_preset	36	84	0.1774	1.4924	0.7847
pacbio_nanopore_preset	36	85	0.1785	1.5970	0.8270
pacbio_nanopore_preset	36	86	0.1785	1.7201	0.8721
pacbio_nanopore_preset	36	87	0.1785	1.8547	0.9234
pacbio_nanopore_preset	36	88	0.1785	2.0086	0.9818
pacbio_nanopore_preset	36	89	0.1785	2.1890	1.0528
pacbio_nanopore_preset	36	90	0.1785	2.3931	1.1335
pacbio_nanopore_preset	36	91	0.1785	2.6457	1.2387
pacbio_nanopore_preset	36	92	0.1785	2.9466	1.3584
pacbio_nanopore_preset	36	93	0.1785	3.3439	1.5120
pacbio_nanopore_preset	36	94	0.1785	3.8702	1.7342
pacbio_nanopore_preset	36	95	0.1785	4.5583	2.0733
pacbio_nanopore_preset	36	96	0.1785	5.5262	2.5486
pacbio_nanopore_preset	36	97	0.1785	7.0562	3.5075
pacbio_nanopore_preset	36	98	0.1785	9.5733	5.5276
pacbio_nanopore_preset	36	99	0.1785	14.9502	10.3645
pacbio_nanopore_preset	37	51	0.0421	0.2161	0.1403
pacbio_nanopore_preset	37	52	0.0477	0.2343	0.1516
pacbio_nanopore_preset	37	53	0.0543	0.2525	0.1633
pacbio_nanopore_preset	37	54	0.0576	0.2715	0.1747
pacbio_nanopore_preset	37	55	0.0632	0.2907	0.1858
pacbio_nanopore_preset	37	56	0.0787	0.3110	0.1976
pacbio_nanopore_preset	37	57	0.0854	0.3317	0.2100
pacbio_nanopore_preset	37	58	0.0998	0.3532	0.2233
pacbio_nanopore_preset	37	59	0.1109	0.3751	0.2349
pacbio_nanopore_preset	37	60	0.1220	0.3977	0.2473
pacbio_nanopore_preset	37	61	0.1264	0.4206	0.2609
pacbio_nanopore_preset	37	62	0.1341	0.4446	0.2740
pacbio_nanopore_preset	37	63	0.1397	0.4695	0.2877
pacbio_nanopore_preset	37	64	0.1397	0.4948	0.3025
pacbio_nanopore_preset	37	65	0.1408	0.5216	0.3164
pacbio_nanopore_preset	37	66	0.1408	0.5498	0.3309
pacbio_nanopore_preset	37	67	0.1452	0.5791	0.3481
pacbio_nanopore_preset	37	68	0.1463	0.6094	0.3647
pacbio_nanopore_preset	37	69	0.1497	0.6413	0.3815
pacbio_nanopore_preset	37	70	0.1541	0.6755	0.4013
pacbio_nanopore_preset	37	71	0.1552	0.7119	0.4204
pacbio_nanopore_preset	37	72	0.1574	0.7509	0.4385
pacbio_nanopore_preset	37	73	0.1608	0.7919	0.4613
pacbio_nanopore_preset	37	74	0.1608	0.8345	0.4838
pacbio_nanopore_preset	37	75	0.1608	0.8794	0.5042
pacbio_nanopore_preset	37	76	0.1619	0.9272	0.5253
pacbio_nanopore_preset	37	77	0.1619	0.9789	0.5516
pacbio_nanopore_preset	37	78	0.1641	1.0341	0.5768
pacbio_nanopore_preset	37	79	0.1641	1.0933	0.6056
pacbio_nanopore_preset	37	80	0.1641	1.1566	0.6285
pacbio_nanopore_preset	37	81	0.1652	1.2261	0.6630
pacbio_nanopore_preset	37	82	0.1685	1.3027	0.6959
pacbio_nanopore_preset	37	83	0.1696	1.3855	0.7308
pacbio_nanopore_preset	37	84	0.1707	1.4784	0.7724
pacbio_nanopore_preset	37	85	0.1718	1.5829	0.8180
pacbio_nanopore_preset	37	86	0.1718	1.7061	0.8630
pacbio_nanopore_preset	37	87	0.1718	1.8406	0.9153
pacbio_nanopore_preset	37	88	0.1718	1.9946	0.9725
pacbio_nanopore_preset	37	89	0.1718	2.1749	1.0457
pacbio_nanopore_preset	37	90	0.1718	2.3790	1.1241
pacbio_nanopore_preset	37	91	0.1718	2.6317	1.2289
pacbio_nanopore_preset	37	92	0.1718	2.9326	1.3491
pacbio_nanopore_preset	37	93	0.1718	3.3298	1.5018
pacbio_nanopore_preset	37	94	0.1718	3.8561	1.7254
pacbio_nanopore_preset	37	95	0.1718	4.5442	2.0626
pacbio_nanopore_preset	37	96	0.1718	5.5121	2.5363
pacbio_nanopore_preset	37	97	0.1718	7.0422	3.4971
pacbio_nanopore_preset	37	98	0.1718	9.5593	5.5204
pacbio_nanopore_preset	37	99	0.1718	14.9361	10.3574
pacbio_nanopore_preset	38	51	0.0377	0.2021	0.1312
pacbio_nanopore_preset	38	52	0.0432	0.2203	0.1419
pacbio_nanopore_preset	38	53	0.0499	0.2385	0.1531
pacbio_nanopore_preset	38	54	0.0532	0.2575	0.1648
pacbio_nanopore_preset	38	55	0.0588	0.2767	0.1762
pacbio_nanopore_preset	38	56	0.0743	0.2970	0.1879
pacbio_nanopore_preset	38	57	0.0809	0.3177	0.2006
pacbio_nanopore_preset	38	58	0.0953	0.3392	0.2124
pacbio_nanopore_preset	38	59	0.1064	0.3611	0.2261
pacbio_nanopore_preset	38	60	0.1175	0.3837	0.2372
pacbio_nanopore_preset	38	61	0.1220	0.4066	0.2515
pacbio_nanopore_preset	38	62	0.1297	0.4306	0.2645
pacbio_nanopore_preset	38	63	0.1353	0.4555	0.2775
pacbio_nanopore_preset	38	64	0.1353	0.4808	0.2927
pacbio_nanopore_preset	38	65	0.1364	0.5076	0.3068
pacbio_nanopore_preset	38	66	0.1364	0.5358	0.3218
pacbio_nanopore_preset	38	67	0.1408	0.5651	0.3388
pacbio_nanopore_preset	38	68	0.1419	0.5954	0.3550
pacbio_nanopore_preset	38	69	0.1452	0.6273	0.3717
pacbio_nanopore_preset	38	70	0.1497	0.6615	0.3906
pacbio_nanopore_preset	38	71	0.1508	0.6979	0.4104
pacbio_nanopore_preset	38	72	0.1530	0.7369	0.4285
pacbio_nanopore_preset	38	73	0.1563	0.7779	0.4520
pacbio_nanopore_preset	38	74	0.1563	0.8205	0.4747
pacbio_nanopore_preset	38	75	0.1563	0.8654	0.4949
pacbio_nanopore_preset	38	76	0.1574	0.9132	0.5155
pacbio_nanopore_preset	38	77	0.1574	0.9649	0.5385
pacbio_nanopore_preset	38	78	0.1596	1.0201	0.5650
pacbio_nanopore_preset	38	79	0.1596	1.0793	0.5892
pacbio_nanopore_preset	38	80	0.1596	1.1426	0.6172
pacbio_nanopore_preset	38	81	0.1608	1.2121	0.6532
pacbio_nanopore_preset	38	82	0.1641	1.2887	0.6869
pacbio_nanopore_preset	38	83	0.1652	1.3715	0.7205
pacbio_nanopore_preset	38	84	0.1663	1.4644	0.7626
pacbio_nanopore_preset	38	85	0.1674	1.5689	0.8079
pacbio_nanopore_preset	38	86	0.1674	1.6921	0.8541
pacbio_nanopore_preset	38	87	0.1674	1.8266	0.9052
pacbio_nanopore_preset	38	88	0.1674	1.9806	0.9620
pacbio_nanopore_preset	38	89	0.1674	2.1609	1.0357
pacbio_nanopore_preset	38	90	0.1674	2.3650	1.1123
pacbio_nanopore_preset	38	91	0.1674	2.6177	1.2202
pacbio_nanopore_preset	38	92	0.1674	2.9186	1.3418
pacbio_nanopore_preset	38	93	0.1674	3.3158	1.4924
pacbio_nanopore_preset	38	94	0.1674	3.8422	1.7156
pacbio_nanopore_preset	38	95	0.1674	4.5302	2.0527
pacbio_nanopore_preset	38	96	0.1674	5.4981	2.5255
pacbio_nanopore_preset	38	97	0.1674	7.0282	3.4867
pacbio_nanopore_preset	38	98	0.1674	9.5453	5.5118
pacbio_nanopore_preset	38	99	0.1674	14.9221	10.3503
pacbio_nanopore_preset	39	51	0.0322	0.1875	0.1209
pacbio_nanopore_preset	39	52	0.0377	0.2057	0.1317
pacbio_nanopore_preset	39	53	0.0443	0.2240	0.1438
pacbio_nanopore_preset	39	54	0.0477	0.2429	0.1551
pacbio_nanopore_preset	39	55	0.0532	0.2621	0.1661
pacbio_nanopore_preset	39	56	0.0687	0.2824	0.1777
pacbio_nanopore_preset	39	57	0.0754	0.3032	0.1914
pacbio_nanopore_preset	39	58	0.0898	0.3246	0.2026
pacbio_nanopore_preset	39	59	0.1009	0.3465	0.2166
pacbio_nanopore_preset	39	60	0.1120	0.3691	0.2275
pacbio_nanopore_preset	39	61	0.1164	0.3920	0.2411
pacbio_nanopore_preset	39	62	0.1242	0.4160	0.2548
pacbio_nanopore_preset	39	63	0.1297	0.4409	0.2681
pacbio_nanopore_preset	39	64	0.1297	0.4662	0.2832
pacbio_nanopore_preset	39	65	0.1308	0.4930	0.2972
pacbio_nanopore_preset	39	66	0.1308	0.5212	0.3125
pacbio_nanopore_preset	39	67	0.1353	0.5505	0.3290
pacbio_nanopore_preset	39	68	0.1364	0.5808	0.3457
pacbio_nanopore_preset	39	69	0.1397	0.6128	0.3628
pacbio_nanopore_preset	39	70	0.1441	0.6469	0.3812
pacbio_nanopore_preset	39	71	0.1452	0.6833	0.4002
pacbio_nanopore_preset	39	72	0.1475	0.7223	0.4195
pacbio_nanopore_preset	39	73	0.1508	0.7633	0.4421
pacbio_nanopore_preset	39	74	0.1508	0.8059	0.4642
pacbio_nanopore_preset	39	75	0.1508	0.8508	0.4840
pacbio_nanopore_preset	39	76	0.1519	0.8986	0.5058
pacbio_nanopore_preset	39	77	0.1519	0.9503	0.5290
pacbio_nanopore_preset	39	78	0.1541	1.0055	0.5535
pacbio_nanopore_preset	39	79	0.1541	1.0647	0.5796
pacbio_nanopore_preset	39	80	0.1541	1.1280	0.6065
pacbio_nanopore_preset	39	81	0.1552	1.1976	0.6435
pacbio_nanopore_preset	39	82	0.1585	1.2741	0.6780
pacbio_nanopore_preset	39	83	0.1596	1.3569	0.7114
pacbio_nanopore_preset	39	84	0.1608	1.4498	0.7530
pacbio_nanopore_preset	39	85	0.1619	1.5543	0.7991
pacbio_nanopore_preset	39	86	0.1619	1.6775	0.8454
pacbio_nanopore_preset	39	87	0.1619	1.8120	0.8952
pacbio_nanopore_preset	39	88	0.1619	1.9660	0.9505
pacbio_nanopore_preset	39	89	0.1619	2.1464	1.0259
pacbio_nanopore_preset	39	90	0.1619	2.3504	1.1021
pacbio_nanopore_preset	39	91	0.1619	2.6031	1.2139
pacbio_nanopore_preset	39	92	0.1619	2.9040	1.3338
pacbio_nanopore_preset	39	93	0.1619	3.3012	1.4845
pacbio_nanopore_preset	39	94	0.1619	3.8276	1.7068
pacbio_nanopore_preset	39	95	0.1619	4.5156	2.0407
pacbio_nanopore_preset	39	96	0.1619	5.4835	2.5142
pacbio_nanopore_preset	39	97	0.1619	7.0136	3.4759
pacbio_nanopore_preset	39	98	0.1619	9.5307	5.5041
pacbio_nanopore_preset	39	99	0.1619	14.9075	10.3436
pacbio_nanopore_preset	40	51	0.0299	0.1730	0.1115
pacbio_nanopore_preset	40	52	0.0355	0.1912	0.1222
pacbio_nanopore_preset	40	53	0.0421	0.2095	0.1343
pacbio_nanopore_preset	40	54	0.0455	0.2284	0.1458
pacbio_nanopore_preset	40	55	0.0510	0.2476	0.1570
pacbio_nanopore_preset	40	56	0.0665	0.2679	0.1688
pacbio_nanopore_preset	40	57	0.0732	0.2887	0.1809
pacbio_nanopore_preset	40	58	0.0876	0.3101	0.1926
pacbio_nanopore_preset	40	59	0.0987	0.3320	0.2069
pacbio_nanopore_preset	40	60	0.1098	0.3546	0.2188
pacbio_nanopore_preset	40	61	0.1142	0.3775	0.2321
pacbio_nanopore_preset	40	62	0.1220	0.4015	0.2449
pacbio_nanopore_preset	40	63	0.1275	0.4264	0.2581
pacbio_nanopore_preset	40	64	0.1275	0.4517	0.2736
pacbio_nanopore_preset	40	65	0.1286	0.4785	0.2873
pacbio_nanopore_preset	40	66	0.1286	0.5067	0.3029
pacbio_nanopore_preset	40	67	0.1330	0.5360	0.3190
pacbio_nanopore_preset	40	68	0.1341	0.5663	0.3361
pacbio_nanopore_preset	40	69	0.1375	0.5983	0.3534
pacbio_nanopore_preset	40	70	0.1419	0.6324	0.3722
pacbio_nanopore_preset	40	71	0.1430	0.6688	0.3909
pacbio_nanopore_preset	40	72	0.1452	0.7078	0.4106
pacbio_nanopore_preset	40	73	0.1486	0.7488	0.4324
pacbio_nanopore_preset	40	74	0.1486	0.7914	0.4540
pacbio_nanopore_preset	40	75	0.1486	0.8363	0.4750
pacbio_nanopore_preset	40	76	0.1497	0.8841	0.4960
pacbio_nanopore_preset	40	77	0.1497	0.9358	0.5179
pacbio_nanopore_preset	40	78	0.1519	0.9910	0.5439
pacbio_nanopore_preset	40	79	0.1519	1.0502	0.5709
pacbio_nanopore_preset	40	80	0.1519	1.1135	0.5966
pacbio_nanopore_preset	40	81	0.1530	1.1830	0.6304
pacbio_nanopore_preset	40	82	0.1563	1.2596	0.6672
pacbio_nanopore_preset	40	83	0.1574	1.3424	0.7005
pacbio_nanopore_preset	40	84	0.1585	1.4353	0.7430
pacbio_nanopore_preset	40	85	0.1596	1.5398	0.7875
pacbio_nanopore_preset	40	86	0.1596	1.6630	0.8345
pacbio_nanopore_preset	40	87	0.1596	1.7975	0.8841
pacbio_nanopore_preset	40	88	0.1596	1.9515	0.9432
pacbio_nanopore_preset	40	89	0.1596	2.1319	1.0172
pacbio_nanopore_preset	40	90	0.1596	2.3359	1.0932
pacbio_nanopore_preset	40	91	0.1596	2.5886	1.2053
pacbio_nanopore_preset	40	92	0.1596	2.8895	1.3250
pacbio_nanopore_preset	40	93	0.1596	3.2867	1.4752
pacbio_nanopore_preset	40	94	0.1596	3.8131	1.6980
pacbio_nanopore_preset	40	95	0.1596	4.5011	2.0293
pacbio_nanopore_preset	40	96	0.1596	5.4690	2.5045
pacbio_nanopore_preset	40	97	0.1596	6.9991	3.4650
pacbio_nanopore_preset	40	98	0.1596	9.5162	5.4972
pacbio_nanopore_preset	40	99	0.1596	14.8930	10.3365
pacbio_nanopore_preset	41	51	0.0233	0.1586	0.1018
pacbio_nanopore_preset	41	52	0.0288	0.1768	0.1131
pacbio_nanopore_preset	41	53	0.0355	0.1950	0.1253
pacbio_nanopore_preset	41	54	0.0388	0.2140	0.1367
pacbio_nanopore_preset	41	55	0.0443	0.2332	0.1474
pacbio_nanopore_preset	41	56	0.0599	0.2534	0.1595
pacbio_nanopore_preset	41	57	0.0665	0.2742	0.1716
pacbio_nanopore_preset	41	58	0.0809	0.2957	0.1837
pacbio_nanopore_preset	41	59	0.0920	0.3176	0.1961
pacbio_nanopore_preset	41	60	0.1031	0.3402	0.2088
pacbio_nanopore_preset	41	61	0.1075	0.3631	0.2221
pacbio_nanopore_preset	41	62	0.1153	0.3871	0.2353
pacbio_nanopore_preset	41	63	0.1208	0.4119	0.2492
pacbio_nanopore_preset	41	64	0.1208	0.4373	0.2644
pacbio_nanopore_preset	41	65	0.1220	0.4641	0.2784
pacbio_nanopore_preset	41	66	0.1220	0.4923	0.2932
pacbio_nanopore_preset	41	67	0.1264	0.5216	0.3102
pacbio_nanopore_preset	41	68	0.1275	0.5519	0.3263
pacbio_nanopore_preset	41	69	0.1308	0.5838	0.3439
pacbio_nanopore_preset	41	70	0.1353	0.6180	0.3624
pacbio_nanopore_preset	41	71	0.1364	0.6544	0.3810
pacbio_nanopore_preset	41	72	0.1386	0.6934	0.4000
pacbio_nanopore_preset	41	73	0.1419	0.7344	0.4220
pacbio_nanopore_preset	41	74	0.1419	0.7770	0.4428
pacbio_nanopore_preset	41	75	0.1419	0.8219	0.4628
pacbio_nanopore_preset	41	76	0.1430	0.8697	0.4856
pacbio_nanopore_preset	41	77	0.1430	0.9213	0.5073
pacbio_nanopore_preset	41	78	0.1452	0.9766	0.5341
pacbio_nanopore_preset	41	79	0.1452	1.0358	0.5601
pacbio_nanopore_preset	41	80	0.1452	1.0991	0.5876
pacbio_nanopore_preset	41	81	0.1463	1.1686	0.6199
pacbio_nanopore_preset	41	82	0.1497	1.2451	0.6571
pacbio_nanopore_preset	41	83	0.1508	1.3280	0.6906
pacbio_nanopore_preset	41	84	0.1519	1.4209	0.7339
pacbio_nanopore_preset	41	85	0.1530	1.5254	0.7771
pacbio_nanopore_preset	41	86	0.1530	1.6485	0.8250
pacbio_nanopore_preset	41	87	0.1530	1.7831	0.8754
pacbio_nanopore_preset	41	88	0.1530	1.9371	0.9368
pacbio_nanopore_preset	41	89	0.1530	2.1174	1.0069
pacbio_nanopore_preset	41	90	0.1530	2.3215	1.0831
pacbio_nanopore_preset	41	91	0.1530	2.5742	1.1951
pacbio_nanopore_preset	41	92	0.1530	2.8750	1.3162
pacbio_nanopore_preset	41	93	0.1530	3.2723	1.4667
pacbio_nanopore_preset	41	94	0.1530	3.7986	1.6889
pacbio_nanopore_preset	41	95	0.1530	4.4867	2.0186
pacbio_nanopore_preset	41	96	0.1530	5.4546	2.4967
pacbio_nanopore_preset	41	97	0.1530	6.9846	3.4532
pacbio_nanopore_preset	41	98	0.1530	9.5018	5.4892
pacbio_nanopore_preset	41	99	0.1530	14.8786	10.3293
pacbio_nanopore_preset	42	51	0.0200	0.1440	0.0920
pacbio_nanopore_preset	42	52	0.0255	0.1622	0.1037
pacbio_nanopore_preset	42	53	0.0322	0.1804	0.1156
pacbio_nanopore_preset	42	54	0.0355	0.1994	0.1272
pacbio_nanopore_preset	42	55	0.0410	0.2186	0.1380
pacbio_nanopore_preset	42	56	0.0565	0.2389	0.1494
pacbio_nanopore_preset	42	57	0.0632	0.2596	0.1621
pacbio_nanopore_preset	42	58	0.0776	0.2811	0.1742
pacbio_nanopore_preset	42	59	0.0887	0.3030	0.1868
pacbio_nanopore_preset	42	60	0.0998	0.3256	0.1990
pacbio_nanopore_preset	42	61	0.1042	0.3485	0.2132
pacbio_nanopore_preset	42	62	0.1120	0.3725	0.2262
pacbio_nanopore_preset	42	63	0.1175	0.3974	0.2401
pacbio_nanopore_preset	42	64	0.1175	0.4227	0.2552
pacbio_nanopore_preset	42	65	0.1186	0.4495	0.2695
pacbio_nanopore_preset	42	66	0.1186	0.4777	0.2842
pacbio_nanopore_preset	42	67	0.1231	0.5070	0.3010
pacbio_nanopore_preset	42	68	0.1242	0.5373	0.3171
pacbio_nanopore_preset	42	69	0.1275	0.5692	0.3356
pacbio_nanopore_preset	42	70	0.1319	0.6034	0.3521
pacbio_nanopore_preset	42	71	0.1330	0.6398	0.3713
pacbio_nanopore_preset	42	72	0.1353	0.6788	0.3905
pacbio_nanopore_preset	42	73	0.1386	0.7198	0.4108
pacbio_nanopore_preset	42	74	0.1386	0.7624	0.4331
pacbio_nanopore_preset	42	75	0.1386	0.8073	0.4529
pacbio_nanopore_preset	42	76	0.1397	0.8551	0.4750
pacbio_nanopore_preset	42	77	0.1397	0.9068	0.4987
pacbio_nanopore_preset	42	78	0.1419	0.9620	0.5257
pacbio_nanopore_preset	42	79	0.1419	1.0212	0.5512
pacbio_nanopore_preset	42	80	0.1419	1.0845	0.5788
pacbio_nanopore_preset	42	81	0.1430	1.1540	0.6115
pacbio_nanopore_preset	42	82	0.1463	1.2306	0.6474
pacbio_nanopore_preset	42	83	0.1475	1.3134	0.6806
pacbio_nanopore_preset	42	84	0.1486	1.4063	0.7250
pacbio_nanopore_preset	42	85	0.1497	1.5108	0.7675
pacbio_nanopore_preset	42	86	0.1497	1.6340	0.8153
pacbio_nanopore_preset	42	87	0.1497	1.7685	0.8674
pacbio_nanopore_preset	42	88	0.1497	1.9225	0.9278
pacbio_nanopore_preset	42	89	0.1497	2.1028	0.9973
pacbio_nanopore_preset	42	90	0.1497	2.3069	1.0752
pacbio_nanopore_preset	42	91	0.1497	2.5596	1.1853
pacbio_nanopore_preset	42	92	0.1497	2.8605	1.3075
pacbio_nanopore_preset	42	93	0.1497	3.2577	1.4559
pacbio_nanopore_preset	42	94	0.1497	3.7840	1.6792
pacbio_nanopore_preset	42	95	0.1497	4.4721	2.0094
pacbio_nanopore_preset	42	96	0.1497	5.4400	2.4873
pacbio_nanopore_preset	42	97	0.1497	6.9701	3.4406
pacbio_nanopore_preset	42	98	0.1497	9.4872	5.4837
pacbio_nanopore_preset	42	99	0.1497	14.8640	10.3198
pacbio_nanopore_preset	43	51	0.0177	0.1293	0.0832
pacbio_nanopore_preset	43	52	0.0233	0.1474	0.0944
pacbio_nanopore_preset	43	53	0.0299	0.1657	0.1056
pacbio_nanopore_preset	43	54	0.0333	0.1846	0.1168
pacbio_nanopore_preset	43	55	0.0388	0.2038	0.1278
pacbio_nanopore_preset	43	56	0.0543	0.2241	0.1403
pacbio_nanopore_preset	43	57	0.0610	0.2449	0.1528
pacbio_nanopore_preset	43	58	0.0754	0.2663	0.1650
pacbio_nanopore_preset	43	59	0.0865	0.2882	0.1769
pacbio_nanopore_preset	43	60	0.0976	0.3108	0.1892
pacbio_nanopore_preset	43	61	0.1020	0.3337	0.2029
pacbio_nanopore_preset	43	62	0.1098	0.3577	0.2164
pacbio_nanopore_preset	43	63	0.1153	0.3826	0.2293
pacbio_nanopore_preset	43	64	0.1153	0.4079	0.2449
pacbio_nanopore_preset	43	65	0.1164	0.4347	0.2604
pacbio_nanopore_preset	43	66	0.1164	0.4629	0.2756
pacbio_nanopore_preset	43	67	0.1208	0.4922	0.2913
pacbio_nanopore_preset	43	68	0.1220	0.5225	0.3078
pacbio_nanopore_preset	43	69	0.1253	0.5545	0.3257
pacbio_nanopore_preset	43	70	0.1297	0.5887	0.3424
pacbio_nanopore_preset	43	71	0.1308	0.6251	0.3612
pacbio_nanopore_preset	43	72	0.1330	0.6640	0.3800
pacbio_nanopore_preset	43	73	0.1364	0.7050	0.4018
pacbio_nanopore_preset	43	74	0.1364	0.7476	0.4225
pacbio_nanopore_preset	43	75	0.1364	0.7926	0.4445
pacbio_nanopore_preset	43	76	0.1375	0.8403	0.4659
pacbio_nanopore_preset	43	77	0.1375	0.8920	0.4891
pacbio_nanopore_preset	43	78	0.1397	0.9472	0.5170
pacbio_nanopore_preset	43	79	0.1397	1.0065	0.5417
pacbio_nanopore_preset	43	80	0.1397	1.0698	0.5697
pacbio_nanopore_preset	43	81	0.1408	1.1393	0.6017
pacbio_nanopore_preset	43	82	0.1441	1.2158	0.6372
pacbio_nanopore_preset	43	83	0.1452	1.2986	0.6708
pacbio_nanopore_preset	43	84	0.1463	1.3915	0.7160
pacbio_nanopore_preset	43	85	0.1475	1.4960	0.7579
pacbio_nanopore_preset	43	86	0.1475	1.6192	0.8037
pacbio_nanopore_preset	43	87	0.1475	1.7537	0.8569
pacbio_nanopore_preset	43	88	0.1475	1.9077	0.9173
pacbio_nanopore_preset	43	89	0.1475	2.0881	0.9867
pacbio_nanopore_preset	43	90	0.1475	2.2922	1.0668
pacbio_nanopore_preset	43	91	0.1475	2.5448	1.1735
pacbio_nanopore_preset	43	92	0.1475	2.8457	1.2955
pacbio_nanopore_preset	43	93	0.1475	3.2429	1.4470
pacbio_nanopore_preset	43	94	0.1475	3.7693	1.6697
pacbio_nanopore_preset	43	95	0.1475	4.4574	1.9979
pacbio_nanopore_preset	43	96	0.1475	5.4253	2.4799
pacbio_nanopore_preset	43	97	0.1475	6.9553	3.4289
pacbio_nanopore_preset	43	98	0.1475	9.4724	5.4763
pacbio_nanopore_preset	43	99	0.1475	14.8493	10.3022
pacbio_nanopore_preset	44	51	0.0155	0.1144	0.0730
pacbio_nanopore_preset	44	52	0.0211	0.1326	0.0838
pacbio_nanopore_preset	44	53	0.0277	0.1508	0.0958
pacbio_nanopore_preset	44	54	0.0310	0.1697	0.1069
pacbio_nanopore_preset	44	55	0.0366	0.1890	0.1181
pacbio_nanopore_preset	44	56	0.0521	0.2092	0.1306
pacbio_nanopore_preset	44	57	0.0588	0.2300	0.1433
pacbio_nanopore_preset	44	58	0.0732	0.2514	0.1551
pacbio_nanopore_preset	44	59	0.0843	0.2733	0.1674
pacbio_nanopore_preset	44	60	0.0953	0.2959	0.1794
pacbio_nanopore_preset	44	61	0.0998	0.3189	0.1932
pacbio_nanopore_preset	44	62	0.1075	0.3428	0.2063
pacbio_nanopore_preset	44	63	0.1131	0.3677	0.2204
pacbio_nanopore_preset	44	64	0.1131	0.3931	0.2355
pacbio_nanopore_preset	44	65	0.1142	0.4199	0.2502
pacbio_nanopore_preset	44	66	0.1142	0.4480	0.2656
pacbio_nanopore_preset	44	67	0.1186	0.4773	0.2819
pacbio_nanopore_preset	44	68	0.1197	0.5077	0.2970
pacbio_nanopore_preset	44	69	0.1231	0.5396	0.3148
pacbio_nanopore_preset	44	70	0.1275	0.5738	0.3321
pacbio_nanopore_preset	44	71	0.1286	0.6102	0.3512
pacbio_nanopore_preset	44	72	0.1308	0.6491	0.3705
pacbio_nanopore_preset	44	73	0.1341	0.6901	0.3906
pacbio_nanopore_preset	44	74	0.1341	0.7327	0.4115
pacbio_nanopore_preset	44	75	0.1341	0.7777	0.4349
pacbio_nanopore_preset	44	76	0.1353	0.8255	0.4567
pacbio_nanopore_preset	44	77	0.1353	0.8771	0.4791
pacbio_nanopore_preset	44	78	0.1375	0.9323	0.5059
pacbio_nanopore_preset	44	79	0.1375	0.9916	0.5314
pacbio_nanopore_preset	44	80	0.1375	1.0549	0.5594
pacbio_nanopore_preset	44	81	0.1386	1.1244	0.5917
pacbio_nanopore_preset	44	82	0.1419	1.2009	0.6263
pacbio_nanopore_preset	44	83	0.1430	1.2837	0.6618
pacbio_nanopore_preset	44	84	0.1441	1.3766	0.7059
pacbio_nanopore_preset	44	85	0.1452	1.4812	0.7480
pacbio_nanopore_preset	44	86	0.1452	1.6043	0.7929
pacbio_nanopore_preset	44	87	0.1452	1.7389	0.8464
pacbio_nanopore_preset	44	88	0.1452	1.8929	0.9078
pacbio_nanopore_preset	44	89	0.1452	2.0732	0.9775
pacbio_nanopore_preset	44	90	0.1452	2.2773	1.0589
pacbio_nanopore_preset	44	91	0.1452	2.5299	1.1618
pacbio_nanopore_preset	44	92	0.1452	2.8308	1.2854
pacbio_nanopore_preset	44	93	0.1452	3.2281	1.4374
pacbio_nanopore_preset	44	94	0.1452	3.7544	1.6603
pacbio_nanopore_preset	44	95	0.1452	4.4425	1.9878
pacbio_nanopore_preset	44	96	0.1452	5.4104	2.4684
pacbio_nanopore_preset	44	97	0.1452	6.9404	3.4173
pacbio_nanopore_preset	44	98	0.1452	9.4576	5.4643
pacbio_nanopore_preset	44	99	0.1452	14.8344	10.2882
pacbio_nanopore_preset	45	51	0.0133	0.0992	0.0632
pacbio_nanopore_preset	45	52	0.0188	0.1174	0.0737
pacbio_nanopore_preset	45	53	0.0255	0.1356	0.0853
pacbio_nanopore_preset	45	54	0.0288	0.1545	0.0975
pacbio_nanopore_preset	45	55	0.0344	0.1738	0.1087
pacbio_nanopore_preset	45	56	0.0499	0.1940	0.1199
pacbio_nanopore_preset	45	57	0.0565	0.2148	0.1327
pacbio_nanopore_preset	45	58	0.0710	0.2362	0.1449
pacbio_nanopore_preset	45	59	0.0820	0.2581	0.1581
pacbio_nanopore_preset	45	60	0.0931	0.2807	0.1695
pacbio_nanopore_preset	45	61	0.0976	0.3037	0.1834
pacbio_nanopore_preset	45	62	0.1053	0.3276	0.1963
pacbio_nanopore_preset	45	63	0.1109	0.3525	0.2097
pacbio_nanopore_preset	45	64	0.1109	0.3778	0.2249
pacbio_nanopore_preset	45	65	0.1120	0.4046	0.2404
pacbio_nanopore_preset	45	66	0.1120	0.4328	0.2557
pacbio_nanopore_preset	45	67	0.1164	0.4621	0.2711
pacbio_nanopore_preset	45	68	0.1175	0.4925	0.2876
pacbio_nanopore_preset	45	69	0.1208	0.5244	0.3046
pacbio_nanopore_preset	45	70	0.1253	0.5586	0.3218
pacbio_nanopore_preset	45	71	0.1264	0.5950	0.3403
pacbio_nanopore_preset	45	72	0.1286	0.6339	0.3602
pacbio_nanopore_preset	45	73	0.1319	0.6749	0.3806
pacbio_nanopore_preset	45	74	0.1319	0.7175	0.4016
pacbio_nanopore_preset	45	75	0.1319	0.7625	0.4243
pacbio_nanopore_preset	45	76	0.1330	0.8102	0.4458
pacbio_nanopore_preset	45	77	0.1330	0.8619	0.4694
pacbio_nanopore_preset	45	78	0.1353	0.9171	0.4960
pacbio_nanopore_preset	45	79	0.1353	0.9764	0.5211
pacbio_nanopore_preset	45	80	0.1353	1.0397	0.5507
pacbio_nanopore_preset	45	81	0.1364	1.1092	0.5816
pacbio_nanopore_preset	45	82	0.1397	1.1857	0.6172
pacbio_nanopore_preset	45	83	0.1408	1.2685	0.6520
pacbio_nanopore_preset	45	84	0.1419	1.3614	0.6966
pacbio_nanopore_preset	45	85	0.1430	1.4659	0.7384
pacbio_nanopore_preset	45	86	0.1430	1.5891	0.7838
pacbio_nanopore_preset	45	87	0.1430	1.7237	0.8368
pacbio_nanopore_preset	45	88	0.1430	1.8776	0.8975
pacbio_nanopore_preset	45	89	0.1430	2.0580	0.9674
pacbio_nanopore_preset	45	90	0.1430	2.2621	1.0503
pacbio_nanopore_preset	45	91	0.1430	2.5147	1.1515
pacbio_nanopore_preset	45	92	0.1430	2.8156	1.2733
pacbio_nanopore_preset	45	93	0.1430	3.2129	1.4272
pacbio_nanopore_preset	45	94	0.1430	3.7392	1.6511
pacbio_nanopore_preset	45	95	0.1430	4.4273	1.9782
pacbio_nanopore_preset	45	96	0.1430	5.3952	2.4576
pacbio_nanopore_preset	45	97	0.1430	6.9252	3.4076
pacbio_nanopore_preset	45	98	0.1430	9.4423	5.4512
pacbio_nanopore_preset	45	99	0.1430	14.8192	10.2755
pacbio_nanopore_preset	46	51	0.0122	0.0834	0.0530
pacbio_nanopore_preset	46	52	0.0177	0.1016	0.0639
pacbio_nanopore_preset	46	53	0.0244	0.1198	0.0749
pacbio_nanopore_preset	46	54	0.0277	0.1388	0.0871
pacbio_nanopore_preset	46	55	0.0333	0.1580	0.0981
pacbio_nanopore_preset	46	56	0.0488	0.1783	0.1096
pacbio_nanopore_preset	46	57	0.0554	0.1990	0.1230
pacbio_nanopore_preset	46	58	0.0698	0.2205	0.1350
pacbio_nanopore_preset	46	59	0.0809	0.2424	0.1482
pacbio_nanopore_preset	46	60	0.0920	0.2650	0.1604
pacbio_nanopore_preset	46	61	0.0965	0.2879	0.1733
pacbio_nanopore_preset	46	62	0.1042	0.3119	0.1864
pacbio_nanopore_preset	46	63	0.1098	0.3367	0.1995
pacbio_nanopore_preset	46	64	0.1098	0.3621	0.2150
pacbio_nanopore_preset	46	65	0.1109	0.3889	0.2306
pacbio_nanopore_preset	46	66	0.1109	0.4171	0.2448
pacbio_nanopore_preset	46	67	0.1153	0.4464	0.2608
pacbio_nanopore_preset	46	68	0.1164	0.4767	0.2773
pacbio_nanopore_preset	46	69	0.1197	0.5086	0.2952
pacbio_nanopore_preset	46	70	0.1242	0.5428	0.3112
pacbio_nanopore_preset	46	71	0.1253	0.5792	0.3313
pacbio_nanopore_preset	46	72	0.1275	0.6182	0.3499
pacbio_nanopore_preset	46	73	0.1308	0.6592	0.3723
pacbio_nanopore_preset	46	74	0.1308	0.7018	0.3929
pacbio_nanopore_preset	46	75	0.1308	0.7467	0.4154
pacbio_nanopore_preset	46	76	0.1319	0.7945	0.4367
pacbio_nanopore_preset	46	77	0.1319	0.8461	0.4594
pacbio_nanopore_preset	46	78	0.1341	0.9014	0.4865
pacbio_nanopore_preset	46	79	0.1341	0.9606	0.5123
pacbio_nanopore_preset	46	80	0.1341	1.0239	0.5394
pacbio_nanopore_preset	46	81	0.1353	1.0934	0.5708
pacbio_nanopore_preset	46	82	0.1386	1.1700	0.6072
pacbio_nanopore_preset	46	83	0.1397	1.2528	0.6426
pacbio_nanopore_preset	46	84	0.1408	1.3457	0.6861
pacbio_nanopore_preset	46	85	0.1419	1.4502	0.7277
pacbio_nanopore_preset	46	86	0.1419	1.5733	0.7734
pacbio_nanopore_preset	46	87	0.1419	1.7079	0.8282
pacbio_nanopore_preset	46	88	0.1419	1.8619	0.8891
pacbio_nanopore_preset	46	89	0.1419	2.0422	0.9578
pacbio_nanopore_preset	46	90	0.1419	2.2463	1.0394
pacbio_nanopore_preset	46	91	0.1419	2.4990	1.1440
pacbio_nanopore_preset	46	92	0.1419	2.7998	1.2608
pacbio_nanopore_preset	46	93	0.1419	3.1971	1.4174
pacbio_nanopore_preset	46	94	0.1419	3.7234	1.6430
pacbio_nanopore_preset	46	95	0.1419	4.4115	1.9686
pacbio_nanopore_preset	46	96	0.1419	5.3794	2.4468
pacbio_nanopore_preset	46	97	0.1419	6.9095	3.3946
pacbio_nanopore_preset	46	98	0.1419	9.4266	5.4404
pacbio_nanopore_preset	46	99	0.1419	14.8034	10.2615
pacbio_nanopore_preset	47	51	0.0089	0.0676	0.0426
pacbio_nanopore_preset	47	52	0.0144	0.0858	0.0536
pacbio_nanopore_preset	47	53	0.0211	0.1040	0.0647
pacbio_nanopore_preset	47	54	0.0244	0.1229	0.0764
pacbio_nanopore_preset	47	55	0.0299	0.1422	0.0882
pacbio_nanopore_preset	47	56	0.0455	0.1624	0.0994
pacbio_nanopore_preset	47	57	0.0521	0.1832	0.1118
pacbio_nanopore_preset	47	58	0.0665	0.2046	0.1240
pacbio_nanopore_preset	47	59	0.0776	0.2266	0.1371
pacbio_nanopore_preset	47	60	0.0887	0.2492	0.1489
pacbio_nanopore_preset	47	61	0.0931	0.2721	0.1613
pacbio_nanopore_preset	47	62	0.1009	0.2961	0.1747
pacbio_nanopore_preset	47	63	0.1064	0.3209	0.1885
pacbio_nanopore_preset	47	64	0.1064	0.3463	0.2044
pacbio_nanopore_preset	47	65	0.1075	0.3731	0.2193
pacbio_nanopore_preset	47	66	0.1075	0.4012	0.2351
pacbio_nanopore_preset	47	67	0.1120	0.4305	0.2505
pacbio_nanopore_preset	47	68	0.1131	0.4609	0.2676
pacbio_nanopore_preset	47	69	0.1164	0.4928	0.2852
pacbio_nanopore_preset	47	70	0.1208	0.5270	0.3010
pacbio_nanopore_preset	47	71	0.1220	0.5634	0.3208
pacbio_nanopore_preset	47	72	0.1242	0.6024	0.3392
pacbio_nanopore_preset	47	73	0.1275	0.6434	0.3609
pacbio_nanopore_preset	47	74	0.1275	0.6859	0.3821
pacbio_nanopore_preset	47	75	0.1275	0.7309	0.4041
pacbio_nanopore_preset	47	76	0.1286	0.7787	0.4261
pacbio_nanopore_preset	47	77	0.1286	0.8303	0.4497
pacbio_nanopore_preset	47	78	0.1308	0.8855	0.4753
pacbio_nanopore_preset	47	79	0.1308	0.9448	0.5020
pacbio_nanopore_preset	47	80	0.1308	1.0081	0.5306
pacbio_nanopore_preset	47	81	0.1319	1.0776	0.5612
pacbio_nanopore_preset	47	82	0.1353	1.1541	0.5985
pacbio_nanopore_preset	47	83	0.1364	1.2370	0.6323
pacbio_nanopore_preset	47	84	0.1375	1.3298	0.6742
pacbio_nanopore_preset	47	85	0.1386	1.4344	0.7166
pacbio_nanopore_preset	47	86	0.1386	1.5575	0.7625
pacbio_nanopore_preset	47	87	0.1386	1.6921	0.8152
pacbio_nanopore_preset	47	88	0.1386	1.8461	0.8786
pacbio_nanopore_preset	47	89	0.1386	2.0264	0.9469
pacbio_nanopore_preset	47	90	0.1386	2.2305	1.0298
pacbio_nanopore_preset	47	91	0.1386	2.4831	1.1341
pacbio_nanopore_preset	47	92	0.1386	2.7840	1.2502
pacbio_nanopore_preset	47	93	0.1386	3.1813	1.4063
pacbio_nanopore_preset	47	94	0.1386	3.7076	1.6354
pacbio_nanopore_preset	47	95	0.1386	4.3957	1.9590
pacbio_nanopore_preset	47	96	0.1386	5.3636	2.4373
pacbio_nanopore_preset	47	97	0.1386	6.8936	3.3825
pacbio_nanopore_preset	47	98	0.1386	9.4108	5.4302
pacbio_nanopore_preset	47	99	0.1386	14.7876	10.2446
pacbio_nanopore_preset	48	51	0.0067	0.0515	0.0322
pacbio_nanopore_preset	48	52	0.0122	0.0697	0.0429
pacbio_nanopore_preset	48	53	0.0188	0.0879	0.0548
pacbio_nanopore_preset	48	54	0.0222	0.1069	0.0660
pacbio_nanopore_preset	48	55	0.0277	0.1261	0.0777
pacbio_nanopore_preset	48	56	0.0432	0.1464	0.0892
pacbio_nanopore_preset	48	57	0.0499	0.1671	0.1015
pacbio_nanopore_preset	48	58	0.0643	0.1886	0.1139
pacbio_nanopore_preset	48	59	0.0754	0.2105	0.1266
pacbio_nanopore_preset	48	60	0.0865	0.2331	0.1389
pacbio_nanopore_preset	48	61	0.0909	0.2560	0.1514
pacbio_nanopore_preset	48	62	0.0987	0.2800	0.1647
pacbio_nanopore_preset	48	63	0.1042	0.3048	0.1794
pacbio_nanopore_preset	48	64	0.1042	0.3302	0.1943
pacbio_nanopore_preset	48	65	0.1053	0.3570	0.2092
pacbio_nanopore_preset	48	66	0.1053	0.3852	0.2252
pacbio_nanopore_preset	48	67	0.1098	0.4145	0.2410
pacbio_nanopore_preset	48	68	0.1109	0.4448	0.2569
pacbio_nanopore_preset	48	69	0.1142	0.4767	0.2733
pacbio_nanopore_preset	48	70	0.1186	0.5109	0.2901
pacbio_nanopore_preset	48	71	0.1197	0.5473	0.3107
pacbio_nanopore_preset	48	72	0.1220	0.5863	0.3297
pacbio_nanopore_preset	48	73	0.1253	0.6273	0.3496
pacbio_nanopore_preset	48	74	0.1253	0.6699	0.3709
pacbio_nanopore_preset	48	75	0.1253	0.7148	0.3927
pacbio_nanopore_preset	48	76	0.1264	0.7626	0.4153
pacbio_nanopore_preset	48	77	0.1264	0.8142	0.4396
pacbio_nanopore_preset	48	78	0.1286	0.8695	0.4650
pacbio_nanopore_preset	48	79	0.1286	0.9287	0.4912
pacbio_nanopore_preset	48	80	0.1286	0.9920	0.5211
pacbio_nanopore_preset	48	81	0.1297	1.0615	0.5527
pacbio_nanopore_preset	48	82	0.1330	1.1381	0.5880
pacbio_nanopore_preset	48	83	0.1341	1.2209	0.6232
pacbio_nanopore_preset	48	84	0.1353	1.3138	0.6625
pacbio_nanopore_preset	48	85	0.1364	1.4183	0.7060
pacbio_nanopore_preset	48	86	0.1364	1.5414	0.7511
pacbio_nanopore_preset	48	87	0.1364	1.6760	0.8059
pacbio_nanopore_preset	48	88	0.1364	1.8300	0.8674
pacbio_nanopore_preset	48	89	0.1364	2.0103	0.9374
pacbio_nanopore_preset	48	90	0.1364	2.2144	1.0195
pacbio_nanopore_preset	48	91	0.1364	2.4671	1.1213
pacbio_nanopore_preset	48	92	0.1364	2.7679	1.2397
pacbio_nanopore_preset	48	93	0.1364	3.1652	1.3981
pacbio_nanopore_preset	48	94	0.1364	3.6915	1.6247
pacbio_nanopore_preset	48	95	0.1364	4.3796	1.9482
pacbio_nanopore_preset	48	96	0.1364	5.3475	2.4271
pacbio_nanopore_preset	48	97	0.1364	6.8776	3.3724
pacbio_nanopore_preset	48	98	0.1364	9.3947	5.4126
pacbio_nanopore_preset	48	99	0.1364	14.7715	10.2304
pacbio_nanopore_preset	49	51	0.0055	0.0346	0.0214
pacbio_nanopore_preset	49	52	0.0111	0.0528	0.0323
pacbio_nanopore_preset	49	53	0.0177	0.0710	0.0438
pacbio_nanopore_preset	49	54	0.0211	0.0900	0.0550
pacbio_nanopore_preset	49	55	0.0266	0.1092	0.0667
pacbio_nanopore_preset	49	56	0.0421	0.1295	0.0782
pacbio_nanopore_preset	49	57	0.0488	0.1503	0.0908
pacbio_nanopore_preset	49	58	0.0632	0.1717	0.1032
pacbio_nanopore_preset	49	59	0.0743	0.1936	0.1160
pacbio_nanopore_preset	49	60	0.0854	0.2162	0.1283
pacbio_nanopore_preset	49	61	0.0898	0.2391	0.1401
pacbio_nanopore_preset	49	62	0.0976	0.2631	0.1543
pacbio_nanopore_preset	49	63	0.1031	0.2880	0.1687
pacbio_nanopore_preset	49	64	0.1031	0.3133	0.1835
pacbio_nanopore_preset	49	65	0.1042	0.3401	0.1989
pacbio_nanopore_preset	49	66	0.1042	0.3683	0.2138
pacbio_nanopore_preset	49	67	0.1086	0.3976	0.2296
pacbio_nanopore_preset	49	68	0.1098	0.4279	0.2462
pacbio_nanopore_preset	49	69	0.1131	0.4598	0.2620
pacbio_nanopore_preset	49	70	0.1175	0.4940	0.2792
pacbio_nanopore_preset	49	71	0.1186	0.5304	0.2988
pacbio_nanopore_preset	49	72	0.1208	0.5694	0.3187
pacbio_nanopore_preset	49	73	0.1242	0.6104	0.3389
pacbio_nanopore_preset	49	74	0.1242	0.6530	0.3598
pacbio_nanopore_preset	49	75	0.1242	0.6979	0.3803
pacbio_nanopore_preset	49	76	0.1253	0.7457	0.4033
pacbio_nanopore_preset	49	77	0.1253	0.7974	0.4295
pacbio_nanopore_preset	49	78	0.1275	0.8526	0.4542
pacbio_nanopore_preset	49	79	0.1275	0.9118	0.4808
pacbio_nanopore_preset	49	80	0.1275	0.9751	0.5103
pacbio_nanopore_preset	49	81	0.1286	1.0446	0.5412
pacbio_nanopore_preset	49	82	0.1319	1.1212	0.5769
pacbio_nanopore_preset	49	83	0.1330	1.2040	0.6118
pacbio_nanopore_preset	49	84	0.1341	1.2969	0.6518
pacbio_nanopore_preset	49	85	0.1353	1.4014	0.6950
pacbio_nanopore_preset	49	86	0.1353	1.5246	0.7406
pacbio_nanopore_preset	49	87	0.1353	1.6591	0.7929
pacbio_nanopore_preset	49	88	0.1353	1.8131	0.8560
pacbio_nanopore_preset	49	89	0.1353	1.9935	0.9257
pacbio_nanopore_preset	49	90	0.1353	2.1975	1.0081
pacbio_nanopore_preset	49	91	0.1353	2.4502	1.1113
pacbio_nanopore_preset	49	92	0.1353	2.7511	1.2307
pacbio_nanopore_preset	49	93	0.1353	3.1483	1.3862
pacbio_nanopore_preset	49	94	0.1353	3.6747	1.6144
pacbio_nanopore_preset	49	95	0.1353	4.3627	1.9388
pacbio_nanopore_preset	49	96	0.1353	5.3306	2.4157
pacbio_nanopore_preset	49	97	0.1353	6.8607	3.3616
pacbio_nanopore_preset	49	98	0.1353	9.3778	5.3993
pacbio_nanopore_preset	49	99	0.1353	14.7546	10.1893
pacbio	1	51	0.8503	0.8396	0.7500
pacbio	1	52	0.8581	0.8523	0.7585
pacbio	1	53	0.8703	0.8652	0.7669
pacbio	1	54	0.8747	0.8784	0.7773
pacbio	1	55	0.8858	0.8919	0.7855
pacbio	1	56	0.9013	0.9057	0.7974
pacbio	1	57	0.9091	0.9198	0.8071
pacbio	1	58	0.9213	0.9342	0.8168
pacbio	1	59	0.9335	0.9490	0.8250
pacbio	1	60	0.9379	0.9644	0.8351
pacbio	1	61	0.9468	0.9802	0.8457
pacbio	1	62	0.9512	0.9964	0.8577
pacbio	1	63	0.9534	1.0131	0.8687
pacbio	1	64	0.9557	1.0307	0.8826
pacbio	1	65	0.9568	1.0486	0.8946
pacbio	1	66	0.9579	1.0670	0.9049
pacbio	1	67	0.9612	1.0867	0.9152
pacbio	1	68	0.9634	1.1067	0.9271
pacbio	1	69	0.9678	1.1270	0.9405
pacbio	1	70	0.9690	1.1485	0.9546
pacbio	1	71	0.9723	1.1714	0.9667
pacbio	1	72	0.9734	1.1953	0.9771
pacbio	1	73	0.9734	1.2207	0.9898
pacbio	1	74	0.9734	1.2471	1.0045
pacbio	1	75	0.9745	1.2751	1.0230
pacbio	1	76	0.9745	1.3053	1.0385
pacbio	1	77	0.9745	1.3366	1.0588
pacbio	1	78	0.9745	1.3701	1.0760
pacbio	1	79	0.9745	1.4060	1.0950
pacbio	1	80	0.9767	1.4462	1.1170
pacbio	1	81	0.9789	1.4895	1.1386
pacbio	1	82	0.9812	1.5365	1.1648
pacbio	1	83	0.9845	1.5869	1.1913
pacbio	1	84	0.9867	1.6427	1.2221
pacbio	1	85	0.9867	1.7047	1.2574
pacbio	1	86	0.9867	1.7736	1.2917
pacbio	1	87	0.9867	1.8521	1.3345
pacbio	1	88	0.9867	1.9448	1.3737
pacbio	1	89	0.9867	2.0520	1.4243
pacbio	1	90	0.9867	2.1777	1.4773
pacbio	1	91	0.9867	2.3293	1.5417
pacbio	1	92	0.9867	2.5016	1.6359
pacbio	1	93	0.9867	2.7211	1.7249
pacbio	1	94	0.9867	3.0059	1.8731
pacbio	1	95	0.9867	3.3884	2.0499
pacbio	1	96	0.9867	3.9488	2.2975
pacbio	1	97	0.9867	4.8334	2.7338
pacbio	1	98	0.9867	6.4492	3.6520
pacbio	1	99	0.9867	10.2997	6.5103
pacbio	2	51	0.8359	0.7619	0.6793
pacbio	2	52	0.8437	0.7747	0.6904
pacbio	2	53	0.8559	0.7876	0.6978
pacbio	2	54	0.8603	0.8008	0.7038
pacbio	2	55	0.8714	0.8142	0.7120
pacbio	2	56	0.8869	0.8281	0.7198
pacbio	2	57	0.8947	0.8422	0.7307
pacbio	2	58	0.9069	0.8566	0.7410
pacbio	2	59	0.9191	0.8713	0.7540
pacbio	2	60	0.9235	0.8867	0.7622
pacbio	2	61	0.9324	0.9026	0.7718
pacbio	2	62	0.9368	0.9188	0.7829
pacbio	2	63	0.9390	0.9354	0.7943
pacbio	2	64	0.9412	0.9531	0.8075
pacbio	2	65	0.9424	0.9710	0.8233
pacbio	2	66	0.9435	0.9893	0.8392
pacbio	2	67	0.9468	1.0090	0.8511
pacbio	2	68	0.9490	1.0290	0.8640
pacbio	2	69	0.9534	1.0494	0.8737
pacbio	2	70	0.9545	1.0709	0.8856
pacbio	2	71	0.9579	1.0937	0.8972
pacbio	2	72	0.9590	1.1177	0.9093
pacbio	2	73	0.9590	1.1430	0.9243
pacbio	2	74	0.9590	1.1695	0.9389
pacbio	2	75	0.9601	1.1975	0.9572
pacbio	2	76	0.9601	1.2277	0.9735
pacbio	2	77	0.9601	1.2589	0.9944
pacbio	2	78	0.9601	1.2924	1.0148
pacbio	2	79	0.9601	1.3284	1.0341
pacbio	2	80	0.9623	1.3686	1.0577
pacbio	2	81	0.9645	1.4119	1.0813
pacbio	2	82	0.9667	1.4589	1.1073
pacbio	2	83	0.9701	1.5093	1.1357
pacbio	2	84	0.9723	1.5650	1.1588
pacbio	2	85	0.9723	1.6270	1.1916
pacbio	2	86	0.9723	1.6959	1.2253
pacbio	2	87	0.9723	1.7745	1.2650
pacbio	2	88	0.9723	1.8672	1.3044
pacbio	2	89	0.9723	1.9744	1.3477
pacbio	2	90	0.9723	2.1000	1.4041
pacbio	2	91	0.9723	2.2516	1.4659
pacbio	2	92	0.9723	2.4240	1.5599
pacbio	2	93	0.9723	2.6434	1.6511
pacbio	2	94	0.9723	2.9282	1.7755
pacbio	2	95	0.9723	3.3108	1.9759
pacbio	2	96	0.9723	3.8711	2.2245
pacbio	2	97	0.9723	4.7557	2.6638
pacbio	2	98	0.9723	6.3716	3.5722
pacbio	2	99	0.9723	10.2221	6.4178
pacbio	3	51	0.8282	0.7057	0.6252
pacbio	3	52	0.8359	0.7185	0.6316
pacbio	3	53	0.8481	0.7313	0.6422
pacbio	3	54	0.8525	0.7446	0.6528
pacbio	3	55	0.8636	0.7580	0.6629
pacbio	3	56	0.8792	0.7719	0.6711
pacbio	3	57	0.8869	0.7859	0.6820
pacbio	3	58	0.8991	0.8004	0.6918
pacbio	3	59	0.9113	0.8151	0.7024
pacbio	3	60	0.9157	0.8305	0.7115
pacbio	3	61	0.9246	0.8464	0.7233
pacbio	3	62	0.9290	0.8626	0.7352
pacbio	3	63	0.9313	0.8792	0.7483
pacbio	3	64	0.9335	0.8969	0.7593
pacbio	3	65	0.9346	0.9147	0.7721
pacbio	3	66	0.9357	0.9331	0.7849
pacbio	3	67	0.9390	0.9528	0.7971
pacbio	3	68	0.9412	0.9728	0.8099
pacbio	3	69	0.9457	0.9932	0.8222
pacbio	3	70	0.9468	1.0147	0.8333
pacbio	3	71	0.9501	1.0375	0.8478
pacbio	3	72	0.9512	1.0615	0.8626
pacbio	3	73	0.9512	1.0868	0.8780
pacbio	3	74	0.9512	1.1133	0.8928
pacbio	3	75	0.9523	1.1413	0.9083
pacbio	3	76	0.9523	1.1715	0.9239
pacbio	3	77	0.9523	1.2027	0.9407
pacbio	3	78	0.9523	1.2362	0.9591
pacbio	3	79	0.9523	1.2722	0.9808
pacbio	3	80	0.9545	1.3123	1.0080
pacbio	3	81	0.9568	1.3557	1.0383
pacbio	3	82	0.9590	1.4027	1.0602
pacbio	3	83	0.9623	1.4531	1.0849
pacbio	3	84	0.9645	1.5088	1.1108
pacbio	3	85	0.9645	1.5708	1.1438
pacbio	3	86	0.9645	1.6397	1.1776
pacbio	3	87	0.9645	1.7183	1.2183
pacbio	3	88	0.9645	1.8110	1.2575
pacbio	3	89	0.9645	1.9182	1.2952
pacbio	3	90	0.9645	2.0438	1.3538
pacbio	3	91	0.9645	2.1954	1.4129
pacbio	3	92	0.9645	2.3678	1.4929
pacbio	3	93	0.9645	2.5872	1.5888
pacbio	3	94	0.9645	2.8720	1.7352
pacbio	3	95	0.9645	3.2545	1.9183
pacbio	3	96	0.9645	3.8149	2.1712
pacbio	3	97	0.9645	4.6995	2.6132
pacbio	3	98	0.9645	6.3153	3.5113
pacbio	3	99	0.9645	10.1658	6.3627
pacbio	4	51	0.8182	0.6605	0.5763
pacbio	4	52	0.8259	0.6733	0.5871
pacbio	4	53	0.8381	0.6861	0.5985
pacbio	4	54	0.8426	0.6994	0.6074
pacbio	4	55	0.8537	0.7128	0.6177
pacbio	4	56	0.8692	0.7266	0.6281
pacbio	4	57	0.8769	0.7407	0.6373
pacbio	4	58	0.8891	0.7552	0.6464
pacbio	4	59	0.9013	0.7699	0.6581
pacbio	4	60	0.9058	0.7853	0.6672
pacbio	4	61	0.9146	0.8012	0.6793
pacbio	4	62	0.9191	0.8174	0.6932
pacbio	4	63	0.9213	0.8340	0.7054
pacbio	4	64	0.9235	0.8517	0.7191
pacbio	4	65	0.9246	0.8695	0.7285
pacbio	4	66	0.9257	0.8879	0.7371
pacbio	4	67	0.9290	0.9076	0.7516
pacbio	4	68	0.9313	0.9276	0.7643
pacbio	4	69	0.9357	0.9479	0.7771
pacbio	4	70	0.9368	0.9694	0.7895
pacbio	4	71	0.9401	0.9923	0.8031
pacbio	4	72	0.9412	1.0163	0.8188
pacbio	4	73	0.9412	1.0416	0.8338
pacbio	4	74	0.9412	1.0680	0.8533
pacbio	4	75	0.9424	1.0960	0.8694
pacbio	4	76	0.9424	1.1262	0.8894
pacbio	4	77	0.9424	1.1575	0.9051
pacbio	4	78	0.9424	1.1910	0.9231
pacbio	4	79	0.9424	1.2270	0.9445
pacbio	4	80	0.9446	1.2671	0.9698
pacbio	4	81	0.9468	1.3104	0.9947
pacbio	4	82	0.9490	1.3575	1.0160
pacbio	4	83	0.9523	1.4079	1.0399
pacbio	4	84	0.9545	1.4636	1.0705
pacbio	4	85	0.9545	1.5256	1.1043
pacbio	4	86	0.9545	1.5945	1.1415
pacbio	4	87	0.9545	1.6730	1.1773
pacbio	4	88	0.9545	1.7658	1.2128
pacbio	4	89	0.9545	1.8729	1.2589
pacbio	4	90	0.9545	1.9986	1.3130
pacbio	4	91	0.9545	2.1502	1.3736
pacbio	4	92	0.9545	2.3226	1.4500
pacbio	4	93	0.9545	2.5420	1.5443
pacbio	4	94	0.9545	2.8268	1.6908
pacbio	4	95	0.9545	3.2093	1.8758
pacbio	4	96	0.9545	3.7697	2.1327
pacbio	4	97	0.9545	4.6543	2.5696
pacbio	4	98	0.9545	6.2701	3.4618
pacbio	4	99	0.9545	10.1206	6.3194
pacbio	5	51	0.8115	0.6226	0.5380
pacbio	5	52	0.8193	0.6353	0.5482
pacbio	5	53	0.8315	0.6482	0.5570
pacbio	5	54	0.8359	0.6614	0.5665
pacbio	5	55	0.8470	0.6748	0.5774
pacbio	5	56	0.8625	0.6887	0.5873
pacbio	5	57	0.8703	0.7028	0.5984
pacbio	5	58	0.8825	0.7172	0.6097
pacbio	5	59	0.8947	0.7319	0.6188
pacbio	5	60	0.8991	0.7473	0.6286
pacbio	5	61	0.9080	0.7632	0.6408
pacbio	5	62	0.9124	0.7794	0.6536
pacbio	5	63	0.9146	0.7961	0.6637
pacbio	5	64	0.9169	0.8137	0.6756
pacbio	5	65	0.9180	0.8316	0.6905
pacbio	5	66	0.9191	0.8499	0.7022
pacbio	5	67	0.9224	0.8697	0.7142
pacbio	5	68	0.9246	0.8897	0.7279
pacbio	5	69	0.9290	0.9100	0.7411
pacbio	5	70	0.9302	0.9315	0.7554
pacbio	5	71	0.9335	0.9544	0.7700
pacbio	5	72	0.9346	0.9783	0.7869
pacbio	5	73	0.9346	1.0036	0.8000
pacbio	5	74	0.9346	1.0301	0.8189
pacbio	5	75	0.9357	1.0581	0.8359
pacbio	5	76	0.9357	1.0883	0.8559
pacbio	5	77	0.9357	1.1195	0.8726
pacbio	5	78	0.9357	1.1531	0.8957
pacbio	5	79	0.9357	1.1890	0.9182
pacbio	5	80	0.9379	1.2292	0.9373
pacbio	5	81	0.9401	1.2725	0.9567
pacbio	5	82	0.9424	1.3195	0.9788
pacbio	5	83	0.9457	1.3699	1.0026
pacbio	5	84	0.9479	1.4256	1.0331
pacbio	5	85	0.9479	1.4877	1.0712
pacbio	5	86	0.9479	1.5566	1.1022
pacbio	5	87	0.9479	1.6351	1.1357
pacbio	5	88	0.9479	1.7278	1.1822
pacbio	5	89	0.9479	1.8350	1.2236
pacbio	5	90	0.9479	1.9606	1.2717
pacbio	5	91	0.9479	2.1122	1.3453
pacbio	5	92	0.9479	2.2846	1.4203
pacbio	5	93	0.9479	2.5040	1.5194
pacbio	5	94	0.9479	2.7888	1.6542
pacbio	5	95	0.9479	3.1714	1.8338
pacbio	5	96	0.9479	3.7317	2.0944
pacbio	5	97	0.9479	4.6163	2.5257
pacbio	5	98	0.9479	6.2322	3.4367
pacbio	5	99	0.9479	10.0827	6.2835
pacbio	6	51	0.8071	0.5910	0.5033
pacbio	6	52	0.8149	0.6037	0.5109
pacbio	6	53	0.8271	0.6166	0.5214
pacbio	6	54	0.8315	0.6298	0.5326
pacbio	6	55	0.8426	0.6432	0.5420
pacbio	6	56	0.8581	0.6571	0.5515
pacbio	6	57	0.8659	0.6712	0.5630
pacbio	6	58	0.8780	0.6856	0.5729
pacbio	6	59	0.8902	0.7003	0.5850
pacbio	6	60	0.8947	0.7157	0.5973
pacbio	6	61	0.9035	0.7316	0.6072
pacbio	6	62	0.9080	0.7478	0.6207
pacbio	6	63	0.9102	0.7645	0.6324
pacbio	6	64	0.9124	0.7821	0.6447
pacbio	6	65	0.9135	0.8000	0.6562
pacbio	6	66	0.9146	0.8183	0.6684
pacbio	6	67	0.9180	0.8381	0.6828
pacbio	6	68	0.9202	0.8581	0.6970
pacbio	6	69	0.9246	0.8784	0.7096
pacbio	6	70	0.9257	0.8999	0.7244
pacbio	6	71	0.9290	0.9227	0.7384
pacbio	6	72	0.9302	0.9467	0.7552
pacbio	6	73	0.9302	0.9720	0.7729
pacbio	6	74	0.9302	0.9985	0.7884
pacbio	6	75	0.9313	1.0265	0.8038
pacbio	6	76	0.9313	1.0567	0.8237
pacbio	6	77	0.9313	1.0879	0.8429
pacbio	6	78	0.9313	1.1215	0.8673
pacbio	6	79	0.9313	1.1574	0.8894
pacbio	6	80	0.9335	1.1976	0.9098
pacbio	6	81	0.9357	1.2409	0.9295
pacbio	6	82	0.9379	1.2879	0.9562
pacbio	6	83	0.9412	1.3383	0.9837
pacbio	6	84	0.9435	1.3940	1.0104
pacbio	6	85	0.9435	1.4560	1.0440
pacbio	6	86	0.9435	1.5250	1.0734
pacbio	6	87	0.9435	1.6035	1.1102
pacbio	6	88	0.9435	1.6962	1.1484
pacbio	6	89	0.9435	1.8034	1.1970
pacbio	6	90	0.9435	1.9290	1.2453
pacbio	6	91	0.9435	2.0806	1.3165
pacbio	6	92	0.9435	2.2530	1.3917
pacbio	6	93	0.9435	2.4724	1.4931
pacbio	6	94	0.9435	2.7572	1.6262
pacbio	6	95	0.9435	3.1398	1.8091
pacbio	6	96	0.9435	3.7001	2.0697
pacbio	6	97	0.9435	4.5847	2.4942
pacbio	6	98	0.9435	6.2006	3.4141
pacbio	6	99	0.9435	10.0511	6.2600
pacbio	7	51	0.8004	0.5624	0.4745
pacbio	7	52	0.8082	0.5752	0.4845
pacbio	7	53	0.8204	0.5880	0.4937
pacbio	7	54	0.8248	0.6012	0.5021
pacbio	7	55	0.8359	0.6147	0.5136
pacbio	7	56	0.8514	0.6285	0.5256
pacbio	7	57	0.8592	0.6426	0.5348
pacbio	7	58	0.8714	0.6571	0.5472
pacbio	7	59	0.8836	0.6718	0.5580
pacbio	7	60	0.8880	0.6872	0.5703
pacbio	7	61	0.8969	0.7030	0.5825
pacbio	7	62	0.9013	0.7193	0.5940
pacbio	7	63	0.9035	0.7359	0.6059
pacbio	7	64	0.9058	0.7536	0.6177
pacbio	7	65	0.9069	0.7714	0.6302
pacbio	7	66	0.9080	0.7898	0.6417
pacbio	7	67	0.9113	0.8095	0.6529
pacbio	7	68	0.9135	0.8295	0.6687
pacbio	7	69	0.9180	0.8498	0.6824
pacbio	7	70	0.9191	0.8713	0.6943
pacbio	7	71	0.9224	0.8942	0.7113
pacbio	7	72	0.9235	0.9182	0.7274
pacbio	7	73	0.9235	0.9435	0.7452
pacbio	7	74	0.9235	0.9699	0.7612
pacbio	7	75	0.9246	0.9979	0.7784
pacbio	7	76	0.9246	1.0281	0.8006
pacbio	7	77	0.9246	1.0594	0.8173
pacbio	7	78	0.9246	1.0929	0.8360
pacbio	7	79	0.9246	1.1289	0.8608
pacbio	7	80	0.9268	1.1690	0.8828
pacbio	7	81	0.9290	1.2123	0.9068
pacbio	7	82	0.9313	1.2594	0.9363
pacbio	7	83	0.9346	1.3098	0.9627
pacbio	7	84	0.9368	1.3655	0.9901
pacbio	7	85	0.9368	1.4275	1.0163
pacbio	7	86	0.9368	1.4964	1.0472
pacbio	7	87	0.9368	1.5749	1.0842
pacbio	7	88	0.9368	1.6677	1.1249
pacbio	7	89	0.9368	1.7748	1.1753
pacbio	7	90	0.9368	1.9005	1.2245
pacbio	7	91	0.9368	2.0521	1.2901
pacbio	7	92	0.9368	2.2244	1.3722
pacbio	7	93	0.9368	2.4439	1.4646
pacbio	7	94	0.9368	2.7287	1.6053
pacbio	7	95	0.9368	3.1112	1.7889
pacbio	7	96	0.9368	3.6716	2.0421
pacbio	7	97	0.9368	4.5562	2.4677
pacbio	7	98	0.9368	6.1720	3.3938
pacbio	7	99	0.9368	10.0225	6.2410
pacbio	8	51	0.7927	0.5370	0.4493
pacbio	8	52	0.8004	0.5497	0.4600
pacbio	8	53	0.8126	0.5626	0.4705
pacbio	8	54	0.8171	0.5758	0.4804
pacbio	8	55	0.8282	0.5892	0.4893
pacbio	8	56	0.8437	0.6031	0.4999
pacbio	8	57	0.8514	0.6172	0.5094
pacbio	8	58	0.8636	0.6316	0.5222
pacbio	8	59	0.8758	0.6464	0.5336
pacbio	8	60	0.8803	0.6618	0.5457
pacbio	8	61	0.8891	0.6776	0.5577
pacbio	8	62	0.8936	0.6938	0.5676
pacbio	8	63	0.8958	0.7105	0.5778
pacbio	8	64	0.8980	0.7281	0.5896
pacbio	8	65	0.8991	0.7460	0.6033
pacbio	8	66	0.9002	0.7643	0.6177
pacbio	8	67	0.9035	0.7841	0.6303
pacbio	8	68	0.9058	0.8041	0.6452
pacbio	8	69	0.9102	0.8244	0.6597
pacbio	8	70	0.9113	0.8459	0.6717
pacbio	8	71	0.9146	0.8688	0.6876
pacbio	8	72	0.9157	0.8927	0.7030
pacbio	8	73	0.9157	0.9180	0.7192
pacbio	8	74	0.9157	0.9445	0.7363
pacbio	8	75	0.9169	0.9725	0.7546
pacbio	8	76	0.9169	1.0027	0.7760
pacbio	8	77	0.9169	1.0339	0.7935
pacbio	8	78	0.9169	1.0675	0.8128
pacbio	8	79	0.9169	1.1034	0.8361
pacbio	8	80	0.9191	1.1436	0.8576
pacbio	8	81	0.9213	1.1869	0.8825
pacbio	8	82	0.9235	1.2339	0.9064
pacbio	8	83	0.9268	1.2843	0.9387
pacbio	8	84	0.9290	1.3400	0.9633
pacbio	8	85	0.9290	1.4021	0.9930
pacbio	8	86	0.9290	1.4710	1.0254
pacbio	8	87	0.9290	1.5495	1.0619
pacbio	8	88	0.9290	1.6422	1.1056
pacbio	8	89	0.9290	1.7494	1.1540
pacbio	8	90	0.9290	1.8751	1.2058
pacbio	8	91	0.9290	2.0266	1.2701
pacbio	8	92	0.9290	2.1990	1.3470
pacbio	8	93	0.9290	2.4185	1.4399
pacbio	8	94	0.9290	2.7032	1.5792
pacbio	8	95	0.9290	3.0858	1.7618
pacbio	8	96	0.9290	3.6461	2.0102
pacbio	8	97	0.9290	4.5307	2.4489
pacbio	8	98	0.9290	6.1466	3.3668
pacbio	8	99	0.9290	9.9971	6.2242
pacbio	9	51	0.7772	0.5136	0.4278
pacbio	9	52	0.7849	0.5263	0.4381
pacbio	9	53	0.7971	0.5392	0.4465
pacbio	9	54	0.8016	0.5524	0.4567
pacbio	9	55	0.8126	0.5658	0.4667
pacbio	9	56	0.8282	0.5797	0.4780
pacbio	9	57	0.8359	0.5938	0.4883
pacbio	9	58	0.8481	0.6082	0.4989
pacbio	9	59	0.8603	0.6229	0.5093
pacbio	9	60	0.8647	0.6383	0.5211
pacbio	9	61	0.8736	0.6542	0.5331
pacbio	9	62	0.8780	0.6704	0.5454
pacbio	9	63	0.8803	0.6870	0.5576
pacbio	9	64	0.8825	0.7047	0.5686
pacbio	9	65	0.8836	0.7226	0.5822
pacbio	9	66	0.8847	0.7409	0.5938
pacbio	9	67	0.8880	0.7606	0.6094
pacbio	9	68	0.8902	0.7807	0.6223
pacbio	9	69	0.8947	0.8010	0.6357
pacbio	9	70	0.8958	0.8225	0.6518
pacbio	9	71	0.8991	0.8453	0.6663
pacbio	9	72	0.9002	0.8693	0.6801
pacbio	9	73	0.9002	0.8946	0.6966
pacbio	9	74	0.9002	0.9211	0.7128
pacbio	9	75	0.9013	0.9491	0.7313
pacbio	9	76	0.9013	0.9793	0.7495
pacbio	9	77	0.9013	1.0105	0.7687
pacbio	9	78	0.9013	1.0441	0.7905
pacbio	9	79	0.9013	1.0800	0.8116
pacbio	9	80	0.9035	1.1202	0.8356
pacbio	9	81	0.9058	1.1635	0.8591
pacbio	9	82	0.9080	1.2105	0.8836
pacbio	9	83	0.9113	1.2609	0.9124
pacbio	9	84	0.9135	1.3166	0.9407
pacbio	9	85	0.9135	1.3786	0.9680
pacbio	9	86	0.9135	1.4475	1.0055
pacbio	9	87	0.9135	1.5261	1.0412
pacbio	9	88	0.9135	1.6188	1.0794
pacbio	9	89	0.9135	1.7260	1.1280
pacbio	9	90	0.9135	1.8516	1.1888
pacbio	9	91	0.9135	2.0032	1.2508
pacbio	9	92	0.9135	2.1756	1.3286
pacbio	9	93	0.9135	2.3950	1.4190
pacbio	9	94	0.9135	2.6798	1.5567
pacbio	9	95	0.9135	3.0624	1.7430
pacbio	9	96	0.9135	3.6227	1.9792
pacbio	9	97	0.9135	4.5073	2.4315
pacbio	9	98	0.9135	6.1232	3.3486
pacbio	9	99	0.9135	9.9737	6.2103
pacbio	10	51	0.7650	0.4922	0.4093
pacbio	10	52	0.7727	0.5049	0.4186
pacbio	10	53	0.7849	0.5178	0.4277
pacbio	10	54	0.7894	0.5310	0.4372
pacbio	10	55	0.8004	0.5444	0.4463
pacbio	10	56	0.8160	0.5583	0.4555
pacbio	10	57	0.8237	0.5724	0.4676
pacbio	10	58	0.8359	0.5868	0.4787
pacbio	10	59	0.8481	0.6016	0.4901
pacbio	10	60	0.8525	0.6170	0.5014
pacbio	10	61	0.8614	0.6328	0.5145
pacbio	10	62	0.8659	0.6490	0.5256
pacbio	10	63	0.8681	0.6657	0.5372
pacbio	10	64	0.8703	0.6833	0.5483
pacbio	10	65	0.8714	0.7012	0.5626
pacbio	10	66	0.8725	0.7195	0.5725
pacbio	10	67	0.8758	0.7393	0.5879
pacbio	10	68	0.8780	0.7593	0.6020
pacbio	10	69	0.8825	0.7796	0.6170
pacbio	10	70	0.8836	0.8011	0.6314
pacbio	10	71	0.8869	0.8240	0.6445
pacbio	10	72	0.8880	0.8479	0.6583
pacbio	10	73	0.8880	0.8732	0.6760
pacbio	10	74	0.8880	0.8997	0.6941
pacbio	10	75	0.8891	0.9277	0.7107
pacbio	10	76	0.8891	0.9579	0.7280
pacbio	10	77	0.8891	0.9891	0.7504
pacbio	10	78	0.8891	1.0227	0.7680
pacbio	10	79	0.8891	1.0586	0.7914
pacbio	10	80	0.8914	1.0988	0.8174
pacbio	10	81	0.8936	1.1421	0.8373
pacbio	10	82	0.8958	1.1891	0.8660
pacbio	10	83	0.8991	1.2395	0.8945
pacbio	10	84	0.9013	1.2952	0.9223
pacbio	10	85	0.9013	1.3573	0.9532
pacbio	10	86	0.9013	1.4262	0.9856
pacbio	10	87	0.9013	1.5047	1.0247
pacbio	10	88	0.9013	1.5974	1.0621
pacbio	10	89	0.9013	1.7046	1.1085
pacbio	10	90	0.9013	1.8302	1.1682
pacbio	10	91	0.9013	1.9818	1.2319
pacbio	10	92	0.9013	2.1542	1.3145
pacbio	10	93	0.9013	2.3737	1.4048
pacbio	10	94	0.9013	2.6584	1.5362
pacbio	10	95	0.9013	3.0410	1.7161
pacbio	10	96	0.9013	3.6013	1.9629
pacbio	10	97	0.9013	4.4859	2.4119
pacbio	10	98	0.9013	6.1018	3.3179
pacbio	10	99	0.9013	9.9523	6.1945
pacbio	11	51	0.7539	0.4728	0.3899
pacbio	11	52	0.7616	0.4855	0.3995
pacbio	11	53	0.7738	0.4984	0.4093
pacbio	11	54	0.7783	0.5116	0.4182
pacbio	11	55	0.7894	0.5250	0.4282
pacbio	11	56	0.8049	0.5389	0.4372
pacbio	11	57	0.8126	0.5530	0.4473
pacbio	11	58	0.8248	0.5674	0.4575
pacbio	11	59	0.8370	0.5822	0.4695
pacbio	11	60	0.8415	0.5976	0.4824
pacbio	11	61	0.8503	0.6134	0.4948
pacbio	11	62	0.8548	0.6296	0.5067
pacbio	11	63	0.8570	0.6463	0.5176
pacbio	11	64	0.8592	0.6639	0.5294
pacbio	11	65	0.8603	0.6818	0.5422
pacbio	11	66	0.8614	0.7001	0.5555
pacbio	11	67	0.8647	0.7199	0.5690
pacbio	11	68	0.8670	0.7399	0.5820
pacbio	11	69	0.8714	0.7602	0.5985
pacbio	11	70	0.8725	0.7817	0.6105
pacbio	11	71	0.8758	0.8046	0.6251
pacbio	11	72	0.8769	0.8285	0.6395
pacbio	11	73	0.8769	0.8538	0.6586
pacbio	11	74	0.8769	0.8803	0.6738
pacbio	11	75	0.8780	0.9083	0.6916
pacbio	11	76	0.8780	0.9385	0.7104
pacbio	11	77	0.8780	0.9697	0.7288
pacbio	11	78	0.8780	1.0033	0.7495
pacbio	11	79	0.8780	1.0392	0.7732
pacbio	11	80	0.8803	1.0794	0.7957
pacbio	11	81	0.8825	1.1227	0.8198
pacbio	11	82	0.8847	1.1697	0.8447
pacbio	11	83	0.8880	1.2201	0.8741
pacbio	11	84	0.8902	1.2758	0.9035
pacbio	11	85	0.8902	1.3379	0.9367
pacbio	11	86	0.8902	1.4068	0.9713
pacbio	11	87	0.8902	1.4853	1.0062
pacbio	11	88	0.8902	1.5780	1.0454
pacbio	11	89	0.8902	1.6852	1.0929
pacbio	11	90	0.8902	1.8109	1.1468
pacbio	11	91	0.8902	1.9624	1.2174
pacbio	11	92	0.8902	2.1348	1.2946
pacbio	11	93	0.8902	2.3543	1.3831
pacbio	11	94	0.8902	2.6390	1.5106
pacbio	11	95	0.8902	3.0216	1.6885
pacbio	11	96	0.8902	3.5819	1.9473
pacbio	11	97	0.8902	4.4665	2.3926
pacbio	11	98	0.8902	6.0824	3.3043
pacbio	11	99	0.8902	9.9329	6.1695
pacbio	12	51	0.7461	0.4546	0.3734
pacbio	12	52	0.7539	0.4674	0.3831
pacbio	12	53	0.7661	0.4802	0.3924
pacbio	12	54	0.7705	0.4934	0.4013
pacbio	12	55	0.7816	0.5069	0.4113
pacbio	12	56	0.7971	0.5207	0.4215
pacbio	12	57	0.8049	0.5348	0.4307
pacbio	12	58	0.8171	0.5493	0.4416
pacbio	12	59	0.8293	0.5640	0.4539
pacbio	12	60	0.8337	0.5794	0.4646
pacbio	12	61	0.8426	0.5952	0.4759
pacbio	12	62	0.8470	0.6115	0.4882
pacbio	12	63	0.8492	0.6281	0.4988
pacbio	12	64	0.8514	0.6457	0.5111
pacbio	12	65	0.8525	0.6636	0.5240
pacbio	12	66	0.8537	0.6820	0.5368
pacbio	12	67	0.8570	0.7017	0.5521
pacbio	12	68	0.8592	0.7217	0.5647
pacbio	12	69	0.8636	0.7420	0.5781
pacbio	12	70	0.8647	0.7635	0.5934
pacbio	12	71	0.8681	0.7864	0.6099
pacbio	12	72	0.8692	0.8103	0.6252
pacbio	12	73	0.8692	0.8357	0.6435
pacbio	12	74	0.8692	0.8621	0.6600
pacbio	12	75	0.8703	0.8901	0.6756
pacbio	12	76	0.8703	0.9203	0.6956
pacbio	12	77	0.8703	0.9516	0.7131
pacbio	12	78	0.8703	0.9851	0.7360
pacbio	12	79	0.8703	1.0210	0.7580
pacbio	12	80	0.8725	1.0612	0.7818
pacbio	12	81	0.8747	1.1045	0.8033
pacbio	12	82	0.8769	1.1516	0.8273
pacbio	12	83	0.8803	1.2020	0.8555
pacbio	12	84	0.8825	1.2577	0.8850
pacbio	12	85	0.8825	1.3197	0.9190
pacbio	12	86	0.8825	1.3886	0.9537
pacbio	12	87	0.8825	1.4671	0.9909
pacbio	12	88	0.8825	1.5598	1.0269
pacbio	12	89	0.8825	1.6670	1.0733
pacbio	12	90	0.8825	1.7927	1.1246
pacbio	12	91	0.8825	1.9443	1.1999
pacbio	12	92	0.8825	2.1166	1.2770
pacbio	12	93	0.8825	2.3361	1.3636
pacbio	12	94	0.8825	2.6209	1.4880
pacbio	12	95	0.8825	3.0034	1.6655
pacbio	12	96	0.8825	3.5638	1.9331
pacbio	12	97	0.8825	4.4484	2.3672
pacbio	12	98	0.8825	6.0642	3.2905
pacbio	12	99	0.8825	9.9147	6.1531
pacbio	13	51	0.7239	0.4378	0.3573
pacbio	13	52	0.7317	0.4506	0.3668
pacbio	13	53	0.7439	0.4635	0.3755
pacbio	13	54	0.7483	0.4767	0.3853
pacbio	13	55	0.7594	0.4901	0.3936
pacbio	13	56	0.7749	0.5040	0.4035
pacbio	13	57	0.7827	0.5181	0.4138
pacbio	13	58	0.7949	0.5325	0.4242
pacbio	13	59	0.8071	0.5472	0.4363
pacbio	13	60	0.8115	0.5626	0.4483
pacbio	13	61	0.8204	0.5785	0.4595
pacbio	13	62	0.8248	0.5947	0.4720
pacbio	13	63	0.8271	0.6113	0.4847
pacbio	13	64	0.8293	0.6290	0.4972
pacbio	13	65	0.8304	0.6469	0.5106
pacbio	13	66	0.8315	0.6652	0.5231
pacbio	13	67	0.8348	0.6849	0.5381
pacbio	13	68	0.8370	0.7049	0.5511
pacbio	13	69	0.8415	0.7253	0.5640
pacbio	13	70	0.8426	0.7468	0.5785
pacbio	13	71	0.8459	0.7696	0.5966
pacbio	13	72	0.8470	0.7936	0.6105
pacbio	13	73	0.8470	0.8189	0.6268
pacbio	13	74	0.8470	0.8454	0.6428
pacbio	13	75	0.8481	0.8734	0.6575
pacbio	13	76	0.8481	0.9036	0.6770
pacbio	13	77	0.8481	0.9348	0.6985
pacbio	13	78	0.8481	0.9683	0.7168
pacbio	13	79	0.8481	1.0043	0.7409
pacbio	13	80	0.8503	1.0445	0.7656
pacbio	13	81	0.8525	1.0878	0.7880
pacbio	13	82	0.8548	1.1348	0.8106
pacbio	13	83	0.8581	1.1852	0.8390
pacbio	13	84	0.8603	1.2409	0.8699
pacbio	13	85	0.8603	1.3029	0.9027
pacbio	13	86	0.8603	1.3718	0.9362
pacbio	13	87	0.8603	1.4504	0.9716
pacbio	13	88	0.8603	1.5431	1.0112
pacbio	13	89	0.8603	1.6503	1.0574
pacbio	13	90	0.8603	1.7759	1.1091
pacbio	13	91	0.8603	1.9275	1.1875
pacbio	13	92	0.8603	2.0999	1.2607
pacbio	13	93	0.8603	2.3193	1.3498
pacbio	13	94	0.8603	2.6041	1.4791
pacbio	13	95	0.8603	2.9867	1.6497
pacbio	13	96	0.8603	3.5470	1.9051
pacbio	13	97	0.8603	4.4316	2.3454
pacbio	13	98	0.8603	6.0475	3.2753
pacbio	13	99	0.8603	9.8980	6.1276
pacbio	14	51	0.7106	0.4222	0.3415
pacbio	14	52	0.7184	0.4349	0.3505
pacbio	14	53	0.7306	0.4478	0.3597
pacbio	14	54	0.7350	0.4610	0.3684
pacbio	14	55	0.7461	0.4745	0.3778
pacbio	14	56	0.7616	0.4883	0.3878
pacbio	14	57	0.7694	0.5024	0.3991
pacbio	14	58	0.7816	0.5168	0.4108
pacbio	14	59	0.7938	0.5316	0.4220
pacbio	14	60	0.7982	0.5470	0.4355
pacbio	14	61	0.8071	0.5628	0.4476
pacbio	14	62	0.8115	0.5790	0.4595
pacbio	14	63	0.8137	0.5957	0.4710
pacbio	14	64	0.8160	0.6133	0.4826
pacbio	14	65	0.8171	0.6312	0.4960
pacbio	14	66	0.8182	0.6496	0.5100
pacbio	14	67	0.8215	0.6693	0.5240
pacbio	14	68	0.8237	0.6893	0.5376
pacbio	14	69	0.8282	0.7096	0.5494
pacbio	14	70	0.8293	0.7311	0.5632
pacbio	14	71	0.8326	0.7540	0.5795
pacbio	14	72	0.8337	0.7779	0.5944
pacbio	14	73	0.8337	0.8033	0.6113
pacbio	14	74	0.8337	0.8297	0.6278
pacbio	14	75	0.8348	0.8577	0.6432
pacbio	14	76	0.8348	0.8879	0.6648
pacbio	14	77	0.8348	0.9192	0.6836
pacbio	14	78	0.8348	0.9527	0.7025
pacbio	14	79	0.8348	0.9886	0.7251
pacbio	14	80	0.8370	1.0288	0.7508
pacbio	14	81	0.8392	1.0721	0.7747
pacbio	14	82	0.8415	1.1191	0.7974
pacbio	14	83	0.8448	1.1695	0.8254
pacbio	14	84	0.8470	1.2252	0.8575
pacbio	14	85	0.8470	1.2873	0.8875
pacbio	14	86	0.8470	1.3562	0.9209
pacbio	14	87	0.8470	1.4347	0.9585
pacbio	14	88	0.8470	1.5274	0.9974
pacbio	14	89	0.8470	1.6346	1.0424
pacbio	14	90	0.8470	1.7603	1.0991
pacbio	14	91	0.8470	1.9118	1.1730
pacbio	14	92	0.8470	2.0842	1.2473
pacbio	14	93	0.8470	2.3037	1.3379
pacbio	14	94	0.8470	2.5885	1.4600
pacbio	14	95	0.8470	2.9710	1.6335
pacbio	14	96	0.8470	3.5314	1.8899
pacbio	14	97	0.8470	4.4160	2.3279
pacbio	14	98	0.8470	6.0318	3.2626
pacbio	14	99	0.8470	9.8823	6.1040
pacbio	15	51	0.6951	0.4073	0.3265
pacbio	15	52	0.7029	0.4200	0.3360
pacbio	15	53	0.7151	0.4329	0.3452
pacbio	15	54	0.7195	0.4461	0.3556
pacbio	15	55	0.7306	0.4595	0.3654
pacbio	15	56	0.7461	0.4734	0.3763
pacbio	15	57	0.7539	0.4875	0.3877
pacbio	15	58	0.7661	0.5019	0.3987
pacbio	15	59	0.7783	0.5167	0.4096
pacbio	15	60	0.7827	0.5321	0.4211
pacbio	15	61	0.7916	0.5479	0.4328
pacbio	15	62	0.7960	0.5641	0.4441
pacbio	15	63	0.7982	0.5808	0.4560
pacbio	15	64	0.8004	0.5984	0.4677
pacbio	15	65	0.8016	0.6163	0.4808
pacbio	15	66	0.8027	0.6346	0.4959
pacbio	15	67	0.8060	0.6544	0.5097
pacbio	15	68	0.8082	0.6744	0.5231
pacbio	15	69	0.8126	0.6947	0.5360
pacbio	15	70	0.8137	0.7162	0.5511
pacbio	15	71	0.8171	0.7391	0.5664
pacbio	15	72	0.8182	0.7630	0.5826
pacbio	15	73	0.8182	0.7883	0.5976
pacbio	15	74	0.8182	0.8148	0.6149
pacbio	15	75	0.8193	0.8428	0.6307
pacbio	15	76	0.8193	0.8730	0.6501
pacbio	15	77	0.8193	0.9042	0.6702
pacbio	15	78	0.8193	0.9378	0.6888
pacbio	15	79	0.8193	0.9737	0.7124
pacbio	15	80	0.8215	1.0139	0.7355
pacbio	15	81	0.8237	1.0572	0.7608
pacbio	15	82	0.8259	1.1042	0.7848
pacbio	15	83	0.8293	1.1546	0.8153
pacbio	15	84	0.8315	1.2103	0.8454
pacbio	15	85	0.8315	1.2724	0.8738
pacbio	15	86	0.8315	1.3413	0.9089
pacbio	15	87	0.8315	1.4198	0.9440
pacbio	15	88	0.8315	1.5125	0.9844
pacbio	15	89	0.8315	1.6197	1.0280
pacbio	15	90	0.8315	1.7454	1.0877
pacbio	15	91	0.8315	1.8969	1.1598
pacbio	15	92	0.8315	2.0693	1.2339
pacbio	15	93	0.8315	2.2888	1.3260
pacbio	15	94	0.8315	2.5735	1.4464
pacbio	15	95	0.8315	2.9561	1.6134
pacbio	15	96	0.8315	3.5164	1.8778
pacbio	15	97	0.8315	4.4010	2.3176
pacbio	15	98	0.8315	6.0169	3.2509
pacbio	15	99	0.8315	9.8674	6.0845
pacbio	16	51	0.6718	0.3928	0.3160
pacbio	16	52	0.6796	0.4056	0.3252
pacbio	16	53	0.6918	0.4185	0.3344
pacbio	16	54	0.6962	0.4317	0.3442
pacbio	16	55	0.7073	0.4451	0.3534
pacbio	16	56	0.7228	0.4590	0.3643
pacbio	16	57	0.7306	0.4731	0.3741
pacbio	16	58	0.7428	0.4875	0.3862
pacbio	16	59	0.7550	0.5022	0.3975
pacbio	16	60	0.7594	0.5176	0.4078
pacbio	16	61	0.7683	0.5335	0.4199
pacbio	16	62	0.7727	0.5497	0.4305
pacbio	16	63	0.7749	0.5663	0.4421
pacbio	16	64	0.7772	0.5840	0.4549
pacbio	16	65	0.7783	0.6019	0.4695
pacbio	16	66	0.7794	0.6202	0.4834
pacbio	16	67	0.7827	0.6399	0.4960
pacbio	16	68	0.7849	0.6599	0.5097
pacbio	16	69	0.7894	0.6803	0.5235
pacbio	16	70	0.7905	0.7018	0.5372
pacbio	16	71	0.7938	0.7246	0.5536
pacbio	16	72	0.7949	0.7486	0.5667
pacbio	16	73	0.7949	0.7739	0.5825
pacbio	16	74	0.7949	0.8004	0.6001
pacbio	16	75	0.7960	0.8284	0.6179
pacbio	16	76	0.7960	0.8586	0.6379
pacbio	16	77	0.7960	0.8898	0.6581
pacbio	16	78	0.7960	0.9233	0.6757
pacbio	16	79	0.7960	0.9593	0.7005
pacbio	16	80	0.7982	0.9995	0.7251
pacbio	16	81	0.8004	1.0428	0.7463
pacbio	16	82	0.8027	1.0898	0.7739
pacbio	16	83	0.8060	1.1402	0.8016
pacbio	16	84	0.8082	1.1959	0.8322
pacbio	16	85	0.8082	1.2579	0.8612
pacbio	16	86	0.8082	1.3268	0.8951
pacbio	16	87	0.8082	1.4054	0.9305
pacbio	16	88	0.8082	1.4981	0.9707
pacbio	16	89	0.8082	1.6053	1.0148
pacbio	16	90	0.8082	1.7309	1.0753
pacbio	16	91	0.8082	1.8825	1.1501
pacbio	16	92	0.8082	2.0549	1.2235
pacbio	16	93	0.8082	2.2743	1.3139
pacbio	16	94	0.8082	2.5591	1.4315
pacbio	16	95	0.8082	2.9417	1.6007
pacbio	16	96	0.8082	3.5020	1.8697
pacbio	16	97	0.8082	4.3866	2.3074
pacbio	16	98	0.8082	6.0025	3.2399
pacbio	16	99	0.8082	9.8530	6.0601
pacbio	17	51	0.6574	0.3793	0.3027
pacbio	17	52	0.6652	0.3920	0.3126
pacbio	17	53	0.6774	0.4049	0.3230
pacbio	17	54	0.6818	0.4181	0.3334
pacbio	17	55	0.6929	0.4316	0.3428
pacbio	17	56	0.7084	0.4454	0.3527
pacbio	17	57	0.7162	0.4595	0.3629
pacbio	17	58	0.7284	0.4739	0.3732
pacbio	17	59	0.7406	0.4887	0.3846
pacbio	17	60	0.7450	0.5041	0.3956
pacbio	17	61	0.7539	0.5199	0.4072
pacbio	17	62	0.7583	0.5361	0.4185
pacbio	17	63	0.7605	0.5528	0.4301
pacbio	17	64	0.7627	0.5704	0.4435
pacbio	17	65	0.7639	0.5883	0.4578
pacbio	17	66	0.7650	0.6067	0.4704
pacbio	17	67	0.7683	0.6264	0.4842
pacbio	17	68	0.7705	0.6464	0.4979
pacbio	17	69	0.7749	0.6667	0.5129
pacbio	17	70	0.7761	0.6882	0.5257
pacbio	17	71	0.7794	0.7111	0.5412
pacbio	17	72	0.7805	0.7350	0.5563
pacbio	17	73	0.7805	0.7604	0.5719
pacbio	17	74	0.7805	0.7868	0.5891
pacbio	17	75	0.7816	0.8148	0.6057
pacbio	17	76	0.7816	0.8450	0.6261
pacbio	17	77	0.7816	0.8763	0.6447
pacbio	17	78	0.7816	0.9098	0.6653
pacbio	17	79	0.7816	0.9457	0.6864
pacbio	17	80	0.7838	0.9859	0.7100
pacbio	17	81	0.7860	1.0292	0.7344
pacbio	17	82	0.7882	1.0762	0.7589
pacbio	17	83	0.7916	1.1266	0.7854
pacbio	17	84	0.7938	1.1823	0.8146
pacbio	17	85	0.7938	1.2444	0.8473
pacbio	17	86	0.7938	1.3133	0.8791
pacbio	17	87	0.7938	1.3918	0.9183
pacbio	17	88	0.7938	1.4845	0.9570
pacbio	17	89	0.7938	1.5917	1.0060
pacbio	17	90	0.7938	1.7174	1.0630
pacbio	17	91	0.7938	1.8689	1.1353
pacbio	17	92	0.7938	2.0413	1.2101
pacbio	17	93	0.7938	2.2608	1.3003
pacbio	17	94	0.7938	2.5456	1.4190
pacbio	17	95	0.7938	2.9281	1.5855
pacbio	17	96	0.7938	3.4885	1.8576
pacbio	17	97	0.7938	4.3731	2.2981
pacbio	17	98	0.7938	5.9889	3.2295
pacbio	17	99	0.7938	9.8394	6.0431
pacbio	18	51	0.6341	0.3662	0.2922
pacbio	18	52	0.6419	0.3790	0.3018
pacbio	18	53	0.6541	0.3918	0.3114
pacbio	18	54	0.6585	0.4050	0.3208
pacbio	18	55	0.6696	0.4185	0.3316
pacbio	18	56	0.6851	0.4323	0.3419
pacbio	18	57	0.6929	0.4464	0.3520
pacbio	18	58	0.7051	0.4609	0.3624
pacbio	18	59	0.7173	0.4756	0.3735
pacbio	18	60	0.7217	0.4910	0.3841
pacbio	18	61	0.7306	0.5068	0.3963
pacbio	18	62	0.7350	0.5231	0.4079
pacbio	18	63	0.7373	0.5397	0.4192
pacbio	18	64	0.7395	0.5574	0.4324
pacbio	18	65	0.7406	0.5752	0.4473
pacbio	18	66	0.7417	0.5936	0.4603
pacbio	18	67	0.7450	0.6133	0.4744
pacbio	18	68	0.7472	0.6333	0.4867
pacbio	18	69	0.7517	0.6536	0.5006
pacbio	18	70	0.7528	0.6751	0.5147
pacbio	18	71	0.7561	0.6980	0.5306
pacbio	18	72	0.7572	0.7220	0.5443
pacbio	18	73	0.7572	0.7473	0.5607
pacbio	18	74	0.7572	0.7737	0.5779
pacbio	18	75	0.7583	0.8017	0.5945
pacbio	18	76	0.7583	0.8319	0.6138
pacbio	18	77	0.7583	0.8632	0.6335
pacbio	18	78	0.7583	0.8967	0.6541
pacbio	18	79	0.7583	0.9327	0.6758
pacbio	18	80	0.7605	0.9728	0.6984
pacbio	18	81	0.7627	1.0161	0.7208
pacbio	18	82	0.7650	1.0632	0.7462
pacbio	18	83	0.7683	1.1136	0.7724
pacbio	18	84	0.7705	1.1693	0.8023
pacbio	18	85	0.7705	1.2313	0.8330
pacbio	18	86	0.7705	1.3002	0.8701
pacbio	18	87	0.7705	1.3787	0.9057
pacbio	18	88	0.7705	1.4715	0.9459
pacbio	18	89	0.7705	1.5786	0.9958
pacbio	18	90	0.7705	1.7043	1.0542
pacbio	18	91	0.7705	1.8559	1.1238
pacbio	18	92	0.7705	2.0283	1.1981
pacbio	18	93	0.7705	2.2477	1.2889
pacbio	18	94	0.7705	2.5325	1.4088
pacbio	18	95	0.7705	2.9150	1.5732
pacbio	18	96	0.7705	3.4754	1.8431
pacbio	18	97	0.7705	4.3600	2.2747
pacbio	18	98	0.7705	5.9758	3.2198
pacbio	18	99	0.7705	9.8263	6.0310
pacbio	19	51	0.6231	0.3535	0.2813
pacbio	19	52	0.6308	0.3663	0.2910
pacbio	19	53	0.6430	0.3791	0.3007
pacbio	19	54	0.6475	0.3923	0.3099
pacbio	19	55	0.6585	0.4058	0.3210
pacbio	19	56	0.6741	0.4196	0.3303
pacbio	19	57	0.6818	0.4337	0.3415
pacbio	19	58	0.6940	0.4482	0.3520
pacbio	19	59	0.7062	0.4629	0.3630
pacbio	19	60	0.7106	0.4783	0.3745
pacbio	19	61	0.7195	0.4941	0.3870
pacbio	19	62	0.7239	0.5104	0.3988
pacbio	19	63	0.7262	0.5270	0.4106
pacbio	19	64	0.7284	0.5446	0.4232
pacbio	19	65	0.7295	0.5625	0.4363
pacbio	19	66	0.7306	0.5809	0.4486
pacbio	19	67	0.7339	0.6006	0.4627
pacbio	19	68	0.7361	0.6206	0.4753
pacbio	19	69	0.7406	0.6409	0.4887
pacbio	19	70	0.7417	0.6624	0.5029
pacbio	19	71	0.7450	0.6853	0.5170
pacbio	19	72	0.7461	0.7093	0.5326
pacbio	19	73	0.7461	0.7346	0.5498
pacbio	19	74	0.7461	0.7610	0.5673
pacbio	19	75	0.7472	0.7890	0.5847
pacbio	19	76	0.7472	0.8192	0.6035
pacbio	19	77	0.7472	0.8505	0.6225
pacbio	19	78	0.7472	0.8840	0.6450
pacbio	19	79	0.7472	0.9199	0.6654
pacbio	19	80	0.7494	0.9601	0.6878
pacbio	19	81	0.7517	1.0034	0.7125
pacbio	19	82	0.7539	1.0505	0.7356
pacbio	19	83	0.7572	1.1009	0.7625
pacbio	19	84	0.7594	1.1566	0.7931
pacbio	19	85	0.7594	1.2186	0.8244
pacbio	19	86	0.7594	1.2875	0.8598
pacbio	19	87	0.7594	1.3660	0.8951
pacbio	19	88	0.7594	1.4588	0.9333
pacbio	19	89	0.7594	1.5659	0.9862
pacbio	19	90	0.7594	1.6916	1.0436
pacbio	19	91	0.7594	1.8432	1.1127
pacbio	19	92	0.7594	2.0155	1.1882
pacbio	19	93	0.7594	2.2350	1.2799
pacbio	19	94	0.7594	2.5198	1.3996
pacbio	19	95	0.7594	2.9023	1.5616
pacbio	19	96	0.7594	3.4627	1.8308
pacbio	19	97	0.7594	4.3473	2.2612
pacbio	19	98	0.7594	5.9631	3.2092
pacbio	19	99	0.7594	9.8136	6.0243
pacbio	20	51	0.5998	0.3414	0.2705
pacbio	20	52	0.6075	0.3542	0.2799
pacbio	20	53	0.6197	0.3671	0.2901
pacbio	20	54	0.6242	0.3803	0.2995
pacbio	20	55	0.6353	0.3937	0.3109
pacbio	20	56	0.6508	0.4076	0.3208
pacbio	20	57	0.6585	0.4217	0.3312
pacbio	20	58	0.6707	0.4361	0.3421
pacbio	20	59	0.6829	0.4508	0.3528
pacbio	20	60	0.6874	0.4662	0.3646
pacbio	20	61	0.6962	0.4821	0.3757
pacbio	20	62	0.7007	0.4983	0.3873
pacbio	20	63	0.7029	0.5149	0.3992
pacbio	20	64	0.7051	0.5326	0.4121
pacbio	20	65	0.7062	0.5505	0.4243
pacbio	20	66	0.7073	0.5688	0.4373
pacbio	20	67	0.7106	0.5885	0.4501
pacbio	20	68	0.7129	0.6085	0.4639
pacbio	20	69	0.7173	0.6289	0.4780
pacbio	20	70	0.7184	0.6504	0.4917
pacbio	20	71	0.7217	0.6732	0.5065
pacbio	20	72	0.7228	0.6972	0.5225
pacbio	20	73	0.7228	0.7225	0.5403
pacbio	20	74	0.7228	0.7490	0.5573
pacbio	20	75	0.7239	0.7770	0.5736
pacbio	20	76	0.7239	0.8072	0.5918
pacbio	20	77	0.7239	0.8384	0.6121
pacbio	20	78	0.7239	0.8719	0.6344
pacbio	20	79	0.7239	0.9079	0.6560
pacbio	20	80	0.7262	0.9481	0.6781
pacbio	20	81	0.7284	0.9914	0.7013
pacbio	20	82	0.7306	1.0384	0.7256
pacbio	20	83	0.7339	1.0888	0.7527
pacbio	20	84	0.7361	1.1445	0.7833
pacbio	20	85	0.7361	1.2065	0.8145
pacbio	20	86	0.7361	1.2754	0.8483
pacbio	20	87	0.7361	1.3540	0.8857
pacbio	20	88	0.7361	1.4467	0.9238
pacbio	20	89	0.7361	1.5539	0.9727
pacbio	20	90	0.7361	1.6795	1.0336
pacbio	20	91	0.7361	1.8311	1.1039
pacbio	20	92	0.7361	2.0035	1.1799
pacbio	20	93	0.7361	2.2229	1.2711
pacbio	20	94	0.7361	2.5077	1.3917
pacbio	20	95	0.7361	2.8903	1.5527
pacbio	20	96	0.7361	3.4506	1.8180
pacbio	20	97	0.7361	4.3352	2.2479
pacbio	20	98	0.7361	5.9511	3.1973
pacbio	20	99	0.7361	9.8016	6.0173
pacbio	21	51	0.5809	0.3294	0.2610
pacbio	21	52	0.5887	0.3422	0.2706
pacbio	21	53	0.6009	0.3550	0.2797
pacbio	21	54	0.6053	0.3683	0.2893
pacbio	21	55	0.6164	0.3817	0.3000
pacbio	21	56	0.6319	0.3956	0.3107
pacbio	21	57	0.6397	0.4096	0.3214
pacbio	21	58	0.6519	0.4241	0.3320
pacbio	21	59	0.6641	0.4388	0.3426
pacbio	21	60	0.6685	0.4542	0.3543
pacbio	21	61	0.6774	0.4701	0.3659
pacbio	21	62	0.6818	0.4863	0.3770
pacbio	21	63	0.6840	0.5029	0.3887
pacbio	21	64	0.6863	0.5206	0.3999
pacbio	21	65	0.6874	0.5384	0.4129
pacbio	21	66	0.6885	0.5568	0.4268
pacbio	21	67	0.6918	0.5765	0.4398
pacbio	21	68	0.6940	0.5965	0.4529
pacbio	21	69	0.6984	0.6169	0.4676
pacbio	21	70	0.6996	0.6384	0.4804
pacbio	21	71	0.7029	0.6612	0.4971
pacbio	21	72	0.7040	0.6852	0.5124
pacbio	21	73	0.7040	0.7105	0.5285
pacbio	21	74	0.7040	0.7370	0.5453
pacbio	21	75	0.7051	0.7649	0.5641
pacbio	21	76	0.7051	0.7952	0.5829
pacbio	21	77	0.7051	0.8264	0.6038
pacbio	21	78	0.7051	0.8599	0.6244
pacbio	21	79	0.7051	0.8959	0.6459
pacbio	21	80	0.7073	0.9360	0.6686
pacbio	21	81	0.7095	0.9793	0.6918
pacbio	21	82	0.7118	1.0264	0.7162
pacbio	21	83	0.7151	1.0768	0.7433
pacbio	21	84	0.7173	1.1325	0.7740
pacbio	21	85	0.7173	1.1945	0.8044
pacbio	21	86	0.7173	1.2634	0.8403
pacbio	21	87	0.7173	1.3420	0.8756
pacbio	21	88	0.7173	1.4347	0.9146
pacbio	21	89	0.7173	1.5418	0.9639
pacbio	21	90	0.7173	1.6675	1.0196
pacbio	21	91	0.7173	1.8191	1.0923
pacbio	21	92	0.7173	1.9915	1.1727
pacbio	21	93	0.7173	2.2109	1.2600
pacbio	21	94	0.7173	2.4957	1.3856
pacbio	21	95	0.7173	2.8782	1.5446
pacbio	21	96	0.7173	3.4386	1.8064
pacbio	21	97	0.7173	4.3232	2.2383
pacbio	21	98	0.7173	5.9390	3.1868
pacbio	21	99	0.7173	9.7895	6.0108
pacbio	22	51	0.5532	0.3179	0.2516
pacbio	22	52	0.5610	0.3307	0.2610
pacbio	22	53	0.5732	0.3435	0.2702
pacbio	22	54	0.5776	0.3568	0.2796
pacbio	22	55	0.5887	0.3702	0.2903
pacbio	22	56	0.6042	0.3841	0.3003
pacbio	22	57	0.6120	0.3981	0.3106
pacbio	22	58	0.6242	0.4126	0.3222
pacbio	22	59	0.6364	0.4273	0.3325
pacbio	22	60	0.6408	0.4427	0.3443
pacbio	22	61	0.6497	0.4586	0.3557
pacbio	22	62	0.6541	0.4748	0.3670
pacbio	22	63	0.6563	0.4914	0.3785
pacbio	22	64	0.6585	0.5091	0.3902
pacbio	22	65	0.6596	0.5269	0.4037
pacbio	22	66	0.6608	0.5453	0.4174
pacbio	22	67	0.6641	0.5650	0.4299
pacbio	22	68	0.6663	0.5850	0.4431
pacbio	22	69	0.6707	0.6054	0.4576
pacbio	22	70	0.6718	0.6269	0.4711
pacbio	22	71	0.6752	0.6497	0.4881
pacbio	22	72	0.6763	0.6737	0.5038
pacbio	22	73	0.6763	0.6990	0.5198
pacbio	22	74	0.6763	0.7255	0.5365
pacbio	22	75	0.6774	0.7535	0.5513
pacbio	22	76	0.6774	0.7837	0.5723
pacbio	22	77	0.6774	0.8149	0.5942
pacbio	22	78	0.6774	0.8484	0.6157
pacbio	22	79	0.6774	0.8844	0.6371
pacbio	22	80	0.6796	0.9245	0.6581
pacbio	22	81	0.6818	0.9679	0.6821
pacbio	22	82	0.6840	1.0149	0.7051
pacbio	22	83	0.6874	1.0653	0.7339
pacbio	22	84	0.6896	1.1210	0.7653
pacbio	22	85	0.6896	1.1830	0.7955
pacbio	22	86	0.6896	1.2519	0.8288
pacbio	22	87	0.6896	1.3305	0.8648
pacbio	22	88	0.6896	1.4232	0.9051
pacbio	22	89	0.6896	1.5304	0.9541
pacbio	22	90	0.6896	1.6560	1.0097
pacbio	22	91	0.6896	1.8076	1.0826
pacbio	22	92	0.6896	1.9800	1.1632
pacbio	22	93	0.6896	2.1994	1.2497
pacbio	22	94	0.6896	2.4842	1.3759
pacbio	22	95	0.6896	2.8667	1.5360
pacbio	22	96	0.6896	3.4271	1.7961
pacbio	22	97	0.6896	4.3117	2.2283
pacbio	22	98	0.6896	5.9275	3.1761
pacbio	22	99	0.6896	9.7780	6.0048
pacbio	23	51	0.5322	0.3065	0.2415
pacbio	23	52	0.5399	0.3193	0.2508
pacbio	23	53	0.5521	0.3321	0.2600
pacbio	23	54	0.5565	0.3454	0.2704
pacbio	23	55	0.5676	0.3588	0.2809
pacbio	23	56	0.5831	0.3727	0.2913
pacbio	23	57	0.5909	0.3867	0.3023
pacbio	23	58	0.6031	0.4012	0.3127
pacbio	23	59	0.6153	0.4159	0.3238
pacbio	23	60	0.6197	0.4313	0.3351
pacbio	23	61	0.6286	0.4472	0.3469
pacbio	23	62	0.6330	0.4634	0.3579
pacbio	23	63	0.6353	0.4800	0.3699
pacbio	23	64	0.6375	0.4977	0.3821
pacbio	23	65	0.6386	0.5155	0.3949
pacbio	23	66	0.6397	0.5339	0.4080
pacbio	23	67	0.6430	0.5536	0.4212
pacbio	23	68	0.6452	0.5736	0.4342
pacbio	23	69	0.6497	0.5940	0.4482
pacbio	23	70	0.6508	0.6155	0.4627
pacbio	23	71	0.6541	0.6383	0.4792
pacbio	23	72	0.6552	0.6623	0.4947
pacbio	23	73	0.6552	0.6876	0.5097
pacbio	23	74	0.6552	0.7141	0.5246
pacbio	23	75	0.6563	0.7421	0.5424
pacbio	23	76	0.6563	0.7723	0.5632
pacbio	23	77	0.6563	0.8035	0.5845
pacbio	23	78	0.6563	0.8370	0.6060
pacbio	23	79	0.6563	0.8730	0.6278
pacbio	23	80	0.6585	0.9131	0.6494
pacbio	23	81	0.6608	0.9564	0.6733
pacbio	23	82	0.6630	1.0035	0.6961
pacbio	23	83	0.6663	1.0539	0.7262
pacbio	23	84	0.6685	1.1096	0.7554
pacbio	23	85	0.6685	1.1716	0.7850
pacbio	23	86	0.6685	1.2405	0.8181
pacbio	23	87	0.6685	1.3191	0.8556
pacbio	23	88	0.6685	1.4118	0.8946
pacbio	23	89	0.6685	1.5190	0.9443
pacbio	23	90	0.6685	1.6446	1.0019
pacbio	23	91	0.6685	1.7962	1.0725
pacbio	23	92	0.6685	1.9686	1.1543
pacbio	23	93	0.6685	2.1880	1.2402
pacbio	23	94	0.6685	2.4728	1.3677
pacbio	23	95	0.6685	2.8553	1.5290
pacbio	23	96	0.6685	3.4157	1.7870
pacbio	23	97	0.6685	4.3003	2.2197
pacbio	23	98	0.6685	5.9161	3.1654
pacbio	23	99	0.6685	9.7666	5.9964
pacbio	24	51	0.5100	0.2955	0.2314
pacbio	24	52	0.5177	0.3083	0.2420
pacbio	24	53	0.5299	0.3211	0.2516
pacbio	24	54	0.5344	0.3344	0.2616
pacbio	24	55	0.5455	0.3478	0.2721
pacbio	24	56	0.5610	0.3617	0.2827
pacbio	24	57	0.5687	0.3757	0.2933
pacbio	24	58	0.5809	0.3902	0.3038
pacbio	24	59	0.5931	0.4049	0.3138
pacbio	24	60	0.5976	0.4203	0.3260
pacbio	24	61	0.6064	0.4362	0.3372
pacbio	24	62	0.6109	0.4524	0.3489
pacbio	24	63	0.6131	0.4690	0.3612
pacbio	24	64	0.6153	0.4867	0.3730
pacbio	24	65	0.6164	0.5045	0.3851
pacbio	24	66	0.6175	0.5229	0.3990
pacbio	24	67	0.6208	0.5426	0.4122
pacbio	24	68	0.6231	0.5626	0.4253
pacbio	24	69	0.6275	0.5829	0.4392
pacbio	24	70	0.6286	0.6044	0.4542
pacbio	24	71	0.6319	0.6273	0.4703
pacbio	24	72	0.6330	0.6513	0.4853
pacbio	24	73	0.6330	0.6766	0.5002
pacbio	24	74	0.6330	0.7030	0.5160
pacbio	24	75	0.6341	0.7310	0.5344
pacbio	24	76	0.6341	0.7613	0.5549
pacbio	24	77	0.6341	0.7925	0.5762
pacbio	24	78	0.6341	0.8260	0.5971
pacbio	24	79	0.6341	0.8620	0.6180
pacbio	24	80	0.6364	0.9021	0.6399
pacbio	24	81	0.6386	0.9454	0.6633
pacbio	24	82	0.6408	0.9925	0.6865
pacbio	24	83	0.6441	1.0429	0.7162
pacbio	24	84	0.6463	1.0986	0.7460
pacbio	24	85	0.6463	1.1606	0.7733
pacbio	24	86	0.6463	1.2295	0.8066
pacbio	24	87	0.6463	1.3080	0.8432
pacbio	24	88	0.6463	1.4008	0.8834
pacbio	24	89	0.6463	1.5079	0.9353
pacbio	24	90	0.6463	1.6336	0.9934
pacbio	24	91	0.6463	1.7852	1.0623
pacbio	24	92	0.6463	1.9576	1.1461
pacbio	24	93	0.6463	2.1770	1.2319
pacbio	24	94	0.6463	2.4618	1.3582
pacbio	24	95	0.6463	2.8443	1.5214
pacbio	24	96	0.6463	3.4047	1.7789
pacbio	24	97	0.6463	4.2893	2.2110
pacbio	24	98	0.6463	5.9051	3.1568
pacbio	24	99	0.6463	9.7556	5.9753
pacbio	25	51	0.4800	0.2846	0.2225
pacbio	25	52	0.4878	0.2973	0.2329
pacbio	25	53	0.5000	0.3102	0.2426
pacbio	25	54	0.5044	0.3234	0.2525
pacbio	25	55	0.5155	0.3368	0.2635
pacbio	25	56	0.5310	0.3507	0.2734
pacbio	25	57	0.5388	0.3648	0.2843
pacbio	25	58	0.5510	0.3792	0.2945
pacbio	25	59	0.5632	0.3939	0.3049
pacbio	25	60	0.5676	0.4093	0.3170
pacbio	25	61	0.5765	0.4252	0.3292
pacbio	25	62	0.5809	0.4414	0.3404
pacbio	25	63	0.5831	0.4580	0.3525
pacbio	25	64	0.5854	0.4757	0.3646
pacbio	25	65	0.5865	0.4936	0.3771
pacbio	25	66	0.5876	0.5119	0.3901
pacbio	25	67	0.5909	0.5316	0.4025
pacbio	25	68	0.5931	0.5517	0.4158
pacbio	25	69	0.5976	0.5720	0.4298
pacbio	25	70	0.5987	0.5935	0.4442
pacbio	25	71	0.6020	0.6163	0.4597
pacbio	25	72	0.6031	0.6403	0.4762
pacbio	25	73	0.6031	0.6656	0.4910
pacbio	25	74	0.6031	0.6921	0.5081
pacbio	25	75	0.6042	0.7201	0.5257
pacbio	25	76	0.6042	0.7503	0.5463
pacbio	25	77	0.6042	0.7815	0.5668
pacbio	25	78	0.6042	0.8151	0.5873
pacbio	25	79	0.6042	0.8510	0.6085
pacbio	25	80	0.6064	0.8912	0.6305
pacbio	25	81	0.6086	0.9345	0.6522
pacbio	25	82	0.6109	0.9815	0.6764
pacbio	25	83	0.6142	1.0319	0.7044
pacbio	25	84	0.6164	1.0876	0.7345
pacbio	25	85	0.6164	1.1496	0.7626
pacbio	25	86	0.6164	1.2185	0.7976
pacbio	25	87	0.6164	1.2971	0.8336
pacbio	25	88	0.6164	1.3898	0.8747
pacbio	25	89	0.6164	1.4970	0.9255
pacbio	25	90	0.6164	1.6226	0.9847
pacbio	25	91	0.6164	1.7742	1.0537
pacbio	25	92	0.6164	1.9466	1.1359
pacbio	25	93	0.6164	2.1660	1.2243
pacbio	25	94	0.6164	2.4508	1.3473
pacbio	25	95	0.6164	2.8334	1.5082
pacbio	25	96	0.6164	3.3937	1.7702
pacbio	25	97	0.6164	4.2783	2.2012
pacbio	25	98	0.6164	5.8942	3.1457
pacbio	25	99	0.6164	9.7447	5.9621
pacbio	26	51	0.4457	0.2736	0.2139
pacbio	26	52	0.4534	0.2864	0.2240
pacbio	26	53	0.4656	0.2992	0.2344
pacbio	26	54	0.4701	0.3125	0.2446
pacbio	26	55	0.4812	0.3259	0.2540
pacbio	26	56	0.4967	0.3398	0.2649
pacbio	26	57	0.5044	0.3538	0.2757
pacbio	26	58	0.5166	0.3683	0.2850
pacbio	26	59	0.5288	0.3830	0.2956
pacbio	26	60	0.5333	0.3984	0.3078
pacbio	26	61	0.5421	0.4143	0.3196
pacbio	26	62	0.5466	0.4305	0.3308
pacbio	26	63	0.5488	0.4471	0.3435
pacbio	26	64	0.5510	0.4648	0.3550
pacbio	26	65	0.5521	0.4826	0.3674
pacbio	26	66	0.5532	0.5010	0.3803
pacbio	26	67	0.5565	0.5207	0.3936
pacbio	26	68	0.5588	0.5407	0.4062
pacbio	26	69	0.5632	0.5611	0.4198
pacbio	26	70	0.5643	0.5826	0.4341
pacbio	26	71	0.5676	0.6054	0.4496
pacbio	26	72	0.5687	0.6294	0.4641
pacbio	26	73	0.5687	0.6547	0.4819
pacbio	26	74	0.5687	0.6812	0.4990
pacbio	26	75	0.5698	0.7091	0.5172
pacbio	26	76	0.5698	0.7394	0.5370
pacbio	26	77	0.5698	0.7706	0.5571
pacbio	26	78	0.5698	0.8041	0.5784
pacbio	26	79	0.5698	0.8401	0.5988
pacbio	26	80	0.5721	0.8802	0.6208
pacbio	26	81	0.5743	0.9235	0.6442
pacbio	26	82	0.5765	0.9706	0.6681
pacbio	26	83	0.5798	1.0210	0.6965
pacbio	26	84	0.5820	1.0767	0.7255
pacbio	26	85	0.5820	1.1387	0.7547
pacbio	26	86	0.5820	1.2076	0.7879
pacbio	26	87	0.5820	1.2862	0.8252
pacbio	26	88	0.5820	1.3789	0.8653
pacbio	26	89	0.5820	1.4860	0.9172
pacbio	26	90	0.5820	1.6117	0.9762
pacbio	26	91	0.5820	1.7633	1.0467
pacbio	26	92	0.5820	1.9357	1.1277
pacbio	26	93	0.5820	2.1551	1.2153
pacbio	26	94	0.5820	2.4399	1.3349
pacbio	26	95	0.5820	2.8224	1.5006
pacbio	26	96	0.5820	3.3828	1.7542
pacbio	26	97	0.5820	4.2674	2.1946
pacbio	26	98	0.5820	5.8832	3.1366
pacbio	26	99	0.5820	9.7337	5.9540
pacbio	27	51	0.4157	0.2628	0.2055
pacbio	27	52	0.4235	0.2755	0.2156
pacbio	27	53	0.4357	0.2884	0.2256
pacbio	27	54	0.4401	0.3016	0.2356
pacbio	27	55	0.4512	0.3150	0.2460
pacbio	27	56	0.4667	0.3289	0.2563
pacbio	27	57	0.4745	0.3430	0.2666
pacbio	27	58	0.4867	0.3574	0.2767
pacbio	27	59	0.4989	0.3722	0.2875
pacbio	27	60	0.5033	0.3876	0.2989
pacbio	27	61	0.5122	0.4034	0.3105
pacbio	27	62	0.5166	0.4196	0.3222
pacbio	27	63	0.5188	0.4363	0.3336
pacbio	27	64	0.5211	0.4539	0.3458
pacbio	27	65	0.5222	0.4718	0.3577
pacbio	27	66	0.5233	0.4901	0.3710
pacbio	27	67	0.5266	0.5099	0.3846
pacbio	27	68	0.5288	0.5299	0.3973
pacbio	27	69	0.5333	0.5502	0.4113
pacbio	27	70	0.5344	0.5717	0.4256
pacbio	27	71	0.5377	0.5946	0.4409
pacbio	27	72	0.5388	0.6185	0.4556
pacbio	27	73	0.5388	0.6438	0.4736
pacbio	27	74	0.5388	0.6703	0.4905
pacbio	27	75	0.5399	0.6983	0.5078
pacbio	27	76	0.5399	0.7285	0.5272
pacbio	27	77	0.5399	0.7597	0.5485
pacbio	27	78	0.5399	0.7933	0.5699
pacbio	27	79	0.5399	0.8292	0.5906
pacbio	27	80	0.5421	0.8694	0.6120
pacbio	27	81	0.5443	0.9127	0.6356
pacbio	27	82	0.5466	0.9597	0.6598
pacbio	27	83	0.5499	1.0101	0.6874
pacbio	27	84	0.5521	1.0658	0.7159
pacbio	27	85	0.5521	1.1279	0.7455
pacbio	27	86	0.5521	1.1968	0.7789
pacbio	27	87	0.5521	1.2753	0.8166
pacbio	27	88	0.5521	1.3680	0.8579
pacbio	27	89	0.5521	1.4752	0.9078
pacbio	27	90	0.5521	1.6009	0.9680
pacbio	27	91	0.5521	1.7524	1.0382
pacbio	27	92	0.5521	1.9248	1.1175
pacbio	27	93	0.5521	2.1443	1.2073
pacbio	27	94	0.5521	2.4290	1.3254
pacbio	27	95	0.5521	2.8116	1.4916
pacbio	27	96	0.5521	3.3719	1.7455
pacbio	27	97	0.5521	4.2565	2.1850
pacbio	27	98	0.5521	5.8724	3.1298
pacbio	27	99	0.5521	9.7229	5.9375
pacbio	28	51	0.3902	0.2519	0.1971
pacbio	28	52	0.3980	0.2647	0.2073
pacbio	28	53	0.4102	0.2775	0.2174
pacbio	28	54	0.4146	0.2907	0.2268
pacbio	28	55	0.4257	0.3042	0.2370
pacbio	28	56	0.4412	0.3180	0.2475
pacbio	28	57	0.4490	0.3321	0.2578
pacbio	28	58	0.4612	0.3465	0.2681
pacbio	28	59	0.4734	0.3613	0.2787
pacbio	28	60	0.4778	0.3767	0.2901
pacbio	28	61	0.4867	0.3925	0.3017
pacbio	28	62	0.4911	0.4088	0.3124
pacbio	28	63	0.4933	0.4254	0.3246
pacbio	28	64	0.4956	0.4430	0.3371
pacbio	28	65	0.4967	0.4609	0.3489
pacbio	28	66	0.4978	0.4793	0.3620
pacbio	28	67	0.5011	0.4990	0.3753
pacbio	28	68	0.5033	0.5190	0.3883
pacbio	28	69	0.5078	0.5393	0.4019
pacbio	28	70	0.5089	0.5608	0.4159
pacbio	28	71	0.5122	0.5837	0.4322
pacbio	28	72	0.5133	0.6076	0.4466
pacbio	28	73	0.5133	0.6330	0.4647
pacbio	28	74	0.5133	0.6594	0.4805
pacbio	28	75	0.5144	0.6874	0.4989
pacbio	28	76	0.5144	0.7176	0.5186
pacbio	28	77	0.5144	0.7489	0.5390
pacbio	28	78	0.5144	0.7824	0.5604
pacbio	28	79	0.5144	0.8183	0.5807
pacbio	28	80	0.5166	0.8585	0.6038
pacbio	28	81	0.5188	0.9018	0.6281
pacbio	28	82	0.5211	0.9488	0.6518
pacbio	28	83	0.5244	0.9992	0.6788
pacbio	28	84	0.5266	1.0550	0.7077
pacbio	28	85	0.5266	1.1170	0.7381
pacbio	28	86	0.5266	1.1859	0.7693
pacbio	28	87	0.5266	1.2644	0.8090
pacbio	28	88	0.5266	1.3571	0.8486
pacbio	28	89	0.5266	1.4643	0.9007
pacbio	28	90	0.5266	1.5900	0.9567
pacbio	28	91	0.5266	1.7416	1.0298
pacbio	28	92	0.5266	1.9139	1.1088
pacbio	28	93	0.5266	2.1334	1.2007
pacbio	28	94	0.5266	2.4182	1.3142
pacbio	28	95	0.5266	2.8007	1.4820
pacbio	28	96	0.5266	3.3611	1.7378
pacbio	28	97	0.5266	4.2457	2.1765
pacbio	28	98	0.5266	5.8615	3.1229
pacbio	28	99	0.5266	9.7120	5.9213
pacbio	29	51	0.3670	0.2411	0.1888
pacbio	29	52	0.3747	0.2538	0.1990
pacbio	29	53	0.3869	0.2667	0.2086
pacbio	29	54	0.3914	0.2799	0.2187
pacbio	29	55	0.4024	0.2933	0.2285
pacbio	29	56	0.4180	0.3072	0.2381
pacbio	29	57	0.4257	0.3213	0.2480
pacbio	29	58	0.4379	0.3357	0.2587
pacbio	29	59	0.4501	0.3505	0.2692
pacbio	29	60	0.4545	0.3659	0.2803
pacbio	29	61	0.4634	0.3817	0.2923
pacbio	29	62	0.4678	0.3979	0.3036
pacbio	29	63	0.4701	0.4146	0.3151
pacbio	29	64	0.4723	0.4322	0.3277
pacbio	29	65	0.4734	0.4501	0.3406
pacbio	29	66	0.4745	0.4685	0.3533
pacbio	29	67	0.4778	0.4882	0.3672
pacbio	29	68	0.4800	0.5082	0.3798
pacbio	29	69	0.4845	0.5285	0.3926
pacbio	29	70	0.4856	0.5500	0.4073
pacbio	29	71	0.4889	0.5729	0.4225
pacbio	29	72	0.4900	0.5968	0.4377
pacbio	29	73	0.4900	0.6222	0.4552
pacbio	29	74	0.4900	0.6486	0.4709
pacbio	29	75	0.4911	0.6766	0.4905
pacbio	29	76	0.4911	0.7068	0.5101
pacbio	29	77	0.4911	0.7380	0.5292
pacbio	29	78	0.4911	0.7716	0.5512
pacbio	29	79	0.4911	0.8075	0.5709
pacbio	29	80	0.4933	0.8477	0.5936
pacbio	29	81	0.4956	0.8910	0.6181
pacbio	29	82	0.4978	0.9380	0.6426
pacbio	29	83	0.5011	0.9884	0.6694
pacbio	29	84	0.5033	1.0441	0.6983
pacbio	29	85	0.5033	1.1062	0.7289
pacbio	29	86	0.5033	1.1751	0.7604
pacbio	29	87	0.5033	1.2536	0.7983
pacbio	29	88	0.5033	1.3463	0.8392
pacbio	29	89	0.5033	1.4535	0.8914
pacbio	29	90	0.5033	1.5792	0.9478
pacbio	29	91	0.5033	1.7307	1.0216
pacbio	29	92	0.5033	1.9031	1.0995
pacbio	29	93	0.5033	2.1226	1.1925
pacbio	29	94	0.5033	2.4074	1.3071
pacbio	29	95	0.5033	2.7899	1.4725
pacbio	29	96	0.5033	3.3503	1.7294
pacbio	29	97	0.5033	4.2349	2.1664
pacbio	29	98	0.5033	5.8507	3.1162
pacbio	29	99	0.5033	9.7012	5.9140
pacbio	30	51	0.3514	0.2306	0.1802
pacbio	30	52	0.3592	0.2434	0.1907
pacbio	30	53	0.3714	0.2562	0.1999
pacbio	30	54	0.3758	0.2695	0.2090
pacbio	30	55	0.3869	0.2829	0.2188
pacbio	30	56	0.4024	0.2968	0.2296
pacbio	30	57	0.4102	0.3108	0.2392
pacbio	30	58	0.4224	0.3253	0.2491
pacbio	30	59	0.4346	0.3400	0.2603
pacbio	30	60	0.4390	0.3554	0.2709
pacbio	30	61	0.4479	0.3713	0.2831
pacbio	30	62	0.4523	0.3875	0.2947
pacbio	30	63	0.4545	0.4041	0.3061
pacbio	30	64	0.4568	0.4218	0.3192
pacbio	30	65	0.4579	0.4396	0.3316
pacbio	30	66	0.4590	0.4580	0.3446
pacbio	30	67	0.4623	0.4777	0.3573
pacbio	30	68	0.4645	0.4977	0.3701
pacbio	30	69	0.4690	0.5181	0.3836
pacbio	30	70	0.4701	0.5395	0.3981
pacbio	30	71	0.4734	0.5624	0.4132
pacbio	30	72	0.4745	0.5864	0.4284
pacbio	30	73	0.4745	0.6117	0.4457
pacbio	30	74	0.4745	0.6381	0.4615
pacbio	30	75	0.4756	0.6661	0.4801
pacbio	30	76	0.4756	0.6964	0.4997
pacbio	30	77	0.4756	0.7276	0.5199
pacbio	30	78	0.4756	0.7611	0.5408
pacbio	30	79	0.4756	0.7971	0.5626
pacbio	30	80	0.4778	0.8372	0.5852
pacbio	30	81	0.4800	0.8805	0.6090
pacbio	30	82	0.4823	0.9276	0.6345
pacbio	30	83	0.4856	0.9780	0.6609
pacbio	30	84	0.4878	1.0337	0.6873
pacbio	30	85	0.4878	1.0957	0.7214
pacbio	30	86	0.4878	1.1646	0.7503
pacbio	30	87	0.4878	1.2431	0.7886
pacbio	30	88	0.4878	1.3359	0.8307
pacbio	30	89	0.4878	1.4430	0.8818
pacbio	30	90	0.4878	1.5687	0.9408
pacbio	30	91	0.4878	1.7203	1.0129
pacbio	30	92	0.4878	1.8927	1.0905
pacbio	30	93	0.4878	2.1121	1.1834
pacbio	30	94	0.4878	2.3969	1.2985
pacbio	30	95	0.4878	2.7794	1.4638
pacbio	30	96	0.4878	3.3398	1.7223
pacbio	30	97	0.4878	4.2244	2.1570
pacbio	30	98	0.4878	5.8402	3.1080
pacbio	30	99	0.4878	9.6907	5.9063
pacbio	31	51	0.3259	0.2203	0.1721
pacbio	31	52	0.3337	0.2330	0.1815
pacbio	31	53	0.3459	0.2459	0.1911
pacbio	31	54	0.3503	0.2591	0.2008
pacbio	31	55	0.3614	0.2725	0.2105
pacbio	31	56	0.3769	0.2864	0.2208
pacbio	31	57	0.3847	0.3005	0.2304
pacbio	31	58	0.3969	0.3149	0.2408
pacbio	31	59	0.4091	0.3297	0.2525
pacbio	31	60	0.4135	0.3451	0.2627
pacbio	31	61	0.4224	0.3609	0.2747
pacbio	31	62	0.4268	0.3771	0.2863
pacbio	31	63	0.4290	0.3938	0.2984
pacbio	31	64	0.4313	0.4114	0.3114
pacbio	31	65	0.4324	0.4293	0.3235
pacbio	31	66	0.4335	0.4477	0.3358
pacbio	31	67	0.4368	0.4674	0.3493
pacbio	31	68	0.4390	0.4874	0.3615
pacbio	31	69	0.4435	0.5077	0.3744
pacbio	31	70	0.4446	0.5292	0.3888
pacbio	31	71	0.4479	0.5521	0.4034
pacbio	31	72	0.4490	0.5760	0.4191
pacbio	31	73	0.4490	0.6013	0.4362
pacbio	31	74	0.4490	0.6278	0.4523
pacbio	31	75	0.4501	0.6558	0.4710
pacbio	31	76	0.4501	0.6860	0.4912
pacbio	31	77	0.4501	0.7172	0.5106
pacbio	31	78	0.4501	0.7508	0.5321
pacbio	31	79	0.4501	0.7867	0.5535
pacbio	31	80	0.4523	0.8269	0.5763
pacbio	31	81	0.4545	0.8702	0.5994
pacbio	31	82	0.4568	0.9172	0.6266
pacbio	31	83	0.4601	0.9676	0.6496
pacbio	31	84	0.4623	1.0233	0.6782
pacbio	31	85	0.4623	1.0854	0.7087
pacbio	31	86	0.4623	1.1543	0.7402
pacbio	31	87	0.4623	1.2328	0.7800
pacbio	31	88	0.4623	1.3255	0.8213
pacbio	31	89	0.4623	1.4327	0.8732
pacbio	31	90	0.4623	1.5584	0.9321
pacbio	31	91	0.4623	1.7099	1.0039
pacbio	31	92	0.4623	1.8823	1.0828
pacbio	31	93	0.4623	2.1018	1.1757
pacbio	31	94	0.4623	2.3865	1.2904
pacbio	31	95	0.4623	2.7691	1.4548
pacbio	31	96	0.4623	3.3295	1.7149
pacbio	31	97	0.4623	4.2141	2.1475
pacbio	31	98	0.4623	5.8299	3.0991
pacbio	31	99	0.4623	9.6804	5.8997
pacbio	32	51	0.2938	0.2098	0.1636
pacbio	32	52	0.3016	0.2226	0.1734
pacbio	32	53	0.3137	0.2354	0.1830
pacbio	32	54	0.3182	0.2487	0.1924
pacbio	32	55	0.3293	0.2621	0.2025
pacbio	32	56	0.3448	0.2760	0.2126
pacbio	32	57	0.3525	0.2900	0.2223
pacbio	32	58	0.3647	0.3045	0.2329
pacbio	32	59	0.3769	0.3192	0.2444
pacbio	32	60	0.3814	0.3346	0.2552
pacbio	32	61	0.3902	0.3505	0.2666
pacbio	32	62	0.3947	0.3667	0.2789
pacbio	32	63	0.3969	0.3833	0.2908
pacbio	32	64	0.3991	0.4010	0.3029
pacbio	32	65	0.4002	0.4188	0.3147
pacbio	32	66	0.4013	0.4372	0.3273
pacbio	32	67	0.4047	0.4569	0.3408
pacbio	32	68	0.4069	0.4769	0.3526
pacbio	32	69	0.4113	0.4973	0.3661
pacbio	32	70	0.4124	0.5188	0.3796
pacbio	32	71	0.4157	0.5416	0.3949
pacbio	32	72	0.4169	0.5656	0.4103
pacbio	32	73	0.4169	0.5909	0.4283
pacbio	32	74	0.4169	0.6174	0.4448
pacbio	32	75	0.4180	0.6453	0.4621
pacbio	32	76	0.4180	0.6756	0.4817
pacbio	32	77	0.4180	0.7068	0.5013
pacbio	32	78	0.4180	0.7403	0.5217
pacbio	32	79	0.4180	0.7763	0.5443
pacbio	32	80	0.4202	0.8164	0.5670
pacbio	32	81	0.4224	0.8597	0.5913
pacbio	32	82	0.4246	0.9068	0.6171
pacbio	32	83	0.4279	0.9572	0.6427
pacbio	32	84	0.4302	1.0129	0.6708
pacbio	32	85	0.4302	1.0749	0.6980
pacbio	32	86	0.4302	1.1438	0.7334
pacbio	32	87	0.4302	1.2224	0.7713
pacbio	32	88	0.4302	1.3151	0.8135
pacbio	32	89	0.4302	1.4222	0.8648
pacbio	32	90	0.4302	1.5479	0.9244
pacbio	32	91	0.4302	1.6995	0.9924
pacbio	32	92	0.4302	1.8719	1.0745
pacbio	32	93	0.4302	2.0913	1.1679
pacbio	32	94	0.4302	2.3761	1.2813
pacbio	32	95	0.4302	2.7586	1.4463
pacbio	32	96	0.4302	3.3190	1.7075
pacbio	32	97	0.4302	4.2036	2.1394
pacbio	32	98	0.4302	5.8194	3.0914
pacbio	32	99	0.4302	9.6699	5.8941
pacbio	33	51	0.2583	0.1995	0.1550
pacbio	33	52	0.2661	0.2123	0.1644
pacbio	33	53	0.2783	0.2251	0.1744
pacbio	33	54	0.2827	0.2383	0.1839
pacbio	33	55	0.2938	0.2518	0.1936
pacbio	33	56	0.3093	0.2656	0.2044
pacbio	33	57	0.3171	0.2797	0.2148
pacbio	33	58	0.3293	0.2942	0.2249
pacbio	33	59	0.3415	0.3089	0.2359
pacbio	33	60	0.3459	0.3243	0.2470
pacbio	33	61	0.3548	0.3401	0.2579
pacbio	33	62	0.3592	0.3564	0.2703
pacbio	33	63	0.3614	0.3730	0.2817
pacbio	33	64	0.3636	0.3907	0.2932
pacbio	33	65	0.3647	0.4085	0.3057
pacbio	33	66	0.3659	0.4269	0.3182
pacbio	33	67	0.3692	0.4466	0.3310
pacbio	33	68	0.3714	0.4666	0.3438
pacbio	33	69	0.3758	0.4869	0.3580
pacbio	33	70	0.3769	0.5084	0.3716
pacbio	33	71	0.3803	0.5313	0.3860
pacbio	33	72	0.3814	0.5553	0.4020
pacbio	33	73	0.3814	0.5806	0.4202
pacbio	33	74	0.3814	0.6070	0.4365
pacbio	33	75	0.3825	0.6350	0.4543
pacbio	33	76	0.3825	0.6652	0.4738
pacbio	33	77	0.3825	0.6965	0.4932
pacbio	33	78	0.3825	0.7300	0.5141
pacbio	33	79	0.3825	0.7659	0.5354
pacbio	33	80	0.3847	0.8061	0.5580
pacbio	33	81	0.3869	0.8494	0.5822
pacbio	33	82	0.3891	0.8965	0.6088
pacbio	33	83	0.3925	0.9469	0.6349
pacbio	33	84	0.3947	1.0026	0.6626
pacbio	33	85	0.3947	1.0646	0.6891
pacbio	33	86	0.3947	1.1335	0.7259
pacbio	33	87	0.3947	1.2120	0.7634
pacbio	33	88	0.3947	1.3048	0.8059
pacbio	33	89	0.3947	1.4119	0.8571
pacbio	33	90	0.3947	1.5376	0.9154
pacbio	33	91	0.3947	1.6892	0.9847
pacbio	33	92	0.3947	1.8615	1.0663
pacbio	33	93	0.3947	2.0810	1.1614
pacbio	33	94	0.3947	2.3658	1.2725
pacbio	33	95	0.3947	2.7483	1.4377
pacbio	33	96	0.3947	3.3087	1.6982
pacbio	33	97	0.3947	4.1933	2.1308
pacbio	33	98	0.3947	5.8091	3.0848
pacbio	33	99	0.3947	9.6596	5.8864
pacbio	34	51	0.2306	0.1891	0.1466
pacbio	34	52	0.2384	0.2018	0.1563
pacbio	34	53	0.2506	0.2147	0.1663
pacbio	34	54	0.2550	0.2279	0.1763
pacbio	34	55	0.2661	0.2413	0.1862
pacbio	34	56	0.2816	0.2552	0.1962
pacbio	34	57	0.2894	0.2693	0.2057
pacbio	34	58	0.3016	0.2837	0.2159
pacbio	34	59	0.3137	0.2984	0.2258
pacbio	34	60	0.3182	0.3138	0.2379
pacbio	34	61	0.3271	0.3297	0.2500
pacbio	34	62	0.3315	0.3459	0.2605
pacbio	34	63	0.3337	0.3625	0.2726
pacbio	34	64	0.3359	0.3802	0.2845
pacbio	34	65	0.3370	0.3981	0.2966
pacbio	34	66	0.3381	0.4164	0.3092
pacbio	34	67	0.3415	0.4362	0.3227
pacbio	34	68	0.3437	0.4562	0.3351
pacbio	34	69	0.3481	0.4765	0.3492
pacbio	34	70	0.3492	0.4980	0.3634
pacbio	34	71	0.3525	0.5208	0.3775
pacbio	34	72	0.3537	0.5448	0.3938
pacbio	34	73	0.3537	0.5701	0.4115
pacbio	34	74	0.3537	0.5966	0.4274
pacbio	34	75	0.3548	0.6246	0.4458
pacbio	34	76	0.3548	0.6548	0.4652
pacbio	34	77	0.3548	0.6860	0.4843
pacbio	34	78	0.3548	0.7196	0.5055
pacbio	34	79	0.3548	0.7555	0.5264
pacbio	34	80	0.3570	0.7957	0.5474
pacbio	34	81	0.3592	0.8390	0.5719
pacbio	34	82	0.3614	0.8860	0.5988
pacbio	34	83	0.3647	0.9364	0.6256
pacbio	34	84	0.3670	0.9921	0.6527
pacbio	34	85	0.3670	1.0541	0.6816
pacbio	34	86	0.3670	1.1231	0.7177
pacbio	34	87	0.3670	1.2016	0.7558
pacbio	34	88	0.3670	1.2943	0.7982
pacbio	34	89	0.3670	1.4015	0.8487
pacbio	34	90	0.3670	1.5271	0.9059
pacbio	34	91	0.3670	1.6787	0.9783
pacbio	34	92	0.3670	1.8511	1.0568
pacbio	34	93	0.3670	2.0705	1.1533
pacbio	34	94	0.3670	2.3553	1.2631
pacbio	34	95	0.3670	2.7379	1.4301
pacbio	34	96	0.3670	3.2982	1.6894
pacbio	34	97	0.3670	4.1828	2.1230
pacbio	34	98	0.3670	5.7987	3.0768
pacbio	34	99	0.3670	9.6492	5.8758
pacbio	35	51	0.1962	0.1786	0.1384
pacbio	35	52	0.2040	0.1914	0.1482
pacbio	35	53	0.2162	0.2043	0.1583
pacbio	35	54	0.2206	0.2175	0.1673
pacbio	35	55	0.2317	0.2309	0.1768
pacbio	35	56	0.2472	0.2448	0.1869
pacbio	35	57	0.2550	0.2589	0.1973
pacbio	35	58	0.2672	0.2733	0.2073
pacbio	35	59	0.2794	0.2880	0.2185
pacbio	35	60	0.2838	0.3034	0.2288
pacbio	35	61	0.2927	0.3193	0.2407
pacbio	35	62	0.2971	0.3355	0.2522
pacbio	35	63	0.2993	0.3521	0.2640
pacbio	35	64	0.3016	0.3698	0.2763
pacbio	35	65	0.3027	0.3877	0.2881
pacbio	35	66	0.3038	0.4060	0.3002
pacbio	35	67	0.3071	0.4257	0.3143
pacbio	35	68	0.3093	0.4457	0.3269
pacbio	35	69	0.3137	0.4661	0.3403
pacbio	35	70	0.3149	0.4876	0.3550
pacbio	35	71	0.3182	0.5104	0.3694
pacbio	35	72	0.3193	0.5344	0.3855
pacbio	35	73	0.3193	0.5597	0.4029
pacbio	35	74	0.3193	0.5862	0.4193
pacbio	35	75	0.3204	0.6142	0.4377
pacbio	35	76	0.3204	0.6444	0.4569
pacbio	35	77	0.3204	0.6756	0.4746
pacbio	35	78	0.3204	0.7091	0.4965
pacbio	35	79	0.3204	0.7451	0.5162
pacbio	35	80	0.3226	0.7853	0.5378
pacbio	35	81	0.3248	0.8286	0.5621
pacbio	35	82	0.3271	0.8756	0.5898
pacbio	35	83	0.3304	0.9260	0.6163
pacbio	35	84	0.3326	0.9817	0.6444
pacbio	35	85	0.3326	1.0437	0.6735
pacbio	35	86	0.3326	1.1126	0.7097
pacbio	35	87	0.3326	1.1912	0.7477
pacbio	35	88	0.3326	1.2839	0.7893
pacbio	35	89	0.3326	1.3911	0.8394
pacbio	35	90	0.3326	1.5167	0.8977
pacbio	35	91	0.3326	1.6683	0.9713
pacbio	35	92	0.3326	1.8407	1.0507
pacbio	35	93	0.3326	2.0601	1.1437
pacbio	35	94	0.3326	2.3449	1.2529
pacbio	35	95	0.3326	2.7275	1.4209
pacbio	35	96	0.3326	3.2878	1.6799
pacbio	35	97	0.3326	4.1724	2.1138
pacbio	35	98	0.3326	5.7883	3.0702
pacbio	35	99	0.3326	9.6388	5.8657
pacbio	36	51	0.1741	0.1682	0.1307
pacbio	36	52	0.1818	0.1810	0.1395
pacbio	36	53	0.1940	0.1938	0.1491
pacbio	36	54	0.1984	0.2070	0.1587
pacbio	36	55	0.2095	0.2205	0.1686
pacbio	36	56	0.2251	0.2343	0.1788
pacbio	36	57	0.2328	0.2484	0.1887
pacbio	36	58	0.2450	0.2629	0.1993
pacbio	36	59	0.2572	0.2776	0.2099
pacbio	36	60	0.2616	0.2930	0.2204
pacbio	36	61	0.2705	0.3088	0.2321
pacbio	36	62	0.2749	0.3251	0.2440
pacbio	36	63	0.2772	0.3417	0.2544
pacbio	36	64	0.2794	0.3594	0.2678
pacbio	36	65	0.2805	0.3772	0.2794
pacbio	36	66	0.2816	0.3956	0.2919
pacbio	36	67	0.2849	0.4153	0.3056
pacbio	36	68	0.2871	0.4353	0.3185
pacbio	36	69	0.2916	0.4556	0.3312
pacbio	36	70	0.2927	0.4771	0.3465
pacbio	36	71	0.2960	0.5000	0.3603
pacbio	36	72	0.2971	0.5240	0.3778
pacbio	36	73	0.2971	0.5493	0.3947
pacbio	36	74	0.2971	0.5757	0.4108
pacbio	36	75	0.2982	0.6037	0.4294
pacbio	36	76	0.2982	0.6339	0.4479
pacbio	36	77	0.2982	0.6652	0.4660
pacbio	36	78	0.2982	0.6987	0.4886
pacbio	36	79	0.2982	0.7347	0.5077
pacbio	36	80	0.3004	0.7748	0.5291
pacbio	36	81	0.3027	0.8181	0.5534
pacbio	36	82	0.3049	0.8652	0.5810
pacbio	36	83	0.3082	0.9156	0.6078
pacbio	36	84	0.3104	0.9713	0.6359
pacbio	36	85	0.3104	1.0333	0.6645
pacbio	36	86	0.3104	1.1022	0.6985
pacbio	36	87	0.3104	1.1807	0.7370
pacbio	36	88	0.3104	1.2735	0.7801
pacbio	36	89	0.3104	1.3806	0.8306
pacbio	36	90	0.3104	1.5063	0.8875
pacbio	36	91	0.3104	1.6579	0.9623
pacbio	36	92	0.3104	1.8302	1.0431
pacbio	36	93	0.3104	2.0497	1.1341
pacbio	36	94	0.3104	2.3345	1.2437
pacbio	36	95	0.3104	2.7170	1.4161
pacbio	36	96	0.3104	3.2774	1.6717
pacbio	36	97	0.3104	4.1620	2.1033
pacbio	36	98	0.3104	5.7778	3.0616
pacbio	36	99	0.3104	9.6283	5.8537
pacbio	37	51	0.1441	0.1578	0.1224
pacbio	37	52	0.1519	0.1705	0.1312
pacbio	37	53	0.1641	0.1834	0.1412
pacbio	37	54	0.1685	0.1966	0.1505
pacbio	37	55	0.1796	0.2101	0.1601
pacbio	37	56	0.1951	0.2239	0.1696
pacbio	37	57	0.2029	0.2380	0.1804
pacbio	37	58	0.2151	0.2524	0.1908
pacbio	37	59	0.2273	0.2672	0.2013
pacbio	37	60	0.2317	0.2826	0.2121
pacbio	37	61	0.2406	0.2984	0.2243
pacbio	37	62	0.2450	0.3146	0.2352
pacbio	37	63	0.2472	0.3313	0.2468
pacbio	37	64	0.2494	0.3489	0.2594
pacbio	37	65	0.2506	0.3668	0.2713
pacbio	37	66	0.2517	0.3852	0.2833
pacbio	37	67	0.2550	0.4049	0.2964
pacbio	37	68	0.2572	0.4249	0.3097
pacbio	37	69	0.2616	0.4452	0.3223
pacbio	37	70	0.2627	0.4667	0.3384
pacbio	37	71	0.2661	0.4896	0.3526
pacbio	37	72	0.2672	0.5135	0.3698
pacbio	37	73	0.2672	0.5389	0.3869
pacbio	37	74	0.2672	0.5653	0.4027
pacbio	37	75	0.2683	0.5933	0.4212
pacbio	37	76	0.2683	0.6235	0.4382
pacbio	37	77	0.2683	0.6548	0.4573
pacbio	37	78	0.2683	0.6883	0.4799
pacbio	37	79	0.2683	0.7242	0.4997
pacbio	37	80	0.2705	0.7644	0.5211
pacbio	37	81	0.2727	0.8077	0.5450
pacbio	37	82	0.2749	0.8547	0.5721
pacbio	37	83	0.2783	0.9051	0.6005
pacbio	37	84	0.2805	0.9609	0.6258
pacbio	37	85	0.2805	1.0229	0.6572
pacbio	37	86	0.2805	1.0918	0.6871
pacbio	37	87	0.2805	1.1703	0.7287
pacbio	37	88	0.2805	1.2630	0.7717
pacbio	37	89	0.2805	1.3702	0.8220
pacbio	37	90	0.2805	1.4959	0.8799
pacbio	37	91	0.2805	1.6475	0.9540
pacbio	37	92	0.2805	1.8198	1.0337
pacbio	37	93	0.2805	2.0393	1.1262
pacbio	37	94	0.2805	2.3241	1.2364
pacbio	37	95	0.2805	2.7066	1.4092
pacbio	37	96	0.2805	3.2670	1.6638
pacbio	37	97	0.2805	4.1516	2.0933
pacbio	37	98	0.2805	5.7674	3.0544
pacbio	37	99	0.2805	9.6179	5.8438
pacbio	38	51	0.1286	0.1474	0.1136
pacbio	38	52	0.1364	0.1601	0.1230
pacbio	38	53	0.1486	0.1730	0.1325
pacbio	38	54	0.1530	0.1862	0.1418
pacbio	38	55	0.1641	0.1996	0.1515
pacbio	38	56	0.1796	0.2135	0.1616
pacbio	38	57	0.1874	0.2276	0.1718
pacbio	38	58	0.1996	0.2420	0.1820
pacbio	38	59	0.2118	0.2568	0.1924
pacbio	38	60	0.2162	0.2721	0.2043
pacbio	38	61	0.2251	0.2880	0.2154
pacbio	38	62	0.2295	0.3042	0.2263
pacbio	38	63	0.2317	0.3209	0.2390
pacbio	38	64	0.2339	0.3385	0.2513
pacbio	38	65	0.2350	0.3564	0.2626
pacbio	38	66	0.2361	0.3747	0.2747
pacbio	38	67	0.2395	0.3945	0.2878
pacbio	38	68	0.2417	0.4145	0.3012
pacbio	38	69	0.2461	0.4348	0.3143
pacbio	38	70	0.2472	0.4563	0.3301
pacbio	38	71	0.2506	0.4792	0.3446
pacbio	38	72	0.2517	0.5031	0.3615
pacbio	38	73	0.2517	0.5284	0.3778
pacbio	38	74	0.2517	0.5549	0.3944
pacbio	38	75	0.2528	0.5829	0.4129
pacbio	38	76	0.2528	0.6131	0.4299
pacbio	38	77	0.2528	0.6443	0.4487
pacbio	38	78	0.2528	0.6779	0.4721
pacbio	38	79	0.2528	0.7138	0.4916
pacbio	38	80	0.2550	0.7540	0.5137
pacbio	38	81	0.2572	0.7973	0.5368
pacbio	38	82	0.2594	0.8443	0.5627
pacbio	38	83	0.2627	0.8947	0.5888
pacbio	38	84	0.2650	0.9504	0.6144
pacbio	38	85	0.2650	1.0125	0.6464
pacbio	38	86	0.2650	1.0814	0.6788
pacbio	38	87	0.2650	1.1599	0.7208
pacbio	38	88	0.2650	1.2526	0.7623
pacbio	38	89	0.2650	1.3598	0.8151
pacbio	38	90	0.2650	1.4854	0.8715
pacbio	38	91	0.2650	1.6370	0.9456
pacbio	38	92	0.2650	1.8094	1.0263
pacbio	38	93	0.2650	2.0288	1.1164
pacbio	38	94	0.2650	2.3136	1.2307
pacbio	38	95	0.2650	2.6962	1.4011
pacbio	38	96	0.2650	3.2565	1.6570
pacbio	38	97	0.2650	4.1411	2.0865
pacbio	38	98	0.2650	5.7570	3.0475
pacbio	38	99	0.2650	9.6075	5.8341
pacbio	39	51	0.1120	0.1368	0.1045
pacbio	39	52	0.1197	0.1496	0.1141
pacbio	39	53	0.1319	0.1624	0.1237
pacbio	39	54	0.1364	0.1756	0.1332
pacbio	39	55	0.1475	0.1891	0.1430
pacbio	39	56	0.1630	0.2029	0.1527
pacbio	39	57	0.1707	0.2170	0.1635
pacbio	39	58	0.1829	0.2315	0.1737
pacbio	39	59	0.1951	0.2462	0.1835
pacbio	39	60	0.1996	0.2616	0.1957
pacbio	39	61	0.2084	0.2774	0.2073
pacbio	39	62	0.2129	0.2937	0.2182
pacbio	39	63	0.2151	0.3103	0.2301
pacbio	39	64	0.2173	0.3280	0.2430
pacbio	39	65	0.2184	0.3458	0.2543
pacbio	39	66	0.2195	0.3642	0.2666
pacbio	39	67	0.2228	0.3839	0.2798
pacbio	39	68	0.2251	0.4039	0.2926
pacbio	39	69	0.2295	0.4242	0.3062
pacbio	39	70	0.2306	0.4457	0.3210
pacbio	39	71	0.2339	0.4686	0.3368
pacbio	39	72	0.2350	0.4926	0.3523
pacbio	39	73	0.2350	0.5179	0.3686
pacbio	39	74	0.2350	0.5443	0.3854
pacbio	39	75	0.2361	0.5723	0.4036
pacbio	39	76	0.2361	0.6025	0.4200
pacbio	39	77	0.2361	0.6338	0.4389
pacbio	39	78	0.2361	0.6673	0.4621
pacbio	39	79	0.2361	0.7033	0.4816
pacbio	39	80	0.2384	0.7434	0.5039
pacbio	39	81	0.2406	0.7867	0.5259
pacbio	39	82	0.2428	0.8338	0.5542
pacbio	39	83	0.2461	0.8842	0.5785
pacbio	39	84	0.2483	0.9399	0.6055
pacbio	39	85	0.2483	1.0019	0.6385
pacbio	39	86	0.2483	1.0708	0.6714
pacbio	39	87	0.2483	1.1493	0.7126
pacbio	39	88	0.2483	1.2421	0.7551
pacbio	39	89	0.2483	1.3492	0.8070
pacbio	39	90	0.2483	1.4749	0.8629
pacbio	39	91	0.2483	1.6265	0.9366
pacbio	39	92	0.2483	1.7988	1.0174
pacbio	39	93	0.2483	2.0183	1.1092
pacbio	39	94	0.2483	2.3031	1.2250
pacbio	39	95	0.2483	2.6856	1.3939
pacbio	39	96	0.2483	3.2460	1.6495
pacbio	39	97	0.2483	4.1306	2.0779
pacbio	39	98	0.2483	5.7464	3.0389
pacbio	39	99	0.2483	9.5969	5.8228
pacbio	40	51	0.0998	0.1261	0.0964
pacbio	40	52	0.1075	0.1389	0.1053
pacbio	40	53	0.1197	0.1517	0.1153
pacbio	40	54	0.1242	0.1650	0.1246
pacbio	40	55	0.1353	0.1784	0.1348
pacbio	40	56	0.1508	0.1923	0.1445
pacbio	40	57	0.1585	0.2063	0.1545
pacbio	40	58	0.1707	0.2208	0.1653
pacbio	40	59	0.1829	0.2355	0.1751
pacbio	40	60	0.1874	0.2509	0.1871
pacbio	40	61	0.1962	0.2668	0.1983
pacbio	40	62	0.2007	0.2830	0.2088
pacbio	40	63	0.2029	0.2996	0.2215
pacbio	40	64	0.2051	0.3173	0.2343
pacbio	40	65	0.2062	0.3351	0.2448
pacbio	40	66	0.2073	0.3535	0.2580
pacbio	40	67	0.2106	0.3732	0.2716
pacbio	40	68	0.2129	0.3932	0.2836
pacbio	40	69	0.2173	0.4136	0.2978
pacbio	40	70	0.2184	0.4351	0.3128
pacbio	40	71	0.2217	0.4579	0.3282
pacbio	40	72	0.2228	0.4819	0.3440
pacbio	40	73	0.2228	0.5072	0.3590
pacbio	40	74	0.2228	0.5337	0.3769
pacbio	40	75	0.2239	0.5617	0.3945
pacbio	40	76	0.2239	0.5919	0.4120
pacbio	40	77	0.2239	0.6231	0.4304
pacbio	40	78	0.2239	0.6566	0.4508
pacbio	40	79	0.2239	0.6926	0.4723
pacbio	40	80	0.2262	0.7327	0.4943
pacbio	40	81	0.2284	0.7761	0.5172
pacbio	40	82	0.2306	0.8231	0.5439
pacbio	40	83	0.2339	0.8735	0.5696
pacbio	40	84	0.2361	0.9292	0.5959
pacbio	40	85	0.2361	0.9912	0.6300
pacbio	40	86	0.2361	1.0601	0.6626
pacbio	40	87	0.2361	1.1387	0.7021
pacbio	40	88	0.2361	1.2314	0.7459
pacbio	40	89	0.2361	1.3386	0.7983
pacbio	40	90	0.2361	1.4642	0.8540
pacbio	40	91	0.2361	1.6158	0.9273
pacbio	40	92	0.2361	1.7882	1.0093
pacbio	40	93	0.2361	2.0076	1.1017
pacbio	40	94	0.2361	2.2924	1.2178
pacbio	40	95	0.2361	2.6749	1.3859
pacbio	40	96	0.2361	3.2353	1.6426
pacbio	40	97	0.2361	4.1199	2.0706
pacbio	40	98	0.2361	5.7357	3.0312
pacbio	40	99	0.2361	9.5862	5.8113
pacbio	41	51	0.0809	0.1154	0.0876
pacbio	41	52	0.0887	0.1281	0.0973
pacbio	41	53	0.1009	0.1410	0.1071
pacbio	41	54	0.1053	0.1542	0.1165
pacbio	41	55	0.1164	0.1676	0.1265
pacbio	41	56	0.1319	0.1815	0.1365
pacbio	41	57	0.1397	0.1956	0.1470
pacbio	41	58	0.1519	0.2100	0.1573
pacbio	41	59	0.1641	0.2247	0.1674
pacbio	41	60	0.1685	0.2401	0.1789
pacbio	41	61	0.1774	0.2560	0.1902
pacbio	41	62	0.1818	0.2722	0.2014
pacbio	41	63	0.1840	0.2889	0.2128
pacbio	41	64	0.1863	0.3065	0.2254
pacbio	41	65	0.1874	0.3244	0.2361
pacbio	41	66	0.1885	0.3427	0.2489
pacbio	41	67	0.1918	0.3625	0.2623
pacbio	41	68	0.1940	0.3825	0.2756
pacbio	41	69	0.1984	0.4028	0.2894
pacbio	41	70	0.1996	0.4243	0.3044
pacbio	41	71	0.2029	0.4472	0.3201
pacbio	41	72	0.2040	0.4711	0.3359
pacbio	41	73	0.2040	0.4964	0.3512
pacbio	41	74	0.2040	0.5229	0.3678
pacbio	41	75	0.2051	0.5509	0.3844
pacbio	41	76	0.2051	0.5811	0.4025
pacbio	41	77	0.2051	0.6123	0.4212
pacbio	41	78	0.2051	0.6459	0.4419
pacbio	41	79	0.2051	0.6818	0.4635
pacbio	41	80	0.2073	0.7220	0.4845
pacbio	41	81	0.2095	0.7653	0.5069
pacbio	41	82	0.2118	0.8123	0.5336
pacbio	41	83	0.2151	0.8627	0.5602
pacbio	41	84	0.2173	0.9184	0.5888
pacbio	41	85	0.2173	0.9804	0.6203
pacbio	41	86	0.2173	1.0494	0.6522
pacbio	41	87	0.2173	1.1279	0.6944
pacbio	41	88	0.2173	1.2206	0.7382
pacbio	41	89	0.2173	1.3278	0.7890
pacbio	41	90	0.2173	1.4534	0.8470
pacbio	41	91	0.2173	1.6050	0.9203
pacbio	41	92	0.2173	1.7774	1.0024
pacbio	41	93	0.2173	1.9968	1.0935
pacbio	41	94	0.2173	2.2816	1.2099
pacbio	41	95	0.2173	2.6642	1.3765
pacbio	41	96	0.2173	3.2245	1.6343
pacbio	41	97	0.2173	4.1091	2.0622
pacbio	41	98	0.2173	5.7250	3.0222
pacbio	41	99	0.2173	9.5755	5.8021
pacbio	42	51	0.0687	0.1046	0.0795
pacbio	42	52	0.0765	0.1173	0.0889
pacbio	42	53	0.0887	0.1302	0.0987
pacbio	42	54	0.0931	0.1434	0.1079
pacbio	42	55	0.1042	0.1569	0.1184
pacbio	42	56	0.1197	0.1707	0.1286
pacbio	42	57	0.1275	0.1848	0.1384
pacbio	42	58	0.1397	0.1992	0.1486
pacbio	42	59	0.1519	0.2140	0.1591
pacbio	42	60	0.1563	0.2294	0.1707
pacbio	42	61	0.1652	0.2452	0.1818
pacbio	42	62	0.1696	0.2614	0.1926
pacbio	42	63	0.1718	0.2781	0.2041
pacbio	42	64	0.1741	0.2957	0.2163
pacbio	42	65	0.1752	0.3136	0.2275
pacbio	42	66	0.1763	0.3320	0.2409
pacbio	42	67	0.1796	0.3517	0.2541
pacbio	42	68	0.1818	0.3717	0.2680
pacbio	42	69	0.1863	0.3920	0.2813
pacbio	42	70	0.1874	0.4135	0.2960
pacbio	42	71	0.1907	0.4364	0.3118
pacbio	42	72	0.1918	0.4603	0.3283
pacbio	42	73	0.1918	0.4857	0.3436
pacbio	42	74	0.1918	0.5121	0.3598
pacbio	42	75	0.1929	0.5401	0.3761
pacbio	42	76	0.1929	0.5703	0.3941
pacbio	42	77	0.1929	0.6016	0.4134
pacbio	42	78	0.1929	0.6351	0.4334
pacbio	42	79	0.1929	0.6710	0.4556
pacbio	42	80	0.1951	0.7112	0.4755
pacbio	42	81	0.1973	0.7545	0.4988
pacbio	42	82	0.1996	0.8015	0.5254
pacbio	42	83	0.2029	0.8519	0.5523
pacbio	42	84	0.2051	0.9076	0.5813
pacbio	42	85	0.2051	0.9697	0.6113
pacbio	42	86	0.2051	1.0386	0.6452
pacbio	42	87	0.2051	1.1171	0.6866
pacbio	42	88	0.2051	1.2098	0.7306
pacbio	42	89	0.2051	1.3170	0.7805
pacbio	42	90	0.2051	1.4427	0.8394
pacbio	42	91	0.2051	1.5942	0.9123
pacbio	42	92	0.2051	1.7666	0.9914
pacbio	42	93	0.2051	1.9861	1.0824
pacbio	42	94	0.2051	2.2709	1.2017
pacbio	42	95	0.2051	2.6534	1.3682
pacbio	42	96	0.2051	3.2138	1.6261
pacbio	42	97	0.2051	4.0984	2.0551
pacbio	42	98	0.2051	5.7142	3.0142
pacbio	42	99	0.2051	9.5647	5.7924
pacbio	43	51	0.0543	0.0937	0.0712
pacbio	43	52	0.0621	0.1065	0.0804
pacbio	43	53	0.0743	0.1194	0.0904
pacbio	43	54	0.0787	0.1326	0.0999
pacbio	43	55	0.0898	0.1460	0.1100
pacbio	43	56	0.1053	0.1599	0.1200
pacbio	43	57	0.1131	0.1739	0.1302
pacbio	43	58	0.1253	0.1884	0.1405
pacbio	43	59	0.1375	0.2031	0.1510
pacbio	43	60	0.1419	0.2185	0.1618
pacbio	43	61	0.1508	0.2344	0.1728
pacbio	43	62	0.1552	0.2506	0.1841
pacbio	43	63	0.1574	0.2672	0.1964
pacbio	43	64	0.1596	0.2849	0.2083
pacbio	43	65	0.1608	0.3027	0.2196
pacbio	43	66	0.1619	0.3211	0.2323
pacbio	43	67	0.1652	0.3408	0.2456
pacbio	43	68	0.1674	0.3608	0.2592
pacbio	43	69	0.1718	0.3812	0.2728
pacbio	43	70	0.1729	0.4027	0.2876
pacbio	43	71	0.1763	0.4255	0.3031
pacbio	43	72	0.1774	0.4495	0.3185
pacbio	43	73	0.1774	0.4748	0.3346
pacbio	43	74	0.1774	0.5013	0.3503
pacbio	43	75	0.1785	0.5293	0.3670
pacbio	43	76	0.1785	0.5595	0.3848
pacbio	43	77	0.1785	0.5907	0.4041
pacbio	43	78	0.1785	0.6242	0.4254
pacbio	43	79	0.1785	0.6602	0.4454
pacbio	43	80	0.1807	0.7004	0.4660
pacbio	43	81	0.1829	0.7437	0.4892
pacbio	43	82	0.1851	0.7907	0.5157
pacbio	43	83	0.1885	0.8411	0.5430
pacbio	43	84	0.1907	0.8968	0.5716
pacbio	43	85	0.1907	0.9588	0.6035
pacbio	43	86	0.1907	1.0277	0.6373
pacbio	43	87	0.1907	1.1063	0.6779
pacbio	43	88	0.1907	1.1990	0.7206
pacbio	43	89	0.1907	1.3062	0.7714
pacbio	43	90	0.1907	1.4318	0.8290
pacbio	43	91	0.1907	1.5834	0.9029
pacbio	43	92	0.1907	1.7558	0.9824
pacbio	43	93	0.1907	1.9752	1.0731
pacbio	43	94	0.1907	2.2600	1.1930
pacbio	43	95	0.1907	2.6425	1.3585
pacbio	43	96	0.1907	3.2029	1.6165
pacbio	43	97	0.1907	4.0875	2.0463
pacbio	43	98	0.1907	5.7033	3.0055
pacbio	43	99	0.1907	9.5538	5.7823
pacbio	44	51	0.0466	0.0828	0.0624
pacbio	44	52	0.0543	0.0955	0.0718
pacbio	44	53	0.0665	0.1084	0.0817
pacbio	44	54	0.0710	0.1216	0.0912
pacbio	44	55	0.0820	0.1350	0.1008
pacbio	44	56	0.0976	0.1489	0.1105
pacbio	44	57	0.1053	0.1630	0.1207
pacbio	44	58	0.1175	0.1774	0.1314
pacbio	44	59	0.1297	0.1921	0.1417
pacbio	44	60	0.1341	0.2075	0.1527
pacbio	44	61	0.1430	0.2234	0.1633
pacbio	44	62	0.1475	0.2396	0.1756
pacbio	44	63	0.1497	0.2562	0.1869
pacbio	44	64	0.1519	0.2739	0.1986
pacbio	44	65	0.1530	0.2918	0.2105
pacbio	44	66	0.1541	0.3101	0.2235
pacbio	44	67	0.1574	0.3298	0.2367
pacbio	44	68	0.1596	0.3499	0.2500
pacbio	44	69	0.1641	0.3702	0.2640
pacbio	44	70	0.1652	0.3917	0.2787
pacbio	44	71	0.1685	0.4145	0.2941
pacbio	44	72	0.1696	0.4385	0.3091
pacbio	44	73	0.1696	0.4638	0.3246
pacbio	44	74	0.1696	0.4903	0.3413
pacbio	44	75	0.1707	0.5183	0.3577
pacbio	44	76	0.1707	0.5485	0.3759
pacbio	44	77	0.1707	0.5797	0.3959
pacbio	44	78	0.1707	0.6133	0.4147
pacbio	44	79	0.1707	0.6492	0.4361
pacbio	44	80	0.1729	0.6894	0.4574
pacbio	44	81	0.1752	0.7327	0.4811
pacbio	44	82	0.1774	0.7797	0.5068
pacbio	44	83	0.1807	0.8301	0.5355
pacbio	44	84	0.1829	0.8858	0.5634
pacbio	44	85	0.1829	0.9478	0.5952
pacbio	44	86	0.1829	1.0167	0.6291
pacbio	44	87	0.1829	1.0953	0.6697
pacbio	44	88	0.1829	1.1880	0.7115
pacbio	44	89	0.1829	1.2952	0.7631
pacbio	44	90	0.1829	1.4208	0.8220
pacbio	44	91	0.1829	1.5724	0.8937
pacbio	44	92	0.1829	1.7448	0.9740
pacbio	44	93	0.1829	1.9642	1.0639
pacbio	44	94	0.1829	2.2490	1.1849
pacbio	44	95	0.1829	2.6316	1.3500
pacbio	44	96	0.1829	3.1919	1.6072
pacbio	44	97	0.1829	4.0765	2.0386
pacbio	44	98	0.1829	5.6924	2.9942
pacbio	44	99	0.1829	9.5429	5.7747
pacbio	45	51	0.0377	0.0716	0.0539
pacbio	45	52	0.0455	0.0844	0.0630
pacbio	45	53	0.0576	0.0973	0.0728
pacbio	45	54	0.0621	0.1105	0.0821
pacbio	45	55	0.0732	0.1239	0.0918
pacbio	45	56	0.0887	0.1378	0.1017
pacbio	45	57	0.0965	0.1518	0.1118
pacbio	45	58	0.1086	0.1663	0.1226
pacbio	45	59	0.1208	0.1810	0.1330
pacbio	45	60	0.1253	0.1964	0.1439
pacbio	45	61	0.1341	0.2123	0.1551
pacbio	45	62	0.1386	0.2285	0.1668
pacbio	45	63	0.1408	0.2451	0.1777
pacbio	45	64	0.1430	0.2628	0.1904
pacbio	45	65	0.1441	0.2806	0.2024
pacbio	45	66	0.1452	0.2990	0.2150
pacbio	45	67	0.1486	0.3187	0.2280
pacbio	45	68	0.1508	0.3387	0.2420
pacbio	45	69	0.1552	0.3591	0.2558
pacbio	45	70	0.1563	0.3806	0.2693
pacbio	45	71	0.1596	0.4034	0.2843
pacbio	45	72	0.1608	0.4274	0.2993
pacbio	45	73	0.1608	0.4527	0.3163
pacbio	45	74	0.1608	0.4792	0.3327
pacbio	45	75	0.1619	0.5072	0.3501
pacbio	45	76	0.1619	0.5374	0.3675
pacbio	45	77	0.1619	0.5686	0.3875
pacbio	45	78	0.1619	0.6021	0.4070
pacbio	45	79	0.1619	0.6381	0.4274
pacbio	45	80	0.1641	0.6783	0.4487
pacbio	45	81	0.1663	0.7216	0.4718
pacbio	45	82	0.1685	0.7686	0.4973
pacbio	45	83	0.1718	0.8190	0.5263
pacbio	45	84	0.1741	0.8747	0.5536
pacbio	45	85	0.1741	0.9367	0.5863
pacbio	45	86	0.1741	1.0056	0.6206
pacbio	45	87	0.1741	1.0842	0.6609
pacbio	45	88	0.1741	1.1769	0.7039
pacbio	45	89	0.1741	1.2841	0.7552
pacbio	45	90	0.1741	1.4097	0.8137
pacbio	45	91	0.1741	1.5613	0.8852
pacbio	45	92	0.1741	1.7337	0.9668
pacbio	45	93	0.1741	1.9531	1.0549
pacbio	45	94	0.1741	2.2379	1.1761
pacbio	45	95	0.1741	2.6204	1.3431
pacbio	45	96	0.1741	3.1808	1.5983
pacbio	45	97	0.1741	4.0654	2.0317
pacbio	45	98	0.1741	5.6812	2.9850
pacbio	45	99	0.1741	9.5317	5.7637
pacbio	46	51	0.0322	0.0604	0.0449
pacbio	46	52	0.0399	0.0731	0.0545
pacbio	46	53	0.0521	0.0860	0.0638
pacbio	46	54	0.0565	0.0992	0.0733
pacbio	46	55	0.0676	0.1126	0.0831
pacbio	46	56	0.0831	0.1265	0.0929
pacbio	46	57	0.0909	0.1406	0.1030
pacbio	46	58	0.1031	0.1550	0.1133
pacbio	46	59	0.1153	0.1698	0.1240
pacbio	46	60	0.1197	0.1852	0.1351
pacbio	46	61	0.1286	0.2010	0.1463
pacbio	46	62	0.1330	0.2172	0.1582
pacbio	46	63	0.1353	0.2339	0.1689
pacbio	46	64	0.1375	0.2515	0.1813
pacbio	46	65	0.1386	0.2694	0.1937
pacbio	46	66	0.1397	0.2877	0.2066
pacbio	46	67	0.1430	0.3075	0.2194
pacbio	46	68	0.1452	0.3275	0.2328
pacbio	46	69	0.1497	0.3478	0.2469
pacbio	46	70	0.1508	0.3693	0.2603
pacbio	46	71	0.1541	0.3922	0.2752
pacbio	46	72	0.1552	0.4161	0.2898
pacbio	46	73	0.1552	0.4414	0.3066
pacbio	46	74	0.1552	0.4679	0.3231
pacbio	46	75	0.1563	0.4959	0.3404
pacbio	46	76	0.1563	0.5261	0.3582
pacbio	46	77	0.1563	0.5573	0.3784
pacbio	46	78	0.1563	0.5909	0.3983
pacbio	46	79	0.1563	0.6268	0.4185
pacbio	46	80	0.1585	0.6670	0.4396
pacbio	46	81	0.1608	0.7103	0.4631
pacbio	46	82	0.1630	0.7573	0.4882
pacbio	46	83	0.1663	0.8077	0.5168
pacbio	46	84	0.1685	0.8634	0.5449
pacbio	46	85	0.1685	0.9255	0.5781
pacbio	46	86	0.1685	0.9944	0.6125
pacbio	46	87	0.1685	1.0729	0.6526
pacbio	46	88	0.1685	1.1656	0.6954
pacbio	46	89	0.1685	1.2728	0.7467
pacbio	46	90	0.1685	1.3984	0.8059
pacbio	46	91	0.1685	1.5500	0.8766
pacbio	46	92	0.1685	1.7224	0.9572
pacbio	46	93	0.1685	1.9419	1.0459
pacbio	46	94	0.1685	2.2266	1.1671
pacbio	46	95	0.1685	2.6092	1.3338
pacbio	46	96	0.1685	3.1695	1.5898
pacbio	46	97	0.1685	4.0541	2.0249
pacbio	46	98	0.1685	5.6700	2.9736
pacbio	46	99	0.1685	9.5205	5.7540
pacbio	47	51	0.0277	0.0487	0.0361
pacbio	47	52	0.0355	0.0615	0.0456
pacbio	47	53	0.0477	0.0743	0.0549
pacbio	47	54	0.0521	0.0876	0.0646
pacbio	47	55	0.0632	0.1010	0.0742
pacbio	47	56	0.0787	0.1149	0.0843
pacbio	47	57	0.0865	0.1289	0.0942
pacbio	47	58	0.0987	0.1434	0.1043
pacbio	47	59	0.1109	0.1581	0.1150
pacbio	47	60	0.1153	0.1735	0.1263
pacbio	47	61	0.1242	0.1894	0.1379
pacbio	47	62	0.1286	0.2056	0.1493
pacbio	47	63	0.1308	0.2222	0.1605
pacbio	47	64	0.1330	0.2399	0.1733
pacbio	47	65	0.1341	0.2577	0.1850
pacbio	47	66	0.1353	0.2761	0.1977
pacbio	47	67	0.1386	0.2958	0.2103
pacbio	47	68	0.1408	0.3158	0.2244
pacbio	47	69	0.1452	0.3362	0.2384
pacbio	47	70	0.1463	0.3577	0.2513
pacbio	47	71	0.1497	0.3805	0.2662
pacbio	47	72	0.1508	0.4045	0.2815
pacbio	47	73	0.1508	0.4298	0.2982
pacbio	47	74	0.1508	0.4563	0.3147
pacbio	47	75	0.1519	0.4843	0.3314
pacbio	47	76	0.1519	0.5145	0.3498
pacbio	47	77	0.1519	0.5457	0.3694
pacbio	47	78	0.1519	0.5792	0.3897
pacbio	47	79	0.1519	0.6152	0.4092
pacbio	47	80	0.1541	0.6553	0.4302
pacbio	47	81	0.1563	0.6987	0.4539
pacbio	47	82	0.1585	0.7457	0.4794
pacbio	47	83	0.1619	0.7961	0.5070
pacbio	47	84	0.1641	0.8518	0.5361
pacbio	47	85	0.1641	0.9138	0.5692
pacbio	47	86	0.1641	0.9827	0.6044
pacbio	47	87	0.1641	1.0613	0.6434
pacbio	47	88	0.1641	1.1540	0.6856
pacbio	47	89	0.1641	1.2612	0.7384
pacbio	47	90	0.1641	1.3868	0.7973
pacbio	47	91	0.1641	1.5384	0.8687
pacbio	47	92	0.1641	1.7108	0.9492
pacbio	47	93	0.1641	1.9302	1.0370
pacbio	47	94	0.1641	2.2150	1.1581
pacbio	47	95	0.1641	2.5975	1.3260
pacbio	47	96	0.1641	3.1579	1.5816
pacbio	47	97	0.1641	4.0425	2.0168
pacbio	47	98	0.1641	5.6583	2.9630
pacbio	47	99	0.1641	9.5088	5.7443
pacbio	48	51	0.0200	0.0368	0.0273
pacbio	48	52	0.0277	0.0496	0.0369
pacbio	48	53	0.0399	0.0625	0.0462
pacbio	48	54	0.0443	0.0757	0.0558
pacbio	48	55	0.0554	0.0891	0.0656
pacbio	48	56	0.0710	0.1030	0.0756
pacbio	48	57	0.0787	0.1170	0.0854
pacbio	48	58	0.0909	0.1315	0.0957
pacbio	48	59	0.1031	0.1462	0.1066
pacbio	48	60	0.1075	0.1616	0.1178
pacbio	48	61	0.1164	0.1775	0.1289
pacbio	48	62	0.1208	0.1937	0.1402
pacbio	48	63	0.1231	0.2103	0.1519
pacbio	48	64	0.1253	0.2280	0.1645
pacbio	48	65	0.1264	0.2459	0.1763
pacbio	48	66	0.1275	0.2642	0.1893
pacbio	48	67	0.1308	0.2839	0.2019
pacbio	48	68	0.1330	0.3039	0.2159
pacbio	48	69	0.1375	0.3243	0.2291
pacbio	48	70	0.1386	0.3458	0.2424
pacbio	48	71	0.1419	0.3686	0.2577
pacbio	48	72	0.1430	0.3926	0.2720
pacbio	48	73	0.1430	0.4179	0.2886
pacbio	48	74	0.1430	0.4444	0.3047
pacbio	48	75	0.1441	0.4724	0.3218
pacbio	48	76	0.1441	0.5026	0.3394
pacbio	48	77	0.1441	0.5338	0.3594
pacbio	48	78	0.1441	0.5673	0.3794
pacbio	48	79	0.1441	0.6033	0.4004
pacbio	48	80	0.1463	0.6435	0.4212
pacbio	48	81	0.1486	0.6868	0.4457
pacbio	48	82	0.1508	0.7338	0.4701
pacbio	48	83	0.1541	0.7842	0.4980
pacbio	48	84	0.1563	0.8399	0.5269
pacbio	48	85	0.1563	0.9019	0.5597
pacbio	48	86	0.1563	0.9708	0.5964
pacbio	48	87	0.1563	1.0494	0.6346
pacbio	48	88	0.1563	1.1421	0.6775
pacbio	48	89	0.1563	1.2493	0.7300
pacbio	48	90	0.1563	1.3749	0.7886
pacbio	48	91	0.1563	1.5265	0.8599
pacbio	48	92	0.1563	1.6989	0.9397
pacbio	48	93	0.1563	1.9183	1.0240
pacbio	48	94	0.1563	2.2031	1.1506
pacbio	48	95	0.1563	2.5857	1.3181
pacbio	48	96	0.1563	3.1460	1.5737
pacbio	48	97	0.1563	4.0306	2.0079
pacbio	48	98	0.1563	5.6464	2.9518
pacbio	48	99	0.1563	9.4970	5.7365
pacbio	49	51	0.0144	0.0249	0.0183
pacbio	49	52	0.0222	0.0376	0.0278
pacbio	49	53	0.0344	0.0505	0.0372
pacbio	49	54	0.0388	0.0637	0.0468
pacbio	49	55	0.0499	0.0771	0.0568
pacbio	49	56	0.0654	0.0910	0.0666
pacbio	49	57	0.0732	0.1051	0.0771
pacbio	49	58	0.0854	0.1195	0.0874
pacbio	49	59	0.0976	0.1343	0.0978
pacbio	49	60	0.1020	0.1497	0.1092
pacbio	49	61	0.1109	0.1655	0.1200
pacbio	49	62	0.1153	0.1817	0.1314
pacbio	49	63	0.1175	0.1984	0.1427
pacbio	49	64	0.1197	0.2160	0.1554
pacbio	49	65	0.1208	0.2339	0.1669
pacbio	49	66	0.1220	0.2522	0.1802
pacbio	49	67	0.1253	0.2720	0.1934
pacbio	49	68	0.1275	0.2920	0.2070
pacbio	49	69	0.1319	0.3123	0.2206
pacbio	49	70	0.1330	0.3338	0.2342
pacbio	49	71	0.1364	0.3567	0.2492
pacbio	49	72	0.1375	0.3806	0.2635
pacbio	49	73	0.1375	0.4059	0.2798
pacbio	49	74	0.1375	0.4324	0.2960
pacbio	49	75	0.1386	0.4604	0.3142
pacbio	49	76	0.1386	0.4906	0.3305
pacbio	49	77	0.1386	0.5218	0.3511
pacbio	49	78	0.1386	0.5554	0.3703
pacbio	49	79	0.1386	0.5913	0.3915
pacbio	49	80	0.1408	0.6315	0.4137
pacbio	49	81	0.1430	0.6748	0.4384
pacbio	49	82	0.1452	0.7218	0.4616
pacbio	49	83	0.1486	0.7722	0.4899
pacbio	49	84	0.1508	0.8279	0.5193
pacbio	49	85	0.1508	0.8900	0.5521
pacbio	49	86	0.1508	0.9589	0.5875
pacbio	49	87	0.1508	1.0374	0.6255
pacbio	49	88	0.1508	1.1301	0.6678
pacbio	49	89	0.1508	1.2373	0.7217
pacbio	49	90	0.1508	1.3630	0.7792
pacbio	49	91	0.1508	1.5145	0.8494
pacbio	49	92	0.1508	1.6869	0.9301
pacbio	49	93	0.1508	1.9064	1.0136
pacbio	49	94	0.1508	2.1911	1.1400
pacbio	49	95	0.1508	2.5737	1.3112
pacbio	49	96	0.1508	3.1340	1.5661
pacbio	49	97	0.1508	4.0186	1.9990
pacbio	49	98	0.1508	5.6345	2.9387
pacbio	49	99	0.1508	9.4850	5.7299
