accession	platform	truth_bp	regime	nth	pool_reads	split	mode	seed	target_reads_requested	query_reads_requested	target_reads_used	query_reads_used	avg_target_len	avg_query_len	estimate_bp	estimate_over_truth	iqr_low_bp	iqr_high_bp	expected_overlaps_per_query	normalization_engaged	skew_score	profile_median_depth	retained_reads	total_reads	queries_without_overlaps_pct	small_pool_warning	elapsed	max_rss_kb	exit_status	run_dir
DRR213976	OXFORD_NANOPORE	3927137	starved	8	7087	legacy	auto	7	2087	5000	1634	3912	17697.52	17244.658	921628	0.2347	222110	2540000	14.46	yes	29.00	4	5546	7087	0.05	yes	0:15.27	604204	0	starved/DRR213976/legacy.auto.s7
DRR213976	OXFORD_NANOPORE	3927137	starved	8	7087	legacy	auto	42	2087	5000	1619	3876	17064.943	17671.676	871070	0.2218	225100	2510000	14.24	yes	31.00	4	5495	7087	0.03	yes	0:16.10	507072	0	starved/DRR213976/legacy.auto.s42
DRR213976	OXFORD_NANOPORE	3927137	starved	8	7087	legacy	auto	4556	2087	5000	1621	3882	17081.676	17518.982	907820	0.2312	243870	2560000	14.20	yes	33.00	4	5503	7087	0.05	yes	0:14.06	504100	0	starved/DRR213976/legacy.auto.s4556
DRR213976	OXFORD_NANOPORE	3927137	starved	8	7087	legacy	never	7	2087	5000	2087	5000	17168.803	17509.076	614430	0.1565	201610	1730000	18.32	no	NA	NA	NA	7087	0.04	no	0:51.85	775528	0	starved/DRR213976/legacy.never.s7
DRR213976	OXFORD_NANOPORE	3927137	starved	8	7087	legacy	never	42	2087	5000	2087	5000	17696.441	17288.838	637966	0.1625	199550	1700000	18.49	no	NA	NA	NA	7087	0.02	no	0:27.44	896564	0	starved/DRR213976/legacy.never.s42
DRR213976	OXFORD_NANOPORE	3927137	starved	8	7087	legacy	never	4556	2087	5000	2087	5000	17436.225	17397.455	609629	0.1552	194350	1710000	18.41	no	NA	NA	NA	7087	0.02	no	0:27.98	784464	0	starved/DRR213976/legacy.never.s4556
DRR213976	OXFORD_NANOPORE	3927137	starved	8	7087	1to1	auto	7	3543	3544	2773	2773	17614.621	17141.547	1280114	0.3260	341920	3070000	24.40	yes	29.00	4	5546	7087	0.04	yes	0:15.37	840492	0	starved/DRR213976/1to1.auto.s7
DRR213976	OXFORD_NANOPORE	3927137	starved	8	7087	1to1	auto	42	3543	3544	2748	2747	17169.385	17816.56	1295215	0.3298	358920	2890000	24.34	yes	31.00	4	5495	7087	0.04	yes	0:14.21	779040	0	starved/DRR213976/1to1.auto.s42
DRR213976	OXFORD_NANOPORE	3927137	starved	8	7087	1to1	auto	4556	3543	3544	2752	2751	17271.781	17508.594	1287030	0.3277	334410	3050000	24.23	yes	33.00	4	5503	7087	0.0	yes	0:14.37	807920	0	starved/DRR213976/1to1.auto.s4556
DRR213976	OXFORD_NANOPORE	3927137	starved	8	7087	1to1	never	7	3543	3544	3543	3544	16974.674	17842.945	728333	0.1855	261690	2300000	31.23	no	NA	NA	NA	7087	0.03	no	0:27.04	1243952	0	starved/DRR213976/1to1.never.s7
DRR213976	OXFORD_NANOPORE	3927137	starved	8	7087	1to1	never	42	3543	3544	3543	3544	17525.85	17291.924	791762	0.2016	277860	2300000	31.23	no	NA	NA	NA	7087	0.03	no	0:27.27	1267640	0	starved/DRR213976/1to1.never.s42
DRR213976	OXFORD_NANOPORE	3927137	starved	8	7087	1to1	never	4556	3543	3544	3543	3544	17388.63	17429.105	790547	0.2013	265490	2550000	31.23	no	NA	NA	NA	7087	0.03	no	0:26.72	1199956	0	starved/DRR213976/1to1.never.s4556
DRR213976	OXFORD_NANOPORE	3927137	starved	8	7087	2to1	auto	7	4724	2363	3697	1849	17475.133	17184.037	1612693	0.4107	423740	3230000	32.44	yes	29.00	4	5546	7087	0.0	yes	0:12.61	1011400	0	starved/DRR213976/2to1.auto.s7
DRR213976	OXFORD_NANOPORE	3927137	starved	8	7087	2to1	auto	42	4724	2363	3663	1832	17305.969	17866.703	1788452	0.4554	428690	3260000	32.62	yes	31.00	4	5495	7087	0.05	yes	0:13.50	1011928	0	starved/DRR213976/2to1.auto.s42
DRR213976	OXFORD_NANOPORE	3927137	starved	8	7087	2to1	auto	4556	4724	2363	3669	1834	17178.057	17814.498	1659816	0.4227	420020	3230000	32.51	yes	33.00	4	5503	7087	0.0	yes	0:12.88	1037664	0	starved/DRR213976/2to1.auto.s4556
DRR213976	OXFORD_NANOPORE	3927137	starved	8	7087	2to1	never	7	4724	2363	4724	2363	17240.146	17746.178	886521	0.2257	325350	2780000	41.85	no	NA	NA	NA	7087	0.04	no	0:22.89	1393308	0	starved/DRR213976/2to1.never.s7
DRR213976	OXFORD_NANOPORE	3927137	starved	8	7087	2to1	never	42	4724	2363	4724	2363	17560.596	17105.547	1054098	0.2684	329380	3180000	41.46	no	NA	NA	NA	7087	0.04	no	0:24.63	1483404	0	starved/DRR213976/2to1.never.s42
DRR213976	OXFORD_NANOPORE	3927137	starved	8	7087	2to1	never	4556	4724	2363	4724	2363	17397.305	17431.994	1071740	0.2729	336380	3070000	41.66	no	NA	NA	NA	7087	0.04	no	0:22.71	1338468	0	starved/DRR213976/2to1.never.s4556
DRR213976	OXFORD_NANOPORE	3927137	starved	8	7087	4to1	auto	7	5669	1418	4437	1109	17485.947	16946.535	1991691	0.5072	461800	3350000	38.68	yes	29.00	4	5546	7087	0.0	yes	0:10.26	1112588	0	starved/DRR213976/4to1.auto.s7
DRR213976	OXFORD_NANOPORE	3927137	starved	8	7087	4to1	auto	42	5669	1418	4396	1099	17389.234	17907.629	2225680	0.5667	465810	3530000	39.29	yes	31.00	4	5495	7087	0.09	yes	0:12.73	1168368	0	starved/DRR213976/4to1.auto.s42
DRR213976	OXFORD_NANOPORE	3927137	starved	8	7087	4to1	auto	4556	5669	1418	4402	1101	17361.26	17505.736	2023552	0.5153	465300	3440000	38.86	yes	33.00	4	5503	7087	0.0	yes	0:10.52	1196052	0	starved/DRR213976/4to1.auto.s4556
DRR213976	OXFORD_NANOPORE	3927137	starved	8	7087	4to1	never	7	5669	1418	5669	1418	17407.152	17415.744	1295306	0.3298	372220	3300000	49.98	no	NA	NA	NA	7087	0.07	no	0:16.37	1706704	0	starved/DRR213976/4to1.never.s7
DRR213976	OXFORD_NANOPORE	3927137	starved	8	7087	4to1	never	42	5669	1418	5669	1418	17491.836	17077.19	1382218	0.3520	358200	3460000	49.61	no	NA	NA	NA	7087	0.07	no	0:16.34	1744656	0	starved/DRR213976/4to1.never.s42
DRR213976	OXFORD_NANOPORE	3927137	starved	8	7087	4to1	never	4556	5669	1418	5669	1418	17423.85	17348.988	1511864	0.3850	377780	3550000	49.91	no	NA	NA	NA	7087	0.07	no	0:16.51	1678820	0	starved/DRR213976/4to1.never.s4556
DRR213976	OXFORD_NANOPORE	3927137	starved	8	7087	8to1	auto	7	6299	788	4930	616	17471.16	16633.17	2153926	0.5485	483300	3380000	42.56	yes	29.00	4	5546	7087	0.0	yes	0:07.97	1274488	0	starved/DRR213976/8to1.auto.s7
DRR213976	OXFORD_NANOPORE	3927137	starved	8	7087	8to1	auto	42	6299	788	4885	610	17396.533	18264.752	2666708	0.6790	481550	3570000	44.11	yes	31.00	4	5495	7087	0.16	yes	0:08.20	1305852	0	starved/DRR213976/8to1.auto.s42
DRR213976	OXFORD_NANOPORE	3927137	starved	8	7087	8to1	auto	4556	6299	788	4892	611	17477.291	16692.592	2423122	0.6170	474480	3520000	42.32	yes	33.00	4	5503	7087	0.0	yes	0:08.00	1347296	0	starved/DRR213976/8to1.auto.s4556
DRR213976	OXFORD_NANOPORE	3927137	starved	8	7087	8to1	never	7	6299	788	6299	788	17375.582	17674.969	1435360	0.3655	384630	3430000	55.90	no	NA	NA	NA	7087	0.0	no	0:11.50	1823760	0	starved/DRR213976/8to1.never.s7
DRR213976	OXFORD_NANOPORE	3927137	starved	8	7087	8to1	never	42	6299	788	6299	788	17505.566	16635.92	1525192	0.3884	377270	3600000	54.44	no	NA	NA	NA	7087	0.13	no	0:11.65	1936480	0	starved/DRR213976/8to1.never.s42
DRR213976	OXFORD_NANOPORE	3927137	starved	8	7087	8to1	never	4556	6299	788	6299	788	17390.324	17557.133	1418870	0.3613	397880	3450000	55.74	no	NA	NA	NA	7087	0.13	no	0:12.07	1944936	0	starved/DRR213976/8to1.never.s4556
DRR213976	OXFORD_NANOPORE	3927137	marginal	4	14174	legacy	auto	7	9174	5000	6626	3611	17413.79	17531.29	2528508	0.6439	504520	3590000	58.62	yes	34.00	7	10237	14174	0.03	yes	0:30.97	1939840	0	marginal/DRR213976/legacy.auto.s7
DRR213976	OXFORD_NANOPORE	3927137	marginal	4	14174	legacy	auto	42	9174	5000	7058	3846	17626.643	17647.041	2394187	0.6097	515170	3620000	63.04	yes	26.00	8	10904	14174	0.03	yes	0:35.21	2042536	0	marginal/DRR213976/legacy.auto.s42
DRR213976	OXFORD_NANOPORE	3927137	marginal	4	14174	legacy	auto	4556	9174	5000	6628	3612	17759.828	17300.084	2380494	0.6062	526750	3540000	58.84	yes	26.00	7	10240	14174	0.03	yes	0:31.25	1904100	0	marginal/DRR213976/legacy.auto.s4556
DRR213976	OXFORD_NANOPORE	3927137	marginal	4	14174	legacy	never	7	9174	5000	9174	5000	17492.342	17654.293	1562263	0.3978	404430	3610000	81.64	no	NA	NA	NA	14174	0.0	no	1:10.74	2884200	0	marginal/DRR213976/legacy.never.s7
DRR213976	OXFORD_NANOPORE	3927137	marginal	4	14174	legacy	never	42	9174	5000	9174	5000	17595.441	17465.127	1626871	0.4143	404710	3710000	81.44	no	NA	NA	NA	14174	0.02	no	1:09.92	2809648	0	marginal/DRR213976/legacy.never.s42
DRR213976	OXFORD_NANOPORE	3927137	marginal	4	14174	legacy	never	4556	9174	5000	9174	5000	17505.025	17631.021	1563089	0.3980	398900	3610000	81.61	no	NA	NA	NA	14174	0.04	no	1:10.30	3156620	0	marginal/DRR213976/legacy.never.s4556
DRR213976	OXFORD_NANOPORE	3927137	marginal	4	14174	1to1	auto	7	7087	7087	5119	5118	17306.373	17604.127	2178143	0.5546	465860	3500000	45.25	yes	34.00	7	10237	14174	0.02	yes	0:34.50	1496976	0	marginal/DRR213976/1to1.auto.s7
DRR213976	OXFORD_NANOPORE	3927137	marginal	4	14174	1to1	auto	42	7087	7087	5452	5452	17668.121	17599.553	2108768	0.5370	468960	3510000	48.69	yes	26.00	8	10904	14174	0.04	yes	0:40.41	1585768	0	marginal/DRR213976/1to1.auto.s42
DRR213976	OXFORD_NANOPORE	3927137	marginal	4	14174	1to1	auto	4556	7087	7087	5120	5120	17733.387	17461.934	2214920	0.5640	494310	3460000	45.63	yes	26.00	7	10240	14174	0.02	yes	0:35.38	1550444	0	marginal/DRR213976/1to1.auto.s4556
DRR213976	OXFORD_NANOPORE	3927137	marginal	4	14174	1to1	never	7	7087	7087	7087	7087	17730.271	17368.672	1412626	0.3597	388030	3430000	62.98	no	NA	NA	NA	14174	0.01	no	1:21.37	2627308	0	marginal/DRR213976/1to1.never.s7
DRR213976	OXFORD_NANOPORE	3927137	marginal	4	14174	1to1	never	42	7087	7087	7087	7087	17679.885	17419.059	1433574	0.3650	376010	3510000	62.98	no	NA	NA	NA	14174	0.01	no	1:21.90	2471772	0	marginal/DRR213976/1to1.never.s42
DRR213976	OXFORD_NANOPORE	3927137	marginal	4	14174	1to1	never	4556	7087	7087	7087	7087	17407.924	17691.02	1442139	0.3672	366060	3520000	62.98	no	NA	NA	NA	14174	0.04	no	1:22.56	2891824	0	marginal/DRR213976/1to1.never.s4556
DRR213976	OXFORD_NANOPORE	3927137	marginal	4	14174	2to1	auto	7	9449	4725	6825	3412	17423.33	17519.057	2624013	0.6682	515270	3600000	60.38	yes	34.00	7	10237	14174	0.03	yes	0:30.41	1992476	0	marginal/DRR213976/2to1.auto.s7
DRR213976	OXFORD_NANOPORE	3927137	marginal	4	14174	2to1	auto	42	9449	4725	7270	3634	17669.072	17563.346	2453828	0.6248	525770	3630000	64.85	yes	26.00	8	10904	14174	0.03	yes	0:36.15	1894800	0	marginal/DRR213976/2to1.auto.s42
DRR213976	OXFORD_NANOPORE	3927137	marginal	4	14174	2to1	auto	4556	9449	4725	6827	3413	17722.916	17347.113	2310526	0.5883	528870	3540000	60.62	yes	26.00	7	10240	14174	0.03	yes	0:31.25	1955260	0	marginal/DRR213976/2to1.auto.s4556
DRR213976	OXFORD_NANOPORE	3927137	marginal	4	14174	2to1	never	7	9449	4725	9449	4725	17475.307	17697.787	1568263	0.3993	408670	3620000	84.15	no	NA	NA	NA	14174	0.0	no	2:03.38	2935704	0	marginal/DRR213976/2to1.never.s7
DRR213976	OXFORD_NANOPORE	3927137	marginal	4	14174	2to1	never	42	9449	4725	9449	4725	17594.148	17460.129	1647895	0.4196	407750	3700000	83.86	no	NA	NA	NA	14174	0.02	no	1:21.85	2727868	0	marginal/DRR213976/2to1.never.s42
DRR213976	OXFORD_NANOPORE	3927137	marginal	4	14174	2to1	never	4556	9449	4725	9449	4725	17544.746	17558.924	1626397	0.4141	404570	3650000	83.98	no	NA	NA	NA	14174	0.04	no	1:09.55	2802208	0	marginal/DRR213976/2to1.never.s4556
DRR213976	OXFORD_NANOPORE	3927137	marginal	4	14174	4to1	auto	7	11339	2835	8190	2047	17519.754	17197.105	2920191	0.7436	564740	3670000	71.99	yes	34.00	7	10237	14174	0.0	yes	0:23.24	2147676	0	marginal/DRR213976/4to1.auto.s7
DRR213976	OXFORD_NANOPORE	3927137	marginal	4	14174	4to1	auto	42	11339	2835	8724	2180	17687.697	17418.295	2852047	0.7262	574060	3690000	77.54	yes	26.00	8	10904	14174	0.0	yes	0:26.56	2215076	0	marginal/DRR213976/4to1.auto.s42
DRR213976	OXFORD_NANOPORE	3927137	marginal	4	14174	4to1	auto	4556	11339	2835	8192	2048	17698.06	17196.057	2352068	0.5989	549680	3580000	72.37	yes	26.00	7	10240	14174	0.05	yes	0:23.17	2132820	0	marginal/DRR213976/4to1.auto.s4556
DRR213976	OXFORD_NANOPORE	3927137	marginal	4	14174	4to1	never	7	11339	2835	11339	2835	17491.451	17781.53	1686133	0.4294	418470	3700000	101.27	no	NA	NA	NA	14174	0.0	no	0:51.71	3173260	0	marginal/DRR213976/4to1.never.s7
DRR213976	OXFORD_NANOPORE	3927137	marginal	4	14174	4to1	never	42	11339	2835	11339	2835	17606.082	17323.05	1713352	0.4363	425720	3760000	100.28	no	NA	NA	NA	14174	0.04	no	1:16.61	3060908	0	marginal/DRR213976/4to1.never.s42
DRR213976	OXFORD_NANOPORE	3927137	marginal	4	14174	4to1	never	4556	11339	2835	11339	2835	17508.893	17711.768	1641984	0.4181	422200	3690000	101.12	no	NA	NA	NA	14174	0.07	no	0:50.04	3079524	0	marginal/DRR213976/4to1.never.s4556
DRR213976	OXFORD_NANOPORE	3927137	marginal	4	14174	8to1	auto	7	12599	1575	9100	1137	17466.15	17367.887	2844554	0.7243	585580	3690000	80.26	yes	34.00	7	10237	14174	0.0	yes	0:17.07	2211308	0	marginal/DRR213976/8to1.auto.s7
DRR213976	OXFORD_NANOPORE	3927137	marginal	4	14174	8to1	auto	42	12599	1575	9693	1211	17661.71	17410.729	3057767	0.7786	604700	3680000	86.07	yes	26.00	8	10904	14174	0.0	yes	0:17.95	2250300	0	marginal/DRR213976/8to1.auto.s42
DRR213976	OXFORD_NANOPORE	3927137	marginal	4	14174	8to1	auto	4556	12599	1575	9103	1137	17715.188	16656.734	2319322	0.5906	566910	3580000	79.21	yes	26.00	7	10240	14174	0.0	yes	0:16.46	2161308	0	marginal/DRR213976/8to1.auto.s4556
DRR213976	OXFORD_NANOPORE	3927137	marginal	4	14174	8to1	never	7	12599	1575	12599	1575	17567.637	17404.166	1816715	0.4626	424250	3750000	111.56	no	NA	NA	NA	14174	0.0	no	0:31.77	4005140	0	marginal/DRR213976/8to1.never.s7
DRR213976	OXFORD_NANOPORE	3927137	marginal	4	14174	8to1	never	42	12599	1575	12599	1575	17579.158	17311.99	1802210	0.4589	443070	3800000	111.30	no	NA	NA	NA	14174	0.06	no	0:30.36	3666348	0	marginal/DRR213976/8to1.never.s42
DRR213976	OXFORD_NANOPORE	3927137	marginal	4	14174	8to1	never	4556	12599	1575	12599	1575	17510.672	17859.85	1748122	0.4451	439370	3760000	112.84	no	NA	NA	NA	14174	0.06	no	0:31.76	3776460	0	marginal/DRR213976/8to1.never.s4556
DRR213976	OXFORD_NANOPORE	3927137	comfortable	1	56694	legacy	auto	7	10000	5000	10000	5000	17472.588	17941.988	2769463	0.7052	579130	3580000	89.67	yes	23.00	27	39710	56694	0.04	no	2:13.77	2758692	0	comfortable/DRR213976/legacy.auto.s7
DRR213976	OXFORD_NANOPORE	3927137	comfortable	1	56694	legacy	auto	42	10000	5000	10000	5000	17688.482	17632.996	2827598	0.7200	611050	3670000	89.44	yes	30.00	26	38886	56694	0.02	no	0:42.27	2866668	0	comfortable/DRR213976/legacy.auto.s42
DRR213976	OXFORD_NANOPORE	3927137	comfortable	1	56694	legacy	auto	4556	10000	5000	10000	5000	17585.56	17712.031	2828479	0.7202	612950	3680000	89.37	yes	33.00	27	39586	56694	0.0	no	0:42.76	2973508	0	comfortable/DRR213976/legacy.auto.s4556
DRR213976	OXFORD_NANOPORE	3927137	comfortable	1	56694	legacy	never	7	10000	5000	10000	5000	17411.584	17667.195	1900864	0.4840	429380	3780000	88.82	no	NA	NA	NA	56694	0.0	no	0:48.89	3680064	0	comfortable/DRR213976/legacy.never.s7
DRR213976	OXFORD_NANOPORE	3927137	comfortable	1	56694	legacy	never	42	10000	5000	10000	5000	17672.621	17613.885	1578475	0.4019	418950	3670000	89.35	no	NA	NA	NA	56694	0.02	no	0:50.45	4087080	0	comfortable/DRR213976/legacy.never.s42
DRR213976	OXFORD_NANOPORE	3927137	comfortable	1	56694	legacy	never	4556	10000	5000	10000	5000	17599.54	17699.809	1624917	0.4138	429980	3600000	89.38	no	NA	NA	NA	56694	0.04	no	0:49.82	3799604	0	comfortable/DRR213976/legacy.never.s4556
DRR213976	OXFORD_NANOPORE	3927137	comfortable	1	56694	1to1	auto	7	7500	7500	7500	7500	17448.652	17809.459	2471101	0.6292	510880	3520000	66.96	yes	23.00	27	39710	56694	0.05	no	1:17.96	2481340	0	comfortable/DRR213976/1to1.auto.s7
DRR213976	OXFORD_NANOPORE	3927137	comfortable	1	56694	1to1	auto	42	7500	7500	7500	7500	17724.055	17615.918	2625270	0.6685	536920	3540000	67.11	yes	30.00	26	38886	56694	0.04	no	1:18.28	2500760	0	comfortable/DRR213976/1to1.auto.s42
DRR213976	OXFORD_NANOPORE	3927137	comfortable	1	56694	1to1	auto	4556	7500	7500	7500	7500	17700.639	17554.795	2599817	0.6620	525530	3640000	66.95	yes	33.00	27	39586	56694	0.01	no	0:46.73	2576720	0	comfortable/DRR213976/1to1.auto.s4556
DRR213976	OXFORD_NANOPORE	3927137	comfortable	1	56694	1to1	never	7	7500	7500	7500	7500	17445.025	17548.55	1612408	0.4106	399660	3570000	66.45	no	NA	NA	NA	56694	0.01	no	0:55.20	3502692	0	comfortable/DRR213976/1to1.never.s7
DRR213976	OXFORD_NANOPORE	3927137	comfortable	1	56694	1to1	never	42	7500	7500	7500	7500	17531.219	17774.865	1428308	0.3637	393000	3520000	67.05	no	NA	NA	NA	56694	0.01	no	0:55.82	3694660	0	comfortable/DRR213976/1to1.never.s42
DRR213976	OXFORD_NANOPORE	3927137	comfortable	1	56694	1to1	never	4556	7500	7500	7500	7500	17452.514	17813.41	1453729	0.3702	396440	3450000	66.97	no	NA	NA	NA	56694	0.03	no	0:57.56	3323188	0	comfortable/DRR213976/1to1.never.s4556
DRR213976	OXFORD_NANOPORE	3927137	comfortable	1	56694	2to1	auto	7	10000	5000	10000	5000	17472.588	17941.988	2769463	0.7052	579130	3580000	89.67	yes	23.00	27	39710	56694	0.04	no	0:50.29	2816732	0	comfortable/DRR213976/2to1.auto.s7
DRR213976	OXFORD_NANOPORE	3927137	comfortable	1	56694	2to1	auto	42	10000	5000	10000	5000	17688.482	17632.996	2827598	0.7200	611050	3670000	89.44	yes	30.00	26	38886	56694	0.02	no	0:44.19	2859448	0	comfortable/DRR213976/2to1.auto.s42
DRR213976	OXFORD_NANOPORE	3927137	comfortable	1	56694	2to1	auto	4556	10000	5000	10000	5000	17585.56	17712.031	2828479	0.7202	612950	3680000	89.37	yes	33.00	27	39586	56694	0.0	no	0:43.07	2949508	0	comfortable/DRR213976/2to1.auto.s4556
DRR213976	OXFORD_NANOPORE	3927137	comfortable	1	56694	2to1	never	7	10000	5000	10000	5000	17411.584	17667.195	1900864	0.4840	429380	3780000	88.82	no	NA	NA	NA	56694	0.0	no	0:48.61	3781036	0	comfortable/DRR213976/2to1.never.s7
DRR213976	OXFORD_NANOPORE	3927137	comfortable	1	56694	2to1	never	42	10000	5000	10000	5000	17672.621	17613.885	1578475	0.4019	418950	3670000	89.35	no	NA	NA	NA	56694	0.02	no	1:24.40	4192544	0	comfortable/DRR213976/2to1.never.s42
DRR213976	OXFORD_NANOPORE	3927137	comfortable	1	56694	2to1	never	4556	10000	5000	10000	5000	17599.54	17699.809	1624917	0.4138	429980	3600000	89.38	no	NA	NA	NA	56694	0.04	no	0:48.04	3673632	0	comfortable/DRR213976/2to1.never.s4556
DRR213976	OXFORD_NANOPORE	3927137	comfortable	1	56694	4to1	auto	7	12000	3000	12000	3000	17649.861	17545.834	3149202	0.8019	633900	3660000	106.94	yes	23.00	27	39710	56694	0.03	no	0:54.51	3705144	0	comfortable/DRR213976/4to1.auto.s7
DRR213976	OXFORD_NANOPORE	3927137	comfortable	1	56694	4to1	auto	42	12000	3000	12000	3000	17635.176	17809.225	3003100	0.7647	666040	3710000	107.70	yes	30.00	26	38886	56694	0.0	no	0:42.03	3813748	0	comfortable/DRR213976/4to1.auto.s42
DRR213976	OXFORD_NANOPORE	3927137	comfortable	1	56694	4to1	auto	4556	12000	3000	12000	3000	17656.002	17514.574	3014084	0.7675	660680	3730000	106.86	yes	33.00	27	39586	56694	0.0	no	0:37.51	3893752	0	comfortable/DRR213976/4to1.auto.s4556
DRR213976	OXFORD_NANOPORE	3927137	comfortable	1	56694	4to1	never	7	12000	3000	12000	3000	17482.578	17553.625	2058839	0.5243	455350	3840000	106.45	no	NA	NA	NA	56694	0.0	no	0:43.77	4100596	0	comfortable/DRR213976/4to1.never.s7
DRR213976	OXFORD_NANOPORE	3927137	comfortable	1	56694	4to1	never	42	12000	3000	12000	3000	17602.465	17855.355	1589429	0.4047	444470	3710000	107.74	no	NA	NA	NA	56694	0.03	no	0:40.17	4775468	0	comfortable/DRR213976/4to1.never.s42
DRR213976	OXFORD_NANOPORE	3927137	comfortable	1	56694	4to1	never	4556	12000	3000	12000	3000	17641.543	17598.639	1634601	0.4162	440780	3700000	107.07	no	NA	NA	NA	56694	0.07	no	0:44.90	4179112	0	comfortable/DRR213976/4to1.never.s4556
DRR213976	OXFORD_NANOPORE	3927137	comfortable	1	56694	8to1	auto	7	13333	1667	13333	1667	17648.496	17473.574	3224807	0.8212	681940	3700000	118.57	yes	23.00	27	39710	56694	0.06	no	0:35.37	3906152	0	comfortable/DRR213976/8to1.auto.s7
DRR213976	OXFORD_NANOPORE	3927137	comfortable	1	56694	8to1	auto	42	13333	1667	13333	1667	17667.15	17692.658	3028683	0.7712	690160	3720000	119.37	yes	30.00	26	38886	56694	0.0	no	0:29.46	4031336	0	comfortable/DRR213976/8to1.auto.s42
DRR213976	OXFORD_NANOPORE	3927137	comfortable	1	56694	8to1	auto	4556	13333	1667	13333	1667	17628.22	17623.686	3145828	0.8010	704660	3790000	119.01	yes	33.00	27	39586	56694	0.0	no	0:30.76	4191272	0	comfortable/DRR213976/8to1.auto.s4556
DRR213976	OXFORD_NANOPORE	3927137	comfortable	1	56694	8to1	never	7	13333	1667	13333	1667	17536.404	17179.928	2132323	0.5430	476210	3870000	117.19	no	NA	NA	NA	56694	0.0	no	0:27.65	4611248	0	comfortable/DRR213976/8to1.never.s7
DRR213976	OXFORD_NANOPORE	3927137	comfortable	1	56694	8to1	never	42	13333	1667	13333	1667	17620.063	17916.816	1755172	0.4469	462080	3780000	119.98	no	NA	NA	NA	56694	0.06	no	0:36.39	5183004	0	comfortable/DRR213976/8to1.never.s42
DRR213976	OXFORD_NANOPORE	3927137	comfortable	1	56694	8to1	never	4556	13333	1667	13333	1667	17658.738	17426.797	1693905	0.4313	462860	3750000	118.44	no	NA	NA	NA	56694	0.06	no	0:30.73	4802648	0	comfortable/DRR213976/8to1.never.s4556
DRR213976	OXFORD_NANOPORE	3927137	comfortable	1	56694	more4to1	auto	7	20000	5000	20000	5000	17607.596	17848.422	3341446	0.8509	857960	3810000	179.56	yes	23.00	27	39620	56694	0.0	no	1:10.52	5692984	0	comfortable/DRR213976/more4to1.auto.s7
DRR213976	OXFORD_NANOPORE	3927137	comfortable	1	56694	more4to1	auto	42	20000	5000	20000	5000	17683.824	17590.846	3304218	0.8414	876640	3750000	178.63	yes	30.00	26	38852	56694	0.02	no	1:06.24	5397408	0	comfortable/DRR213976/more4to1.auto.s42
DRR213976	OXFORD_NANOPORE	3927137	comfortable	1	56694	more4to1	auto	4556	20000	5000	20000	5000	17519.156	17060.51	3411150	0.8686	848120	3810000	175.09	yes	33.00	27	39671	56694	0.02	no	0:59.54	5294784	0	comfortable/DRR213976/more4to1.auto.s4556
DRR213976	OXFORD_NANOPORE	3927137	comfortable	1	56694	more4to1	never	7	20000	5000	20000	5000	17590.107	17667.195	2417764	0.6157	540140	4030000	178.54	no	NA	NA	NA	56694	0.0	no	1:39.99	6759340	0	comfortable/DRR213976/more4to1.never.s7
DRR213976	OXFORD_NANOPORE	3927137	comfortable	1	56694	more4to1	never	42	20000	5000	20000	5000	17670.262	17613.885	2044163	0.5205	543490	3920000	178.68	no	NA	NA	NA	56694	0.02	no	1:13.98	7327996	0	comfortable/DRR213976/more4to1.never.s42
DRR213976	OXFORD_NANOPORE	3927137	comfortable	1	56694	more4to1	never	4556	20000	5000	20000	5000	17584.684	17699.809	2098402	0.5343	553420	3900000	178.68	no	NA	NA	NA	56694	0.04	no	1:15.91	6788368	0	comfortable/DRR213976/more4to1.never.s4556
SRR10259778	OXFORD_NANOPORE	4848320	starved	6	6963	legacy	auto	7	1963	5000	1638	4170	21675.705	21072.88	1127542	0.2326	296890	5220000	14.38	yes	38.00	4	5808	6963	1.10	yes	0:23.72	897948	0	starved/SRR10259778/legacy.auto.s7
SRR10259778	OXFORD_NANOPORE	4848320	starved	6	6963	legacy	auto	42	1963	5000	1634	4159	21313.287	21018.658	1060086	0.2187	289210	5330000	14.20	yes	38.00	4	5793	6963	1.30	yes	0:25.18	899104	0	starved/SRR10259778/legacy.auto.s42
SRR10259778	OXFORD_NANOPORE	4848320	starved	6	6963	legacy	auto	4556	1963	5000	1636	4164	21362.164	21163.195	1041894	0.2149	254880	5510000	14.28	yes	36.00	4	5800	6963	1.08	yes	0:28.24	861988	0	starved/SRR10259778/legacy.auto.s4556
SRR10259778	OXFORD_NANOPORE	4848320	starved	6	6963	legacy	never	7	1963	5000	1963	5000	21672.92	21365.064	448905	0.0926	172350	1610000	17.34	no	NA	NA	NA	6963	1.10	no	1:11.70	1061208	0	starved/SRR10259778/legacy.never.s7
SRR10259778	OXFORD_NANOPORE	4848320	starved	6	6963	legacy	never	42	1963	5000	1963	5000	21521.447	21424.533	434976	0.0897	171400	1570000	17.31	no	NA	NA	NA	6963	1.04	no	1:12.76	1067940	0	starved/SRR10259778/legacy.never.s42
SRR10259778	OXFORD_NANOPORE	4848320	starved	6	6963	legacy	never	4556	1963	5000	1963	5000	22046.762	21218.295	455556	0.0940	181350	1710000	17.44	no	NA	NA	NA	6963	1.06	no	1:13.98	1063140	0	starved/SRR10259778/legacy.never.s4556
SRR10259778	OXFORD_NANOPORE	4848320	starved	6	6963	1to1	auto	7	3481	3482	2904	2904	21232.6	21253.186	1273192	0.2626	321970	5740000	25.33	yes	38.00	4	5808	6963	1.03	yes	0:37.55	1451472	0	starved/SRR10259778/1to1.auto.s7
SRR10259778	OXFORD_NANOPORE	4848320	starved	6	6963	1to1	auto	42	3481	3482	2897	2896	21417.094	20786.322	1378272	0.2843	304950	6000000	25.10	yes	38.00	4	5793	6963	0.97	yes	0:49.58	1421968	0	starved/SRR10259778/1to1.auto.s42
SRR10259778	OXFORD_NANOPORE	4848320	starved	6	6963	1to1	auto	4556	3481	3482	2900	2900	21391.781	21046.854	1206820	0.2489	300840	5860000	25.27	yes	36.00	4	5800	6963	1.00	yes	0:27.63	1341684	0	starved/SRR10259778/1to1.auto.s4556
SRR10259778	OXFORD_NANOPORE	4848320	starved	6	6963	1to1	never	7	3481	3482	3481	3482	21332.389	21571.285	457073	0.0943	173820	1590000	30.66	no	NA	NA	NA	6963	0.72	no	1:12.77	1756212	0	starved/SRR10259778/1to1.never.s7
SRR10259778	OXFORD_NANOPORE	4848320	starved	6	6963	1to1	never	42	3481	3482	3481	3482	21390.32	21513.371	445187	0.0918	178140	1820000	30.66	no	NA	NA	NA	6963	0.69	no	1:12.05	1658476	0	starved/SRR10259778/1to1.never.s42
SRR10259778	OXFORD_NANOPORE	4848320	starved	6	6963	1to1	never	4556	3481	3482	3481	3482	21868.348	21035.48	467712	0.0965	177300	1820000	30.66	no	NA	NA	NA	6963	0.66	no	1:12.93	1700176	0	starved/SRR10259778/1to1.never.s4556
SRR10259778	OXFORD_NANOPORE	4848320	starved	6	6963	2to1	auto	7	4642	2321	3872	1936	21154.695	21419.283	1184060	0.2442	313380	5600000	33.84	yes	38.00	4	5808	6963	0.93	yes	0:25.14	1533316	0	starved/SRR10259778/2to1.auto.s7
SRR10259778	OXFORD_NANOPORE	4848320	starved	6	6963	2to1	auto	42	4642	2321	3862	1931	21075.195	21154.896	1588184	0.3276	306430	6190000	33.48	yes	38.00	4	5793	6963	0.67	yes	0:24.61	1517368	0	starved/SRR10259778/2to1.auto.s42
SRR10259778	OXFORD_NANOPORE	4848320	starved	6	6963	2to1	auto	4556	4642	2321	3867	1933	21204.236	21249.488	1445120	0.2981	303360	6200000	33.70	yes	36.00	4	5800	6963	0.93	yes	0:25.66	1554252	0	starved/SRR10259778/2to1.auto.s4556
SRR10259778	OXFORD_NANOPORE	4848320	starved	6	6963	2to1	never	7	4642	2321	4642	2321	21428.527	21498.51	428520	0.0884	173900	1550000	40.91	no	NA	NA	NA	6963	0.52	no	1:03.04	1998836	0	starved/SRR10259778/2to1.never.s7
SRR10259778	OXFORD_NANOPORE	4848320	starved	6	6963	2to1	never	42	4642	2321	4642	2321	21342.13	21671.305	438836	0.0905	177440	1810000	40.99	no	NA	NA	NA	6963	0.60	no	1:00.81	1856564	0	starved/SRR10259778/2to1.never.s42
SRR10259778	OXFORD_NANOPORE	4848320	starved	6	6963	2to1	never	4556	4642	2321	4642	2321	21573.93	21207.703	463010	0.0955	174610	1860000	40.77	no	NA	NA	NA	6963	0.56	no	1:00.67	1965392	0	starved/SRR10259778/2to1.never.s4556
SRR10259778	OXFORD_NANOPORE	4848320	starved	6	6963	4to1	auto	7	5570	1393	4647	1161	21219.592	21336.154	1220385	0.2517	315650	5710000	40.60	yes	38.00	4	5808	6963	0.78	yes	0:19.77	1673712	0	starved/SRR10259778/4to1.auto.s7
SRR10259778	OXFORD_NANOPORE	4848320	starved	6	6963	4to1	auto	42	5570	1393	4635	1158	21149.387	20911.14	1619784	0.3341	305630	6250000	40.02	yes	38.00	4	5793	6963	0.60	yes	0:18.73	1669032	0	starved/SRR10259778/4to1.auto.s42
SRR10259778	OXFORD_NANOPORE	4848320	starved	6	6963	4to1	auto	4556	5570	1393	4640	1160	21247.12	21108.11	1591001	0.3282	305750	6630000	40.34	yes	36.00	4	5800	6963	0.43	yes	0:19.19	1725088	0	starved/SRR10259778/4to1.auto.s4556
SRR10259778	OXFORD_NANOPORE	4848320	starved	6	6963	4to1	never	7	5570	1393	5570	1393	21477.17	21350.627	428524	0.0884	174870	1450000	48.97	no	NA	NA	NA	6963	0.57	no	0:48.29	2360960	0	starved/SRR10259778/4to1.never.s7
SRR10259778	OXFORD_NANOPORE	4848320	starved	6	6963	4to1	never	42	5570	1393	5570	1393	21420.182	21578.502	418173	0.0863	178410	1750000	49.17	no	NA	NA	NA	6963	0.50	no	0:47.21	2388756	0	starved/SRR10259778/4to1.never.s42
SRR10259778	OXFORD_NANOPORE	4848320	starved	6	6963	4to1	never	4556	5570	1393	5570	1393	21565.871	20995.953	462622	0.0954	177750	1900000	48.67	no	NA	NA	NA	6963	0.57	no	0:44.91	2420108	0	starved/SRR10259778/4to1.never.s4556
SRR10259778	OXFORD_NANOPORE	4848320	starved	6	6963	8to1	auto	7	6189	774	5163	645	21352.273	20367.342	1533466	0.3163	312880	6300000	44.22	yes	38.00	4	5808	6963	1.24	yes	0:13.05	1955964	0	starved/SRR10259778/8to1.auto.s7
SRR10259778	OXFORD_NANOPORE	4848320	starved	6	6963	8to1	auto	42	6189	774	5150	643	21161.195	20625.752	1591368	0.3282	302690	6140000	44.18	yes	38.00	4	5793	6963	0.47	yes	0:13.40	1853544	0	starved/SRR10259778/8to1.auto.s42
SRR10259778	OXFORD_NANOPORE	4848320	starved	6	6963	8to1	auto	4556	6189	774	5156	644	21252.71	20951.96	1424311	0.2938	304310	6530000	44.67	yes	36.00	4	5800	6963	0.78	yes	0:13.62	1941216	0	starved/SRR10259778/8to1.auto.s4556
SRR10259778	OXFORD_NANOPORE	4848320	starved	6	6963	8to1	never	7	6189	774	6189	774	21376.902	22051.178	440612	0.0909	176360	1390000	55.18	no	NA	NA	NA	6963	1.03	no	0:30.52	2273744	0	starved/SRR10259778/8to1.never.s7
SRR10259778	OXFORD_NANOPORE	4848320	starved	6	6963	8to1	never	42	6189	774	6189	774	21449.78	21468.441	400588	0.0826	178050	1400000	54.53	no	NA	NA	NA	6963	0.39	no	0:29.85	2331332	0	starved/SRR10259778/8to1.never.s42
SRR10259778	OXFORD_NANOPORE	4848320	starved	6	6963	8to1	never	4556	6189	774	6189	774	21446.963	21490.98	427220	0.0881	178160	1550000	54.56	no	NA	NA	NA	6963	0.65	no	0:29.04	2353244	0	starved/SRR10259778/8to1.never.s4556
SRR10259778	OXFORD_NANOPORE	4848320	marginal	3	13925	legacy	auto	7	8925	5000	7490	4196	20594.686	21178.207	1711025	0.3529	303160	7200000	64.23	yes	36.00	8	11686	13925	0.60	yes	1:57.11	2885360	0	marginal/SRR10259778/legacy.auto.s7
SRR10259778	OXFORD_NANOPORE	4848320	marginal	3	13925	legacy	auto	42	8925	5000	7461	4179	20769.516	21045.844	2029281	0.4186	311840	7080000	64.04	yes	38.00	8	11640	13925	0.60	yes	1:10.06	2900972	0	marginal/SRR10259778/legacy.auto.s42
SRR10259778	OXFORD_NANOPORE	4848320	marginal	3	13925	legacy	auto	4556	8925	5000	7479	4189	21123.828	20366.55	1764796	0.3640	303770	7200000	63.70	yes	39.00	8	11668	13925	0.48	yes	1:15.45	3112644	0	marginal/SRR10259778/legacy.auto.s4556
SRR10259778	OXFORD_NANOPORE	4848320	marginal	3	13925	legacy	never	7	8925	5000	8925	5000	20928.625	21451.277	519299	0.1071	179840	1950000	77.65	no	NA	NA	NA	13925	0.44	no	2:40.24	3537188	0	marginal/SRR10259778/legacy.never.s7
SRR10259778	OXFORD_NANOPORE	4848320	marginal	3	13925	legacy	never	42	8925	5000	8925	5000	21076.416	21187.473	519044	0.1071	179140	1920000	77.43	no	NA	NA	NA	13925	0.50	no	2:38.29	3457884	0	marginal/SRR10259778/legacy.never.s42
SRR10259778	OXFORD_NANOPORE	4848320	marginal	3	13925	legacy	never	4556	8925	5000	8925	5000	21248.928	20879.54	530033	0.1093	180860	1850000	77.19	no	NA	NA	NA	13925	0.58	no	2:37.61	3543564	0	marginal/SRR10259778/legacy.never.s4556
SRR10259778	OXFORD_NANOPORE	4848320	marginal	3	13925	1to1	auto	7	6962	6963	5843	5843	20456.123	21152.29	1627728	0.3357	296820	6850000	49.90	yes	36.00	8	11686	13925	0.74	yes	2:34.59	2414360	0	marginal/SRR10259778/1to1.auto.s7
SRR10259778	OXFORD_NANOPORE	4848320	marginal	3	13925	1to1	auto	42	6962	6963	5820	5820	20784.945	20952.504	1703512	0.3514	308670	6820000	49.86	yes	38.00	8	11640	13925	0.62	yes	1:19.16	2238744	0	marginal/SRR10259778/1to1.auto.s42
SRR10259778	OXFORD_NANOPORE	4848320	marginal	3	13925	1to1	auto	4556	6962	6963	5834	5834	21151.863	20552.043	1689361	0.3484	299100	7010000	49.94	yes	39.00	8	11668	13925	0.60	yes	1:18.12	2381068	0	marginal/SRR10259778/1to1.auto.s4556
SRR10259778	OXFORD_NANOPORE	4848320	marginal	3	13925	1to1	never	7	6962	6963	6962	6963	20773.94	21458.596	504310	0.1040	175150	1810000	60.36	no	NA	NA	NA	13925	0.40	no	3:29.36	2955540	0	marginal/SRR10259778/1to1.never.s7
SRR10259778	OXFORD_NANOPORE	4848320	marginal	3	13925	1to1	never	42	6962	6963	6962	6963	21146.916	21085.672	510911	0.1054	177020	1870000	60.36	no	NA	NA	NA	13925	0.45	no	3:32.52	2955272	0	marginal/SRR10259778/1to1.never.s42
SRR10259778	OXFORD_NANOPORE	4848320	marginal	3	13925	1to1	never	4556	6962	6963	6962	6963	21480.967	20751.67	509643	0.1051	177010	1850000	60.36	no	NA	NA	NA	13925	0.53	no	3:35.85	3039540	0	marginal/SRR10259778/1to1.never.s4556
SRR10259778	OXFORD_NANOPORE	4848320	marginal	3	13925	2to1	auto	7	9283	4642	7791	3895	20590.207	21232.262	1685766	0.3477	303410	7210000	66.89	yes	36.00	8	11686	13925	0.64	yes	1:03.45	3035020	0	marginal/SRR10259778/2to1.auto.s7
SRR10259778	OXFORD_NANOPORE	4848320	marginal	3	13925	2to1	auto	42	9283	4642	7760	3880	20777.932	21050.305	2125106	0.4383	311570	7140000	66.63	yes	38.00	8	11640	13925	0.52	yes	0:58.70	3050800	0	marginal/SRR10259778/2to1.auto.s42
SRR10259778	OXFORD_NANOPORE	4848320	marginal	3	13925	2to1	auto	4556	9283	4642	7779	3889	21070.63	20414.541	1845820	0.3807	304870	7240000	66.24	yes	39.00	8	11668	13925	0.51	yes	1:56.17	3205648	0	marginal/SRR10259778/2to1.auto.s4556
SRR10259778	OXFORD_NANOPORE	4848320	marginal	3	13925	2to1	never	7	9283	4642	9283	4642	20877.197	21594.432	517297	0.1067	181600	1760000	80.94	no	NA	NA	NA	13925	0.45	no	2:32.19	3701144	0	marginal/SRR10259778/2to1.never.s7
SRR10259778	OXFORD_NANOPORE	4848320	marginal	3	13925	2to1	never	42	9283	4642	9283	4642	21103.35	21142.174	519525	0.1072	180350	1870000	80.51	no	NA	NA	NA	13925	0.50	no	2:22.25	3656248	0	marginal/SRR10259778/2to1.never.s42
SRR10259778	OXFORD_NANOPORE	4848320	marginal	3	13925	2to1	never	4556	9283	4642	9283	4642	21192.377	20964.14	527316	0.1088	181950	1830000	80.34	no	NA	NA	NA	13925	0.60	no	2:24.26	3646516	0	marginal/SRR10259778/2to1.never.s4556
SRR10259778	OXFORD_NANOPORE	4848320	marginal	3	13925	4to1	auto	7	11140	2785	9349	2337	20568.771	21746.05	1748234	0.3606	306650	7280000	81.21	yes	36.00	8	11686	13925	0.73	yes	0:48.05	3439396	0	marginal/SRR10259778/4to1.auto.s7
SRR10259778	OXFORD_NANOPORE	4848320	marginal	3	13925	4to1	auto	42	11140	2785	9312	2328	20859.613	20905.166	2436184	0.5025	313160	7490000	79.83	yes	38.00	8	11640	13925	0.60	yes	0:48.60	3400492	0	marginal/SRR10259778/4to1.auto.s42
SRR10259778	OXFORD_NANOPORE	4848320	marginal	3	13925	4to1	auto	4556	11140	2785	9335	2333	21028.164	20146.875	2034823	0.4197	308800	7310000	78.90	yes	39.00	8	11668	13925	0.56	yes	0:45.06	3456004	0	marginal/SRR10259778/4to1.auto.s4556
SRR10259778	OXFORD_NANOPORE	4848320	marginal	3	13925	4to1	never	7	11140	2785	11140	2785	20982.744	21650.484	531064	0.1095	187610	2020000	97.50	no	NA	NA	NA	13925	0.43	no	1:42.14	4250364	0	marginal/SRR10259778/4to1.never.s7
SRR10259778	OXFORD_NANOPORE	4848320	marginal	3	13925	4to1	never	42	11140	2785	11140	2785	21139.873	21021.979	543910	0.1122	182910	2170000	96.42	no	NA	NA	NA	13925	0.68	no	1:40.96	4058732	0	marginal/SRR10259778/4to1.never.s42
SRR10259778	OXFORD_NANOPORE	4848320	marginal	3	13925	4to1	never	4556	11140	2785	11140	2785	21155.38	20959.938	535732	0.1105	186650	2060000	96.31	no	NA	NA	NA	13925	0.72	no	1:36.25	4222484	0	marginal/SRR10259778/4to1.never.s4556
SRR10259778	OXFORD_NANOPORE	4848320	marginal	3	13925	8to1	auto	7	12377	1548	10387	1299	20791.883	20902.738	2032486	0.4192	310590	7450000	88.90	yes	36.00	8	11686	13925	0.54	yes	0:31.53	3816360	0	marginal/SRR10259778/8to1.auto.s7
SRR10259778	OXFORD_NANOPORE	4848320	marginal	3	13925	8to1	auto	42	12377	1548	10347	1293	20811.92	21323.285	2398842	0.4948	313540	7440000	89.50	yes	38.00	8	11640	13925	0.54	yes	0:30.13	3804936	0	marginal/SRR10259778/8to1.auto.s42
SRR10259778	OXFORD_NANOPORE	4848320	marginal	3	13925	8to1	auto	4556	12377	1548	10371	1297	20902.27	20449.613	2084166	0.4299	311700	7430000	88.03	yes	39.00	8	11668	13925	0.54	yes	0:30.83	3568472	0	marginal/SRR10259778/8to1.auto.s4556
SRR10259778	OXFORD_NANOPORE	4848320	marginal	3	13925	8to1	never	7	12377	1548	12377	1548	21125.316	21044.14	562410	0.1160	192890	2060000	107.14	no	NA	NA	NA	13925	0.52	no	0:58.41	4333584	0	marginal/SRR10259778/8to1.never.s7
SRR10259778	OXFORD_NANOPORE	4848320	marginal	3	13925	8to1	never	42	12377	1548	12377	1548	21087.918	21343.152	543450	0.1121	190890	2190000	107.81	no	NA	NA	NA	13925	0.52	no	0:57.67	4352688	0	marginal/SRR10259778/8to1.never.s42
SRR10259778	OXFORD_NANOPORE	4848320	marginal	3	13925	8to1	never	4556	12377	1548	12377	1548	21086.053	21358.072	614059	0.1267	194570	2410000	107.85	no	NA	NA	NA	13925	0.65	no	0:55.78	4215668	0	marginal/SRR10259778/8to1.never.s4556
SRR10259778	OXFORD_NANOPORE	4848320	comfortable	1	41774	legacy	auto	7	10000	5000	10000	5000	20870.57	20519.924	2263255	0.4668	310590	7400000	84.96	yes	38.00	24	35095	41774	0.48	no	1:02.69	4519144	0	comfortable/SRR10259778/legacy.auto.s7
SRR10259778	OXFORD_NANOPORE	4848320	comfortable	1	41774	legacy	auto	42	10000	5000	10000	5000	20725.605	21344.805	1958730	0.4040	307870	7250000	86.36	yes	40.00	24	35066	41774	0.72	no	1:02.52	4288068	0	comfortable/SRR10259778/legacy.auto.s42
SRR10259778	OXFORD_NANOPORE	4848320	comfortable	1	41774	legacy	auto	4556	10000	5000	10000	5000	20822.533	21147.275	2125186	0.4383	306580	7200000	86.16	yes	43.00	24	35104	41774	0.62	no	1:10.09	4411324	0	comfortable/SRR10259778/legacy.auto.s4556
SRR10259778	OXFORD_NANOPORE	4848320	comfortable	1	41774	legacy	never	7	10000	5000	10000	5000	20894.922	21419.87	534560	0.1103	182150	1890000	86.87	no	NA	NA	NA	41774	0.42	no	1:30.42	4595564	0	comfortable/SRR10259778/legacy.never.s7
SRR10259778	OXFORD_NANOPORE	4848320	comfortable	1	41774	legacy	never	42	10000	5000	10000	5000	21135.766	20871.244	484941	0.1000	180130	1850000	86.23	no	NA	NA	NA	41774	0.44	no	1:45.03	4853068	0	comfortable/SRR10259778/legacy.never.s42
SRR10259778	OXFORD_NANOPORE	4848320	comfortable	1	41774	legacy	never	4556	10000	5000	10000	5000	21160.607	20797.58	509882	0.1052	179090	1910000	86.13	no	NA	NA	NA	41774	0.42	no	1:44.55	4686600	0	comfortable/SRR10259778/legacy.never.s4556
SRR10259778	OXFORD_NANOPORE	4848320	comfortable	1	41774	1to1	auto	7	7500	7500	7500	7500	20752.904	20754.473	1707999	0.3523	301380	7070000	63.90	yes	38.00	24	35095	41774	0.61	no	1:12.47	3772900	0	comfortable/SRR10259778/1to1.auto.s7
SRR10259778	OXFORD_NANOPORE	4848320	comfortable	1	41774	1to1	auto	42	7500	7500	7500	7500	20656.502	21207.512	1651446	0.3406	305880	6930000	64.45	yes	40.00	24	35066	41774	0.60	no	4:03.98	3515824	0	comfortable/SRR10259778/1to1.auto.s42
SRR10259778	OXFORD_NANOPORE	4848320	comfortable	1	41774	1to1	auto	4556	7500	7500	7500	7500	20716.945	21144.617	1756948	0.3624	298000	6910000	64.45	yes	43.00	24	35104	41774	0.64	no	1:44.23	3608928	0	comfortable/SRR10259778/1to1.auto.s4556
SRR10259778	OXFORD_NANOPORE	4848320	comfortable	1	41774	1to1	never	7	7500	7500	7500	7500	20994.54	21145.268	522124	0.1077	177430	2010000	64.88	no	NA	NA	NA	41774	0.52	no	2:10.37	4145124	0	comfortable/SRR10259778/1to1.never.s7
SRR10259778	OXFORD_NANOPORE	4848320	comfortable	1	41774	1to1	never	42	7500	7500	7500	7500	21129.328	20965.854	475462	0.0981	178300	1840000	64.81	no	NA	NA	NA	41774	0.51	no	2:06.49	4684492	0	comfortable/SRR10259778/1to1.never.s42
SRR10259778	OXFORD_NANOPORE	4848320	comfortable	1	41774	1to1	never	4556	7500	7500	7500	7500	21257.287	20821.91	474668	0.0979	172800	1810000	64.79	no	NA	NA	NA	41774	0.45	no	2:09.70	4453352	0	comfortable/SRR10259778/1to1.never.s4556
SRR10259778	OXFORD_NANOPORE	4848320	comfortable	1	41774	2to1	auto	7	10000	5000	10000	5000	20870.57	20519.924	2263255	0.4668	310590	7400000	84.96	yes	38.00	24	35095	41774	0.48	no	1:23.06	4680360	0	comfortable/SRR10259778/2to1.auto.s7
SRR10259778	OXFORD_NANOPORE	4848320	comfortable	1	41774	2to1	auto	42	10000	5000	10000	5000	20725.605	21344.805	1958730	0.4040	307870	7250000	86.36	yes	40.00	24	35066	41774	0.72	no	1:00.32	4404380	0	comfortable/SRR10259778/2to1.auto.s42
SRR10259778	OXFORD_NANOPORE	4848320	comfortable	1	41774	2to1	auto	4556	10000	5000	10000	5000	20822.533	21147.275	2125186	0.4383	306580	7200000	86.16	yes	43.00	24	35104	41774	0.62	no	0:59.82	4413476	0	comfortable/SRR10259778/2to1.auto.s4556
SRR10259778	OXFORD_NANOPORE	4848320	comfortable	1	41774	2to1	never	7	10000	5000	10000	5000	20894.922	21419.87	534560	0.1103	182150	1890000	86.87	no	NA	NA	NA	41774	0.42	no	1:33.41	4862796	0	comfortable/SRR10259778/2to1.never.s7
SRR10259778	OXFORD_NANOPORE	4848320	comfortable	1	41774	2to1	never	42	10000	5000	10000	5000	21135.766	20871.244	484941	0.1000	180130	1850000	86.23	no	NA	NA	NA	41774	0.44	no	1:47.74	4850780	0	comfortable/SRR10259778/2to1.never.s42
SRR10259778	OXFORD_NANOPORE	4848320	comfortable	1	41774	2to1	never	4556	10000	5000	10000	5000	21160.607	20797.58	509882	0.1052	179090	1910000	86.13	no	NA	NA	NA	41774	0.42	no	1:30.88	4663468	0	comfortable/SRR10259778/2to1.never.s4556
SRR10259778	OXFORD_NANOPORE	4848320	comfortable	1	41774	4to1	auto	7	12000	3000	12000	3000	20840.732	20405.514	2447072	0.5047	317460	7550000	101.60	yes	38.00	24	35095	41774	0.40	no	1:12.62	4891800	0	comfortable/SRR10259778/4to1.auto.s7
SRR10259778	OXFORD_NANOPORE	4848320	comfortable	1	41774	4to1	auto	42	12000	3000	12000	3000	20760.12	21619.549	2179270	0.4495	316180	7510000	104.40	yes	40.00	24	35066	41774	0.73	no	0:44.74	4904084	0	comfortable/SRR10259778/4to1.auto.s42
SRR10259778	OXFORD_NANOPORE	4848320	comfortable	1	41774	4to1	auto	4556	12000	3000	12000	3000	20942.5	20883.904	2485156	0.5126	313230	7480000	103.03	yes	43.00	24	35104	41774	0.77	no	0:46.71	4922008	0	comfortable/SRR10259778/4to1.auto.s4556
SRR10259778	OXFORD_NANOPORE	4848320	comfortable	1	41774	4to1	never	7	12000	3000	12000	3000	20872.086	21861.178	578527	0.1193	190380	1930000	105.28	no	NA	NA	NA	41774	0.43	no	1:04.87	5259360	0	comfortable/SRR10259778/4to1.never.s7
SRR10259778	OXFORD_NANOPORE	4848320	comfortable	1	41774	4to1	never	42	12000	3000	12000	3000	21040.725	21075.059	519685	0.1072	183640	2240000	103.75	no	NA	NA	NA	41774	0.47	no	1:04.45	5482152	0	comfortable/SRR10259778/4to1.never.s42
SRR10259778	OXFORD_NANOPORE	4848320	comfortable	1	41774	4to1	never	4556	12000	3000	12000	3000	21051.598	20991.605	562606	0.1160	185100	1930000	103.57	no	NA	NA	NA	41774	0.30	no	1:05.39	5223348	0	comfortable/SRR10259778/4to1.never.s4556
SRR10259778	OXFORD_NANOPORE	4848320	comfortable	1	41774	8to1	auto	7	13333	1667	13333	1667	20774.166	20589.902	2858511	0.5896	320750	7710000	113.20	yes	38.00	24	35095	41774	0.54	no	0:34.88	5179128	0	comfortable/SRR10259778/8to1.auto.s7
SRR10259778	OXFORD_NANOPORE	4848320	comfortable	1	41774	8to1	auto	42	13333	1667	13333	1667	20853.994	21555.957	2305898	0.4756	320910	7440000	116.08	yes	40.00	24	35066	41774	0.96	no	0:37.22	5086816	0	comfortable/SRR10259778/8to1.auto.s42
SRR10259778	OXFORD_NANOPORE	4848320	comfortable	1	41774	8to1	auto	4556	13333	1667	13333	1667	20926.87	20962.064	2356747	0.4861	316300	7440000	114.65	yes	43.00	24	35104	41774	0.72	no	0:34.37	5083456	0	comfortable/SRR10259778/8to1.auto.s4556
SRR10259778	OXFORD_NANOPORE	4848320	comfortable	1	41774	8to1	never	7	13333	1667	13333	1667	20928.828	22198.26	593134	0.1223	195450	1920000	118.05	no	NA	NA	NA	41774	0.36	no	0:43.25	5572220	0	comfortable/SRR10259778/8to1.never.s7
SRR10259778	OXFORD_NANOPORE	4848320	comfortable	1	41774	8to1	never	42	13333	1667	13333	1667	21041.158	21099.043	533145	0.1100	186810	2030000	115.34	no	NA	NA	NA	41774	0.18	no	0:57.19	5513800	0	comfortable/SRR10259778/8to1.never.s42
SRR10259778	OXFORD_NANOPORE	4848320	comfortable	1	41774	8to1	never	4556	13333	1667	13333	1667	21091.195	20626.936	590921	0.1219	190310	2610000	114.18	no	NA	NA	NA	41774	0.30	no	0:40.93	5302020	0	comfortable/SRR10259778/8to1.never.s4556
SRR10259778	OXFORD_NANOPORE	4848320	comfortable	1	41774	more4to1	auto	7	20000	5000	20000	5000	20947.383	20070.1	3701303	0.7634	354540	8010000	168.38	yes	38.00	24	35100	41774	0.86	no	1:15.56	8721572	0	comfortable/SRR10259778/more4to1.auto.s7
SRR10259778	OXFORD_NANOPORE	4848320	comfortable	1	41774	more4to1	auto	42	20000	5000	20000	5000	21053.828	20879.377	3383052	0.6978	352350	7800000	172.16	yes	40.00	24	35050	41774	0.92	no	1:16.78	9091392	0	comfortable/SRR10259778/more4to1.auto.s42
SRR10259778	OXFORD_NANOPORE	4848320	comfortable	1	41774	more4to1	auto	4556	20000	5000	20000	5000	20717.627	21166.176	3333285	0.6875	357040	7910000	171.96	yes	43.00	24	35042	41774	0.72	no	1:17.83	8705728	0	comfortable/SRR10259778/more4to1.auto.s4556
SRR10259778	OXFORD_NANOPORE	4848320	comfortable	1	41774	more4to1	never	7	20000	5000	20000	5000	20802.04	21419.87	957394	0.1975	234240	3170000	173.35	no	NA	NA	NA	41774	0.66	no	1:38.48	8653708	0	comfortable/SRR10259778/more4to1.never.s7
SRR10259778	OXFORD_NANOPORE	4848320	comfortable	1	41774	more4to1	never	42	20000	5000	20000	5000	21008.17	20871.244	979910	0.2021	235730	4220000	171.94	no	NA	NA	NA	41774	0.60	no	1:34.45	8648212	0	comfortable/SRR10259778/more4to1.never.s42
SRR10259778	OXFORD_NANOPORE	4848320	comfortable	1	41774	more4to1	never	4556	20000	5000	20000	5000	20982.645	20797.58	972240	0.2005	235100	3580000	171.53	no	NA	NA	NA	41774	0.54	no	1:35.59	8446456	0	comfortable/SRR10259778/more4to1.never.s4556
SRR10353548	OXFORD_NANOPORE	2269994	starved	34	7390	legacy	auto	7	2390	5000	1194	2497	4150.2163	4076.3801	2109562	0.9293	582600	2760000	4.22	yes	70.00	2	3691	7390	2.76	yes	0:01.15	120832	0	starved/SRR10353548/legacy.auto.s7
SRR10353548	OXFORD_NANOPORE	2269994	starved	34	7390	legacy	auto	42	2390	5000	1185	2479	4108.846	4123.788	2052853	0.9043	543300	2760000	4.19	yes	72.00	2	3664	7390	4.36	yes	0:00.98	117572	0	starved/SRR10353548/legacy.auto.s42
SRR10353548	OXFORD_NANOPORE	2269994	starved	34	7390	legacy	auto	4556	2390	5000	1192	2491	4179.4824	4087.9104	2005803	0.8836	572740	2740000	4.24	yes	72.00	2	3683	7390	2.81	yes	0:01.33	119952	0	starved/SRR10353548/legacy.auto.s4556
SRR10353548	OXFORD_NANOPORE	2269994	starved	34	7390	legacy	never	7	2390	5000	2390	5000	3972.2373	3899.396	38627	0.0170	27790	2230000	8.08	no	NA	NA	NA	7390	1.68	no	0:58.35	271388	0	starved/SRR10353548/legacy.never.s7
SRR10353548	OXFORD_NANOPORE	2269994	starved	34	7390	legacy	never	42	2390	5000	2390	5000	4009.357	3881.6528	39253	0.0173	28060	2360000	8.10	no	NA	NA	NA	7390	1.64	no	0:57.79	268036	0	starved/SRR10353548/legacy.never.s42
SRR10353548	OXFORD_NANOPORE	2269994	starved	34	7390	legacy	never	4556	2390	5000	2390	5000	3963.9934	3903.337	40415	0.0178	28180	2300000	8.07	no	NA	NA	NA	7390	1.50	no	0:58.07	266264	0	starved/SRR10353548/legacy.never.s4556
SRR10353548	OXFORD_NANOPORE	2269994	starved	34	7390	1to1	auto	7	3695	3695	1846	1845	4178.431	4022.057	2128628	0.9377	592110	2660000	6.51	yes	70.00	2	3691	7390	0.16	yes	0:01.16	184676	0	starved/SRR10353548/1to1.auto.s7
SRR10353548	OXFORD_NANOPORE	2269994	starved	34	7390	1to1	auto	42	3695	3695	1832	1832	4116.8174	4121.094	2257073	0.9943	641650	2860000	6.49	yes	72.00	2	3664	7390	1.15	yes	0:01.47	178476	0	starved/SRR10353548/1to1.auto.s42
SRR10353548	OXFORD_NANOPORE	2269994	starved	34	7390	1to1	auto	4556	3695	3695	1842	1841	4176.3794	4058.6838	2123600	0.9355	593400	2860000	6.52	yes	72.00	2	3683	7390	0.71	yes	0:01.47	184644	0	starved/SRR10353548/1to1.auto.s4556
SRR10353548	OXFORD_NANOPORE	2269994	starved	34	7390	1to1	never	7	3695	3695	3695	3695	3942.7366	3903.1704	38309	0.0169	27960	2480000	12.45	no	NA	NA	NA	7390	0.51	no	1:02.40	295036	0	starved/SRR10353548/1to1.never.s7
SRR10353548	OXFORD_NANOPORE	2269994	starved	34	7390	1to1	never	42	3695	3695	3695	3695	3954.6506	3891.2566	39112	0.0172	28060	2710000	12.45	no	NA	NA	NA	7390	0.49	no	1:01.19	351784	0	starved/SRR10353548/1to1.never.s42
SRR10353548	OXFORD_NANOPORE	2269994	starved	34	7390	1to1	never	4556	3695	3695	3695	3695	3954.0657	3891.8413	40150	0.0177	28060	2520000	12.45	no	NA	NA	NA	7390	0.30	no	1:01.83	317532	0	starved/SRR10353548/1to1.never.s4556
SRR10353548	OXFORD_NANOPORE	2269994	starved	34	7390	2to1	auto	7	4926	2464	2461	1230	4148.821	4003.1147	2227136	0.9811	661990	2740000	8.62	yes	70.00	2	3691	7390	0.16	yes	0:01.34	198444	0	starved/SRR10353548/2to1.auto.s7
SRR10353548	OXFORD_NANOPORE	2269994	starved	34	7390	2to1	auto	42	4926	2464	2443	1221	4107.76	4141.357	2273408	1.0015	590210	2770000	8.66	yes	72.00	2	3664	7390	0.08	yes	0:01.28	197092	0	starved/SRR10353548/2to1.auto.s42
SRR10353548	OXFORD_NANOPORE	2269994	starved	34	7390	2to1	auto	4556	4926	2464	2456	1227	4149.3247	4053.9421	2255448	0.9936	636280	2780000	8.66	yes	72.00	2	3683	7390	0.0	yes	0:01.09	195536	0	starved/SRR10353548/2to1.auto.s4556
SRR10353548	OXFORD_NANOPORE	2269994	starved	34	7390	2to1	never	7	4926	2464	4926	2464	3946.1194	3876.641	38399	0.0169	27520	2660000	16.54	no	NA	NA	NA	7390	0.04	no	0:51.66	387120	0	starved/SRR10353548/2to1.never.s7
SRR10353548	OXFORD_NANOPORE	2269994	starved	34	7390	2to1	never	42	4926	2464	4926	2464	3951.7354	3865.4136	38995	0.0172	28200	2830000	16.53	no	NA	NA	NA	7390	0.16	no	0:52.41	425756	0	starved/SRR10353548/2to1.never.s42
SRR10353548	OXFORD_NANOPORE	2269994	starved	34	7390	2to1	never	4556	4926	2464	4926	2464	3928.0115	3912.842	39078	0.0172	28090	2520000	16.58	no	NA	NA	NA	7390	0.04	no	0:52.87	399692	0	starved/SRR10353548/2to1.never.s4556
SRR10353548	OXFORD_NANOPORE	2269994	starved	34	7390	4to1	auto	7	5912	1478	2953	738	4130.478	3979.374	2246488	0.9896	661880	2630000	10.29	yes	70.00	2	3691	7390	0.0	yes	0:01.20	225068	0	starved/SRR10353548/4to1.auto.s7
SRR10353548	OXFORD_NANOPORE	2269994	starved	34	7390	4to1	auto	42	5912	1478	2932	732	4104.9243	4175.1587	2280412	1.0046	744680	2720000	10.44	yes	72.00	2	3664	7390	0.14	yes	0:01.11	232444	0	starved/SRR10353548/4to1.auto.s42
SRR10353548	OXFORD_NANOPORE	2269994	starved	34	7390	4to1	auto	4556	5912	1478	2947	736	4128.2207	4074.8125	2204857	0.9713	626880	2770000	10.39	yes	72.00	2	3683	7390	0.0	yes	0:01.03	220904	0	starved/SRR10353548/4to1.auto.s4556
SRR10353548	OXFORD_NANOPORE	2269994	starved	34	7390	4to1	never	7	5912	1478	5912	1478	3950.7756	3811.665	38651	0.0170	27580	2830000	19.70	no	NA	NA	NA	7390	0.0	no	0:34.72	598656	0	starved/SRR10353548/4to1.never.s7
SRR10353548	OXFORD_NANOPORE	2269994	starved	34	7390	4to1	never	42	5912	1478	5912	1478	3936.8071	3867.5386	39063	0.0172	28170	2900000	19.81	no	NA	NA	NA	7390	0.0	no	0:35.43	626252	0	starved/SRR10353548/4to1.never.s42
SRR10353548	OXFORD_NANOPORE	2269994	starved	34	7390	4to1	never	4556	5912	1478	5912	1478	3925.8281	3911.4553	39007	0.0172	27950	2680000	19.89	no	NA	NA	NA	7390	0.0	no	0:36.86	617752	0	starved/SRR10353548/4to1.never.s4556
SRR10353548	OXFORD_NANOPORE	2269994	starved	34	7390	8to1	auto	7	6568	822	3281	410	4138.82	3791.7341	2186655	0.9633	485000	2570000	11.18	yes	70.00	2	3691	7390	0.0	yes	0:01.05	257732	0	starved/SRR10353548/8to1.auto.s7
SRR10353548	OXFORD_NANOPORE	2269994	starved	34	7390	8to1	auto	42	6568	822	3257	407	4105.4985	4226.6484	2300776	1.0136	829080	2780000	11.67	yes	72.00	2	3664	7390	0.0	yes	0:01.15	250204	0	starved/SRR10353548/8to1.auto.s42
SRR10353548	OXFORD_NANOPORE	2269994	starved	34	7390	8to1	auto	4556	6568	822	3274	409	4111.784	4163.682	2282810	1.0056	560280	2820000	11.65	yes	72.00	2	3683	7390	0.0	yes	0:01.11	249604	0	starved/SRR10353548/8to1.auto.s4556
SRR10353548	OXFORD_NANOPORE	2269994	starved	34	7390	8to1	never	7	6568	822	6568	822	3940.855	3779.9148	38805	0.0171	27160	3040000	21.76	no	NA	NA	NA	7390	0.0	no	0:19.84	672956	0	starved/SRR10353548/8to1.never.s7
SRR10353548	OXFORD_NANOPORE	2269994	starved	34	7390	8to1	never	42	6568	822	6568	822	3925.3003	3904.202	38983	0.0172	28230	2860000	22.08	no	NA	NA	NA	7390	0.0	no	0:20.95	671608	0	starved/SRR10353548/8to1.never.s42
SRR10353548	OXFORD_NANOPORE	2269994	starved	34	7390	8to1	never	4556	6568	822	6568	822	3929.1445	3873.4854	39344	0.0173	27890	2600000	22.00	no	NA	NA	NA	7390	0.0	no	0:21.30	677244	0	starved/SRR10353548/8to1.never.s4556
SRR10353548	OXFORD_NANOPORE	2269994	marginal	17	14780	legacy	auto	7	9780	5000	4703	2403	4080.869	4141.7427	2225941	0.9806	633710	2590000	16.62	yes	73.00	3	7106	14780	0.0	yes	0:03.44	358236	0	marginal/SRR10353548/legacy.auto.s7
SRR10353548	OXFORD_NANOPORE	2269994	marginal	17	14780	legacy	auto	42	9780	5000	4703	2404	4062.6375	4160.9927	2210668	0.9739	745590	2600000	16.63	yes	76.00	3	7107	14780	0.0	yes	0:03.40	354488	0	marginal/SRR10353548/legacy.auto.s42
SRR10353548	OXFORD_NANOPORE	2269994	marginal	17	14780	legacy	auto	4556	9780	5000	4685	2394	4099.743	4049.5728	2271400	1.0006	746970	2640000	16.41	yes	76.00	3	7079	14780	0.0	yes	0:03.42	366072	0	marginal/SRR10353548/legacy.auto.s4556
SRR10353548	OXFORD_NANOPORE	2269994	marginal	17	14780	legacy	never	7	9780	5000	9780	5000	3921.7185	3878.5095	39023	0.0172	28170	2900000	32.75	no	NA	NA	NA	14780	0.0	no	2:46.80	822192	0	marginal/SRR10353548/legacy.never.s7
SRR10353548	OXFORD_NANOPORE	2269994	marginal	17	14780	legacy	never	42	9780	5000	9780	5000	3912.6216	3896.3032	39069	0.0172	28350	3020000	32.79	no	NA	NA	NA	14780	0.0	no	4:43.06	1009156	0	marginal/SRR10353548/legacy.never.s42
SRR10353548	OXFORD_NANOPORE	2269994	marginal	17	14780	legacy	never	4556	9780	5000	9780	5000	3921.2708	3879.386	38992	0.0172	28070	3080000	32.75	no	NA	NA	NA	14780	0.0	no	2:46.31	846044	0	marginal/SRR10353548/legacy.never.s4556
SRR10353548	OXFORD_NANOPORE	2269994	marginal	17	14780	1to1	auto	7	7390	7390	3553	3553	4114.828	4088.0806	2230008	0.9824	642630	2620000	12.53	yes	73.00	3	7106	14780	0.11	yes	0:03.01	293248	0	marginal/SRR10353548/1to1.auto.s7
SRR10353548	OXFORD_NANOPORE	2269994	marginal	17	14780	1to1	auto	42	7390	7390	3554	3553	4044.9211	4146.907	2213114	0.9749	712790	2650000	12.51	yes	76.00	3	7107	14780	0.03	yes	0:02.80	280692	0	marginal/SRR10353548/1to1.auto.s42
SRR10353548	OXFORD_NANOPORE	2269994	marginal	17	14780	1to1	auto	4556	7390	7390	3540	3539	4107.5825	4057.9634	2248905	0.9907	715900	2650000	12.42	yes	76.00	3	7079	14780	0.0	yes	0:03.02	289840	0	marginal/SRR10353548/1to1.auto.s4556
SRR10353548	OXFORD_NANOPORE	2269994	marginal	17	14780	1to1	never	7	7390	7390	7390	7390	3930.3296	3883.8728	39218	0.0173	28100	2850000	24.79	no	NA	NA	NA	14780	0.05	no	2:46.88	736344	0	marginal/SRR10353548/1to1.never.s7
SRR10353548	OXFORD_NANOPORE	2269994	marginal	17	14780	1to1	never	42	7390	7390	7390	7390	3912.9302	3901.2725	39904	0.0176	28100	2830000	24.79	no	NA	NA	NA	14780	0.01	no	2:46.33	791944	0	marginal/SRR10353548/1to1.never.s42
SRR10353548	OXFORD_NANOPORE	2269994	marginal	17	14780	1to1	never	4556	7390	7390	7390	7390	3915.714	3898.4885	38532	0.0170	27730	3000000	24.79	no	NA	NA	NA	14780	0.0	no	2:47.96	755912	0	marginal/SRR10353548/1to1.never.s4556
SRR10353548	OXFORD_NANOPORE	2269994	marginal	17	14780	2to1	auto	7	9853	4927	4738	2368	4078.3318	4147.719	2229767	0.9823	652090	2590000	16.75	yes	73.00	3	7106	14780	0.0	yes	0:02.86	363156	0	marginal/SRR10353548/2to1.auto.s7
SRR10353548	OXFORD_NANOPORE	2269994	marginal	17	14780	2to1	auto	42	9853	4927	4738	2369	4068.0803	4151.5605	2212653	0.9747	744880	2590000	16.74	yes	76.00	3	7107	14780	0.0	yes	0:03.04	348056	0	marginal/SRR10353548/2to1.auto.s42
SRR10353548	OXFORD_NANOPORE	2269994	marginal	17	14780	2to1	auto	4556	9853	4927	4720	2359	4099.217	4049.8809	2273094	1.0014	751470	2620000	16.53	yes	76.00	3	7079	14780	0.0	yes	0:02.89	344428	0	marginal/SRR10353548/2to1.auto.s4556
SRR10353548	OXFORD_NANOPORE	2269994	marginal	17	14780	2to1	never	7	9853	4927	9853	4927	3920.7244	3879.8586	38996	0.0172	28170	2910000	32.99	no	NA	NA	NA	14780	0.0	no	2:16.51	819700	0	marginal/SRR10353548/2to1.never.s7
SRR10353548	OXFORD_NANOPORE	2269994	marginal	17	14780	2to1	never	42	9853	4927	9853	4927	3909.8735	3901.5571	39087	0.0172	28270	3050000	33.04	no	NA	NA	NA	14780	0.0	no	2:16.40	961080	0	marginal/SRR10353548/2to1.never.s42
SRR10353548	OXFORD_NANOPORE	2269994	marginal	17	14780	2to1	never	4556	9853	4927	9853	4927	3920.4316	3880.4434	39029	0.0172	28080	3080000	33.00	no	NA	NA	NA	14780	0.0	no	2:14.57	860520	0	marginal/SRR10353548/2to1.never.s4556
SRR10353548	OXFORD_NANOPORE	2269994	marginal	17	14780	4to1	auto	7	11824	2956	5685	1421	4082.2495	4178.2866	2287260	1.0076	659710	2580000	20.19	yes	73.00	3	7106	14780	0.0	yes	0:02.72	393848	0	marginal/SRR10353548/4to1.auto.s7
SRR10353548	OXFORD_NANOPORE	2269994	marginal	17	14780	4to1	auto	42	11824	2956	5686	1421	4081.653	4152.9414	2240233	0.9869	737580	2610000	20.13	yes	76.00	3	7107	14780	0.0	yes	0:02.68	397120	0	marginal/SRR10353548/4to1.auto.s42
SRR10353548	OXFORD_NANOPORE	2269994	marginal	17	14780	4to1	auto	4556	11824	2956	5664	1415	4099.9355	4014.0898	2268156	0.9992	739100	2630000	19.75	yes	76.00	3	7079	14780	0.0	yes	0:02.64	393300	0	marginal/SRR10353548/4to1.auto.s4556
SRR10353548	OXFORD_NANOPORE	2269994	marginal	17	14780	4to1	never	7	11824	2956	11824	2956	3924.144	3838.9292	38952	0.0172	28040	2620000	39.40	no	NA	NA	NA	14780	0.0	no	1:51.57	895976	0	marginal/SRR10353548/4to1.never.s7
SRR10353548	OXFORD_NANOPORE	2269994	marginal	17	14780	4to1	never	42	11824	2956	11824	2956	3912.7876	3884.3564	39278	0.0173	28180	2960000	39.58	no	NA	NA	NA	14780	0.0	no	1:34.42	985012	0	marginal/SRR10353548/4to1.never.s42
SRR10353548	OXFORD_NANOPORE	2269994	marginal	17	14780	4to1	never	4556	11824	2956	11824	2956	3914.2095	3878.6685	39231	0.0173	28040	3100000	39.56	no	NA	NA	NA	14780	0.0	no	1:31.83	906320	0	marginal/SRR10353548/4to1.never.s4556
SRR10353548	OXFORD_NANOPORE	2269994	marginal	17	14780	8to1	auto	7	13137	1643	6317	789	4060.2178	4431.606	2256343	0.9940	643400	2590000	23.08	yes	73.00	3	7106	14780	0.0	yes	0:02.26	448904	0	marginal/SRR10353548/8to1.auto.s7
SRR10353548	OXFORD_NANOPORE	2269994	marginal	17	14780	8to1	auto	42	13137	1643	6317	790	4093.072	4118.577	2276758	1.0030	770010	2640000	22.30	yes	76.00	3	7107	14780	0.0	yes	0:02.47	448908	0	marginal/SRR10353548/8to1.auto.s42
SRR10353548	OXFORD_NANOPORE	2269994	marginal	17	14780	8to1	auto	4556	13137	1643	6293	786	4095.5679	3980.3625	2263816	0.9973	719830	2620000	21.84	yes	76.00	3	7079	14780	0.0	yes	0:01.90	443788	0	marginal/SRR10353548/8to1.auto.s4556
SRR10353548	OXFORD_NANOPORE	2269994	marginal	17	14780	8to1	never	7	13137	1643	13137	1643	3917.303	3825.532	38978	0.0172	27950	2430000	43.66	no	NA	NA	NA	14780	0.0	no	1:04.27	912232	0	marginal/SRR10353548/8to1.never.s7
SRR10353548	OXFORD_NANOPORE	2269994	marginal	17	14780	8to1	never	42	13137	1643	13137	1643	3917.3708	3824.989	39286	0.0173	28370	3050000	43.66	no	NA	NA	NA	14780	0.0	no	0:58.43	955444	0	marginal/SRR10353548/8to1.never.s42
SRR10353548	OXFORD_NANOPORE	2269994	marginal	17	14780	8to1	never	4556	13137	1643	13137	1643	3906.3618	3913.0134	39201	0.0173	28230	3230000	44.10	no	NA	NA	NA	14780	0.0	no	0:58.10	973344	0	marginal/SRR10353548/8to1.never.s4556
SRR10353548	OXFORD_NANOPORE	2269994	comfortable	1	251253	legacy	auto	7	10000	5000	10000	5000	4086.788	4114.4766	2363660	1.0413	1090000	2640000	35.25	yes	286.00	21	84634	251253	0.0	no	0:23.62	716428	0	comfortable/SRR10353548/legacy.auto.s7
SRR10353548	OXFORD_NANOPORE	2269994	comfortable	1	251253	legacy	auto	42	10000	5000	10000	5000	4087.5889	4031.5908	2348922	1.0348	1030000	2600000	34.89	yes	274.00	21	84484	251253	0.0	no	0:24.42	722564	0	comfortable/SRR10353548/legacy.auto.s42
SRR10353548	OXFORD_NANOPORE	2269994	comfortable	1	251253	legacy	auto	4556	10000	5000	10000	5000	3981.2249	4084.6936	2332247	1.0274	1010000	2600000	34.66	yes	281.00	21	84208	251253	0.0	no	0:21.98	718468	0	comfortable/SRR10353548/legacy.auto.s4556
SRR10353548	OXFORD_NANOPORE	2269994	comfortable	1	251253	legacy	never	7	10000	5000	10000	5000	3898.6284	3970.3376	38461	0.0169	27530	3200000	33.79	no	NA	NA	NA	251253	0.0	no	1:35.80	1261876	0	comfortable/SRR10353548/legacy.never.s7
SRR10353548	OXFORD_NANOPORE	2269994	comfortable	1	251253	legacy	never	42	10000	5000	10000	5000	3907.576	3964.0703	39142	0.0172	28300	2650000	33.80	no	NA	NA	NA	251253	0.0	no	1:21.13	1329100	0	comfortable/SRR10353548/legacy.never.s42
SRR10353548	OXFORD_NANOPORE	2269994	comfortable	1	251253	legacy	never	4556	10000	5000	10000	5000	3864.2693	3946.0557	37867	0.0167	27610	3040000	33.53	no	NA	NA	NA	251253	0.0	no	1:27.67	1222920	0	comfortable/SRR10353548/legacy.never.s4556
SRR10353548	OXFORD_NANOPORE	2269994	comfortable	1	251253	1to1	auto	7	7500	7500	7500	7500	4096.712	4095.3232	2322749	1.0232	1040000	2620000	26.41	yes	286.00	21	84634	251253	0.0	no	0:20.11	554400	0	comfortable/SRR10353548/1to1.auto.s7
SRR10353548	OXFORD_NANOPORE	2269994	comfortable	1	251253	1to1	auto	42	7500	7500	7500	7500	4093.2378	4044.6074	2320884	1.0224	1020000	2610000	26.23	yes	274.00	21	84484	251253	0.0	no	0:27.55	525932	0	comfortable/SRR10353548/1to1.auto.s42
SRR10353548	OXFORD_NANOPORE	2269994	comfortable	1	251253	1to1	auto	4556	7500	7500	7500	7500	3975.553	4055.8757	2304614	1.0153	1020000	2610000	25.88	yes	281.00	21	84208	251253	0.0	no	0:43.03	545740	0	comfortable/SRR10353548/1to1.auto.s4556
SRR10353548	OXFORD_NANOPORE	2269994	comfortable	1	251253	1to1	never	7	7500	7500	7500	7500	3897.8604	3947.2026	38945	0.0172	27260	3040000	25.26	no	NA	NA	NA	251253	0.0	no	2:07.15	1129844	0	comfortable/SRR10353548/1to1.never.s7
SRR10353548	OXFORD_NANOPORE	2269994	comfortable	1	251253	1to1	never	42	7500	7500	7500	7500	3898.955	3953.8596	39332	0.0173	28150	2740000	25.29	no	NA	NA	NA	251253	0.0	no	1:41.76	1210976	0	comfortable/SRR10353548/1to1.never.s42
SRR10353548	OXFORD_NANOPORE	2269994	comfortable	1	251253	1to1	never	4556	7500	7500	7500	7500	3867.521	3915.5415	37720	0.0166	27570	2880000	25.06	no	NA	NA	NA	251253	0.0	no	1:44.98	1143540	0	comfortable/SRR10353548/1to1.never.s4556
SRR10353548	OXFORD_NANOPORE	2269994	comfortable	1	251253	2to1	auto	7	10000	5000	10000	5000	4086.788	4114.4766	2363660	1.0413	1090000	2640000	35.25	yes	286.00	21	84634	251253	0.0	no	0:23.67	723748	0	comfortable/SRR10353548/2to1.auto.s7
SRR10353548	OXFORD_NANOPORE	2269994	comfortable	1	251253	2to1	auto	42	10000	5000	10000	5000	4087.5889	4031.5908	2348922	1.0348	1030000	2600000	34.89	yes	274.00	21	84484	251253	0.0	no	0:25.37	741296	0	comfortable/SRR10353548/2to1.auto.s42
SRR10353548	OXFORD_NANOPORE	2269994	comfortable	1	251253	2to1	auto	4556	10000	5000	10000	5000	3981.2249	4084.6936	2332247	1.0274	1010000	2600000	34.66	yes	281.00	21	84208	251253	0.0	no	0:26.29	709848	0	comfortable/SRR10353548/2to1.auto.s4556
SRR10353548	OXFORD_NANOPORE	2269994	comfortable	1	251253	2to1	never	7	10000	5000	10000	5000	3898.6284	3970.3376	38461	0.0169	27530	3200000	33.79	no	NA	NA	NA	251253	0.0	no	1:23.36	1261596	0	comfortable/SRR10353548/2to1.never.s7
SRR10353548	OXFORD_NANOPORE	2269994	comfortable	1	251253	2to1	never	42	10000	5000	10000	5000	3907.576	3964.0703	39142	0.0172	28300	2650000	33.80	no	NA	NA	NA	251253	0.0	no	1:22.13	1324208	0	comfortable/SRR10353548/2to1.never.s42
SRR10353548	OXFORD_NANOPORE	2269994	comfortable	1	251253	2to1	never	4556	10000	5000	10000	5000	3864.2693	3946.0557	37867	0.0167	27610	3040000	33.53	no	NA	NA	NA	251253	0.0	no	1:23.75	1234836	0	comfortable/SRR10353548/2to1.never.s4556
SRR10353548	OXFORD_NANOPORE	2269994	comfortable	1	251253	4to1	auto	7	12000	3000	12000	3000	4096.4365	4094.342	2355360	1.0376	1120000	2600000	42.25	yes	286.00	21	84634	251253	0.0	no	0:20.32	749204	0	comfortable/SRR10353548/4to1.auto.s7
SRR10353548	OXFORD_NANOPORE	2269994	comfortable	1	251253	4to1	auto	42	12000	3000	12000	3000	4076.576	4038.3086	2349324	1.0349	1040000	2590000	41.85	yes	274.00	21	84484	251253	0.0	no	0:21.95	777140	0	comfortable/SRR10353548/4to1.auto.s42
SRR10353548	OXFORD_NANOPORE	2269994	comfortable	1	251253	4to1	auto	4556	12000	3000	12000	3000	3996.7727	4091.48	2348378	1.0345	1040000	2610000	41.71	yes	281.00	21	84208	251253	0.0	no	0:19.42	717264	0	comfortable/SRR10353548/4to1.auto.s4556
SRR10353548	OXFORD_NANOPORE	2269994	comfortable	1	251253	4to1	never	7	12000	3000	12000	3000	3898.6687	4017.982	38232	0.0168	27700	3050000	40.80	no	NA	NA	NA	251253	0.0	no	0:58.72	1357928	0	comfortable/SRR10353548/4to1.never.s7
SRR10353548	OXFORD_NANOPORE	2269994	comfortable	1	251253	4to1	never	42	12000	3000	12000	3000	3914.5066	3974.01	39256	0.0173	28410	2640000	40.65	no	NA	NA	NA	251253	0.0	no	0:58.45	1295912	0	comfortable/SRR10353548/4to1.never.s42
SRR10353548	OXFORD_NANOPORE	2269994	comfortable	1	251253	4to1	never	4556	12000	3000	12000	3000	3861.5674	4011.387	37840	0.0167	27850	3080000	40.57	no	NA	NA	NA	251253	0.0	no	0:58.46	1290416	0	comfortable/SRR10353548/4to1.never.s4556
SRR10353548	OXFORD_NANOPORE	2269994	comfortable	1	251253	8to1	auto	7	13333	1667	13333	1667	4099.615	4067.2449	2378484	1.0478	1110000	2620000	46.80	yes	286.00	21	84634	251253	0.0	no	0:18.70	876276	0	comfortable/SRR10353548/8to1.auto.s7
SRR10353548	OXFORD_NANOPORE	2269994	comfortable	1	251253	8to1	auto	42	13333	1667	13333	1667	4078.4927	3992.3796	2369672	1.0439	1020000	2610000	46.24	yes	274.00	21	84484	251253	0.0	no	0:21.63	887452	0	comfortable/SRR10353548/8to1.auto.s42
SRR10353548	OXFORD_NANOPORE	2269994	comfortable	1	251253	8to1	auto	4556	13333	1667	13333	1667	4002.7383	4119.4995	2356270	1.0380	1080000	2590000	46.54	yes	281.00	21	84208	251253	0.0	no	0:19.12	856936	0	comfortable/SRR10353548/8to1.auto.s4556
SRR10353548	OXFORD_NANOPORE	2269994	comfortable	1	251253	8to1	never	7	13333	1667	13333	1667	3909.7834	4024.4932	38181	0.0168	28390	3210000	45.43	no	NA	NA	NA	251253	0.0	no	0:39.87	1327632	0	comfortable/SRR10353548/8to1.never.s7
SRR10353548	OXFORD_NANOPORE	2269994	comfortable	1	251253	8to1	never	42	13333	1667	13333	1667	3930.4255	3894.2693	39460	0.0174	28460	2600000	44.79	no	NA	NA	NA	251253	0.0	no	0:38.40	1286212	0	comfortable/SRR10353548/8to1.never.s42
SRR10353548	OXFORD_NANOPORE	2269994	comfortable	1	251253	8to1	never	4556	13333	1667	13333	1667	3873.9531	4032.1248	38187	0.0168	28400	3300000	45.27	no	NA	NA	NA	251253	0.0	no	0:36.57	1326960	0	comfortable/SRR10353548/8to1.never.s4556
SRR10353548	OXFORD_NANOPORE	2269994	comfortable	1	251253	more4to1	auto	7	20000	5000	20000	5000	4085.8933	4094.921	2379416	1.0482	1070000	2580000	70.32	yes	286.00	21	84796	251253	0.0	no	0:24.88	1114440	0	comfortable/SRR10353548/more4to1.auto.s7
SRR10353548	OXFORD_NANOPORE	2269994	comfortable	1	251253	more4to1	auto	42	20000	5000	20000	5000	4101.114	4113.88	2383847	1.0502	1100000	2580000	70.63	yes	274.00	21	84619	251253	0.0	no	0:29.27	1121468	0	comfortable/SRR10353548/more4to1.auto.s42
SRR10353548	OXFORD_NANOPORE	2269994	comfortable	1	251253	more4to1	auto	4556	20000	5000	20000	5000	4079.39	4020.6497	2393944	1.0546	1130000	2610000	69.61	yes	281.00	21	84396	251253	0.0	no	0:22.52	1108792	0	comfortable/SRR10353548/more4to1.auto.s4556
SRR10353548	OXFORD_NANOPORE	2269994	comfortable	1	251253	more4to1	never	7	20000	5000	20000	5000	3897.798	3970.3376	39047	0.0172	29240	3280000	67.57	no	NA	NA	NA	251253	0.0	no	1:36.32	2350680	0	comfortable/SRR10353548/more4to1.never.s7
SRR10353548	OXFORD_NANOPORE	2269994	comfortable	1	251253	more4to1	never	42	20000	5000	20000	5000	3910.0293	3964.0703	39382	0.0173	30000	2730000	67.62	no	NA	NA	NA	251253	0.0	no	1:34.53	2106556	0	comfortable/SRR10353548/more4to1.never.s42
SRR10353548	OXFORD_NANOPORE	2269994	comfortable	1	251253	more4to1	never	4556	20000	5000	20000	5000	3895.0603	3946.0557	38593	0.0170	29400	3110000	67.33	no	NA	NA	NA	251253	0.0	no	1:37.30	2214492	0	comfortable/SRR10353548/more4to1.never.s4556
SRR10388020	OXFORD_NANOPORE	2218399	starved	24	7611	legacy	auto	7	2611	5000	1411	2702	3761.9363	3715.6558	2126520	0.9586	595280	2710000	4.63	yes	67.00	2	4113	7611	2.37	yes	0:01.06	128008	0	starved/SRR10388020/legacy.auto.s7
SRR10388020	OXFORD_NANOPORE	2218399	starved	24	7611	legacy	auto	42	2611	5000	1396	2672	3691.124	3763.4128	2102864	0.9479	709300	2710000	4.57	yes	68.00	2	4068	7611	2.25	yes	0:00.97	123412	0	starved/SRR10388020/legacy.auto.s42
SRR10388020	OXFORD_NANOPORE	2218399	starved	24	7611	legacy	auto	4556	2611	5000	1406	2690	3772.6594	3695.1	2008314	0.9053	640160	2630000	4.61	yes	67.00	2	4096	7611	2.60	yes	0:01.02	131384	0	starved/SRR10388020/legacy.auto.s4556
SRR10388020	OXFORD_NANOPORE	2218399	starved	24	7611	legacy	never	7	2611	5000	2611	5000	3662.0618	3716.0757	757111	0.3413	30400	2740000	8.45	no	NA	NA	NA	7611	1.56	no	0:42.84	284276	0	starved/SRR10388020/legacy.never.s7
SRR10388020	OXFORD_NANOPORE	2218399	starved	24	7611	legacy	never	42	2611	5000	2611	5000	3649.4294	3722.672	717435	0.3234	30940	2680000	8.44	no	NA	NA	NA	7611	1.06	no	0:43.68	248764	0	starved/SRR10388020/legacy.never.s42
SRR10388020	OXFORD_NANOPORE	2218399	starved	24	7611	legacy	never	4556	2611	5000	2611	5000	3726.3423	3682.508	673793	0.3037	30550	2860000	8.49	no	NA	NA	NA	7611	1.70	no	0:43.16	253952	0	starved/SRR10388020/legacy.never.s4556
SRR10388020	OXFORD_NANOPORE	2218399	starved	24	7611	1to1	auto	7	3805	3806	2057	2056	3727.2197	3735.8477	2135321	0.9626	633260	2700000	6.74	yes	67.00	2	4113	7611	0.78	yes	0:01.41	181464	0	starved/SRR10388020/1to1.auto.s7
SRR10388020	OXFORD_NANOPORE	2218399	starved	24	7611	1to1	auto	42	3805	3806	2034	2034	3666.3525	3810.859	2097845	0.9457	715840	2700000	6.67	yes	68.00	2	4068	7611	0.39	yes	0:01.09	180196	0	starved/SRR10388020/1to1.auto.s42
SRR10388020	OXFORD_NANOPORE	2218399	starved	24	7611	1to1	auto	4556	3805	3806	2048	2048	3744.3354	3699.1108	2094348	0.9441	679280	2610000	6.69	yes	67.00	2	4096	7611	0.68	yes	0:01.10	175576	0	starved/SRR10388020/1to1.auto.s4556
SRR10388020	OXFORD_NANOPORE	2218399	starved	24	7611	1to1	never	7	3805	3806	3805	3806	3695.5918	3699.4993	755014	0.3403	30940	2930000	12.34	no	NA	NA	NA	7611	0.21	no	0:44.11	322608	0	starved/SRR10388020/1to1.never.s7
SRR10388020	OXFORD_NANOPORE	2218399	starved	24	7611	1to1	never	42	3805	3806	3805	3806	3667.2837	3727.8	699933	0.3155	30970	2800000	12.34	no	NA	NA	NA	7611	0.42	no	0:44.29	290804	0	starved/SRR10388020/1to1.never.s42
SRR10388020	OXFORD_NANOPORE	2218399	starved	24	7611	1to1	never	4556	3805	3806	3805	3806	3700.3586	3694.7336	692922	0.3124	31100	2940000	12.34	no	NA	NA	NA	7611	0.34	no	0:43.73	343968	0	starved/SRR10388020/1to1.never.s4556
SRR10388020	OXFORD_NANOPORE	2218399	starved	24	7611	2to1	auto	7	5074	2537	2742	1371	3736.679	3721.24	2226814	1.0038	672450	2750000	8.97	yes	67.00	2	4113	7611	0.29	yes	0:01.39	209008	0	starved/SRR10388020/2to1.auto.s7
SRR10388020	OXFORD_NANOPORE	2218399	starved	24	7611	2to1	auto	42	5074	2537	2712	1356	3703.468	3808.8813	2133330	0.9617	680600	2560000	8.94	yes	68.00	2	4068	7611	0.29	yes	0:01.12	191372	0	starved/SRR10388020/2to1.auto.s42
SRR10388020	OXFORD_NANOPORE	2218399	starved	24	7611	2to1	auto	4556	5074	2537	2731	1365	3710.5415	3744.0945	2167900	0.9772	714370	2630000	8.93	yes	67.00	2	4096	7611	0.22	yes	0:01.08	199984	0	starved/SRR10388020/2to1.auto.s4556
SRR10388020	OXFORD_NANOPORE	2218399	starved	24	7611	2to1	never	7	5074	2537	5074	2537	3697.9443	3696.7485	707338	0.3189	30840	3070000	16.46	no	NA	NA	NA	7611	0.16	no	0:37.11	491556	0	starved/SRR10388020/2to1.never.s7
SRR10388020	OXFORD_NANOPORE	2218399	starved	24	7611	2to1	never	42	5074	2537	5074	2537	3674.709	3743.2192	686605	0.3095	31740	2900000	16.51	no	NA	NA	NA	7611	0.08	no	0:36.76	425636	0	starved/SRR10388020/2to1.never.s42
SRR10388020	OXFORD_NANOPORE	2218399	starved	24	7611	2to1	never	4556	5074	2537	5074	2537	3695.583	3701.472	654672	0.2951	31050	3100000	16.46	no	NA	NA	NA	7611	0.0	no	0:37.01	418916	0	starved/SRR10388020/2to1.never.s4556
SRR10388020	OXFORD_NANOPORE	2218399	starved	24	7611	4to1	auto	7	6088	1523	3290	823	3709.1392	3821.0522	2286885	1.0309	729860	2730000	10.87	yes	67.00	2	4113	7611	0.0	yes	0:01.06	225124	0	starved/SRR10388020/4to1.auto.s7
SRR10388020	OXFORD_NANOPORE	2218399	starved	24	7611	4to1	auto	42	6088	1523	3254	814	3737.8674	3741.5564	2180316	0.9828	716120	2590000	10.68	yes	68.00	2	4068	7611	0.12	yes	0:01.04	222788	0	starved/SRR10388020/4to1.auto.s42
SRR10388020	OXFORD_NANOPORE	2218399	starved	24	7611	4to1	auto	4556	6088	1523	3277	819	3725.4753	3706.7095	2194738	0.9893	738540	2680000	10.68	yes	67.00	2	4096	7611	0.24	yes	0:01.05	226496	0	starved/SRR10388020/4to1.auto.s4556
SRR10388020	OXFORD_NANOPORE	2218399	starved	24	7611	4to1	never	7	6088	1523	6088	1523	3692.5454	3717.5344	840532	0.3789	30700	3310000	19.79	no	NA	NA	NA	7611	0.07	no	0:26.15	468608	0	starved/SRR10388020/4to1.never.s7
SRR10388020	OXFORD_NANOPORE	2218399	starved	24	7611	4to1	never	42	6088	1523	6088	1523	3680.1072	3767.2542	738002	0.3327	31550	2980000	19.89	no	NA	NA	NA	7611	0.0	no	0:25.81	468956	0	starved/SRR10388020/4to1.never.s42
SRR10388020	OXFORD_NANOPORE	2218399	starved	24	7611	4to1	never	4556	6088	1523	6088	1523	3688.6282	3733.1936	65945	0.0297	30870	2850000	19.82	no	NA	NA	NA	7611	0.0	no	0:27.10	457356	0	starved/SRR10388020/4to1.never.s4556
SRR10388020	OXFORD_NANOPORE	2218399	starved	24	7611	8to1	auto	7	6765	846	3656	457	3733.44	3716.2756	2200532	0.9919	637260	2650000	11.95	yes	67.00	2	4113	7611	0.0	yes	0:01.15	273368	0	starved/SRR10388020/8to1.auto.s7
SRR10388020	OXFORD_NANOPORE	2218399	starved	24	7611	8to1	auto	42	6765	846	3616	452	3752.2688	3629.3008	2215600	0.9987	714750	2530000	11.71	yes	68.00	2	4068	7611	0.22	yes	0:00.92	259716	0	starved/SRR10388020/8to1.auto.s42
SRR10388020	OXFORD_NANOPORE	2218399	starved	24	7611	8to1	auto	4556	6765	846	3641	455	3710.894	3808.3801	2170125	0.9782	769290	2660000	12.01	yes	67.00	2	4096	7611	0.22	yes	0:01.44	264404	0	starved/SRR10388020/8to1.auto.s4556
SRR10388020	OXFORD_NANOPORE	2218399	starved	24	7611	8to1	never	7	6765	846	6765	846	3702.523	3657.7446	1035245	0.4667	30750	3480000	21.84	no	NA	NA	NA	7611	0.12	no	0:15.44	570340	0	starved/SRR10388020/8to1.never.s7
SRR10388020	OXFORD_NANOPORE	2218399	starved	24	7611	8to1	never	42	6765	846	6765	846	3676.7402	3863.916	840453	0.3789	31270	3060000	22.39	no	NA	NA	NA	7611	0.0	no	0:15.61	565876	0	starved/SRR10388020/8to1.never.s42
SRR10388020	OXFORD_NANOPORE	2218399	starved	24	7611	8to1	never	4556	6765	846	6765	846	3688.7148	3768.1619	532200	0.2399	30960	2890000	22.13	no	NA	NA	NA	7611	0.0	no	0:16.40	573772	0	starved/SRR10388020/8to1.never.s4556
SRR10388020	OXFORD_NANOPORE	2218399	marginal	12	15222	legacy	auto	7	10222	5000	5307	2595	3685.291	3760.6907	2271138	1.0238	796190	2660000	17.34	yes	80.00	3	7902	15222	0.0	yes	0:02.87	362180	0	marginal/SRR10388020/legacy.auto.s7
SRR10388020	OXFORD_NANOPORE	2218399	marginal	12	15222	legacy	auto	42	10222	5000	5284	2584	3719.3096	3671.9175	2280126	1.0278	806440	2610000	17.13	yes	63.00	3	7868	15222	0.0	yes	0:02.71	349060	0	marginal/SRR10388020/legacy.auto.s42
SRR10388020	OXFORD_NANOPORE	2218399	marginal	12	15222	legacy	auto	4556	10222	5000	5280	2582	3659.5378	3818.7153	2237698	1.0087	782870	2600000	17.33	yes	77.00	3	7862	15222	0.0	yes	0:02.86	354952	0	marginal/SRR10388020/legacy.auto.s4556
SRR10388020	OXFORD_NANOPORE	2218399	marginal	12	15222	legacy	never	7	10222	5000	10222	5000	3663.43	3729.2903	689926	0.3110	31130	3270000	33.15	no	NA	NA	NA	15222	0.02	no	1:57.22	845236	0	marginal/SRR10388020/legacy.never.s7
SRR10388020	OXFORD_NANOPORE	2218399	marginal	12	15222	legacy	never	42	10222	5000	10222	5000	3675.4138	3704.79	766678	0.3456	31100	3310000	33.09	no	NA	NA	NA	15222	0.0	no	1:55.00	882612	0	marginal/SRR10388020/legacy.never.s42
SRR10388020	OXFORD_NANOPORE	2218399	marginal	12	15222	legacy	never	4556	10222	5000	10222	5000	3700.205	3654.1072	612930	0.2763	31160	3140000	32.97	no	NA	NA	NA	15222	0.0	no	1:55.50	848500	0	marginal/SRR10388020/legacy.never.s4556
SRR10388020	OXFORD_NANOPORE	2218399	marginal	12	15222	1to1	auto	7	7611	7611	3951	3951	3701.641	3718.4634	2250718	1.0146	758120	2610000	12.86	yes	80.00	3	7902	15222	0.03	yes	0:03.23	287944	0	marginal/SRR10388020/1to1.auto.s7
SRR10388020	OXFORD_NANOPORE	2218399	marginal	12	15222	1to1	auto	42	7611	7611	3934	3934	3713.273	3694.2173	2228093	1.0044	790570	2600000	12.78	yes	63.00	3	7868	15222	0.0	yes	0:02.92	292316	0	marginal/SRR10388020/1to1.auto.s42
SRR10388020	OXFORD_NANOPORE	2218399	marginal	12	15222	1to1	auto	4556	7611	7611	3931	3931	3619.2266	3804.4016	2217164	0.9994	780850	2600000	12.80	yes	77.00	3	7862	15222	0.03	yes	0:03.15	284732	0	marginal/SRR10388020/1to1.auto.s4556
SRR10388020	OXFORD_NANOPORE	2218399	marginal	12	15222	1to1	never	7	7611	7611	7611	7611	3658.172	3711.9543	672009	0.3029	31350	3180000	24.60	no	NA	NA	NA	15222	0.01	no	2:32.66	713452	0	marginal/SRR10388020/1to1.never.s7
SRR10388020	OXFORD_NANOPORE	2218399	marginal	12	15222	1to1	never	42	7611	7611	7611	7611	3693.076	3677.0505	780457	0.3518	30680	3230000	24.60	no	NA	NA	NA	15222	0.01	no	2:30.82	742508	0	marginal/SRR10388020/1to1.never.s42
SRR10388020	OXFORD_NANOPORE	2218399	marginal	12	15222	1to1	never	4556	7611	7611	7611	7611	3696.2246	3673.9016	609766	0.2749	31230	3020000	24.60	no	NA	NA	NA	15222	0.01	no	2:29.61	698684	0	marginal/SRR10388020/1to1.never.s4556
SRR10388020	OXFORD_NANOPORE	2218399	marginal	12	15222	2to1	auto	7	10148	5074	5268	2634	3682.8672	3764.422	2275301	1.0257	783860	2670000	17.21	yes	80.00	3	7902	15222	0.0	yes	0:03.35	348568	0	marginal/SRR10388020/2to1.auto.s7
SRR10388020	OXFORD_NANOPORE	2218399	marginal	12	15222	2to1	auto	42	10148	5074	5246	2622	3707.8423	3695.5483	2283304	1.0293	805500	2600000	17.04	yes	63.00	3	7868	15222	0.0	yes	0:03.36	352480	0	marginal/SRR10388020/2to1.auto.s42
SRR10388020	OXFORD_NANOPORE	2218399	marginal	12	15222	2to1	auto	4556	10148	5074	5242	2620	3660.4402	3814.6016	2236814	1.0083	794150	2600000	17.19	yes	77.00	3	7862	15222	0.0	yes	0:03.41	357480	0	marginal/SRR10388020/2to1.auto.s4556
SRR10388020	OXFORD_NANOPORE	2218399	marginal	12	15222	2to1	never	7	10148	5074	10148	5074	3663.2573	3728.6753	677922	0.3056	31130	3250000	32.90	no	NA	NA	NA	15222	0.02	no	2:24.82	820900	0	marginal/SRR10388020/2to1.never.s7
SRR10388020	OXFORD_NANOPORE	2218399	marginal	12	15222	2to1	never	42	10148	5074	10148	5074	3669.925	3715.3394	775550	0.3496	31030	3340000	32.87	no	NA	NA	NA	15222	0.0	no	1:57.71	860116	0	marginal/SRR10388020/2to1.never.s42
SRR10388020	OXFORD_NANOPORE	2218399	marginal	12	15222	2to1	never	4556	10148	5074	10148	5074	3703.0981	3648.9934	634802	0.2862	31150	3140000	32.72	no	NA	NA	NA	15222	0.0	no	1:57.76	851092	0	marginal/SRR10388020/2to1.never.s4556
SRR10388020	OXFORD_NANOPORE	2218399	marginal	12	15222	4to1	auto	7	12177	3045	6322	1580	3680.7036	3827.4849	2309688	1.0412	786140	2620000	20.83	yes	80.00	3	7902	15222	0.0	yes	0:03.03	407288	0	marginal/SRR10388020/4to1.auto.s7
SRR10388020	OXFORD_NANOPORE	2218399	marginal	12	15222	4to1	auto	42	12177	3045	6295	1573	3700.9321	3715.0024	2309348	1.0410	845210	2660000	20.48	yes	63.00	3	7868	15222	0.0	yes	0:02.47	393188	0	marginal/SRR10388020/4to1.auto.s42
SRR10388020	OXFORD_NANOPORE	2218399	marginal	12	15222	4to1	auto	4556	12177	3045	6290	1572	3700.2231	3758.1921	2260133	1.0188	772850	2550000	20.58	yes	77.00	3	7862	15222	0.0	yes	0:04.30	410728	0	marginal/SRR10388020/4to1.auto.s4556
SRR10388020	OXFORD_NANOPORE	2218399	marginal	12	15222	4to1	never	7	12177	3045	12177	3045	3680.0027	3705.2998	570260	0.2571	31050	3200000	39.45	no	NA	NA	NA	15222	0.0	no	1:18.43	947388	0	marginal/SRR10388020/4to1.never.s7
SRR10388020	OXFORD_NANOPORE	2218399	marginal	12	15222	4to1	never	42	12177	3045	12177	3045	3686.054	3681.1008	732132	0.3300	31290	3400000	39.35	no	NA	NA	NA	15222	0.0	no	1:18.79	893436	0	marginal/SRR10388020/4to1.never.s42
SRR10388020	OXFORD_NANOPORE	2218399	marginal	12	15222	4to1	never	4556	12177	3045	12177	3045	3693.3	3652.123	503306	0.2269	31070	3100000	39.23	no	NA	NA	NA	15222	0.0	no	1:17.88	901436	0	marginal/SRR10388020/4to1.never.s4556
SRR10388020	OXFORD_NANOPORE	2218399	marginal	12	15222	8to1	auto	7	13530	1692	7024	878	3710.254	3708.4385	2314110	1.0431	821900	2630000	22.86	yes	80.00	3	7902	15222	0.0	yes	0:02.21	446620	0	marginal/SRR10388020/8to1.auto.s7
SRR10388020	OXFORD_NANOPORE	2218399	marginal	12	15222	8to1	auto	42	13530	1692	6994	874	3694.6172	3776.7917	2291022	1.0327	861620	2580000	22.93	yes	63.00	3	7868	15222	0.0	yes	0:02.15	445716	0	marginal/SRR10388020/8to1.auto.s42
SRR10388020	OXFORD_NANOPORE	2218399	marginal	12	15222	8to1	auto	4556	13530	1692	6989	873	3708.6948	3736.7869	2253533	1.0158	804060	2550000	22.83	yes	77.00	3	7862	15222	0.0	yes	0:03.35	455764	0	marginal/SRR10388020/8to1.auto.s4556
SRR10388020	OXFORD_NANOPORE	2218399	marginal	12	15222	8to1	never	7	13530	1692	13530	1692	3673.4104	3778.2434	635250	0.2864	31220	3280000	44.23	no	NA	NA	NA	15222	0.0	no	0:45.24	958320	0	marginal/SRR10388020/8to1.never.s7
SRR10388020	OXFORD_NANOPORE	2218399	marginal	12	15222	8to1	never	42	13530	1692	13530	1692	3686.2422	3675.6372	611540	0.2757	30760	3270000	43.69	no	NA	NA	NA	15222	0.0	no	0:44.98	895592	0	marginal/SRR10388020/8to1.never.s42
SRR10388020	OXFORD_NANOPORE	2218399	marginal	12	15222	8to1	never	4556	13530	1692	13530	1692	3688.0183	3661.4338	380800	0.1717	30870	3000000	43.61	no	NA	NA	NA	15222	0.0	no	0:45.66	913640	0	marginal/SRR10388020/8to1.never.s4556
SRR10388020	OXFORD_NANOPORE	2218399	comfortable	1	182663	legacy	auto	7	10000	5000	10000	5000	3700.318	3681.866	2284346	1.0297	914690	2560000	32.38	yes	181.00	16	67245	182663	0.0	no	0:17.52	646068	0	comfortable/SRR10388020/legacy.auto.s7
SRR10388020	OXFORD_NANOPORE	2218399	comfortable	1	182663	legacy	auto	42	10000	5000	10000	5000	3635.68	3628.3608	2320268	1.0459	866270	2570000	31.85	yes	205.00	17	69167	182663	0.0	no	0:19.87	662724	0	comfortable/SRR10388020/legacy.auto.s42
SRR10388020	OXFORD_NANOPORE	2218399	comfortable	1	182663	legacy	auto	4556	10000	5000	10000	5000	3641.092	3620.1265	2314366	1.0433	844350	2600000	31.83	yes	205.00	16	66867	182663	0.0	no	0:16.34	611620	0	comfortable/SRR10388020/legacy.auto.s4556
SRR10388020	OXFORD_NANOPORE	2218399	comfortable	1	182663	legacy	never	7	10000	5000	10000	5000	3704.8096	3690.5696	749385	0.3378	30720	3260000	32.44	no	NA	NA	NA	182663	0.0	no	1:17.55	1168784	0	comfortable/SRR10388020/legacy.never.s7
SRR10388020	OXFORD_NANOPORE	2218399	comfortable	1	182663	legacy	never	42	10000	5000	10000	5000	3632.6824	3771.156	891136	0.4017	30460	3400000	32.48	no	NA	NA	NA	182663	0.0	no	1:05.06	1191796	0	comfortable/SRR10388020/legacy.never.s42
SRR10388020	OXFORD_NANOPORE	2218399	comfortable	1	182663	legacy	never	4556	10000	5000	10000	5000	3683.6252	3667.3892	778305	0.3508	30700	3410000	32.24	no	NA	NA	NA	182663	0.0	no	1:05.36	1205872	0	comfortable/SRR10388020/legacy.never.s4556
SRR10388020	OXFORD_NANOPORE	2218399	comfortable	1	182663	1to1	auto	7	7500	7500	7500	7500	3740.108	3648.2266	2280676	1.0281	909170	2580000	24.31	yes	181.00	16	67245	182663	0.0	no	0:14.61	534364	0	comfortable/SRR10388020/1to1.auto.s7
SRR10388020	OXFORD_NANOPORE	2218399	comfortable	1	182663	1to1	auto	42	7500	7500	7500	7500	3643.0715	3623.4092	2315229	1.0436	849960	2590000	23.89	yes	205.00	17	69167	182663	0.0	no	0:15.92	548128	0	comfortable/SRR10388020/1to1.auto.s42
SRR10388020	OXFORD_NANOPORE	2218399	comfortable	1	182663	1to1	auto	4556	7500	7500	7500	7500	3638.8892	3629.318	2284842	1.0300	838350	2620000	23.90	yes	205.00	16	66867	182663	0.0	no	0:14.37	506180	0	comfortable/SRR10388020/1to1.auto.s4556
SRR10388020	OXFORD_NANOPORE	2218399	comfortable	1	182663	1to1	never	7	7500	7500	7500	7500	3712.9814	3687.145	743126	0.3350	30700	3140000	24.35	no	NA	NA	NA	182663	0.0	no	1:23.59	1178028	0	comfortable/SRR10388020/1to1.never.s7
SRR10388020	OXFORD_NANOPORE	2218399	comfortable	1	182663	1to1	never	42	7500	7500	7500	7500	3641.8267	3715.8538	868475	0.3915	30070	3310000	24.20	no	NA	NA	NA	182663	0.0	no	1:31.61	1148116	0	comfortable/SRR10388020/1to1.never.s42
SRR10388020	OXFORD_NANOPORE	2218399	comfortable	1	182663	1to1	never	4556	7500	7500	7500	7500	3673.5874	3682.8389	712022	0.3210	30450	3340000	24.20	no	NA	NA	NA	182663	0.07	no	1:22.21	1133672	0	comfortable/SRR10388020/1to1.never.s4556
SRR10388020	OXFORD_NANOPORE	2218399	comfortable	1	182663	2to1	auto	7	10000	5000	10000	5000	3700.318	3681.866	2284346	1.0297	914690	2560000	32.38	yes	181.00	16	67245	182663	0.0	no	0:14.60	624380	0	comfortable/SRR10388020/2to1.auto.s7
SRR10388020	OXFORD_NANOPORE	2218399	comfortable	1	182663	2to1	auto	42	10000	5000	10000	5000	3635.68	3628.3608	2320268	1.0459	866270	2570000	31.85	yes	205.00	17	69167	182663	0.0	no	0:14.51	615736	0	comfortable/SRR10388020/2to1.auto.s42
SRR10388020	OXFORD_NANOPORE	2218399	comfortable	1	182663	2to1	auto	4556	10000	5000	10000	5000	3641.092	3620.1265	2314366	1.0433	844350	2600000	31.83	yes	205.00	16	66867	182663	0.0	no	0:14.78	633924	0	comfortable/SRR10388020/2to1.auto.s4556
SRR10388020	OXFORD_NANOPORE	2218399	comfortable	1	182663	2to1	never	7	10000	5000	10000	5000	3704.8096	3690.5696	749385	0.3378	30720	3260000	32.44	no	NA	NA	NA	182663	0.0	no	1:05.46	1246300	0	comfortable/SRR10388020/2to1.never.s7
SRR10388020	OXFORD_NANOPORE	2218399	comfortable	1	182663	2to1	never	42	10000	5000	10000	5000	3632.6824	3771.156	891136	0.4017	30460	3400000	32.48	no	NA	NA	NA	182663	0.0	no	1:15.73	1194900	0	comfortable/SRR10388020/2to1.never.s42
SRR10388020	OXFORD_NANOPORE	2218399	comfortable	1	182663	2to1	never	4556	10000	5000	10000	5000	3683.6252	3667.3892	778305	0.3508	30700	3410000	32.24	no	NA	NA	NA	182663	0.0	no	1:15.52	1205288	0	comfortable/SRR10388020/2to1.never.s4556
SRR10388020	OXFORD_NANOPORE	2218399	comfortable	1	182663	4to1	auto	7	12000	3000	12000	3000	3699.1887	3674.0828	2313879	1.0430	892610	2550000	38.81	yes	181.00	16	67245	182663	0.0	no	0:17.10	770732	0	comfortable/SRR10388020/4to1.auto.s7
SRR10388020	OXFORD_NANOPORE	2218399	comfortable	1	182663	4to1	auto	42	12000	3000	12000	3000	3626.323	3660.909	2341571	1.0555	919420	2610000	38.34	yes	205.00	17	69167	182663	0.0	no	0:15.15	723800	0	comfortable/SRR10388020/4to1.auto.s42
SRR10388020	OXFORD_NANOPORE	2218399	comfortable	1	182663	4to1	auto	4556	12000	3000	12000	3000	3635.0977	3630.1274	2329981	1.0503	867890	2590000	38.22	yes	205.00	16	66867	182663	0.0	no	0:13.89	760136	0	comfortable/SRR10388020/4to1.auto.s4556
SRR10388020	OXFORD_NANOPORE	2218399	comfortable	1	182663	4to1	never	7	12000	3000	12000	3000	3695.4355	3718.573	442107	0.1993	31100	3270000	39.03	no	NA	NA	NA	182663	0.0	no	0:57.03	1357740	0	comfortable/SRR10388020/4to1.never.s7
SRR10388020	OXFORD_NANOPORE	2218399	comfortable	1	182663	4to1	never	42	12000	3000	12000	3000	3666.9282	3726.4883	805196	0.3630	30890	3410000	38.92	no	NA	NA	NA	182663	0.0	no	0:47.43	1355144	0	comfortable/SRR10388020/4to1.never.s42
SRR10388020	OXFORD_NANOPORE	2218399	comfortable	1	182663	4to1	never	4556	12000	3000	12000	3000	3686.164	3646.41	829954	0.3741	30990	3480000	38.59	no	NA	NA	NA	182663	0.0	no	0:44.35	1269324	0	comfortable/SRR10388020/4to1.never.s4556
SRR10388020	OXFORD_NANOPORE	2218399	comfortable	1	182663	8to1	auto	7	13333	1667	13333	1667	3690.0273	3727.279	2340503	1.0550	889180	2560000	43.38	yes	181.00	16	67245	182663	0.0	no	0:20.79	777028	0	comfortable/SRR10388020/8to1.auto.s7
SRR10388020	OXFORD_NANOPORE	2218399	comfortable	1	182663	8to1	auto	42	13333	1667	13333	1667	3622.1045	3722.306	2351060	1.0598	944240	2590000	42.95	yes	205.00	17	69167	182663	0.0	no	0:15.69	793872	0	comfortable/SRR10388020/8to1.auto.s42
SRR10388020	OXFORD_NANOPORE	2218399	comfortable	1	182663	8to1	auto	4556	13333	1667	13333	1667	3633.9268	3635.52	2339274	1.0545	864360	2570000	42.49	yes	205.00	16	66867	182663	0.0	no	0:15.71	787956	0	comfortable/SRR10388020/8to1.auto.s4556
SRR10388020	OXFORD_NANOPORE	2218399	comfortable	1	182663	8to1	never	7	13333	1667	13333	1667	3694.8264	3741.9465	374706	0.1689	30600	3400000	43.50	no	NA	NA	NA	182663	0.0	no	0:40.60	1269776	0	comfortable/SRR10388020/8to1.never.s7
SRR10388020	OXFORD_NANOPORE	2218399	comfortable	1	182663	8to1	never	42	13333	1667	13333	1667	3668.9424	3758.007	766146	0.3454	30860	3480000	43.44	no	NA	NA	NA	182663	0.0	no	0:29.89	1330360	0	comfortable/SRR10388020/8to1.never.s42
SRR10388020	OXFORD_NANOPORE	2218399	comfortable	1	182663	8to1	never	4556	13333	1667	13333	1667	3687.4995	3603.9382	731356	0.3297	31050	3380000	42.63	no	NA	NA	NA	182663	0.0	no	0:29.44	1303856	0	comfortable/SRR10388020/8to1.never.s4556
SRR10388020	OXFORD_NANOPORE	2218399	comfortable	1	182663	more4to1	auto	7	20000	5000	20000	5000	3686.7244	3671.9712	2379907	1.0728	948790	2570000	64.55	yes	181.00	16	67445	182663	0.0	no	0:16.72	1074328	0	comfortable/SRR10388020/more4to1.auto.s7
SRR10388020	OXFORD_NANOPORE	2218399	comfortable	1	182663	more4to1	auto	42	20000	5000	20000	5000	3650.2632	3701.6904	2382793	1.0741	915920	2590000	64.49	yes	205.00	17	69243	182663	0.0	no	0:18.02	1077560	0	comfortable/SRR10388020/more4to1.auto.s42
SRR10388020	OXFORD_NANOPORE	2218399	comfortable	1	182663	more4to1	auto	4556	20000	5000	20000	5000	3675.0156	3685.8025	2360012	1.0638	952090	2560000	64.57	yes	205.00	16	67176	182663	0.0	no	0:17.95	1115932	0	comfortable/SRR10388020/more4to1.auto.s4556
SRR10388020	OXFORD_NANOPORE	2218399	comfortable	1	182663	more4to1	never	7	20000	5000	20000	5000	3697.8457	3690.5696	768964	0.3466	32190	3470000	64.82	no	NA	NA	NA	182663	0.0	no	1:59.85	1848352	0	comfortable/SRR10388020/more4to1.never.s7
SRR10388020	OXFORD_NANOPORE	2218399	comfortable	1	182663	more4to1	never	42	20000	5000	20000	5000	3661.684	3771.156	891150	0.4017	32090	3560000	65.22	no	NA	NA	NA	182663	0.0	no	1:14.75	1927272	0	comfortable/SRR10388020/more4to1.never.s42
SRR10388020	OXFORD_NANOPORE	2218399	comfortable	1	182663	more4to1	never	4556	20000	5000	20000	5000	3678.525	3667.3892	758200	0.3418	32080	3680000	64.43	no	NA	NA	NA	182663	0.0	no	1:15.65	1738756	0	comfortable/SRR10388020/more4to1.never.s4556
SRR10861747	OXFORD_NANOPORE	2211092	starved	27	7610	legacy	auto	7	2610	5000	946	1810	5701.2324	5850.329	1905478	0.8618	678140	2440000	4.86	yes	111.00	2	2756	7610	1.82	yes	0:01.25	126448	0	starved/SRR10861747/legacy.auto.s7
SRR10861747	OXFORD_NANOPORE	2211092	starved	27	7610	legacy	auto	42	2610	5000	933	1787	5918.653	5746.0645	1967562	0.8899	761970	2550000	4.84	yes	108.00	2	2720	7610	0.45	yes	0:01.78	145080	0	starved/SRR10861747/legacy.auto.s42
SRR10861747	OXFORD_NANOPORE	2211092	starved	27	7610	legacy	auto	4556	2610	5000	940	1799	5938.581	5727.6577	1894080	0.8566	683640	2470000	4.88	yes	104.00	2	2739	7610	1.06	yes	0:01.16	133276	0	starved/SRR10861747/legacy.auto.s4556
SRR10861747	OXFORD_NANOPORE	2211092	starved	27	7610	legacy	never	7	2610	5000	2610	5000	4847.9863	4813.8447	42767	0.0193	28710	880700	11.17	no	NA	NA	NA	7610	0.68	no	1:45.43	361524	0	starved/SRR10861747/legacy.never.s7
SRR10861747	OXFORD_NANOPORE	2211092	starved	27	7610	legacy	never	42	2610	5000	2610	5000	4791.0034	4843.59	43942	0.0199	28000	873710	11.14	no	NA	NA	NA	7610	0.34	no	1:45.05	342200	0	starved/SRR10861747/legacy.never.s42
SRR10861747	OXFORD_NANOPORE	2211092	starved	27	7610	legacy	never	4556	2610	5000	2610	5000	4819.2676	4828.8354	41759	0.0189	29690	933910	11.15	no	NA	NA	NA	7610	0.62	no	1:44.12	338476	0	starved/SRR10861747/legacy.never.s4556
SRR10861747	OXFORD_NANOPORE	2211092	starved	27	7610	1to1	auto	7	3805	3805	1378	1378	5799.1104	5799.193	1945271	0.8798	700980	2370000	7.10	yes	111.00	2	2756	7610	0.73	yes	0:01.41	178100	0	starved/SRR10861747/1to1.auto.s7
SRR10861747	OXFORD_NANOPORE	2211092	starved	27	7610	1to1	auto	42	3805	3805	1360	1360	5864.919	5745.6104	1972617	0.8921	786980	2450000	7.02	yes	108.00	2	2720	7610	0.0	yes	0:01.38	176652	0	starved/SRR10861747/1to1.auto.s42
SRR10861747	OXFORD_NANOPORE	2211092	starved	27	7610	1to1	auto	4556	3805	3805	1370	1369	5842.662	5757.396	1944644	0.8795	722180	2420000	7.06	yes	104.00	2	2739	7610	0.22	yes	0:01.38	181452	0	starved/SRR10861747/1to1.auto.s4556
SRR10861747	OXFORD_NANOPORE	2211092	starved	27	7610	1to1	never	7	3805	3805	3805	3805	4842.463	4808.6455	43050	0.0195	29150	858470	16.27	no	NA	NA	NA	7610	0.18	no	1:49.52	642096	0	starved/SRR10861747/1to1.never.s7
SRR10861747	OXFORD_NANOPORE	2211092	starved	27	7610	1to1	never	42	3805	3805	3805	3805	4786.4956	4864.613	42558	0.0192	28180	896240	16.27	no	NA	NA	NA	7610	0.13	no	1:47.88	643024	0	starved/SRR10861747/1to1.never.s42
SRR10861747	OXFORD_NANOPORE	2211092	starved	27	7610	1to1	never	4556	3805	3805	3805	3805	4841.063	4810.0454	41973	0.0190	29340	974490	16.27	no	NA	NA	NA	7610	0.03	no	1:46.87	636608	0	starved/SRR10861747/1to1.never.s4556
SRR10861747	OXFORD_NANOPORE	2211092	starved	27	7610	2to1	auto	7	5073	2537	1838	918	5801.327	5794.7964	1959267	0.8861	723580	2310000	9.47	yes	111.00	2	2756	7610	0.33	yes	0:01.37	208524	0	starved/SRR10861747/2to1.auto.s7
SRR10861747	OXFORD_NANOPORE	2211092	starved	27	7610	2to1	auto	42	5073	2537	1814	906	5791.0938	5833.638	1960743	0.8868	829580	2370000	9.37	yes	108.00	2	2720	7610	0.0	yes	0:01.30	208264	0	starved/SRR10861747/2to1.auto.s42
SRR10861747	OXFORD_NANOPORE	2211092	starved	27	7610	2to1	auto	4556	5073	2537	1826	913	5857.812	5684.5093	1940296	0.8775	720020	2320000	9.37	yes	104.00	2	2739	7610	0.0	yes	0:01.36	208536	0	starved/SRR10861747/2to1.auto.s4556
SRR10861747	OXFORD_NANOPORE	2211092	starved	27	7610	2to1	never	7	5073	2537	5073	2537	4869.117	4738.445	42736	0.0193	29330	827690	21.59	no	NA	NA	NA	7610	0.04	no	1:27.20	683980	0	starved/SRR10861747/2to1.never.s7
SRR10861747	OXFORD_NANOPORE	2211092	starved	27	7610	2to1	never	42	5073	2537	5073	2537	4837.688	4801.2915	42761	0.0193	28900	836020	21.66	no	NA	NA	NA	7610	0.04	no	1:30.39	687816	0	starved/SRR10861747/2to1.never.s42
SRR10861747	OXFORD_NANOPORE	2211092	starved	27	7610	2to1	never	4556	5073	2537	5073	2537	4838.7627	4799.142	42757	0.0193	29090	880420	21.66	no	NA	NA	NA	7610	0.0	no	1:28.44	666636	0	starved/SRR10861747/2to1.never.s4556
SRR10861747	OXFORD_NANOPORE	2211092	starved	27	7610	4to1	auto	7	6088	1522	2205	551	5809.5254	5757.637	1930111	0.8729	718400	2230000	11.34	yes	111.00	2	2756	7610	0.18	yes	0:01.22	246676	0	starved/SRR10861747/4to1.auto.s7
SRR10861747	OXFORD_NANOPORE	2211092	starved	27	7610	4to1	auto	42	6088	1522	2176	544	5831.5024	5700.3145	2081066	0.9412	810890	2390000	11.15	yes	108.00	2	2720	7610	0.0	yes	0:01.37	253516	0	starved/SRR10861747/4to1.auto.s42
SRR10861747	OXFORD_NANOPORE	2211092	starved	27	7610	4to1	auto	4556	6088	1522	2192	547	5880.904	5476.0166	1936344	0.8757	731840	2290000	11.06	yes	104.00	2	2739	7610	0.0	yes	0:01.20	250392	0	starved/SRR10861747/4to1.auto.s4556
SRR10861747	OXFORD_NANOPORE	2211092	starved	27	7610	4to1	never	7	6088	1522	6088	1522	4831.14	4803.2095	42598	0.0193	29040	839510	25.98	no	NA	NA	NA	7610	0.0	no	0:59.28	723700	0	starved/SRR10861747/4to1.never.s7
SRR10861747	OXFORD_NANOPORE	2211092	starved	27	7610	4to1	never	42	6088	1522	6088	1522	4829.611	4809.3257	42396	0.0192	29060	824690	25.99	no	NA	NA	NA	7610	0.07	no	0:59.79	805504	0	starved/SRR10861747/4to1.never.s42
SRR10861747	OXFORD_NANOPORE	2211092	starved	27	7610	4to1	never	4556	6088	1522	6088	1522	4847.436	4738.0254	43318	0.0196	28880	814680	25.84	no	NA	NA	NA	7610	0.0	no	1:00.25	729004	0	starved/SRR10861747/4to1.never.s4556
SRR10861747	OXFORD_NANOPORE	2211092	starved	27	7610	8to1	auto	7	6764	846	2450	306	5807.3477	5733.5293	1997052	0.9032	673780	2270000	12.57	yes	111.00	2	2756	7610	0.33	yes	0:01.17	272532	0	starved/SRR10861747/8to1.auto.s7
SRR10861747	OXFORD_NANOPORE	2211092	starved	27	7610	8to1	auto	42	6764	846	2418	302	5861.201	5357.401	2085700	0.9433	837160	2370000	12.05	yes	108.00	2	2720	7610	0.0	yes	0:01.22	271540	0	starved/SRR10861747/8to1.auto.s42
SRR10861747	OXFORD_NANOPORE	2211092	starved	27	7610	8to1	auto	4556	6764	846	2435	304	5815.0957	5679.487	1904862	0.8615	799120	2220000	12.44	yes	104.00	2	2739	7610	0.0	yes	0:01.15	271072	0	starved/SRR10861747/8to1.auto.s4556
SRR10861747	OXFORD_NANOPORE	2211092	starved	27	7610	8to1	never	7	6764	846	6764	846	4822.8506	4847.169	42758	0.0193	28790	891050	28.97	no	NA	NA	NA	7610	0.0	no	0:35.86	843168	0	starved/SRR10861747/8to1.never.s7
SRR10861747	OXFORD_NANOPORE	2211092	starved	27	7610	8to1	never	42	6764	846	6764	846	4824.191	4836.455	42713	0.0193	28870	834560	28.94	no	NA	NA	NA	7610	0.0	no	0:35.37	894504	0	starved/SRR10861747/8to1.never.s42
SRR10861747	OXFORD_NANOPORE	2211092	starved	27	7610	8to1	never	4556	6764	846	6764	846	4839.1714	4716.6797	42657	0.0193	28920	865040	28.62	no	NA	NA	NA	7610	0.0	no	0:35.13	1000624	0	starved/SRR10861747/8to1.never.s4556
SRR10861747	OXFORD_NANOPORE	2211092	marginal	14	14676	legacy	auto	7	9676	5000	3544	1831	5815.3657	5934.1655	1993076	0.9014	776750	2280000	18.51	yes	103.00	4	5375	14676	0.0	yes	0:03.64	371668	0	marginal/SRR10861747/legacy.auto.s7
SRR10861747	OXFORD_NANOPORE	2211092	marginal	14	14676	legacy	auto	42	9676	5000	3528	1823	5868.207	5877.2627	2056436	0.9301	781970	2380000	18.42	yes	100.00	4	5351	14676	0.0	yes	0:03.39	328752	0	marginal/SRR10861747/legacy.auto.s42
SRR10861747	OXFORD_NANOPORE	2211092	marginal	14	14676	legacy	auto	4556	9676	5000	3548	1833	5880.8687	5783.5527	1983351	0.8970	791880	2330000	18.40	yes	109.00	4	5381	14676	0.0	yes	0:03.20	371224	0	marginal/SRR10861747/legacy.auto.s4556
SRR10861747	OXFORD_NANOPORE	2211092	marginal	14	14676	legacy	never	7	9676	5000	9676	5000	4853.5825	4883.26	43149	0.0195	28570	851530	41.74	no	NA	NA	NA	14676	0.0	no	4:12.48	1519496	0	marginal/SRR10861747/legacy.never.s7
SRR10861747	OXFORD_NANOPORE	2211092	marginal	14	14676	legacy	never	42	9676	5000	9676	5000	4846.187	4897.572	42886	0.0194	28700	872990	41.77	no	NA	NA	NA	14676	0.0	no	4:06.98	1506880	0	marginal/SRR10861747/legacy.never.s42
SRR10861747	OXFORD_NANOPORE	2211092	marginal	14	14676	legacy	never	4556	9676	5000	9676	5000	4886.465	4819.6265	43217	0.0195	28680	829160	41.60	no	NA	NA	NA	14676	0.0	no	4:07.54	1396104	0	marginal/SRR10861747/legacy.never.s4556
SRR10861747	OXFORD_NANOPORE	2211092	marginal	14	14676	1to1	auto	7	7338	7338	2688	2687	5833.629	5878.0493	1952007	0.8828	736830	2300000	14.00	yes	103.00	4	5375	14676	0.0	yes	0:03.59	298152	0	marginal/SRR10861747/1to1.auto.s7
SRR10861747	OXFORD_NANOPORE	2211092	marginal	14	14676	1to1	auto	42	7338	7338	2676	2675	5884.549	5858.0303	1993189	0.9015	784910	2340000	13.97	yes	100.00	4	5351	14676	0.0	yes	0:03.56	266784	0	marginal/SRR10861747/1to1.auto.s42
SRR10861747	OXFORD_NANOPORE	2211092	marginal	14	14676	1to1	auto	4556	7338	7338	2691	2690	5917.193	5778.2188	1927368	0.8717	807640	2290000	13.99	yes	109.00	4	5381	14676	0.0	yes	0:03.39	283284	0	marginal/SRR10861747/1to1.auto.s4556
SRR10861747	OXFORD_NANOPORE	2211092	marginal	14	14676	1to1	never	7	7338	7338	7338	7338	4831.825	4895.5615	44265	0.0200	28140	821800	31.62	no	NA	NA	NA	14676	0.0	no	5:58.02	1439376	0	marginal/SRR10861747/1to1.never.s7
SRR10861747	OXFORD_NANOPORE	2211092	marginal	14	14676	1to1	never	42	7338	7338	7338	7338	4856.651	4870.7354	41884	0.0189	29200	854570	31.62	no	NA	NA	NA	14676	0.0	no	5:54.32	1407724	0	marginal/SRR10861747/1to1.never.s42
SRR10861747	OXFORD_NANOPORE	2211092	marginal	14	14676	1to1	never	4556	7338	7338	7338	7338	4909.6846	4817.7017	43491	0.0197	28630	807540	31.62	no	NA	NA	NA	14676	0.01	no	5:55.49	1372944	0	marginal/SRR10861747/1to1.never.s4556
SRR10861747	OXFORD_NANOPORE	2211092	marginal	14	14676	2to1	auto	7	9784	4892	3584	1791	5821.9834	5923.576	2002705	0.9058	786050	2280000	18.72	yes	103.00	4	5375	14676	0.0	yes	0:03.36	368476	0	marginal/SRR10861747/2to1.auto.s7
SRR10861747	OXFORD_NANOPORE	2211092	marginal	14	14676	2to1	auto	42	9784	4892	3568	1783	5863.787	5886.3105	2050860	0.9275	790420	2370000	18.64	yes	100.00	4	5351	14676	0.0	yes	0:03.20	341232	0	marginal/SRR10861747/2to1.auto.s42
SRR10861747	OXFORD_NANOPORE	2211092	marginal	14	14676	2to1	auto	4556	9784	4892	3588	1793	5876.3213	5790.4814	1993313	0.9015	802930	2340000	18.61	yes	109.00	4	5381	14676	0.0	yes	0:03.30	374100	0	marginal/SRR10861747/2to1.auto.s4556
SRR10861747	OXFORD_NANOPORE	2211092	marginal	14	14676	2to1	never	7	9784	4892	9784	4892	4852.1226	4886.8345	43264	0.0196	28520	853980	42.21	no	NA	NA	NA	14676	0.0	no	3:56.13	1412764	0	marginal/SRR10861747/2to1.never.s7
SRR10861747	OXFORD_NANOPORE	2211092	marginal	14	14676	2to1	never	42	9784	4892	9784	4892	4847.3115	4896.456	42947	0.0194	28700	873910	42.24	no	NA	NA	NA	14676	0.0	no	3:56.31	1507308	0	marginal/SRR10861747/2to1.never.s42
SRR10861747	OXFORD_NANOPORE	2211092	marginal	14	14676	2to1	never	4556	9784	4892	9784	4892	4884.689	4821.7017	43265	0.0196	28670	832300	42.07	no	NA	NA	NA	14676	0.0	no	3:56.64	1457100	0	marginal/SRR10861747/2to1.never.s4556
SRR10861747	OXFORD_NANOPORE	2211092	marginal	14	14676	4to1	auto	7	11740	2936	4300	1075	5829.993	5959.2026	1967944	0.8900	799810	2300000	22.54	yes	103.00	4	5375	14676	0.0	yes	0:02.95	441064	0	marginal/SRR10861747/4to1.auto.s7
SRR10861747	OXFORD_NANOPORE	2211092	marginal	14	14676	4to1	auto	42	11740	2936	4281	1070	5884.923	5816.757	2041681	0.9234	828280	2300000	22.27	yes	100.00	4	5351	14676	0.0	yes	0:03.11	415672	0	marginal/SRR10861747/4to1.auto.s42
SRR10861747	OXFORD_NANOPORE	2211092	marginal	14	14676	4to1	auto	4556	11740	2936	4305	1076	5856.6763	5811.88	2001096	0.9050	830980	2310000	22.33	yes	109.00	4	5381	14676	0.0	yes	0:02.88	428084	0	marginal/SRR10861747/4to1.auto.s4556
SRR10861747	OXFORD_NANOPORE	2211092	marginal	14	14676	4to1	never	7	11740	2936	11740	2936	4854.4766	4900.548	42801	0.0194	28690	891130	50.74	no	NA	NA	NA	14676	0.0	no	2:36.74	1994960	0	marginal/SRR10861747/4to1.never.s7
SRR10861747	OXFORD_NANOPORE	2211092	marginal	14	14676	4to1	never	42	11740	2936	11740	2936	4861.546	4872.28	43146	0.0195	28580	894810	50.63	no	NA	NA	NA	14676	0.0	no	2:34.43	1687972	0	marginal/SRR10861747/4to1.never.s42
SRR10861747	OXFORD_NANOPORE	2211092	marginal	14	14676	4to1	never	4556	11740	2936	11740	2936	4868.6084	4844.0405	43220	0.0195	28670	851060	50.51	no	NA	NA	NA	14676	0.0	no	2:34.56	1891964	0	marginal/SRR10861747/4to1.never.s4556
SRR10861747	OXFORD_NANOPORE	2211092	marginal	14	14676	8to1	auto	7	13045	1631	4778	597	5842.2397	5964.6416	1961668	0.8872	769560	2250000	25.08	yes	103.00	4	5375	14676	0.0	yes	0:02.88	447160	0	marginal/SRR10861747/8to1.auto.s7
SRR10861747	OXFORD_NANOPORE	2211092	marginal	14	14676	8to1	auto	42	13045	1631	4757	594	5877.055	5825.136	1984542	0.8975	858300	2270000	24.75	yes	100.00	4	5351	14676	0.0	yes	0:02.82	456532	0	marginal/SRR10861747/8to1.auto.s42
SRR10861747	OXFORD_NANOPORE	2211092	marginal	14	14676	8to1	auto	4556	13045	1631	4783	598	5849.349	5834.6772	2024420	0.9156	847490	2320000	24.84	yes	109.00	4	5381	14676	0.0	yes	0:02.84	481360	0	marginal/SRR10861747/8to1.auto.s4556
SRR10861747	OXFORD_NANOPORE	2211092	marginal	14	14676	8to1	never	7	13045	1631	13045	1631	4852.2534	4955.188	42951	0.0194	28700	940910	56.69	no	NA	NA	NA	14676	0.0	no	3:01.26	1995308	0	marginal/SRR10861747/8to1.never.s7
SRR10861747	OXFORD_NANOPORE	2211092	marginal	14	14676	8to1	never	42	13045	1631	13045	1631	4866.6426	4840.104	43161	0.0195	28770	908680	56.09	no	NA	NA	NA	14676	0.0	no	2:30.22	1649444	0	marginal/SRR10861747/8to1.never.s42
SRR10861747	OXFORD_NANOPORE	2211092	marginal	14	14676	8to1	never	4556	13045	1631	13045	1631	4852.594	4952.4644	43031	0.0195	28800	874360	56.67	no	NA	NA	NA	14676	0.0	no	1:35.18	1917252	0	marginal/SRR10861747/8to1.never.s4556
SRR10861747	OXFORD_NANOPORE	2211092	comfortable	1	205462	legacy	auto	7	10000	5000	10000	5000	5806.387	5779.764	2162898	0.9782	1080000	2360000	51.50	yes	340.00	21	45681	205462	0.0	no	0:20.41	982232	0	comfortable/SRR10861747/legacy.auto.s7
SRR10861747	OXFORD_NANOPORE	2211092	comfortable	1	205462	legacy	auto	42	10000	5000	10000	5000	5743.285	5877.8354	2146234	0.9707	1010000	2360000	51.66	yes	339.00	21	45639	205462	0.0	no	0:16.56	965332	0	comfortable/SRR10861747/legacy.auto.s42
SRR10861747	OXFORD_NANOPORE	2211092	comfortable	1	205462	legacy	auto	4556	10000	5000	10000	5000	5866.558	5854.7383	2192374	0.9915	1030000	2370000	52.11	yes	340.00	21	45443	205462	0.0	no	0:15.03	1007844	0	comfortable/SRR10861747/legacy.auto.s4556
SRR10861747	OXFORD_NANOPORE	2211092	comfortable	1	205462	legacy	never	7	10000	5000	10000	5000	4846.6006	4886.8877	41226	0.0186	29490	837990	43.12	no	NA	NA	NA	205462	0.0	no	2:18.13	2168324	0	comfortable/SRR10861747/legacy.never.s7
SRR10861747	OXFORD_NANOPORE	2211092	comfortable	1	205462	legacy	never	42	10000	5000	10000	5000	4882.155	4815.108	41526	0.0188	29350	879780	42.96	no	NA	NA	NA	205462	0.0	no	2:06.89	2243120	0	comfortable/SRR10861747/legacy.never.s42
SRR10861747	OXFORD_NANOPORE	2211092	comfortable	1	205462	legacy	never	4556	10000	5000	10000	5000	4906.4824	4928.6704	42572	0.0193	29090	853790	43.58	no	NA	NA	NA	205462	0.0	no	2:19.82	2052396	0	comfortable/SRR10861747/legacy.never.s4556
SRR10861747	OXFORD_NANOPORE	2211092	comfortable	1	205462	1to1	auto	7	7500	7500	7500	7500	5827.064	5767.9614	2164700	0.9790	1060000	2370000	38.66	yes	340.00	21	45681	205462	0.0	no	0:17.17	734008	0	comfortable/SRR10861747/1to1.auto.s7
SRR10861747	OXFORD_NANOPORE	2211092	comfortable	1	205462	1to1	auto	42	7500	7500	7500	7500	5771.056	5805.215	2142976	0.9692	987310	2370000	38.59	yes	339.00	21	45639	205462	0.0	no	0:16.11	727980	0	comfortable/SRR10861747/1to1.auto.s42
SRR10861747	OXFORD_NANOPORE	2211092	comfortable	1	205462	1to1	auto	4556	7500	7500	7500	7500	5893.5264	5831.71	2146682	0.9709	1020000	2360000	39.10	yes	340.00	21	45443	205462	0.0	no	0:15.20	746068	0	comfortable/SRR10861747/1to1.auto.s4556
SRR10861747	OXFORD_NANOPORE	2211092	comfortable	1	205462	1to1	never	7	7500	7500	7500	7500	4842.8926	4877.1665	41461	0.0188	29400	828850	32.30	no	NA	NA	NA	205462	0.0	no	2:57.02	2159292	0	comfortable/SRR10861747/1to1.never.s7
SRR10861747	OXFORD_NANOPORE	2211092	comfortable	1	205462	1to1	never	42	7500	7500	7500	7500	4868.549	4851.063	42501	0.0192	29020	858760	32.29	no	NA	NA	NA	205462	0.0	no	2:58.15	2144888	0	comfortable/SRR10861747/1to1.never.s42
SRR10861747	OXFORD_NANOPORE	2211092	comfortable	1	205462	1to1	never	4556	7500	7500	7500	7500	4886.0273	4941.729	43010	0.0195	28640	882820	32.66	no	NA	NA	NA	205462	0.04	no	2:49.21	2200336	0	comfortable/SRR10861747/1to1.never.s4556
SRR10861747	OXFORD_NANOPORE	2211092	comfortable	1	205462	2to1	auto	7	10000	5000	10000	5000	5806.387	5779.764	2162898	0.9782	1080000	2360000	51.50	yes	340.00	21	45681	205462	0.0	no	0:17.57	1015248	0	comfortable/SRR10861747/2to1.auto.s7
SRR10861747	OXFORD_NANOPORE	2211092	comfortable	1	205462	2to1	auto	42	10000	5000	10000	5000	5743.285	5877.8354	2146234	0.9707	1010000	2360000	51.66	yes	339.00	21	45639	205462	0.0	no	0:14.83	971260	0	comfortable/SRR10861747/2to1.auto.s42
SRR10861747	OXFORD_NANOPORE	2211092	comfortable	1	205462	2to1	auto	4556	10000	5000	10000	5000	5866.558	5854.7383	2192374	0.9915	1030000	2370000	52.11	yes	340.00	21	45443	205462	0.0	no	0:14.41	977888	0	comfortable/SRR10861747/2to1.auto.s4556
SRR10861747	OXFORD_NANOPORE	2211092	comfortable	1	205462	2to1	never	7	10000	5000	10000	5000	4846.6006	4886.8877	41226	0.0186	29490	837990	43.12	no	NA	NA	NA	205462	0.0	no	2:18.47	2144876	0	comfortable/SRR10861747/2to1.never.s7
SRR10861747	OXFORD_NANOPORE	2211092	comfortable	1	205462	2to1	never	42	10000	5000	10000	5000	4882.155	4815.108	41526	0.0188	29350	879780	42.96	no	NA	NA	NA	205462	0.0	no	2:14.75	2119720	0	comfortable/SRR10861747/2to1.never.s42
SRR10861747	OXFORD_NANOPORE	2211092	comfortable	1	205462	2to1	never	4556	10000	5000	10000	5000	4906.4824	4928.6704	42572	0.0193	29090	853790	43.58	no	NA	NA	NA	205462	0.0	no	2:16.90	2038236	0	comfortable/SRR10861747/2to1.never.s4556
SRR10861747	OXFORD_NANOPORE	2211092	comfortable	1	205462	4to1	auto	7	12000	3000	12000	3000	5797.116	5799.099	2186140	0.9887	1140000	2370000	61.85	yes	340.00	21	45681	205462	0.0	no	0:13.01	1054500	0	comfortable/SRR10861747/4to1.auto.s7
SRR10861747	OXFORD_NANOPORE	2211092	comfortable	1	205462	4to1	auto	42	12000	3000	12000	3000	5770.1187	5860.203	2152906	0.9737	1070000	2350000	62.04	yes	339.00	21	45639	205462	0.0	no	0:13.00	1059644	0	comfortable/SRR10861747/4to1.auto.s42
SRR10861747	OXFORD_NANOPORE	2211092	comfortable	1	205462	4to1	auto	4556	12000	3000	12000	3000	5861.3667	5867.6226	2194782	0.9926	1070000	2370000	62.58	yes	340.00	21	45443	205462	0.0	no	0:15.65	1061900	0	comfortable/SRR10861747/4to1.auto.s4556
SRR10861747	OXFORD_NANOPORE	2211092	comfortable	1	205462	4to1	never	7	12000	3000	12000	3000	4849.923	4900.4556	41410	0.0187	29300	849590	51.84	no	NA	NA	NA	205462	0.0	no	1:29.87	2772212	0	comfortable/SRR10861747/4to1.never.s7
SRR10861747	OXFORD_NANOPORE	2211092	comfortable	1	205462	4to1	never	42	12000	3000	12000	3000	4864.496	4841.046	41943	0.0190	29100	883850	51.59	no	NA	NA	NA	205462	0.0	no	1:27.29	2822288	0	comfortable/SRR10861747/4to1.never.s42
SRR10861747	OXFORD_NANOPORE	2211092	comfortable	1	205462	4to1	never	4556	12000	3000	12000	3000	4913.616	4914.926	42326	0.0191	29250	849160	52.26	no	NA	NA	NA	205462	0.0	no	1:25.73	2892048	0	comfortable/SRR10861747/4to1.never.s4556
SRR10861747	OXFORD_NANOPORE	2211092	comfortable	1	205462	8to1	auto	7	13333	1667	13333	1667	5803.42	5750.2676	2171745	0.9822	1130000	2380000	68.47	yes	340.00	21	45681	205462	0.0	no	0:13.10	1124276	0	comfortable/SRR10861747/8to1.auto.s7
SRR10861747	OXFORD_NANOPORE	2211092	comfortable	1	205462	8to1	auto	42	13333	1667	13333	1667	5776.462	5881.5015	2172652	0.9826	1050000	2360000	69.10	yes	339.00	21	45639	205462	0.0	no	0:17.09	1097888	0	comfortable/SRR10861747/8to1.auto.s42
SRR10861747	OXFORD_NANOPORE	2211092	comfortable	1	205462	8to1	auto	4556	13333	1667	13333	1667	5856.341	5912.825	2207928	0.9986	1110000	2400000	69.77	yes	340.00	21	45443	205462	0.0	no	0:13.14	1098108	0	comfortable/SRR10861747/8to1.auto.s4556
SRR10861747	OXFORD_NANOPORE	2211092	comfortable	1	205462	8to1	never	7	13333	1667	13333	1667	4850.786	4933.96	41505	0.0188	29260	863990	57.80	no	NA	NA	NA	205462	0.0	no	0:55.58	2820832	0	comfortable/SRR10861747/8to1.never.s7
SRR10861747	OXFORD_NANOPORE	2211092	comfortable	1	205462	8to1	never	42	13333	1667	13333	1667	4858.4272	4870.8325	42058	0.0190	29100	881940	57.47	no	NA	NA	NA	205462	0.0	no	0:57.33	2786884	0	comfortable/SRR10861747/8to1.never.s42
SRR10861747	OXFORD_NANOPORE	2211092	comfortable	1	205462	8to1	never	4556	13333	1667	13333	1667	4910.6147	4939.98	42480	0.0192	29270	857100	58.20	no	NA	NA	NA	205462	0.0	no	0:57.49	2748296	0	comfortable/SRR10861747/8to1.never.s4556
SRR10861747	OXFORD_NANOPORE	2211092	comfortable	1	205462	more4to1	auto	7	20000	5000	20000	5000	5778.0513	5798.5127	2225180	1.0064	1260000	2370000	102.91	yes	340.00	21	45666	205462	0.0	no	0:22.44	1893628	0	comfortable/SRR10861747/more4to1.auto.s7
SRR10861747	OXFORD_NANOPORE	2211092	comfortable	1	205462	more4to1	auto	42	20000	5000	20000	5000	5789.45	5905.7427	2198772	0.9944	1200000	2360000	103.99	yes	339.00	21	45619	205462	0.0	no	0:25.97	1956620	0	comfortable/SRR10861747/more4to1.auto.s42
SRR10861747	OXFORD_NANOPORE	2211092	comfortable	1	205462	more4to1	auto	4556	20000	5000	20000	5000	5799.9165	5873.067	2208284	0.9987	1190000	2360000	103.79	yes	340.00	21	45458	205462	0.0	no	0:21.29	1910608	0	comfortable/SRR10861747/more4to1.auto.s4556
SRR10861747	OXFORD_NANOPORE	2211092	comfortable	1	205462	more4to1	never	7	20000	5000	20000	5000	4857.6255	4886.8877	41979	0.0190	29730	834480	86.34	no	NA	NA	NA	205462	0.0	no	2:25.60	3556744	0	comfortable/SRR10861747/more4to1.never.s7
SRR10861747	OXFORD_NANOPORE	2211092	comfortable	1	205462	more4to1	never	42	20000	5000	20000	5000	4883.945	4815.108	42383	0.0192	30030	871850	85.93	no	NA	NA	NA	205462	0.0	no	2:22.70	3412264	0	comfortable/SRR10861747/more4to1.never.s42
SRR10861747	OXFORD_NANOPORE	2211092	comfortable	1	205462	more4to1	never	4556	20000	5000	20000	5000	4898.683	4928.6704	42837	0.0194	29850	835880	87.09	no	NA	NA	NA	205462	0.0	no	2:14.84	3516436	0	comfortable/SRR10861747/more4to1.never.s4556
SRR10861751	OXFORD_NANOPORE	2220590	starved	13	7541	legacy	auto	7	2541	5000	811	1595	6703.5205	6308.335	1834540	0.8261	751330	2390000	4.68	yes	118.00	2	2406	7541	1.76	yes	0:01.21	131204	0	starved/SRR10861751/legacy.auto.s7
SRR10861751	OXFORD_NANOPORE	2220590	starved	13	7541	legacy	auto	42	2541	5000	807	1585	6355.2207	6567.645	1759466	0.7923	738930	2250000	4.62	yes	126.00	2	2392	7541	1.70	yes	0:01.54	131864	0	starved/SRR10861751/legacy.auto.s42
SRR10861751	OXFORD_NANOPORE	2220590	starved	13	7541	legacy	auto	4556	2541	5000	806	1585	6234.2256	6559.0815	1853973	0.8349	741890	2390000	4.57	yes	116.00	2	2391	7541	1.39	yes	0:01.20	124188	0	starved/SRR10861751/legacy.auto.s4556
SRR10861751	OXFORD_NANOPORE	2220590	starved	13	7541	legacy	never	7	2541	5000	2541	5000	4927.5625	5025.4917	41061	0.0185	26150	41380	11.16	no	NA	NA	NA	7541	0.58	no	2:05.99	408852	0	starved/SRR10861751/legacy.never.s7
SRR10861751	OXFORD_NANOPORE	2220590	starved	13	7541	legacy	never	42	2541	5000	2541	5000	4995.017	4991.2114	40492	0.0182	26700	40800	11.20	no	NA	NA	NA	7541	0.66	no	2:05.34	451176	0	starved/SRR10861751/legacy.never.s42
SRR10861751	OXFORD_NANOPORE	2220590	starved	13	7541	legacy	never	4556	2541	5000	2541	5000	5012.005	4982.5776	41502	0.0187	27550	41810	11.21	no	NA	NA	NA	7541	0.50	no	2:03.11	414768	0	starved/SRR10861751/legacy.never.s4556
SRR10861751	OXFORD_NANOPORE	2220590	starved	13	7541	1to1	auto	7	3770	3771	1203	1203	6515.3726	6367.711	1943231	0.8751	727100	2390000	6.87	yes	118.00	2	2406	7541	0.67	yes	0:01.34	182992	0	starved/SRR10861751/1to1.auto.s7
SRR10861751	OXFORD_NANOPORE	2220590	starved	13	7541	1to1	auto	42	3770	3771	1196	1196	6393.783	6598.173	1821603	0.8203	764690	2330000	6.89	yes	126.00	2	2392	7541	0.25	yes	0:01.35	179272	0	starved/SRR10861751/1to1.auto.s42
SRR10861751	OXFORD_NANOPORE	2220590	starved	13	7541	1to1	auto	4556	3770	3771	1196	1195	6426.9155	6472.25	1937990	0.8727	728500	2360000	6.84	yes	116.00	2	2391	7541	0.50	yes	0:01.32	182616	0	starved/SRR10861751/1to1.auto.s4556
SRR10861751	OXFORD_NANOPORE	2220590	starved	13	7541	1to1	never	7	3770	3771	3770	3771	5009.554	4975.4365	40760	0.0184	26820	41080	16.61	no	NA	NA	NA	7541	0.11	no	2:07.17	698296	0	starved/SRR10861751/1to1.never.s7
SRR10861751	OXFORD_NANOPORE	2220590	starved	13	7541	1to1	never	42	3770	3771	3770	3771	4960.4688	5024.51	41226	0.0186	26470	41540	16.61	no	NA	NA	NA	7541	0.0	no	2:08.88	711888	0	starved/SRR10861751/1to1.never.s42
SRR10861751	OXFORD_NANOPORE	2220590	starved	13	7541	1to1	never	4556	3770	3771	3770	3771	4949.666	5035.31	39469	0.0178	27150	39800	16.61	no	NA	NA	NA	7541	0.19	no	2:08.75	778368	0	starved/SRR10861751/1to1.never.s4556
SRR10861751	OXFORD_NANOPORE	2220590	starved	13	7541	2to1	auto	7	5027	2514	1604	802	6498.7544	6327.1157	1960905	0.8831	762420	2380000	9.12	yes	118.00	2	2406	7541	0.0	yes	0:01.27	207520	0	starved/SRR10861751/2to1.auto.s7
SRR10861751	OXFORD_NANOPORE	2220590	starved	13	7541	2to1	auto	42	5027	2514	1595	797	6394.3584	6699.345	1848446	0.8324	779410	2240000	9.26	yes	126.00	2	2392	7541	0.13	yes	0:01.35	203092	0	starved/SRR10861751/2to1.auto.s42
SRR10861751	OXFORD_NANOPORE	2220590	starved	13	7541	2to1	auto	4556	5027	2514	1594	797	6454.2227	6440.275	1923276	0.8661	716990	2250000	9.11	yes	116.00	2	2391	7541	0.13	yes	0:01.32	208380	0	starved/SRR10861751/2to1.auto.s4556
SRR10861751	OXFORD_NANOPORE	2220590	starved	13	7541	2to1	never	7	5027	2514	5027	2514	4985.2485	5006.9805	40328	0.0182	27060	40660	22.17	no	NA	NA	NA	7541	0.0	no	1:45.75	766876	0	starved/SRR10861751/2to1.never.s7
SRR10861751	OXFORD_NANOPORE	2220590	starved	13	7541	2to1	never	42	5027	2514	5027	2514	4983.28	5010.9175	40906	0.0184	26640	41200	22.17	no	NA	NA	NA	7541	0.0	no	1:44.35	700728	0	starved/SRR10861751/2to1.never.s42
SRR10861751	OXFORD_NANOPORE	2220590	starved	13	7541	2to1	never	4556	5027	2514	5027	2514	4965.6274	5046.216	39804	0.0179	27130	40140	22.21	no	NA	NA	NA	7541	0.0	no	1:43.79	777532	0	starved/SRR10861751/2to1.never.s4556
SRR10861751	OXFORD_NANOPORE	2220590	starved	13	7541	4to1	auto	7	6032	1509	1925	481	6501.4404	6201.8213	2022938	0.9110	812770	2320000	10.84	yes	118.00	2	2406	7541	0.0	yes	0:01.19	243592	0	starved/SRR10861751/4to1.auto.s7
SRR10861751	OXFORD_NANOPORE	2220590	starved	13	7541	4to1	auto	42	6032	1509	1914	478	6434.388	6742.596	1917070	0.8633	820980	2330000	11.19	yes	126.00	2	2392	7541	0.21	yes	0:01.19	244520	0	starved/SRR10861751/4to1.auto.s42
SRR10861751	OXFORD_NANOPORE	2220590	starved	13	7541	4to1	auto	4556	6032	1509	1913	478	6459.134	6411.3115	1954208	0.8800	769300	2350000	10.92	yes	116.00	2	2391	7541	0.21	yes	0:01.26	243484	0	starved/SRR10861751/4to1.auto.s4556
SRR10861751	OXFORD_NANOPORE	2220590	starved	13	7541	4to1	never	7	6032	1509	6032	1509	4998.343	4969.112	40575	0.0183	27210	40880	26.53	no	NA	NA	NA	7541	0.0	no	1:38.76	976896	0	starved/SRR10861751/4to1.never.s7
SRR10861751	OXFORD_NANOPORE	2220590	starved	13	7541	4to1	never	42	6032	1509	6032	1509	4998.6543	4967.8667	40479	0.0182	26760	692610	26.53	no	NA	NA	NA	7541	0.0	no	1:10.60	849544	0	starved/SRR10861751/4to1.never.s42
SRR10861751	OXFORD_NANOPORE	2220590	starved	13	7541	4to1	never	4556	6032	1509	6032	1509	4960.9146	5118.725	40282	0.0181	26910	40620	26.84	no	NA	NA	NA	7541	0.0	no	1:11.41	926060	0	starved/SRR10861751/4to1.never.s4556
SRR10861751	OXFORD_NANOPORE	2220590	starved	13	7541	8to1	auto	7	6703	838	2139	267	6488.2803	6067.1084	2062847	0.9290	824360	2340000	11.90	yes	118.00	2	2406	7541	0.0	yes	0:01.21	267440	0	starved/SRR10861751/8to1.auto.s7
SRR10861751	OXFORD_NANOPORE	2220590	starved	13	7541	8to1	auto	42	6703	838	2127	265	6520.4873	6299.257	1986535	0.8946	840800	2450000	12.09	yes	126.00	2	2392	7541	0.0	yes	0:01.26	274972	0	starved/SRR10861751/8to1.auto.s42
SRR10861751	OXFORD_NANOPORE	2220590	starved	13	7541	8to1	auto	4556	6703	838	2126	265	6481.031	6197.2036	1983658	0.8933	735980	2320000	11.95	yes	116.00	2	2391	7541	0.0	yes	0:01.34	268100	0	starved/SRR10861751/8to1.auto.s4556
SRR10861751	OXFORD_NANOPORE	2220590	starved	13	7541	8to1	never	7	6703	838	6703	838	4992.393	4993.296	40465	0.0182	27140	40800	29.54	no	NA	NA	NA	7541	0.0	no	0:44.48	1172880	0	starved/SRR10861751/8to1.never.s7
SRR10861751	OXFORD_NANOPORE	2220590	starved	13	7541	8to1	never	42	6703	838	6703	838	4989.7573	5014.382	40343	0.0182	26820	1070000	29.60	no	NA	NA	NA	7541	0.0	no	0:41.54	1089728	0	starved/SRR10861751/8to1.never.s42
SRR10861751	OXFORD_NANOPORE	2220590	starved	13	7541	8to1	never	4556	6703	838	6703	838	4973.7256	5142.6147	40506	0.0182	26850	40910	29.94	no	NA	NA	NA	7541	0.0	no	0:43.49	1051096	0	starved/SRR10861751/8to1.never.s4556
SRR10861751	OXFORD_NANOPORE	2220590	marginal	7	14005	legacy	auto	7	9005	5000	2932	1627	6485.175	6257.0854	2036765	0.9172	749580	2380000	16.56	yes	128.00	4	4559	14005	0.0	yes	0:03.61	340636	0	marginal/SRR10861751/legacy.auto.s7
SRR10861751	OXFORD_NANOPORE	2220590	marginal	7	14005	legacy	auto	42	9005	5000	2902	1611	6465.1978	6258.508	2011182	0.9057	760700	2400000	16.37	yes	116.00	4	4513	14005	0.0	yes	0:03.50	339536	0	marginal/SRR10861751/legacy.auto.s42
SRR10861751	OXFORD_NANOPORE	2220590	marginal	7	14005	legacy	auto	4556	9005	5000	2931	1627	6319.492	6447.4106	2059709	0.9276	749790	2370000	16.59	yes	114.00	4	4558	14005	0.0	yes	0:03.62	333356	0	marginal/SRR10861751/legacy.auto.s4556
SRR10861751	OXFORD_NANOPORE	2220590	marginal	7	14005	legacy	never	7	9005	5000	9005	5000	4939.1396	4978.2705	39322	0.0177	27000	39680	39.41	no	NA	NA	NA	14005	0.0	no	5:42.32	1721820	0	marginal/SRR10861751/legacy.never.s7
SRR10861751	OXFORD_NANOPORE	2220590	marginal	7	14005	legacy	never	42	9005	5000	9005	5000	4948.1177	4962.1	40489	0.0182	26800	40800	39.38	no	NA	NA	NA	14005	0.0	no	5:42.79	1574484	0	marginal/SRR10861751/legacy.never.s42
SRR10861751	OXFORD_NANOPORE	2220590	marginal	7	14005	legacy	never	4556	9005	5000	9005	5000	4961.7793	4937.495	39356	0.0177	27200	39720	39.34	no	NA	NA	NA	14005	0.0	no	5:38.97	1573392	0	marginal/SRR10861751/legacy.never.s4556
SRR10861751	OXFORD_NANOPORE	2220590	marginal	7	14005	1to1	auto	7	7002	7003	2280	2279	6462.7446	6344.78	2000942	0.9011	739660	2380000	12.95	yes	128.00	4	4559	14005	0.13	yes	0:03.21	291444	0	marginal/SRR10861751/1to1.auto.s7
SRR10861751	OXFORD_NANOPORE	2220590	marginal	7	14005	1to1	auto	42	7002	7003	2257	2256	6488.2227	6294.5654	2001578	0.9014	758200	2410000	12.79	yes	116.00	4	4513	14005	0.0	yes	0:03.09	291628	0	marginal/SRR10861751/1to1.auto.s42
SRR10861751	OXFORD_NANOPORE	2220590	marginal	7	14005	1to1	auto	4556	7002	7003	2279	2279	6282.9688	6447.338	1962255	0.8837	662400	2310000	12.86	yes	114.00	4	4558	14005	0.04	yes	0:03.21	287360	0	marginal/SRR10861751/1to1.auto.s4556
SRR10861751	OXFORD_NANOPORE	2220590	marginal	7	14005	1to1	never	7	7002	7003	7002	7003	4952.5313	4953.6885	39809	0.0179	26890	40150	30.61	no	NA	NA	NA	14005	0.0	no	6:49.16	1451180	0	marginal/SRR10861751/1to1.never.s7
SRR10861751	OXFORD_NANOPORE	2220590	marginal	7	14005	1to1	never	42	7002	7003	7002	7003	4934.5986	4971.6177	40291	0.0181	27090	40620	30.61	no	NA	NA	NA	14005	0.0	no	6:41.96	1555496	0	marginal/SRR10861751/1to1.never.s42
SRR10861751	OXFORD_NANOPORE	2220590	marginal	7	14005	1to1	never	4556	7002	7003	7002	7003	4948.4614	4957.7573	39157	0.0176	27380	39500	30.61	no	NA	NA	NA	14005	0.0	no	5:57.64	1269184	0	marginal/SRR10861751/1to1.never.s4556
SRR10861751	OXFORD_NANOPORE	2220590	marginal	7	14005	2to1	auto	7	9336	4669	3040	1519	6477.4526	6256.323	2021240	0.9102	777590	2360000	17.16	yes	128.00	4	4559	14005	0.0	yes	0:03.10	356420	0	marginal/SRR10861751/2to1.auto.s7
SRR10861751	OXFORD_NANOPORE	2220590	marginal	7	14005	2to1	auto	42	9336	4669	3009	1504	6454.8535	6264.498	2008606	0.9045	765970	2400000	16.97	yes	116.00	4	4513	14005	0.0	yes	0:03.25	351028	0	marginal/SRR10861751/2to1.auto.s42
SRR10861751	OXFORD_NANOPORE	2220590	marginal	7	14005	2to1	auto	4556	9336	4669	3039	1519	6322.827	6449.833	2049849	0.9231	768790	2370000	17.21	yes	114.00	4	4558	14005	0.0	yes	0:03.09	349640	0	marginal/SRR10861751/2to1.auto.s4556
SRR10861751	OXFORD_NANOPORE	2220590	marginal	7	14005	2to1	never	7	9336	4669	9336	4669	4935.691	4987.939	39262	0.0177	27030	39630	40.89	no	NA	NA	NA	14005	0.0	no	4:42.39	1934944	0	marginal/SRR10861751/2to1.never.s7
SRR10861751	OXFORD_NANOPORE	2220590	marginal	7	14005	2to1	never	42	9336	4669	9336	4669	4953.8096	4951.71	40548	0.0183	26800	40850	40.81	no	NA	NA	NA	14005	0.0	no	4:39.36	1778728	0	marginal/SRR10861751/2to1.never.s42
SRR10861751	OXFORD_NANOPORE	2220590	marginal	7	14005	2to1	never	4556	9336	4669	9336	4669	4963.5576	4932.2183	39367	0.0177	27160	39740	40.77	no	NA	NA	NA	14005	0.0	no	4:33.83	1677188	0	marginal/SRR10861751/2to1.never.s4556
SRR10861751	OXFORD_NANOPORE	2220590	marginal	7	14005	4to1	auto	7	11204	2801	3648	911	6461.1953	6173.8433	1994008	0.8980	797330	2340000	20.43	yes	128.00	4	4559	14005	0.0	yes	0:02.95	404336	0	marginal/SRR10861751/4to1.auto.s7
SRR10861751	OXFORD_NANOPORE	2220590	marginal	7	14005	4to1	auto	42	11204	2801	3611	902	6388.3657	6403.6274	1996943	0.8993	787670	2370000	20.48	yes	116.00	4	4513	14005	0.0	yes	0:02.86	394136	0	marginal/SRR10861751/4to1.auto.s42
SRR10861751	OXFORD_NANOPORE	2220590	marginal	7	14005	4to1	auto	4556	11204	2801	3647	911	6366.199	6360.9673	2017972	0.9088	789600	2320000	20.58	yes	114.00	4	4558	14005	0.0	yes	0:02.95	395060	0	marginal/SRR10861751/4to1.auto.s4556
SRR10861751	OXFORD_NANOPORE	2220590	marginal	7	14005	4to1	never	7	11204	2801	11204	2801	4934.6797	5026.8306	39143	0.0176	27050	39540	49.26	no	NA	NA	NA	14005	0.0	no	3:04.33	1991916	0	marginal/SRR10861751/4to1.never.s7
SRR10861751	OXFORD_NANOPORE	2220590	marginal	7	14005	4to1	never	42	11204	2801	11204	2801	4951.021	4961.4644	40382	0.0182	26830	40670	49.01	no	NA	NA	NA	14005	0.0	no	3:09.92	1549268	0	marginal/SRR10861751/4to1.never.s42
SRR10861751	OXFORD_NANOPORE	2220590	marginal	7	14005	4to1	never	4556	11204	2801	11204	2801	4963.249	4912.5527	39412	0.0177	27090	39770	48.82	no	NA	NA	NA	14005	0.0	no	2:57.77	1659180	0	marginal/SRR10861751/4to1.never.s4556
SRR10861751	OXFORD_NANOPORE	2220590	marginal	7	14005	8to1	auto	7	12448	1557	4053	506	6426.11	6224.8735	2001117	0.9012	821390	2340000	22.73	yes	128.00	4	4559	14005	0.0	yes	0:02.31	458728	0	marginal/SRR10861751/8to1.auto.s7
SRR10861751	OXFORD_NANOPORE	2220590	marginal	7	14005	8to1	auto	42	12448	1557	4012	501	6401.033	6314.397	2027142	0.9129	748140	2330000	22.61	yes	116.00	4	4513	14005	0.0	yes	0:02.19	430872	0	marginal/SRR10861751/8to1.auto.s42
SRR10861751	OXFORD_NANOPORE	2220590	marginal	7	14005	8to1	auto	4556	12448	1557	4052	506	6384.6206	6209.2627	2001402	0.9013	819360	2350000	22.62	yes	114.00	4	4558	14005	0.0	yes	0:02.13	444548	0	marginal/SRR10861751/8to1.auto.s4556
SRR10861751	OXFORD_NANOPORE	2220590	marginal	7	14005	8to1	never	7	12448	1557	12448	1557	4943.7188	5028.188	39473	0.0178	26940	39880	54.78	no	NA	NA	NA	14005	0.0	no	2:05.74	1939640	0	marginal/SRR10861751/8to1.never.s7
SRR10861751	OXFORD_NANOPORE	2220590	marginal	7	14005	8to1	never	42	12448	1557	12448	1557	4954.1777	4944.5723	39985	0.0180	26850	40270	54.37	no	NA	NA	NA	14005	0.0	no	2:07.84	1680752	0	marginal/SRR10861751/8to1.never.s42
SRR10861751	OXFORD_NANOPORE	2220590	marginal	7	14005	8to1	never	4556	12448	1557	12448	1557	4955.7344	4932.1265	39404	0.0177	26990	39760	54.31	no	NA	NA	NA	14005	0.0	no	2:01.37	1607636	0	marginal/SRR10861751/8to1.never.s4556
SRR10861751	OXFORD_NANOPORE	2220590	comfortable	1	98030	legacy	auto	7	10000	5000	10000	5000	6533.4985	6396.832	2170816	0.9776	989280	2350000	57.33	yes	212.00	18	27676	98030	0.0	no	0:12.62	1028204	0	comfortable/SRR10861751/legacy.auto.s7
SRR10861751	OXFORD_NANOPORE	2220590	comfortable	1	98030	legacy	auto	42	10000	5000	10000	5000	6440.6025	6486.8433	2173273	0.9787	1010000	2350000	57.32	yes	191.00	16	25963	98030	0.0	no	0:12.64	1040708	0	comfortable/SRR10861751/legacy.auto.s42
SRR10861751	OXFORD_NANOPORE	2220590	comfortable	1	98030	legacy	auto	4556	10000	5000	10000	5000	6463.563	6536.723	2200418	0.9909	949630	2390000	57.65	yes	203.00	15	25034	98030	0.0	no	0:13.51	1033112	0	comfortable/SRR10861751/legacy.auto.s4556
SRR10861751	OXFORD_NANOPORE	2220590	comfortable	1	98030	legacy	never	7	10000	5000	10000	5000	4973.62	5066.8574	39978	0.0180	26760	40300	44.32	no	NA	NA	NA	98030	0.0	no	2:46.11	2845716	0	comfortable/SRR10861751/legacy.never.s7
SRR10861751	OXFORD_NANOPORE	2220590	comfortable	1	98030	legacy	never	42	10000	5000	10000	5000	5021.834	4913.625	39536	0.0178	27450	39880	43.85	no	NA	NA	NA	98030	0.0	no	2:29.77	3105000	0	comfortable/SRR10861751/legacy.never.s42
SRR10861751	OXFORD_NANOPORE	2220590	comfortable	1	98030	legacy	never	4556	10000	5000	10000	5000	4959.829	5023.9507	39754	0.0179	26800	40100	44.06	no	NA	NA	NA	98030	0.0	no	2:36.67	3013636	0	comfortable/SRR10861751/legacy.never.s4556
SRR10861751	OXFORD_NANOPORE	2220590	comfortable	1	98030	1to1	auto	7	7500	7500	7500	7500	6513.5815	6462.3047	2154938	0.9704	992870	2360000	43.15	yes	212.00	18	27676	98030	0.0	no	0:13.77	790076	0	comfortable/SRR10861751/1to1.auto.s7
SRR10861751	OXFORD_NANOPORE	2220590	comfortable	1	98030	1to1	auto	42	7500	7500	7500	7500	6419.6533	6492.379	2175000	0.9795	948590	2380000	42.94	yes	191.00	16	25963	98030	0.0	no	0:13.73	829284	0	comfortable/SRR10861751/1to1.auto.s42
SRR10861751	OXFORD_NANOPORE	2220590	comfortable	1	98030	1to1	auto	4556	7500	7500	7500	7500	6460.0005	6515.8984	2146164	0.9665	908380	2380000	43.15	yes	203.00	15	25034	98030	0.0	no	0:24.44	784732	0	comfortable/SRR10861751/1to1.auto.s4556
SRR10861751	OXFORD_NANOPORE	2220590	comfortable	1	98030	1to1	never	7	7500	7500	7500	7500	4953.103	5056.2954	39760	0.0179	26730	40080	33.13	no	NA	NA	NA	98030	0.0	no	3:32.75	1976508	0	comfortable/SRR10861751/1to1.never.s7
SRR10861751	OXFORD_NANOPORE	2220590	comfortable	1	98030	1to1	never	42	7500	7500	7500	7500	5033.09	4938.439	39816	0.0179	27670	40130	33.01	no	NA	NA	NA	98030	0.0	no	3:23.94	2449792	0	comfortable/SRR10861751/1to1.never.s42
SRR10861751	OXFORD_NANOPORE	2220590	comfortable	1	98030	1to1	never	4556	7500	7500	7500	7500	4949.799	5012.6074	39413	0.0177	27000	39740	32.98	no	NA	NA	NA	98030	0.0	no	4:36.26	1979668	0	comfortable/SRR10861751/1to1.never.s4556
SRR10861751	OXFORD_NANOPORE	2220590	comfortable	1	98030	2to1	auto	7	10000	5000	10000	5000	6533.4985	6396.832	2170816	0.9776	989280	2350000	57.33	yes	212.00	18	27676	98030	0.0	no	0:12.62	1060516	0	comfortable/SRR10861751/2to1.auto.s7
SRR10861751	OXFORD_NANOPORE	2220590	comfortable	1	98030	2to1	auto	42	10000	5000	10000	5000	6440.6025	6486.8433	2173273	0.9787	1010000	2350000	57.32	yes	191.00	16	25963	98030	0.0	no	0:40.86	1086700	0	comfortable/SRR10861751/2to1.auto.s42
SRR10861751	OXFORD_NANOPORE	2220590	comfortable	1	98030	2to1	auto	4556	10000	5000	10000	5000	6463.563	6536.723	2200418	0.9909	949630	2390000	57.65	yes	203.00	15	25034	98030	0.0	no	0:21.26	1048332	0	comfortable/SRR10861751/2to1.auto.s4556
SRR10861751	OXFORD_NANOPORE	2220590	comfortable	1	98030	2to1	never	7	10000	5000	10000	5000	4973.62	5066.8574	39978	0.0180	26760	40300	44.32	no	NA	NA	NA	98030	0.0	no	2:40.56	2891184	0	comfortable/SRR10861751/2to1.never.s7
SRR10861751	OXFORD_NANOPORE	2220590	comfortable	1	98030	2to1	never	42	10000	5000	10000	5000	5021.834	4913.625	39536	0.0178	27450	39880	43.85	no	NA	NA	NA	98030	0.0	no	2:37.50	3076652	0	comfortable/SRR10861751/2to1.never.s42
SRR10861751	OXFORD_NANOPORE	2220590	comfortable	1	98030	2to1	never	4556	10000	5000	10000	5000	4959.829	5023.9507	39754	0.0179	26800	40100	44.06	no	NA	NA	NA	98030	0.0	no	2:40.57	3047340	0	comfortable/SRR10861751/2to1.never.s4556
SRR10861751	OXFORD_NANOPORE	2220590	comfortable	1	98030	4to1	auto	7	12000	3000	12000	3000	6511.299	6394.52	2173608	0.9788	1010000	2340000	68.67	yes	212.00	18	27676	98030	0.0	no	0:13.87	1157048	0	comfortable/SRR10861751/4to1.auto.s7
SRR10861751	OXFORD_NANOPORE	2220590	comfortable	1	98030	4to1	auto	42	12000	3000	12000	3000	6474.1064	6383.652	2206937	0.9939	1020000	2380000	68.41	yes	191.00	16	25963	98030	0.0	no	0:10.76	1118176	0	comfortable/SRR10861751/4to1.auto.s42
SRR10861751	OXFORD_NANOPORE	2220590	comfortable	1	98030	4to1	auto	4556	12000	3000	12000	3000	6481.283	6514.6133	2203184	0.9922	964590	2390000	69.15	yes	203.00	15	25034	98030	0.0	no	0:11.62	1151468	0	comfortable/SRR10861751/4to1.auto.s4556
SRR10861751	OXFORD_NANOPORE	2220590	comfortable	1	98030	4to1	never	7	12000	3000	12000	3000	5008.2993	4990.298	39807	0.0179	27150	40120	52.96	no	NA	NA	NA	98030	0.0	no	2:55.36	2603820	0	comfortable/SRR10861751/4to1.never.s7
SRR10861751	OXFORD_NANOPORE	2220590	comfortable	1	98030	4to1	never	42	12000	3000	12000	3000	5002.002	4920.813	39440	0.0178	27480	39800	52.55	no	NA	NA	NA	98030	0.0	no	1:59.63	3131972	0	comfortable/SRR10861751/4to1.never.s42
SRR10861751	OXFORD_NANOPORE	2220590	comfortable	1	98030	4to1	never	4556	12000	3000	12000	3000	4974.176	5009.3115	40060	0.0180	26910	40380	52.88	no	NA	NA	NA	98030	0.0	no	1:44.45	2673708	0	comfortable/SRR10861751/4to1.never.s4556
SRR10861751	OXFORD_NANOPORE	2220590	comfortable	1	98030	8to1	auto	7	13333	1667	13333	1667	6482.41	6532.1963	2201218	0.9913	1040000	2350000	76.95	yes	212.00	18	27676	98030	0.0	no	0:08.50	1163772	0	comfortable/SRR10861751/8to1.auto.s7
SRR10861751	OXFORD_NANOPORE	2220590	comfortable	1	98030	8to1	auto	42	13333	1667	13333	1667	6470.774	6337.9766	2212451	0.9963	1100000	2370000	75.71	yes	191.00	16	25963	98030	0.0	no	0:13.05	1167696	0	comfortable/SRR10861751/8to1.auto.s42
SRR10861751	OXFORD_NANOPORE	2220590	comfortable	1	98030	8to1	auto	4556	13333	1667	13333	1667	6484.783	6513.272	2189050	0.9858	966800	2360000	76.85	yes	203.00	15	25034	98030	0.0	no	0:08.35	1153244	0	comfortable/SRR10861751/8to1.auto.s4556
SRR10861751	OXFORD_NANOPORE	2220590	comfortable	1	98030	8to1	never	7	13333	1667	13333	1667	5007.536	4982.009	39741	0.0179	27250	40030	58.78	no	NA	NA	NA	98030	0.0	no	0:58.85	2745296	0	comfortable/SRR10861751/8to1.never.s7
SRR10861751	OXFORD_NANOPORE	2220590	comfortable	1	98030	8to1	never	42	13333	1667	13333	1667	5003.248	4845.926	39685	0.0179	27500	40030	57.94	no	NA	NA	NA	98030	0.0	no	0:59.00	2916564	0	comfortable/SRR10861751/8to1.never.s42
SRR10861751	OXFORD_NANOPORE	2220590	comfortable	1	98030	8to1	never	4556	13333	1667	13333	1667	4970.7407	5064.8843	39748	0.0179	27000	40100	59.06	no	NA	NA	NA	98030	0.0	no	1:00.00	2769588	0	comfortable/SRR10861751/8to1.never.s4556
SRR10861751	OXFORD_NANOPORE	2220590	comfortable	1	98030	more4to1	auto	7	20000	5000	20000	5000	6457.223	6468.3535	2199777	0.9906	1090000	2350000	114.62	yes	212.00	18	27693	98030	0.0	no	0:31.06	2112612	0	comfortable/SRR10861751/more4to1.auto.s7
SRR10861751	OXFORD_NANOPORE	2220590	comfortable	1	98030	more4to1	auto	42	20000	5000	20000	5000	6495.58	6359.856	2228332	1.0035	1140000	2370000	113.99	yes	191.00	16	26006	98030	0.0	no	0:21.98	1989064	0	comfortable/SRR10861751/more4to1.auto.s42
SRR10861751	OXFORD_NANOPORE	2220590	comfortable	1	98030	more4to1	auto	4556	20000	5000	19980	4995	6460.03	6410.4873	2231356	1.0048	1150000	2350000	114.01	yes	203.00	15	24975	98030	0.0	yes	0:19.77	2008968	0	comfortable/SRR10861751/more4to1.auto.s4556
SRR10861751	OXFORD_NANOPORE	2220590	comfortable	1	98030	more4to1	never	7	20000	5000	20000	5000	4990.954	5066.8574	40287	0.0181	27730	40640	88.79	no	NA	NA	NA	98030	0.0	no	5:46.18	3325876	0	comfortable/SRR10861751/more4to1.never.s7
SRR10861751	OXFORD_NANOPORE	2220590	comfortable	1	98030	more4to1	never	42	20000	5000	20000	5000	4991.822	4913.625	39514	0.0178	27860	39870	87.42	no	NA	NA	NA	98030	0.0	no	2:43.52	3644704	0	comfortable/SRR10861751/more4to1.never.s42
SRR10861751	OXFORD_NANOPORE	2220590	comfortable	1	98030	more4to1	never	4556	20000	5000	20000	5000	4985.0776	5023.9507	39773	0.0179	27380	40130	88.36	no	NA	NA	NA	98030	0.0	no	2:47.81	3392864	0	comfortable/SRR10861751/more4to1.never.s4556
SRR12247681	OXFORD_NANOPORE	5067008	starved	42	7513	legacy	auto	7	2513	5000	1377	2737	4101.154	4136.664	4394262	0.8672	856800	6010000	2.18	yes	71.00	2	4114	7513	19.11	yes	0:00.99	152444	0	starved/SRR12247681/legacy.auto.s7
SRR12247681	OXFORD_NANOPORE	5067008	starved	42	7513	legacy	auto	42	2513	5000	1366	2715	4122.2256	4141	4315680	0.8517	515000	5960000	2.17	yes	73.00	2	4081	7513	19.41	yes	0:00.96	151688	0	starved/SRR12247681/legacy.auto.s42
SRR12247681	OXFORD_NANOPORE	5067008	starved	42	7513	legacy	auto	4556	2513	5000	1377	2739	4057.5605	4157.8516	4154569	0.8199	338110	5980000	2.18	yes	65.00	2	4116	7513	20.12	yes	0:01.01	147308	0	starved/SRR12247681/legacy.auto.s4556
SRR12247681	OXFORD_NANOPORE	5067008	starved	42	7513	legacy	never	7	2513	5000	2513	5000	3112.2383	3259.0168	54458	0.0107	17300	3970000	3.06	no	NA	NA	NA	7513	12.68	no	0:15.24	180280	0	starved/SRR12247681/legacy.never.s7
SRR12247681	OXFORD_NANOPORE	5067008	starved	42	7513	legacy	never	42	2513	5000	2513	5000	3181.887	3224.0115	51251	0.0101	18240	4360000	3.08	no	NA	NA	NA	7513	11.64	no	0:14.70	187844	0	starved/SRR12247681/legacy.never.s42
SRR12247681	OXFORD_NANOPORE	5067008	starved	42	7513	legacy	never	4556	2513	5000	2513	5000	3154.1182	3237.968	51807	0.0102	18040	4310000	3.07	no	NA	NA	NA	7513	11.82	no	0:15.03	190268	0	starved/SRR12247681/legacy.never.s4556
SRR12247681	OXFORD_NANOPORE	5067008	starved	42	7513	1to1	auto	7	3756	3757	2057	2057	4077.7954	4171.7617	4837668	0.9547	1490000	6270000	3.27	yes	71.00	2	4114	7513	11.72	yes	0:01.14	190796	0	starved/SRR12247681/1to1.auto.s7
SRR12247681	OXFORD_NANOPORE	5067008	starved	42	7513	1to1	auto	42	3756	3757	2041	2040	4154.587	4114.835	4787479	0.9448	1190000	5990000	3.25	yes	73.00	2	4081	7513	11.32	yes	0:01.09	192124	0	starved/SRR12247681/1to1.auto.s42
SRR12247681	OXFORD_NANOPORE	5067008	starved	42	7513	1to1	auto	4556	3756	3757	2058	2058	4131.6445	4116.954	4832581	0.9537	1200000	6150000	3.27	yes	65.00	2	4116	7513	13.31	yes	0:01.21	198956	0	starved/SRR12247681/1to1.auto.s4556
SRR12247681	OXFORD_NANOPORE	5067008	starved	42	7513	1to1	never	7	3756	3757	3756	3757	3183.5286	3236.3071	64560	0.0127	19420	5600000	4.61	no	NA	NA	NA	7513	7.85	no	0:11.90	264468	0	starved/SRR12247681/1to1.never.s7
SRR12247681	OXFORD_NANOPORE	5067008	starved	42	7513	1to1	never	42	3756	3757	3756	3757	3096.2153	3323.597	58999	0.0116	19710	5800000	4.61	no	NA	NA	NA	7513	6.92	no	0:11.94	239876	0	starved/SRR12247681/1to1.never.s42
SRR12247681	OXFORD_NANOPORE	5067008	starved	42	7513	1to1	never	4556	3756	3757	3756	3757	3108.8555	3310.9604	60689	0.0120	19380	5510000	4.61	no	NA	NA	NA	7513	8.33	no	0:12.03	260204	0	starved/SRR12247681/1to1.never.s4556
SRR12247681	OXFORD_NANOPORE	5067008	starved	42	7513	2to1	auto	7	5008	2505	2743	1371	4178.8193	4016.6572	5100375	1.0066	1880000	6400000	4.33	yes	71.00	2	4114	7513	8.10	yes	0:01.07	223824	0	starved/SRR12247681/2to1.auto.s7
SRR12247681	OXFORD_NANOPORE	5067008	starved	42	7513	2to1	auto	42	5008	2505	2721	1360	4121.9897	4160.1772	4949208	0.9768	1770000	6280000	4.34	yes	73.00	2	4081	7513	7.57	yes	0:01.04	217948	0	starved/SRR12247681/2to1.auto.s42
SRR12247681	OXFORD_NANOPORE	5067008	starved	42	7513	2to1	auto	4556	5008	2505	2744	1372	4048.8174	4275.263	5235069	1.0332	2080000	6500000	4.40	yes	65.00	2	4116	7513	7.43	yes	0:01.06	217932	0	starved/SRR12247681/2to1.auto.s4556
SRR12247681	OXFORD_NANOPORE	5067008	starved	42	7513	2to1	never	7	5008	2505	5008	2505	3155.1365	3319.4475	419945	0.0829	28370	6120000	6.20	no	NA	NA	NA	7513	6.23	no	0:08.11	359424	0	starved/SRR12247681/2to1.never.s7
SRR12247681	OXFORD_NANOPORE	5067008	starved	42	7513	2to1	never	42	5008	2505	5008	2505	3155.2344	3319.2515	359859	0.0710	29190	6590000	6.20	no	NA	NA	NA	7513	6.31	no	0:08.01	363452	0	starved/SRR12247681/2to1.never.s42
SRR12247681	OXFORD_NANOPORE	5067008	starved	42	7513	2to1	never	4556	5008	2505	5008	2505	3144.2476	3341.2163	411834	0.0813	28390	6430000	6.21	no	NA	NA	NA	7513	7.23	no	0:07.97	383964	0	starved/SRR12247681/2to1.never.s4556
SRR12247681	OXFORD_NANOPORE	5067008	starved	42	7513	4to1	auto	7	6010	1503	3291	823	4155.7026	4001.1191	5115691	1.0096	1100000	6690000	5.17	yes	71.00	2	4114	7513	6.80	yes	0:01.15	290148	0	starved/SRR12247681/4to1.auto.s7
SRR12247681	OXFORD_NANOPORE	5067008	starved	42	7513	4to1	auto	42	6010	1503	3265	816	4172.119	3985.0564	5173823	1.0211	2420000	6460000	5.13	yes	73.00	2	4081	7513	5.51	yes	0:01.07	288580	0	starved/SRR12247681/4to1.auto.s42
SRR12247681	OXFORD_NANOPORE	5067008	starved	42	7513	4to1	auto	4556	6010	1503	3293	823	4115.3433	4160.135	5306374	1.0472	2420000	6870000	5.25	yes	65.00	2	4116	7513	5.71	yes	0:01.13	288028	0	starved/SRR12247681/4to1.auto.s4556
SRR12247681	OXFORD_NANOPORE	5067008	starved	42	7513	4to1	never	7	6010	1503	6010	1503	3172.1687	3360.8816	2262314	0.4465	47840	6850000	7.51	no	NA	NA	NA	7513	6.59	no	0:05.27	425184	0	starved/SRR12247681/4to1.never.s7
SRR12247681	OXFORD_NANOPORE	5067008	starved	42	7513	4to1	never	42	6010	1503	6010	1503	3211.471	3203.725	2931110	0.5785	51890	7030000	7.37	no	NA	NA	NA	7513	5.59	no	0:05.08	425708	0	starved/SRR12247681/4to1.never.s42
SRR12247681	OXFORD_NANOPORE	5067008	starved	42	7513	4to1	never	4556	6010	1503	6010	1503	3139.162	3492.8635	3579893	0.7065	47100	7150000	7.63	no	NA	NA	NA	7513	6.39	no	0:05.24	463088	0	starved/SRR12247681/4to1.never.s4556
SRR12247681	OXFORD_NANOPORE	5067008	starved	42	7513	8to1	auto	7	6678	835	3657	457	4118.074	4178.4287	5443562	1.0743	2420000	6810000	5.84	yes	71.00	2	4114	7513	7.44	yes	0:01.06	319780	0	starved/SRR12247681/8to1.auto.s7
SRR12247681	OXFORD_NANOPORE	5067008	starved	42	7513	8to1	auto	42	6678	835	3628	453	4152.463	3992.5806	5126906	1.0118	2430000	6280000	5.69	yes	73.00	2	4081	7513	3.97	yes	0:01.07	313752	0	starved/SRR12247681/8to1.auto.s42
SRR12247681	OXFORD_NANOPORE	5067008	starved	42	7513	8to1	auto	4556	6678	835	3659	457	4135.053	4038.197	5391620	1.0641	2720000	6710000	5.76	yes	65.00	2	4116	7513	4.81	yes	0:01.10	314788	0	starved/SRR12247681/8to1.auto.s4556
SRR12247681	OXFORD_NANOPORE	5067008	starved	42	7513	8to1	never	7	6678	835	6678	835	3162.1665	3591.8442	3643225	0.7190	62490	7490000	8.64	no	NA	NA	NA	7513	5.39	no	0:03.73	436008	0	starved/SRR12247681/8to1.never.s7
SRR12247681	OXFORD_NANOPORE	5067008	starved	42	7513	8to1	never	42	6678	835	6678	835	3204.034	3257.007	3849768	0.7598	69690	7380000	8.25	no	NA	NA	NA	7513	7.07	no	0:03.54	424596	0	starved/SRR12247681/8to1.never.s42
SRR12247681	OXFORD_NANOPORE	5067008	starved	42	7513	8to1	never	4556	6678	835	6678	835	3214.2126	3175.6023	4382888	0.8650	65920	7630000	8.16	no	NA	NA	NA	7513	8.02	no	0:03.80	458400	0	starved/SRR12247681/8to1.never.s4556
SRR12247681	OXFORD_NANOPORE	5067008	marginal	21	15025	legacy	auto	7	10025	5000	5374	2679	4110.287	4108.0913	5232316	1.0326	3030000	6230000	8.51	yes	79.00	3	8053	15025	4.33	yes	0:02.28	379064	0	marginal/SRR12247681/legacy.auto.s7
SRR12247681	OXFORD_NANOPORE	5067008	marginal	21	15025	legacy	auto	42	10025	5000	5111	2548	4124.7793	4314.9033	5470120	1.0796	3250000	6580000	8.31	yes	70.00	2	7659	15025	4.55	yes	0:02.15	371988	0	marginal/SRR12247681/legacy.auto.s42
SRR12247681	OXFORD_NANOPORE	5067008	marginal	21	15025	legacy	auto	4556	10025	5000	5120	2553	4147.4443	4229.206	5390813	1.0639	3280000	6310000	8.26	yes	61.00	2	7673	15025	4.19	yes	0:02.26	369604	0	marginal/SRR12247681/legacy.auto.s4556
SRR12247681	OXFORD_NANOPORE	5067008	marginal	21	15025	legacy	never	7	10025	5000	10025	5000	3206.3694	3147.144	4695638	0.9267	63380	7560000	12.18	no	NA	NA	NA	15025	7.16	no	0:20.64	657540	0	marginal/SRR12247681/legacy.never.s7
SRR12247681	OXFORD_NANOPORE	5067008	marginal	21	15025	legacy	never	42	10025	5000	10025	5000	3220.7297	3118.3513	4815890	0.9504	64070	7740000	12.15	no	NA	NA	NA	15025	6.84	no	0:20.53	735248	0	marginal/SRR12247681/legacy.never.s42
SRR12247681	OXFORD_NANOPORE	5067008	marginal	21	15025	legacy	never	4556	10025	5000	10025	5000	3179.8433	3200.3289	4816258	0.9505	64080	7780000	12.23	no	NA	NA	NA	15025	6.24	no	0:20.98	633212	0	marginal/SRR12247681/legacy.never.s4556
SRR12247681	OXFORD_NANOPORE	5067008	marginal	21	15025	1to1	auto	7	7512	7513	4027	4026	4137.322	4081.7847	5218546	1.0299	2750000	6400000	6.37	yes	79.00	3	8053	15025	5.49	yes	0:02.88	355548	0	marginal/SRR12247681/1to1.auto.s7
SRR12247681	OXFORD_NANOPORE	5067008	marginal	21	15025	1to1	auto	42	7512	7513	3830	3829	4174.7783	4201.285	5549360	1.0952	2970000	6630000	6.18	yes	70.00	2	7659	15025	4.96	yes	0:02.65	339752	0	marginal/SRR12247681/1to1.auto.s42
SRR12247681	OXFORD_NANOPORE	5067008	marginal	21	15025	1to1	auto	4556	7512	7513	3837	3836	4016.9407	4332.3975	5288906	1.0438	3020000	6450000	6.17	yes	61.00	2	7673	15025	5.47	yes	0:02.66	335400	0	marginal/SRR12247681/1to1.auto.s4556
SRR12247681	OXFORD_NANOPORE	5067008	marginal	21	15025	1to1	never	7	7512	7513	7512	7513	3218.1973	3155.128	4127272	0.8145	62320	7390000	9.15	no	NA	NA	NA	15025	7.69	no	0:27.25	604584	0	marginal/SRR12247681/1to1.never.s7
SRR12247681	OXFORD_NANOPORE	5067008	marginal	21	15025	1to1	never	42	7512	7513	7512	7513	3232.605	3140.722	3986391	0.7867	63210	7370000	9.15	no	NA	NA	NA	15025	7.57	no	0:27.61	618384	0	marginal/SRR12247681/1to1.never.s42
SRR12247681	OXFORD_NANOPORE	5067008	marginal	21	15025	1to1	never	4556	7512	7513	7512	7513	3152.2637	3221.0527	4445315	0.8773	62220	7680000	9.15	no	NA	NA	NA	15025	7.01	no	0:27.72	616504	0	marginal/SRR12247681/1to1.never.s4556
SRR12247681	OXFORD_NANOPORE	5067008	marginal	21	15025	2to1	auto	7	10016	5009	5369	2684	4105.9355	4116.801	5243020	1.0347	3030000	6230000	8.50	yes	79.00	3	8053	15025	4.36	yes	0:02.46	377296	0	marginal/SRR12247681/2to1.auto.s7
SRR12247681	OXFORD_NANOPORE	5067008	marginal	21	15025	2to1	auto	42	10016	5009	5106	2553	4126.494	4311.101	5466959	1.0789	3240000	6580000	8.30	yes	70.00	2	7659	15025	4.50	yes	0:02.07	365292	0	marginal/SRR12247681/2to1.auto.s42
SRR12247681	OXFORD_NANOPORE	5067008	marginal	21	15025	2to1	auto	4556	10016	5009	5115	2558	4148.545	4226.8457	5387055	1.0632	3290000	6310000	8.25	yes	61.00	2	7673	15025	4.18	yes	0:02.69	385464	0	marginal/SRR12247681/2to1.auto.s4556
SRR12247681	OXFORD_NANOPORE	5067008	marginal	21	15025	2to1	never	7	10016	5009	10016	5009	3207.693	3144.6035	4704291	0.9284	63430	7560000	12.16	no	NA	NA	NA	15025	7.17	no	0:24.53	709756	0	marginal/SRR12247681/2to1.never.s7
SRR12247681	OXFORD_NANOPORE	5067008	marginal	21	15025	2to1	never	42	10016	5009	10016	5009	3221.472	3117.051	4781523	0.9437	64070	7730000	12.14	no	NA	NA	NA	15025	6.83	no	0:25.71	752968	0	marginal/SRR12247681/2to1.never.s42
SRR12247681	OXFORD_NANOPORE	5067008	marginal	21	15025	2to1	never	4556	10016	5009	10016	5009	3178.8235	3202.3313	4826860	0.9526	64050	7780000	12.22	no	NA	NA	NA	15025	6.25	no	0:25.64	642388	0	marginal/SRR12247681/2to1.never.s4556
SRR12247681	OXFORD_NANOPORE	5067008	marginal	21	15025	4to1	auto	7	12020	3005	6443	1610	4135.5034	4005.7205	5251303	1.0364	3150000	6290000	10.10	yes	79.00	3	8053	15025	3.98	yes	0:02.40	469248	0	marginal/SRR12247681/4to1.auto.s7
SRR12247681	OXFORD_NANOPORE	5067008	marginal	21	15025	4to1	auto	42	12020	3005	6128	1531	4154.487	4322.29	5382002	1.0622	3390000	6380000	10.01	yes	70.00	2	7659	15025	3.85	yes	0:02.05	448936	0	marginal/SRR12247681/4to1.auto.s42
SRR12247681	OXFORD_NANOPORE	5067008	marginal	21	15025	4to1	auto	4556	12020	3005	6139	1534	4161.842	4225.8994	5361678	1.0582	3450000	6260000	9.92	yes	61.00	2	7673	15025	3.72	yes	0:02.09	446980	0	marginal/SRR12247681/4to1.auto.s4556
SRR12247681	OXFORD_NANOPORE	5067008	marginal	21	15025	4to1	never	7	12020	3005	12020	3005	3200.9558	3129.4788	4635713	0.9149	64680	7700000	14.55	no	NA	NA	NA	15025	6.99	no	0:13.62	650164	0	marginal/SRR12247681/4to1.never.s7
SRR12247681	OXFORD_NANOPORE	5067008	marginal	21	15025	4to1	never	42	12020	3005	12020	3005	3200.0718	3133.0154	4719146	0.9313	69790	7540000	14.55	no	NA	NA	NA	15025	6.59	no	0:14.11	848056	0	marginal/SRR12247681/4to1.never.s42
SRR12247681	OXFORD_NANOPORE	5067008	marginal	21	15025	4to1	never	4556	12020	3005	12020	3005	3175.934	3229.5662	5192441	1.0248	64260	7860000	14.72	no	NA	NA	NA	15025	6.66	no	0:14.56	733124	0	marginal/SRR12247681/4to1.never.s4556
SRR12247681	OXFORD_NANOPORE	5067008	marginal	21	15025	8to1	auto	7	13355	1670	7158	895	4108.2954	4119.641	5420786	1.0698	3310000	6250000	11.34	yes	79.00	3	8053	15025	3.13	yes	0:02.13	499376	0	marginal/SRR12247681/8to1.auto.s7
SRR12247681	OXFORD_NANOPORE	5067008	marginal	21	15025	8to1	auto	42	13355	1670	6808	851	4159.864	4413.3594	5366113	1.0590	3680000	6370000	11.25	yes	70.00	2	7659	15025	3.17	yes	0:02.33	517036	0	marginal/SRR12247681/8to1.auto.s42
SRR12247681	OXFORD_NANOPORE	5067008	marginal	21	15025	8to1	auto	4556	13355	1670	6821	852	4159.7036	4294.2944	5388596	1.0635	3650000	6170000	11.11	yes	61.00	2	7673	15025	4.34	yes	0:02.03	489652	0	marginal/SRR12247681/8to1.auto.s4556
SRR12247681	OXFORD_NANOPORE	5067008	marginal	21	15025	8to1	never	7	13355	1670	13355	1670	3188.3484	3173.1624	4708168	0.9292	69350	7730000	16.24	no	NA	NA	NA	15025	6.65	no	0:08.30	715660	0	marginal/SRR12247681/8to1.never.s7
SRR12247681	OXFORD_NANOPORE	5067008	marginal	21	15025	8to1	never	42	13355	1670	13355	1670	3183.455	3212.2922	4751191	0.9377	64430	7610000	16.33	no	NA	NA	NA	15025	5.87	no	0:09.30	832964	0	marginal/SRR12247681/8to1.never.s42
SRR12247681	OXFORD_NANOPORE	5067008	marginal	21	15025	8to1	never	4556	13355	1670	13355	1670	3170.3428	3317.1538	5648940	1.1148	67830	8170000	16.57	no	NA	NA	NA	15025	6.23	no	0:09.00	737592	0	marginal/SRR12247681/8to1.never.s4556
SRR12247681	OXFORD_NANOPORE	5067008	comfortable	1	315509	legacy	auto	7	10000	5000	10000	5000	4108.5986	4086.183	5569076	1.0991	3960000	6390000	15.78	yes	124.00	27	141837	315509	4.32	no	0:19.00	710960	0	comfortable/SRR12247681/legacy.auto.s7
SRR12247681	OXFORD_NANOPORE	5067008	comfortable	1	315509	legacy	auto	42	10000	5000	10000	5000	4238.9146	4142.9487	5623102	1.1097	3950000	6360000	16.15	yes	125.00	27	141654	315509	4.36	no	0:19.32	727144	0	comfortable/SRR12247681/legacy.auto.s42
SRR12247681	OXFORD_NANOPORE	5067008	comfortable	1	315509	legacy	auto	4556	10000	5000	10000	5000	4215.058	3991.424	5544558	1.0942	3970000	6370000	15.80	yes	104.00	27	141292	315509	4.12	no	0:20.14	725172	0	comfortable/SRR12247681/legacy.auto.s4556
SRR12247681	OXFORD_NANOPORE	5067008	comfortable	1	315509	legacy	never	7	10000	5000	10000	5000	3086.1572	3236.283	4907629	0.9685	65440	8170000	12.08	no	NA	NA	NA	315509	6.84	no	0:21.35	745480	0	comfortable/SRR12247681/legacy.never.s7
SRR12247681	OXFORD_NANOPORE	5067008	comfortable	1	315509	legacy	never	42	10000	5000	10000	5000	3169.2505	3200.5537	4401684	0.8687	64190	7590000	12.18	no	NA	NA	NA	315509	6.10	no	0:21.19	749764	0	comfortable/SRR12247681/legacy.never.s42
SRR12247681	OXFORD_NANOPORE	5067008	comfortable	1	315509	legacy	never	4556	10000	5000	10000	5000	3068.4292	3177.4695	4745472	0.9365	100800	7830000	11.93	no	NA	NA	NA	315509	6.60	no	0:19.61	744108	0	comfortable/SRR12247681/legacy.never.s4556
SRR12247681	OXFORD_NANOPORE	5067008	comfortable	1	315509	1to1	auto	7	7500	7500	7500	7500	4101.7813	4100.4727	5527450	1.0909	3670000	6450000	11.85	yes	124.00	27	141837	315509	3.77	no	0:26.76	619636	0	comfortable/SRR12247681/1to1.auto.s7
SRR12247681	OXFORD_NANOPORE	5067008	comfortable	1	315509	1to1	auto	42	7500	7500	7500	7500	4243.4023	4170.4497	5547778	1.0949	3740000	6430000	12.16	yes	125.00	27	141654	315509	4.40	no	0:37.73	626860	0	comfortable/SRR12247681/1to1.auto.s42
SRR12247681	OXFORD_NANOPORE	5067008	comfortable	1	315509	1to1	auto	4556	7500	7500	7500	7500	4159.1636	4121.863	5545644	1.0945	3720000	6480000	11.96	yes	104.00	27	141292	315509	4.35	no	0:19.86	605440	0	comfortable/SRR12247681/1to1.auto.s4556
SRR12247681	OXFORD_NANOPORE	5067008	comfortable	1	315509	1to1	never	7	7500	7500	7500	7500	3104.3352	3168.0632	3879984	0.7657	62560	7580000	8.99	no	NA	NA	NA	315509	7.93	no	0:24.23	661968	0	comfortable/SRR12247681/1to1.never.s7
SRR12247681	OXFORD_NANOPORE	5067008	comfortable	1	315509	1to1	never	42	7500	7500	7500	7500	3141.5989	3217.771	3661116	0.7225	63040	7250000	9.12	no	NA	NA	NA	315509	6.60	no	0:37.76	688736	0	comfortable/SRR12247681/1to1.never.s42
SRR12247681	OXFORD_NANOPORE	5067008	comfortable	1	315509	1to1	never	4556	7500	7500	7500	7500	3037.9167	3171.6353	4281980	0.8451	79990	7560000	8.90	no	NA	NA	NA	315509	6.80	no	0:23.14	716004	0	comfortable/SRR12247681/1to1.never.s4556
SRR12247681	OXFORD_NANOPORE	5067008	comfortable	1	315509	2to1	auto	7	10000	5000	10000	5000	4108.5986	4086.183	5569076	1.0991	3960000	6390000	15.78	yes	124.00	27	141837	315509	4.32	no	0:21.72	748112	0	comfortable/SRR12247681/2to1.auto.s7
SRR12247681	OXFORD_NANOPORE	5067008	comfortable	1	315509	2to1	auto	42	10000	5000	10000	5000	4238.9146	4142.9487	5623102	1.1097	3950000	6360000	16.15	yes	125.00	27	141654	315509	4.36	no	0:23.15	724336	0	comfortable/SRR12247681/2to1.auto.s42
SRR12247681	OXFORD_NANOPORE	5067008	comfortable	1	315509	2to1	auto	4556	10000	5000	10000	5000	4215.058	3991.424	5544558	1.0942	3970000	6370000	15.80	yes	104.00	27	141292	315509	4.12	no	0:21.17	714340	0	comfortable/SRR12247681/2to1.auto.s4556
SRR12247681	OXFORD_NANOPORE	5067008	comfortable	1	315509	2to1	never	7	10000	5000	10000	5000	3086.1572	3236.283	4907629	0.9685	65440	8170000	12.08	no	NA	NA	NA	315509	6.84	no	0:20.80	727452	0	comfortable/SRR12247681/2to1.never.s7
SRR12247681	OXFORD_NANOPORE	5067008	comfortable	1	315509	2to1	never	42	10000	5000	10000	5000	3169.2505	3200.5537	4401684	0.8687	64190	7590000	12.18	no	NA	NA	NA	315509	6.10	no	0:21.20	726024	0	comfortable/SRR12247681/2to1.never.s42
SRR12247681	OXFORD_NANOPORE	5067008	comfortable	1	315509	2to1	never	4556	10000	5000	10000	5000	3068.4292	3177.4695	4745472	0.9365	100800	7830000	11.93	no	NA	NA	NA	315509	6.60	no	0:19.99	777508	0	comfortable/SRR12247681/2to1.never.s4556
SRR12247681	OXFORD_NANOPORE	5067008	comfortable	1	315509	4to1	auto	7	12000	3000	12000	3000	4140.0737	3945.3394	5627633	1.1106	4100000	6360000	18.68	yes	124.00	27	141837	315509	5.00	no	0:18.73	800400	0	comfortable/SRR12247681/4to1.auto.s7
SRR12247681	OXFORD_NANOPORE	5067008	comfortable	1	315509	4to1	auto	42	12000	3000	12000	3000	4210.4556	4192.8066	5574291	1.1001	4090000	6300000	19.43	yes	125.00	27	141654	315509	4.30	no	0:21.67	873036	0	comfortable/SRR12247681/4to1.auto.s42
SRR12247681	OXFORD_NANOPORE	5067008	comfortable	1	315509	4to1	auto	4556	12000	3000	12000	3000	4164.8145	4043.308	5543908	1.0941	4040000	6280000	18.97	yes	104.00	27	141292	315509	4.57	no	0:18.76	830128	0	comfortable/SRR12247681/4to1.auto.s4556
SRR12247681	OXFORD_NANOPORE	5067008	comfortable	1	315509	4to1	never	7	12000	3000	12000	3000	3101.1086	3276.5605	5573422	1.0999	123990	8310000	14.63	no	NA	NA	NA	315509	6.03	no	0:17.30	789676	0	comfortable/SRR12247681/4to1.never.s7
SRR12247681	OXFORD_NANOPORE	5067008	comfortable	1	315509	4to1	never	42	12000	3000	12000	3000	3181.318	3173.153	4988476	0.9845	73070	7930000	14.58	no	NA	NA	NA	315509	6.53	no	0:16.93	850960	0	comfortable/SRR12247681/4to1.never.s42
SRR12247681	OXFORD_NANOPORE	5067008	comfortable	1	315509	4to1	never	4556	12000	3000	12000	3000	3064.314	3266.6238	5206386	1.0275	112950	8040000	14.52	no	NA	NA	NA	315509	6.40	no	0:17.91	836448	0	comfortable/SRR12247681/4to1.never.s4556
SRR12247681	OXFORD_NANOPORE	5067008	comfortable	1	315509	8to1	auto	7	13333	1667	13333	1667	4104.5313	4073.9	5638100	1.1127	4250000	6300000	21.00	yes	124.00	27	141837	315509	4.14	no	0:18.27	966784	0	comfortable/SRR12247681/8to1.auto.s7
SRR12247681	OXFORD_NANOPORE	5067008	comfortable	1	315509	8to1	auto	42	13333	1667	13333	1667	4216.91	4127.0713	5617959	1.1087	4220000	6280000	21.43	yes	125.00	27	141654	315509	4.68	no	0:21.14	930052	0	comfortable/SRR12247681/8to1.auto.s42
SRR12247681	OXFORD_NANOPORE	5067008	comfortable	1	315509	8to1	auto	4556	13333	1667	13333	1667	4162.2446	3966.7024	5514384	1.0883	4080000	6180000	20.87	yes	104.00	27	141292	315509	4.68	no	0:17.91	976924	0	comfortable/SRR12247681/8to1.auto.s4556
SRR12247681	OXFORD_NANOPORE	5067008	comfortable	1	315509	8to1	never	7	13333	1667	13333	1667	3096.8904	3450.5994	5723682	1.1296	135230	8420000	16.71	no	NA	NA	NA	315509	5.94	no	0:15.45	857628	0	comfortable/SRR12247681/8to1.never.s7
SRR12247681	OXFORD_NANOPORE	5067008	comfortable	1	315509	8to1	never	42	13333	1667	13333	1667	3183.0586	3152.7036	4855074	0.9582	106020	7940000	16.15	no	NA	NA	NA	315509	6.72	no	0:15.67	894724	0	comfortable/SRR12247681/8to1.never.s42
SRR12247681	OXFORD_NANOPORE	5067008	comfortable	1	315509	8to1	never	4556	13333	1667	13333	1667	3081.4675	3291.2017	5242115	1.0346	120220	8170000	16.24	no	NA	NA	NA	315509	6.54	no	0:16.94	902032	0	comfortable/SRR12247681/8to1.never.s4556
SRR12247681	OXFORD_NANOPORE	5067008	comfortable	1	315509	more4to1	auto	7	20000	5000	20000	5000	4152.8193	4290.5757	5704508	1.1258	4430000	6290000	32.54	yes	124.00	27	141773	315509	5.12	no	0:22.73	1300272	0	comfortable/SRR12247681/more4to1.auto.s7
SRR12247681	OXFORD_NANOPORE	5067008	comfortable	1	315509	more4to1	auto	42	20000	5000	20000	5000	4106.09	4121.937	5626987	1.1105	4360000	6270000	31.69	yes	125.00	27	141485	315509	5.30	no	0:27.65	1415212	0	comfortable/SRR12247681/more4to1.auto.s42
SRR12247681	OXFORD_NANOPORE	5067008	comfortable	1	315509	more4to1	auto	4556	20000	5000	20000	5000	4056.2837	4080.136	5675302	1.1200	4410000	6290000	31.33	yes	104.00	27	141501	315509	5.12	no	0:25.20	1294680	0	comfortable/SRR12247681/more4to1.auto.s4556
SRR12247681	OXFORD_NANOPORE	5067008	comfortable	1	315509	more4to1	never	7	20000	5000	20000	5000	3163.0696	3236.283	5751138	1.1350	145070	8350000	24.47	no	NA	NA	NA	315509	5.96	no	0:21.07	1142776	0	comfortable/SRR12247681/more4to1.never.s7
SRR12247681	OXFORD_NANOPORE	5067008	comfortable	1	315509	more4to1	never	42	20000	5000	20000	5000	3147.9243	3200.5537	5310886	1.0481	131060	8080000	24.27	no	NA	NA	NA	315509	5.62	no	0:22.23	1135284	0	comfortable/SRR12247681/more4to1.never.s42
SRR12247681	OXFORD_NANOPORE	5067008	comfortable	1	315509	more4to1	never	4556	20000	5000	20000	5000	3099.4639	3177.4695	5423274	1.0703	154360	8200000	23.99	no	NA	NA	NA	315509	5.84	no	0:20.53	1159652	0	comfortable/SRR12247681/more4to1.never.s4556
SRR13183064	PACBIO_SMRT	6409097	starved	3	7092	legacy	auto	7	2092	5000	2092	5000	1725.3815	1684.8856	1643510	0.2564	642370	2800000	1.05	no	4.00	NA	NA	7092	37.86	no	0:00.48	79456	0	starved/SRR13183064/legacy.auto.s7
SRR13183064	PACBIO_SMRT	6409097	starved	3	7092	legacy	auto	42	2092	5000	2092	5000	1654.4288	1714.5721	1640985	0.2560	653460	2740000	1.03	no	4.00	NA	NA	7092	37.70	no	0:00.47	69940	0	starved/SRR13183064/legacy.auto.s42
SRR13183064	PACBIO_SMRT	6409097	starved	3	7092	legacy	auto	4556	2092	5000	2092	5000	1709.989	1691.3258	1661785	0.2593	641080	3220000	1.05	no	4.00	NA	NA	7092	38.08	no	0:00.56	77708	0	starved/SRR13183064/legacy.auto.s4556
SRR13183064	PACBIO_SMRT	6409097	starved	3	7092	legacy	never	7	2092	5000	2092	5000	1725.3815	1684.8856	1643510	0.2564	642370	2800000	1.05	no	NA	NA	NA	7092	37.86	no	0:00.47	71948	0	starved/SRR13183064/legacy.never.s7
SRR13183064	PACBIO_SMRT	6409097	starved	3	7092	legacy	never	42	2092	5000	2092	5000	1654.4288	1714.5721	1640985	0.2560	653460	2740000	1.03	no	NA	NA	NA	7092	37.70	no	0:00.48	64720	0	starved/SRR13183064/legacy.never.s42
SRR13183064	PACBIO_SMRT	6409097	starved	3	7092	legacy	never	4556	2092	5000	2092	5000	1709.989	1691.3258	1661785	0.2593	641080	3220000	1.05	no	NA	NA	NA	7092	38.08	no	0:00.73	70404	0	starved/SRR13183064/legacy.never.s4556
SRR13183064	PACBIO_SMRT	6409097	starved	3	7092	1to1	auto	7	3546	3546	3546	3546	1677.7826	1715.8796	1936256	0.3021	645280	3430000	1.77	no	4.00	NA	NA	7092	32.71	no	0:00.49	111788	0	starved/SRR13183064/1to1.auto.s7
SRR13183064	PACBIO_SMRT	6409097	starved	3	7092	1to1	auto	42	3546	3546	3546	3546	1687.2645	1706.3976	1843386	0.2876	683180	3320000	1.77	no	4.00	NA	NA	7092	32.99	no	0:00.49	113916	0	starved/SRR13183064/1to1.auto.s42
SRR13183064	PACBIO_SMRT	6409097	starved	3	7092	1to1	auto	4556	3546	3546	3546	3546	1681.2242	1712.438	1899527	0.2964	646690	3340000	1.77	no	4.00	NA	NA	7092	33.56	no	0:00.49	112376	0	starved/SRR13183064/1to1.auto.s4556
SRR13183064	PACBIO_SMRT	6409097	starved	3	7092	1to1	never	7	3546	3546	3546	3546	1677.7826	1715.8796	1936256	0.3021	645280	3430000	1.77	no	NA	NA	NA	7092	32.71	no	0:00.51	108672	0	starved/SRR13183064/1to1.never.s7
SRR13183064	PACBIO_SMRT	6409097	starved	3	7092	1to1	never	42	3546	3546	3546	3546	1687.2645	1706.3976	1843386	0.2876	683180	3320000	1.77	no	NA	NA	NA	7092	32.99	no	0:00.52	107188	0	starved/SRR13183064/1to1.never.s42
SRR13183064	PACBIO_SMRT	6409097	starved	3	7092	1to1	never	4556	3546	3546	3546	3546	1681.2242	1712.438	1899527	0.2964	646690	3340000	1.77	no	NA	NA	NA	7092	33.56	no	0:00.65	104204	0	starved/SRR13183064/1to1.never.s4556
SRR13183064	PACBIO_SMRT	6409097	starved	3	7092	2to1	auto	7	4728	2364	4728	2364	1685.6134	1719.2665	2141250	0.3341	645430	3970000	2.36	no	4.00	NA	NA	7092	31.77	no	0:00.51	153712	0	starved/SRR13183064/2to1.auto.s7
SRR13183064	PACBIO_SMRT	6409097	starved	3	7092	2to1	auto	42	4728	2364	4728	2364	1685.7407	1719.0118	1957563	0.3054	688740	3920000	2.36	no	4.00	NA	NA	7092	31.13	no	0:00.61	146712	0	starved/SRR13183064/2to1.auto.s42
SRR13183064	PACBIO_SMRT	6409097	starved	3	7092	2to1	auto	4556	4728	2364	4728	2364	1668.2697	1753.9539	1884525	0.2940	671610	3960000	2.38	no	4.00	NA	NA	7092	33.21	no	0:00.53	145912	0	starved/SRR13183064/2to1.auto.s4556
SRR13183064	PACBIO_SMRT	6409097	starved	3	7092	2to1	never	7	4728	2364	4728	2364	1685.6134	1719.2665	2141250	0.3341	645430	3970000	2.36	no	NA	NA	NA	7092	31.77	no	0:00.64	139624	0	starved/SRR13183064/2to1.never.s7
SRR13183064	PACBIO_SMRT	6409097	starved	3	7092	2to1	never	42	4728	2364	4728	2364	1685.7407	1719.0118	1957563	0.3054	688740	3920000	2.36	no	NA	NA	NA	7092	31.13	no	0:00.52	142196	0	starved/SRR13183064/2to1.never.s42
SRR13183064	PACBIO_SMRT	6409097	starved	3	7092	2to1	never	4556	4728	2364	4728	2364	1668.2697	1753.9539	1884525	0.2940	671610	3960000	2.38	no	NA	NA	NA	7092	33.21	no	0:00.75	149256	0	starved/SRR13183064/2to1.never.s4556
SRR13183064	PACBIO_SMRT	6409097	starved	3	7092	4to1	auto	7	5673	1419	5673	1419	1676.5908	1777.7491	2242611	0.3499	654400	3990000	2.88	no	4.00	NA	NA	7092	31.22	no	0:00.53	152868	0	starved/SRR13183064/4to1.auto.s7
SRR13183064	PACBIO_SMRT	6409097	starved	3	7092	4to1	auto	42	5673	1419	5673	1419	1692.4364	1714.4003	1980123	0.3090	689390	3870000	2.84	no	4.00	NA	NA	7092	29.95	no	0:00.50	156080	0	starved/SRR13183064/4to1.auto.s42
SRR13183064	PACBIO_SMRT	6409097	starved	3	7092	4to1	auto	4556	5673	1419	5673	1419	1679.6188	1765.6442	2195472	0.3426	687040	4500000	2.87	no	4.00	NA	NA	7092	31.01	no	0:00.57	151120	0	starved/SRR13183064/4to1.auto.s4556
SRR13183064	PACBIO_SMRT	6409097	starved	3	7092	4to1	never	7	5673	1419	5673	1419	1676.5908	1777.7491	2242611	0.3499	654400	3990000	2.88	no	NA	NA	NA	7092	31.22	no	0:00.49	145764	0	starved/SRR13183064/4to1.never.s7
SRR13183064	PACBIO_SMRT	6409097	starved	3	7092	4to1	never	42	5673	1419	5673	1419	1692.4364	1714.4003	1980123	0.3090	689390	3870000	2.84	no	NA	NA	NA	7092	29.95	no	0:00.49	149124	0	starved/SRR13183064/4to1.never.s42
SRR13183064	PACBIO_SMRT	6409097	starved	3	7092	4to1	never	4556	5673	1419	5673	1419	1679.6188	1765.6442	2195472	0.3426	687040	4500000	2.87	no	NA	NA	NA	7092	31.01	no	0:00.56	144044	0	starved/SRR13183064/4to1.never.s4556
SRR13183064	PACBIO_SMRT	6409097	starved	3	7092	8to1	auto	7	6304	788	6304	788	1702.0531	1655.0546	1977264	0.3085	672920	3890000	3.11	no	4.00	NA	NA	7092	31.73	no	0:00.54	169168	0	starved/SRR13183064/8to1.auto.s7
SRR13183064	PACBIO_SMRT	6409097	starved	3	7092	8to1	auto	42	6304	788	6304	788	1694.7098	1713.8008	2186316	0.3411	703670	4330000	3.16	no	4.00	NA	NA	7092	30.71	no	0:00.55	166180	0	starved/SRR13183064/8to1.auto.s42
SRR13183064	PACBIO_SMRT	6409097	starved	3	7092	8to1	auto	4556	6304	788	6304	788	1691.6901	1737.9594	2096453	0.3271	657720	4110000	3.18	no	4.00	NA	NA	7092	31.98	no	0:00.47	166184	0	starved/SRR13183064/8to1.auto.s4556
SRR13183064	PACBIO_SMRT	6409097	starved	3	7092	8to1	never	7	6304	788	6304	788	1702.0531	1655.0546	1977264	0.3085	672920	3890000	3.11	no	NA	NA	NA	7092	31.73	no	0:00.47	155576	0	starved/SRR13183064/8to1.never.s7
SRR13183064	PACBIO_SMRT	6409097	starved	3	7092	8to1	never	42	6304	788	6304	788	1694.7098	1713.8008	2186316	0.3411	703670	4330000	3.16	no	NA	NA	NA	7092	30.71	no	0:00.47	156416	0	starved/SRR13183064/8to1.never.s42
SRR13183064	PACBIO_SMRT	6409097	starved	3	7092	8to1	never	4556	6304	788	6304	788	1691.6901	1737.9594	2096453	0.3271	657720	4110000	3.18	no	NA	NA	NA	7092	31.98	no	0:00.52	155308	0	starved/SRR13183064/8to1.never.s4556
SRR13183064	PACBIO_SMRT	6409097	marginal	1	21275	legacy	auto	7	16275	5000	16275	5000	1697.8207	1655.754	2166494	0.3380	661040	4290000	8.01	no	4.00	NA	NA	21275	31.28	no	0:01.80	442828	0	marginal/SRR13183064/legacy.auto.s7
SRR13183064	PACBIO_SMRT	6409097	marginal	1	21275	legacy	auto	42	16275	5000	16275	5000	1689.6881	1682.2258	2287976	0.3570	673720	4340000	8.06	no	4.00	NA	NA	21275	31.80	no	0:01.78	441808	0	marginal/SRR13183064/legacy.auto.s42
SRR13183064	PACBIO_SMRT	6409097	marginal	1	21275	legacy	auto	4556	16275	5000	16275	5000	1685.4214	1696.1138	2144694	0.3346	665740	4250000	8.08	no	4.00	NA	NA	21275	31.38	no	0:01.82	443420	0	marginal/SRR13183064/legacy.auto.s4556
SRR13183064	PACBIO_SMRT	6409097	marginal	1	21275	legacy	never	7	16275	5000	16275	5000	1697.8207	1655.754	2166494	0.3380	661040	4290000	8.01	no	NA	NA	NA	21275	31.28	no	0:01.65	428512	0	marginal/SRR13183064/legacy.never.s7
SRR13183064	PACBIO_SMRT	6409097	marginal	1	21275	legacy	never	42	16275	5000	16275	5000	1689.6881	1682.2258	2287976	0.3570	673720	4340000	8.06	no	NA	NA	NA	21275	31.80	no	0:01.95	426644	0	marginal/SRR13183064/legacy.never.s42
SRR13183064	PACBIO_SMRT	6409097	marginal	1	21275	legacy	never	4556	16275	5000	16275	5000	1685.4214	1696.1138	2144694	0.3346	665740	4250000	8.08	no	NA	NA	NA	21275	31.38	no	0:01.77	422812	0	marginal/SRR13183064/legacy.never.s4556
SRR13183064	PACBIO_SMRT	6409097	marginal	1	21275	1to1	auto	7	10637	10638	10637	10638	1679.4006	1696.4672	2173996	0.3392	647430	4120000	5.27	no	4.00	NA	NA	21275	31.27	no	0:02.08	308588	0	marginal/SRR13183064/1to1.auto.s7
SRR13183064	PACBIO_SMRT	6409097	marginal	1	21275	1to1	auto	42	10637	10638	10637	10638	1676.8529	1699.0146	2127808	0.3320	661320	4000000	5.27	no	4.00	NA	NA	21275	31.04	no	0:01.95	308360	0	marginal/SRR13183064/1to1.auto.s42
SRR13183064	PACBIO_SMRT	6409097	marginal	1	21275	1to1	auto	4556	10637	10638	10637	10638	1681.2035	1694.6644	2119678	0.3307	665630	4010000	5.27	no	4.00	NA	NA	21275	31.20	no	0:02.06	307296	0	marginal/SRR13183064/1to1.auto.s4556
SRR13183064	PACBIO_SMRT	6409097	marginal	1	21275	1to1	never	7	10637	10638	10637	10638	1679.4006	1696.4672	2173996	0.3392	647430	4120000	5.27	no	NA	NA	NA	21275	31.27	no	0:02.06	277732	0	marginal/SRR13183064/1to1.never.s7
SRR13183064	PACBIO_SMRT	6409097	marginal	1	21275	1to1	never	42	10637	10638	10637	10638	1676.8529	1699.0146	2127808	0.3320	661320	4000000	5.27	no	NA	NA	NA	21275	31.04	no	0:01.89	296064	0	marginal/SRR13183064/1to1.never.s42
SRR13183064	PACBIO_SMRT	6409097	marginal	1	21275	1to1	never	4556	10637	10638	10637	10638	1681.2035	1694.6644	2119678	0.3307	665630	4010000	5.27	no	NA	NA	NA	21275	31.20	no	0:01.87	288188	0	marginal/SRR13183064/1to1.never.s4556
SRR13183064	PACBIO_SMRT	6409097	marginal	1	21275	2to1	auto	7	14183	7092	14183	7092	1696.594	1670.6165	2179875	0.3401	667000	4280000	7.01	no	4.00	NA	NA	21275	31.43	no	0:02.10	382412	0	marginal/SRR13183064/2to1.auto.s7
SRR13183064	PACBIO_SMRT	6409097	marginal	1	21275	2to1	auto	42	14183	7092	14183	7092	1687.8138	1688.1753	2217587	0.3460	656160	4240000	7.03	no	4.00	NA	NA	21275	31.22	no	0:01.96	352488	0	marginal/SRR13183064/2to1.auto.s42
SRR13183064	PACBIO_SMRT	6409097	marginal	1	21275	2to1	auto	4556	14183	7092	14183	7092	1682.8138	1698.1748	2143037	0.3344	663680	4140000	7.04	no	4.00	NA	NA	21275	31.57	no	0:02.05	366344	0	marginal/SRR13183064/2to1.auto.s4556
SRR13183064	PACBIO_SMRT	6409097	marginal	1	21275	2to1	never	7	14183	7092	14183	7092	1696.594	1670.6165	2179875	0.3401	667000	4280000	7.01	no	NA	NA	NA	21275	31.43	no	0:01.88	343200	0	marginal/SRR13183064/2to1.never.s7
SRR13183064	PACBIO_SMRT	6409097	marginal	1	21275	2to1	never	42	14183	7092	14183	7092	1687.8138	1688.1753	2217587	0.3460	656160	4240000	7.03	no	NA	NA	NA	21275	31.22	no	0:02.64	331716	0	marginal/SRR13183064/2to1.never.s42
SRR13183064	PACBIO_SMRT	6409097	marginal	1	21275	2to1	never	4556	14183	7092	14183	7092	1682.8138	1698.1748	2143037	0.3344	663680	4140000	7.04	no	NA	NA	NA	21275	31.57	no	0:02.17	335232	0	marginal/SRR13183064/2to1.never.s4556
SRR13183064	PACBIO_SMRT	6409097	marginal	1	21275	4to1	auto	7	17020	4255	17020	4255	1695.3291	1658.3551	2170668	0.3387	668370	4340000	8.38	no	4.00	NA	NA	21275	31.28	no	0:01.73	475048	0	marginal/SRR13183064/4to1.auto.s7
SRR13183064	PACBIO_SMRT	6409097	marginal	1	21275	4to1	auto	42	17020	4255	17020	4255	1689.4028	1682.0604	2297384	0.3585	672110	4470000	8.42	no	4.00	NA	NA	21275	32.13	no	0:01.82	472624	0	marginal/SRR13183064/4to1.auto.s42
SRR13183064	PACBIO_SMRT	6409097	marginal	1	21275	4to1	auto	4556	17020	4255	17020	4255	1684.6594	1701.0336	2159630	0.3370	664530	4320000	8.46	no	4.00	NA	NA	21275	31.47	no	0:01.89	463760	0	marginal/SRR13183064/4to1.auto.s4556
SRR13183064	PACBIO_SMRT	6409097	marginal	1	21275	4to1	never	7	17020	4255	17020	4255	1695.3291	1658.3551	2170668	0.3387	668370	4340000	8.38	no	NA	NA	NA	21275	31.28	no	0:01.90	456376	0	marginal/SRR13183064/4to1.never.s7
SRR13183064	PACBIO_SMRT	6409097	marginal	1	21275	4to1	never	42	17020	4255	17020	4255	1689.4028	1682.0604	2297384	0.3585	672110	4470000	8.42	no	NA	NA	NA	21275	32.13	no	0:01.77	455060	0	marginal/SRR13183064/4to1.never.s42
SRR13183064	PACBIO_SMRT	6409097	marginal	1	21275	4to1	never	4556	17020	4255	17020	4255	1684.6594	1701.0336	2159630	0.3370	664530	4320000	8.46	no	NA	NA	NA	21275	31.47	no	0:01.78	454824	0	marginal/SRR13183064/4to1.never.s4556
SRR13183064	PACBIO_SMRT	6409097	marginal	1	21275	8to1	auto	7	18911	2364	18911	2364	1686.9464	1695.8372	2242481	0.3499	681980	4430000	9.39	no	4.00	NA	NA	21275	31.51	no	0:01.87	551468	0	marginal/SRR13183064/8to1.auto.s7
SRR13183064	PACBIO_SMRT	6409097	marginal	1	21275	8to1	auto	42	18911	2364	18911	2364	1692.6074	1650.552	2205987	0.3442	664480	4340000	9.28	no	4.00	NA	NA	21275	32.95	no	0:01.87	550740	0	marginal/SRR13183064/8to1.auto.s42
SRR13183064	PACBIO_SMRT	6409097	marginal	1	21275	8to1	auto	4556	18911	2364	18911	2364	1684.8561	1712.5588	2253732	0.3516	679070	4430000	9.44	no	4.00	NA	NA	21275	32.74	no	0:01.89	549840	0	marginal/SRR13183064/8to1.auto.s4556
SRR13183064	PACBIO_SMRT	6409097	marginal	1	21275	8to1	never	7	18911	2364	18911	2364	1686.9464	1695.8372	2242481	0.3499	681980	4430000	9.39	no	NA	NA	NA	21275	31.51	no	0:01.76	526612	0	marginal/SRR13183064/8to1.never.s7
SRR13183064	PACBIO_SMRT	6409097	marginal	1	21275	8to1	never	42	18911	2364	18911	2364	1692.6074	1650.552	2205987	0.3442	664480	4340000	9.28	no	NA	NA	NA	21275	32.95	no	0:01.60	526468	0	marginal/SRR13183064/8to1.never.s42
SRR13183064	PACBIO_SMRT	6409097	marginal	1	21275	8to1	never	4556	18911	2364	18911	2364	1684.8561	1712.5588	2253732	0.3516	679070	4430000	9.44	no	NA	NA	NA	21275	32.74	no	0:01.68	525636	0	marginal/SRR13183064/8to1.never.s4556
SRR13183064	PACBIO_SMRT	6409097	comfortable	1	21275	legacy	auto	7	10000	5000	10000	5000	1723.8387	1655.754	2018054	0.3149	686350	4110000	4.96	no	4.00	NA	NA	21275	30.88	no	0:01.06	310624	0	comfortable/SRR13183064/legacy.auto.s7
SRR13183064	PACBIO_SMRT	6409097	comfortable	1	21275	legacy	auto	42	10000	5000	10000	5000	1721.6636	1682.2258	2211032	0.3450	675220	4080000	5.00	no	4.00	NA	NA	21275	31.96	no	0:00.98	337388	0	comfortable/SRR13183064/legacy.auto.s42
SRR13183064	PACBIO_SMRT	6409097	comfortable	1	21275	legacy	auto	4556	10000	5000	10000	5000	1696.5304	1696.1138	1932965	0.3016	674380	4020000	4.98	no	4.00	NA	NA	21275	31.18	no	0:01.06	323196	0	comfortable/SRR13183064/legacy.auto.s4556
SRR13183064	PACBIO_SMRT	6409097	comfortable	1	21275	legacy	never	7	10000	5000	10000	5000	1723.8387	1655.754	2018054	0.3149	686350	4110000	4.96	no	NA	NA	NA	21275	30.88	no	0:01.01	309388	0	comfortable/SRR13183064/legacy.never.s7
SRR13183064	PACBIO_SMRT	6409097	comfortable	1	21275	legacy	never	42	10000	5000	10000	5000	1721.6636	1682.2258	2211032	0.3450	675220	4080000	5.00	no	NA	NA	NA	21275	31.96	no	0:01.04	309148	0	comfortable/SRR13183064/legacy.never.s42
SRR13183064	PACBIO_SMRT	6409097	comfortable	1	21275	legacy	never	4556	10000	5000	10000	5000	1696.5304	1696.1138	1932965	0.3016	674380	4020000	4.98	no	NA	NA	NA	21275	31.18	no	0:00.98	314248	0	comfortable/SRR13183064/legacy.never.s4556
SRR13183064	PACBIO_SMRT	6409097	comfortable	1	21275	1to1	auto	7	7500	7500	7500	7500	1730.9896	1671.2982	2071607	0.3232	683700	3860000	3.75	no	4.00	NA	NA	21275	31.17	no	0:00.97	267620	0	comfortable/SRR13183064/1to1.auto.s7
SRR13183064	PACBIO_SMRT	6409097	comfortable	1	21275	1to1	auto	42	7500	7500	7500	7500	1724.788	1692.2474	2054092	0.3205	667710	3950000	3.77	no	4.00	NA	NA	21275	31.47	no	0:00.95	268692	0	comfortable/SRR13183064/1to1.auto.s42
SRR13183064	PACBIO_SMRT	6409097	comfortable	1	21275	1to1	auto	4556	7500	7500	7500	7500	1703.0804	1689.7028	2051570	0.3201	681350	3950000	3.74	no	4.00	NA	NA	21275	31.39	no	0:01.09	240344	0	comfortable/SRR13183064/1to1.auto.s4556
SRR13183064	PACBIO_SMRT	6409097	comfortable	1	21275	1to1	never	7	7500	7500	7500	7500	1730.9896	1671.2982	2071607	0.3232	683700	3860000	3.75	no	NA	NA	NA	21275	31.17	no	0:00.94	255096	0	comfortable/SRR13183064/1to1.never.s7
SRR13183064	PACBIO_SMRT	6409097	comfortable	1	21275	1to1	never	42	7500	7500	7500	7500	1724.788	1692.2474	2054092	0.3205	667710	3950000	3.77	no	NA	NA	NA	21275	31.47	no	0:00.88	231840	0	comfortable/SRR13183064/1to1.never.s42
SRR13183064	PACBIO_SMRT	6409097	comfortable	1	21275	1to1	never	4556	7500	7500	7500	7500	1703.0804	1689.7028	2051570	0.3201	681350	3950000	3.74	no	NA	NA	NA	21275	31.39	no	0:00.94	237740	0	comfortable/SRR13183064/1to1.never.s4556
SRR13183064	PACBIO_SMRT	6409097	comfortable	1	21275	2to1	auto	7	10000	5000	10000	5000	1723.8387	1655.754	2018054	0.3149	686350	4110000	4.96	no	4.00	NA	NA	21275	30.88	no	0:00.99	332164	0	comfortable/SRR13183064/2to1.auto.s7
SRR13183064	PACBIO_SMRT	6409097	comfortable	1	21275	2to1	auto	42	10000	5000	10000	5000	1721.6636	1682.2258	2211032	0.3450	675220	4080000	5.00	no	4.00	NA	NA	21275	31.96	no	0:01.16	339856	0	comfortable/SRR13183064/2to1.auto.s42
SRR13183064	PACBIO_SMRT	6409097	comfortable	1	21275	2to1	auto	4556	10000	5000	10000	5000	1696.5304	1696.1138	1932965	0.3016	674380	4020000	4.98	no	4.00	NA	NA	21275	31.18	no	0:01.01	334664	0	comfortable/SRR13183064/2to1.auto.s4556
SRR13183064	PACBIO_SMRT	6409097	comfortable	1	21275	2to1	never	7	10000	5000	10000	5000	1723.8387	1655.754	2018054	0.3149	686350	4110000	4.96	no	NA	NA	NA	21275	30.88	no	0:01.02	298852	0	comfortable/SRR13183064/2to1.never.s7
SRR13183064	PACBIO_SMRT	6409097	comfortable	1	21275	2to1	never	42	10000	5000	10000	5000	1721.6636	1682.2258	2211032	0.3450	675220	4080000	5.00	no	NA	NA	NA	21275	31.96	no	0:00.99	314404	0	comfortable/SRR13183064/2to1.never.s42
SRR13183064	PACBIO_SMRT	6409097	comfortable	1	21275	2to1	never	4556	10000	5000	10000	5000	1696.5304	1696.1138	1932965	0.3016	674380	4020000	4.98	no	NA	NA	NA	21275	31.18	no	0:00.93	298288	0	comfortable/SRR13183064/2to1.never.s4556
SRR13183064	PACBIO_SMRT	6409097	comfortable	1	21275	4to1	auto	7	12000	3000	12000	3000	1707.0035	1677.7057	2128501	0.3321	685350	3990000	5.96	no	4.00	NA	NA	21275	30.10	no	0:00.99	334592	0	comfortable/SRR13183064/4to1.auto.s7
SRR13183064	PACBIO_SMRT	6409097	comfortable	1	21275	4to1	auto	42	12000	3000	12000	3000	1715.526	1680.4844	2146293	0.3349	666800	4130000	5.99	no	4.00	NA	NA	21275	31.83	no	0:00.96	335692	0	comfortable/SRR13183064/4to1.auto.s42
SRR13183064	PACBIO_SMRT	6409097	comfortable	1	21275	4to1	auto	4556	12000	3000	12000	3000	1694.8344	1702.621	1946361	0.3037	675920	3840000	5.99	no	4.00	NA	NA	21275	31.47	no	0:01.00	337388	0	comfortable/SRR13183064/4to1.auto.s4556
SRR13183064	PACBIO_SMRT	6409097	comfortable	1	21275	4to1	never	7	12000	3000	12000	3000	1707.0035	1677.7057	2128501	0.3321	685350	3990000	5.96	no	NA	NA	NA	21275	30.10	no	0:00.98	319148	0	comfortable/SRR13183064/4to1.never.s7
SRR13183064	PACBIO_SMRT	6409097	comfortable	1	21275	4to1	never	42	12000	3000	12000	3000	1715.526	1680.4844	2146293	0.3349	666800	4130000	5.99	no	NA	NA	NA	21275	31.83	no	0:01.02	335388	0	comfortable/SRR13183064/4to1.never.s42
SRR13183064	PACBIO_SMRT	6409097	comfortable	1	21275	4to1	never	4556	12000	3000	12000	3000	1694.8344	1702.621	1946361	0.3037	675920	3840000	5.99	no	NA	NA	NA	21275	31.47	no	0:00.98	313512	0	comfortable/SRR13183064/4to1.never.s4556
SRR13183064	PACBIO_SMRT	6409097	comfortable	1	21275	8to1	auto	7	13333	1667	13333	1667	1697.3138	1731.7775	2364438	0.3689	678360	4440000	6.72	no	4.00	NA	NA	21275	29.39	no	0:00.92	350644	0	comfortable/SRR13183064/8to1.auto.s7
SRR13183064	PACBIO_SMRT	6409097	comfortable	1	21275	8to1	auto	42	13333	1667	13333	1667	1716.341	1645.946	2086253	0.3255	680500	4030000	6.58	no	4.00	NA	NA	21275	33.71	no	0:00.84	356480	0	comfortable/SRR13183064/8to1.auto.s42
SRR13183064	PACBIO_SMRT	6409097	comfortable	1	21275	8to1	auto	4556	13333	1667	13333	1667	1695.0896	1706.805	1970521	0.3075	679890	3940000	6.66	no	4.00	NA	NA	21275	32.81	no	0:00.93	348588	0	comfortable/SRR13183064/8to1.auto.s4556
SRR13183064	PACBIO_SMRT	6409097	comfortable	1	21275	8to1	never	7	13333	1667	13333	1667	1697.3138	1731.7775	2364438	0.3689	678360	4440000	6.72	no	NA	NA	NA	21275	29.39	no	0:01.10	353060	0	comfortable/SRR13183064/8to1.never.s7
SRR13183064	PACBIO_SMRT	6409097	comfortable	1	21275	8to1	never	42	13333	1667	13333	1667	1716.341	1645.946	2086253	0.3255	680500	4030000	6.58	no	NA	NA	NA	21275	33.71	no	0:00.97	337556	0	comfortable/SRR13183064/8to1.never.s42
SRR13183064	PACBIO_SMRT	6409097	comfortable	1	21275	8to1	never	4556	13333	1667	13333	1667	1695.0896	1706.805	1970521	0.3075	679890	3940000	6.66	no	NA	NA	NA	21275	32.81	no	0:01.18	336856	0	comfortable/SRR13183064/8to1.never.s4556
SRR13183064	PACBIO_SMRT	6409097	comfortable	1	21275	more4to1	auto	7	20000	5000	17020	4255	1695.3291	1658.3551	2170668	0.3387	668370	4340000	8.38	no	4.00	NA	NA	21275	31.28	no	0:01.57	511652	0	comfortable/SRR13183064/more4to1.auto.s7
SRR13183064	PACBIO_SMRT	6409097	comfortable	1	21275	more4to1	auto	42	20000	5000	17020	4255	1689.4028	1682.0604	2297384	0.3585	672110	4470000	8.42	no	4.00	NA	NA	21275	32.13	no	0:01.23	483580	0	comfortable/SRR13183064/more4to1.auto.s42
SRR13183064	PACBIO_SMRT	6409097	comfortable	1	21275	more4to1	auto	4556	20000	5000	17020	4255	1684.6594	1701.0336	2159630	0.3370	664530	4320000	8.46	no	4.00	NA	NA	21275	31.47	no	0:01.33	498880	0	comfortable/SRR13183064/more4to1.auto.s4556
SRR13183064	PACBIO_SMRT	6409097	comfortable	1	21275	more4to1	never	7	20000	5000	17020	4255	1695.3291	1658.3551	2170668	0.3387	668370	4340000	8.38	no	NA	NA	NA	21275	31.28	no	0:01.68	493004	0	comfortable/SRR13183064/more4to1.never.s7
SRR13183064	PACBIO_SMRT	6409097	comfortable	1	21275	more4to1	never	42	20000	5000	17020	4255	1689.4028	1682.0604	2297384	0.3585	672110	4470000	8.42	no	NA	NA	NA	21275	32.13	no	0:01.81	485204	0	comfortable/SRR13183064/more4to1.never.s42
SRR13183064	PACBIO_SMRT	6409097	comfortable	1	21275	more4to1	never	4556	20000	5000	17020	4255	1684.6594	1701.0336	2159630	0.3370	664530	4320000	8.46	no	NA	NA	NA	21275	31.47	no	0:01.42	475240	0	comfortable/SRR13183064/more4to1.never.s4556
SRR13183067	PACBIO_SMRT	4808040	starved	3	8105	legacy	auto	7	3105	5000	3105	5000	1123.5681	1152.5308	1606870	0.3342	569100	2690000	1.34	no	4.00	NA	NA	8105	50.74	no	0:00.42	69656	0	starved/SRR13183067/legacy.auto.s7
SRR13183067	PACBIO_SMRT	4808040	starved	3	8105	legacy	auto	42	3105	5000	3105	5000	1131.171	1147.8094	1480778	0.3080	579390	2440000	1.34	no	4.00	NA	NA	8105	50.02	no	0:00.36	70112	0	starved/SRR13183067/legacy.auto.s42
SRR13183067	PACBIO_SMRT	4808040	starved	3	8105	legacy	auto	4556	3105	5000	3105	5000	1161.9469	1128.6976	1457632	0.3032	563060	2310000	1.35	no	4.00	NA	NA	8105	52.16	no	0:00.38	70904	0	starved/SRR13183067/legacy.auto.s4556
SRR13183067	PACBIO_SMRT	4808040	starved	3	8105	legacy	never	7	3105	5000	3105	5000	1123.5681	1152.5308	1606870	0.3342	569100	2690000	1.34	no	NA	NA	NA	8105	50.74	no	0:00.38	65536	0	starved/SRR13183067/legacy.never.s7
SRR13183067	PACBIO_SMRT	4808040	starved	3	8105	legacy	never	42	3105	5000	3105	5000	1131.171	1147.8094	1480778	0.3080	579390	2440000	1.34	no	NA	NA	NA	8105	50.02	no	0:00.46	65308	0	starved/SRR13183067/legacy.never.s42
SRR13183067	PACBIO_SMRT	4808040	starved	3	8105	legacy	never	4556	3105	5000	3105	5000	1161.9469	1128.6976	1457632	0.3032	563060	2310000	1.35	no	NA	NA	NA	8105	52.16	no	0:00.38	64512	0	starved/SRR13183067/legacy.never.s4556
SRR13183067	PACBIO_SMRT	4808040	starved	3	8105	1to1	auto	7	4052	4053	4052	4053	1120.8665	1161.999	1650634	0.3433	600590	2680000	1.76	no	4.00	NA	NA	8105	48.46	no	0:00.47	80476	0	starved/SRR13183067/1to1.auto.s7
SRR13183067	PACBIO_SMRT	4808040	starved	3	8105	1to1	auto	42	4052	4053	4052	4053	1147.3312	1135.5409	1783851	0.3710	623090	2710000	1.76	no	4.00	NA	NA	8105	48.29	no	0:00.44	79264	0	starved/SRR13183067/1to1.auto.s42
SRR13183067	PACBIO_SMRT	4808040	starved	3	8105	1to1	auto	4556	4052	4053	4052	4053	1151.8073	1131.0659	1597808	0.3323	584110	2690000	1.76	no	4.00	NA	NA	8105	49.44	no	0:00.47	80980	0	starved/SRR13183067/1to1.auto.s4556
SRR13183067	PACBIO_SMRT	4808040	starved	3	8105	1to1	never	7	4052	4053	4052	4053	1120.8665	1161.999	1650634	0.3433	600590	2680000	1.76	no	NA	NA	NA	8105	48.46	no	0:00.41	78700	0	starved/SRR13183067/1to1.never.s7
SRR13183067	PACBIO_SMRT	4808040	starved	3	8105	1to1	never	42	4052	4053	4052	4053	1147.3312	1135.5409	1783851	0.3710	623090	2710000	1.76	no	NA	NA	NA	8105	48.29	no	0:00.41	77816	0	starved/SRR13183067/1to1.never.s42
SRR13183067	PACBIO_SMRT	4808040	starved	3	8105	1to1	never	4556	4052	4053	4052	4053	1151.8073	1131.0659	1597808	0.3323	584110	2690000	1.76	no	NA	NA	NA	8105	49.44	no	0:00.55	71804	0	starved/SRR13183067/1to1.never.s4556
SRR13183067	PACBIO_SMRT	4808040	starved	3	8105	2to1	auto	7	5403	2702	5403	2702	1133.2134	1157.876	1595537	0.3318	608570	2780000	2.35	no	4.00	NA	NA	8105	46.41	no	0:00.47	116808	0	starved/SRR13183067/2to1.auto.s7
SRR13183067	PACBIO_SMRT	4808040	starved	3	8105	2to1	auto	42	5403	2702	5403	2702	1143.1932	1137.92	1909270	0.3971	631520	3460000	2.34	no	4.00	NA	NA	8105	46.97	no	0:00.42	118000	0	starved/SRR13183067/2to1.auto.s42
SRR13183067	PACBIO_SMRT	4808040	starved	3	8105	2to1	auto	4556	5403	2702	5403	2702	1136.6987	1150.9067	1724164	0.3586	600840	3180000	2.35	no	4.00	NA	NA	8105	46.63	no	0:00.47	111868	0	starved/SRR13183067/2to1.auto.s4556
SRR13183067	PACBIO_SMRT	4808040	starved	3	8105	2to1	never	7	5403	2702	5403	2702	1133.2134	1157.876	1595537	0.3318	608570	2780000	2.35	no	NA	NA	NA	8105	46.41	no	0:00.42	109032	0	starved/SRR13183067/2to1.never.s7
SRR13183067	PACBIO_SMRT	4808040	starved	3	8105	2to1	never	42	5403	2702	5403	2702	1143.1932	1137.92	1909270	0.3971	631520	3460000	2.34	no	NA	NA	NA	8105	46.97	no	0:00.44	109152	0	starved/SRR13183067/2to1.never.s42
SRR13183067	PACBIO_SMRT	4808040	starved	3	8105	2to1	never	4556	5403	2702	5403	2702	1136.6987	1150.9067	1724164	0.3586	600840	3180000	2.35	no	NA	NA	NA	8105	46.63	no	0:00.62	106872	0	starved/SRR13183067/2to1.never.s4556
SRR13183067	PACBIO_SMRT	4808040	starved	3	8105	4to1	auto	7	6484	1621	6484	1621	1131.3425	1181.8063	1588465	0.3304	601600	2780000	2.85	no	4.00	NA	NA	8105	45.10	no	0:00.49	148148	0	starved/SRR13183067/4to1.auto.s7
SRR13183067	PACBIO_SMRT	4808040	starved	3	8105	4to1	auto	42	6484	1621	6484	1621	1150.1536	1106.562	1990858	0.4141	641500	3610000	2.77	no	4.00	NA	NA	8105	46.82	no	0:00.42	141372	0	starved/SRR13183067/4to1.auto.s42
SRR13183067	PACBIO_SMRT	4808040	starved	3	8105	4to1	auto	4556	6484	1621	6484	1621	1136.7402	1160.2153	1708823	0.3554	619910	3240000	2.83	no	4.00	NA	NA	8105	47.07	no	0:00.44	139616	0	starved/SRR13183067/4to1.auto.s4556
SRR13183067	PACBIO_SMRT	4808040	starved	3	8105	4to1	never	7	6484	1621	6484	1621	1131.3425	1181.8063	1588465	0.3304	601600	2780000	2.85	no	NA	NA	NA	8105	45.10	no	0:00.42	135052	0	starved/SRR13183067/4to1.never.s7
SRR13183067	PACBIO_SMRT	4808040	starved	3	8105	4to1	never	42	6484	1621	6484	1621	1150.1536	1106.562	1990858	0.4141	641500	3610000	2.77	no	NA	NA	NA	8105	46.82	no	0:00.47	134728	0	starved/SRR13183067/4to1.never.s42
SRR13183067	PACBIO_SMRT	4808040	starved	3	8105	4to1	never	4556	6484	1621	6484	1621	1136.7402	1160.2153	1708823	0.3554	619910	3240000	2.83	no	NA	NA	NA	8105	47.07	no	0:00.41	135228	0	starved/SRR13183067/4to1.never.s4556
SRR13183067	PACBIO_SMRT	4808040	starved	3	8105	8to1	auto	7	7204	901	7204	901	1141.8069	1138.464	1599845	0.3327	633740	2970000	3.12	no	4.00	NA	NA	8105	46.50	no	0:00.46	154004	0	starved/SRR13183067/8to1.auto.s7
SRR13183067	PACBIO_SMRT	4808040	starved	3	8105	8to1	auto	42	7204	901	7204	901	1151.8597	1058.0854	2003943	0.4168	639150	3380000	3.01	no	4.00	NA	NA	8105	48.50	no	0:00.41	145052	0	starved/SRR13183067/8to1.auto.s42
SRR13183067	PACBIO_SMRT	4808040	starved	3	8105	8to1	auto	4556	7204	901	7204	901	1141.949	1137.3285	1765446	0.3672	635040	3280000	3.12	no	4.00	NA	NA	8105	45.17	no	0:00.39	143188	0	starved/SRR13183067/8to1.auto.s4556
SRR13183067	PACBIO_SMRT	4808040	starved	3	8105	8to1	never	7	7204	901	7204	901	1141.8069	1138.464	1599845	0.3327	633740	2970000	3.12	no	NA	NA	NA	8105	46.50	no	0:00.52	138048	0	starved/SRR13183067/8to1.never.s7
SRR13183067	PACBIO_SMRT	4808040	starved	3	8105	8to1	never	42	7204	901	7204	901	1151.8597	1058.0854	2003943	0.4168	639150	3380000	3.01	no	NA	NA	NA	8105	48.50	no	0:00.41	141484	0	starved/SRR13183067/8to1.never.s42
SRR13183067	PACBIO_SMRT	4808040	starved	3	8105	8to1	never	4556	7204	901	7204	901	1141.949	1137.3285	1765446	0.3672	635040	3280000	3.12	no	NA	NA	NA	8105	45.17	no	0:00.39	140896	0	starved/SRR13183067/8to1.never.s4556
SRR13183067	PACBIO_SMRT	4808040	marginal	2	12157	legacy	auto	7	7157	5000	7157	5000	1143.2079	1147.5928	1709810	0.3556	607010	3110000	3.11	no	3.00	NA	NA	12157	44.84	no	0:00.76	145012	0	marginal/SRR13183067/legacy.auto.s7
SRR13183067	PACBIO_SMRT	4808040	marginal	2	12157	legacy	auto	42	7157	5000	7157	5000	1154.4342	1131.5234	1709814	0.3556	620310	3230000	3.11	no	5.00	NA	NA	12157	45.52	no	0:00.72	149364	0	marginal/SRR13183067/legacy.auto.s42
SRR13183067	PACBIO_SMRT	4808040	marginal	2	12157	legacy	auto	4556	7157	5000	7157	5000	1118.9595	1182.302	1680135	0.3494	596070	3020000	3.13	no	4.00	NA	NA	12157	45.06	no	0:00.75	150272	0	marginal/SRR13183067/legacy.auto.s4556
SRR13183067	PACBIO_SMRT	4808040	marginal	2	12157	legacy	never	7	7157	5000	7157	5000	1143.2079	1147.5928	1709810	0.3556	607010	3110000	3.11	no	NA	NA	NA	12157	44.84	no	0:00.72	137812	0	marginal/SRR13183067/legacy.never.s7
SRR13183067	PACBIO_SMRT	4808040	marginal	2	12157	legacy	never	42	7157	5000	7157	5000	1154.4342	1131.5234	1709814	0.3556	620310	3230000	3.11	no	NA	NA	NA	12157	45.52	no	0:00.71	137400	0	marginal/SRR13183067/legacy.never.s42
SRR13183067	PACBIO_SMRT	4808040	marginal	2	12157	legacy	never	4556	7157	5000	7157	5000	1118.9595	1182.302	1680135	0.3494	596070	3020000	3.13	no	NA	NA	NA	12157	45.06	no	0:00.72	136668	0	marginal/SRR13183067/legacy.never.s4556
SRR13183067	PACBIO_SMRT	4808040	marginal	2	12157	1to1	auto	7	6078	6079	6078	6079	1146.962	1143.061	1659946	0.3452	606490	2820000	2.64	no	3.00	NA	NA	12157	45.24	no	0:00.66	132524	0	marginal/SRR13183067/1to1.auto.s7
SRR13183067	PACBIO_SMRT	4808040	marginal	2	12157	1to1	auto	42	6078	6079	6078	6079	1138.1306	1151.891	1667730	0.3469	588910	3150000	2.64	no	5.00	NA	NA	12157	45.81	no	0:00.97	149456	0	marginal/SRR13183067/1to1.auto.s42
SRR13183067	PACBIO_SMRT	4808040	marginal	2	12157	1to1	auto	4556	6078	6079	6078	6079	1108.6588	1181.3579	1647126	0.3426	588920	2930000	2.64	no	4.00	NA	NA	12157	45.45	no	0:00.65	128104	0	marginal/SRR13183067/1to1.auto.s4556
SRR13183067	PACBIO_SMRT	4808040	marginal	2	12157	1to1	never	7	6078	6079	6078	6079	1146.962	1143.061	1659946	0.3452	606490	2820000	2.64	no	NA	NA	NA	12157	45.24	no	0:00.64	128180	0	marginal/SRR13183067/1to1.never.s7
SRR13183067	PACBIO_SMRT	4808040	marginal	2	12157	1to1	never	42	6078	6079	6078	6079	1138.1306	1151.891	1667730	0.3469	588910	3150000	2.64	no	NA	NA	NA	12157	45.81	no	0:00.72	130024	0	marginal/SRR13183067/1to1.never.s42
SRR13183067	PACBIO_SMRT	4808040	marginal	2	12157	1to1	never	4556	6078	6079	6078	6079	1108.6588	1181.3579	1647126	0.3426	588920	2930000	2.64	no	NA	NA	NA	12157	45.45	no	0:01.02	141416	0	marginal/SRR13183067/1to1.never.s4556
SRR13183067	PACBIO_SMRT	4808040	marginal	2	12157	2to1	auto	7	8104	4053	8104	4053	1139.5	1156.0314	1798962	0.3742	610280	3130000	3.53	no	3.00	NA	NA	12157	44.19	no	0:00.59	145840	0	marginal/SRR13183067/2to1.auto.s7
SRR13183067	PACBIO_SMRT	4808040	marginal	2	12157	2to1	auto	42	8104	4053	8104	4053	1162.0879	1110.8668	1667687	0.3469	631160	3350000	3.50	no	5.00	NA	NA	12157	45.05	no	0:00.55	151192	0	marginal/SRR13183067/2to1.auto.s42
SRR13183067	PACBIO_SMRT	4808040	marginal	2	12157	2to1	auto	4556	8104	4053	8104	4053	1133.8872	1167.2542	1737937	0.3615	592700	3150000	3.54	no	4.00	NA	NA	12157	44.46	no	0:00.75	163108	0	marginal/SRR13183067/2to1.auto.s4556
SRR13183067	PACBIO_SMRT	4808040	marginal	2	12157	2to1	never	7	8104	4053	8104	4053	1139.5	1156.0314	1798962	0.3742	610280	3130000	3.53	no	NA	NA	NA	12157	44.19	no	0:00.58	138588	0	marginal/SRR13183067/2to1.never.s7
SRR13183067	PACBIO_SMRT	4808040	marginal	2	12157	2to1	never	42	8104	4053	8104	4053	1162.0879	1110.8668	1667687	0.3469	631160	3350000	3.50	no	NA	NA	NA	12157	45.05	no	0:00.64	143860	0	marginal/SRR13183067/2to1.never.s42
SRR13183067	PACBIO_SMRT	4808040	marginal	2	12157	2to1	never	4556	8104	4053	8104	4053	1133.8872	1167.2542	1737937	0.3615	592700	3150000	3.54	no	NA	NA	NA	12157	44.46	no	0:00.68	141052	0	marginal/SRR13183067/2to1.never.s4556
SRR13183067	PACBIO_SMRT	4808040	marginal	2	12157	4to1	auto	7	9725	2432	9725	2432	1145.336	1143.713	1904374	0.3961	616560	3240000	4.23	no	3.00	NA	NA	12157	43.42	no	0:00.59	175488	0	marginal/SRR13183067/4to1.auto.s7
SRR13183067	PACBIO_SMRT	4808040	marginal	2	12157	4to1	auto	42	9725	2432	9725	2432	1164.1421	1068.512	1695822	0.3527	632230	3250000	4.11	no	5.00	NA	NA	12157	45.44	no	0:00.58	174856	0	marginal/SRR13183067/4to1.auto.s42
SRR13183067	PACBIO_SMRT	4808040	marginal	2	12157	4to1	auto	4556	9725	2432	9725	2432	1143.989	1149.0995	1775825	0.3693	615550	3320000	4.24	no	4.00	NA	NA	12157	44.12	no	0:00.79	160316	0	marginal/SRR13183067/4to1.auto.s4556
SRR13183067	PACBIO_SMRT	4808040	marginal	2	12157	4to1	never	7	9725	2432	9725	2432	1145.336	1143.713	1904374	0.3961	616560	3240000	4.23	no	NA	NA	NA	12157	43.42	no	0:00.63	161896	0	marginal/SRR13183067/4to1.never.s7
SRR13183067	PACBIO_SMRT	4808040	marginal	2	12157	4to1	never	42	9725	2432	9725	2432	1164.1421	1068.512	1695822	0.3527	632230	3250000	4.11	no	NA	NA	NA	12157	45.44	no	0:00.70	163732	0	marginal/SRR13183067/4to1.never.s42
SRR13183067	PACBIO_SMRT	4808040	marginal	2	12157	4to1	never	4556	9725	2432	9725	2432	1143.989	1149.0995	1775825	0.3693	615550	3320000	4.24	no	NA	NA	NA	12157	44.12	no	0:00.55	164536	0	marginal/SRR13183067/4to1.never.s4556
SRR13183067	PACBIO_SMRT	4808040	marginal	2	12157	8to1	auto	7	10806	1351	10806	1351	1141.7537	1171.0681	1879496	0.3909	626100	3560000	4.75	no	3.00	NA	NA	12157	43.15	no	0:00.61	204796	0	marginal/SRR13183067/8to1.auto.s7
SRR13183067	PACBIO_SMRT	4808040	marginal	2	12157	8to1	auto	42	10806	1351	10806	1351	1153.2172	1079.3767	1697554	0.3531	639560	3220000	4.57	no	5.00	NA	NA	12157	43.89	no	0:00.59	218508	0	marginal/SRR13183067/8to1.auto.s42
SRR13183067	PACBIO_SMRT	4808040	marginal	2	12157	8to1	auto	4556	10806	1351	10806	1351	1138.294	1198.7402	1883992	0.3918	601870	3760000	4.81	no	4.00	NA	NA	12157	43.60	no	0:00.58	205416	0	marginal/SRR13183067/8to1.auto.s4556
SRR13183067	PACBIO_SMRT	4808040	marginal	2	12157	8to1	never	7	10806	1351	10806	1351	1141.7537	1171.0681	1879496	0.3909	626100	3560000	4.75	no	NA	NA	NA	12157	43.15	no	0:00.64	196640	0	marginal/SRR13183067/8to1.never.s7
SRR13183067	PACBIO_SMRT	4808040	marginal	2	12157	8to1	never	42	10806	1351	10806	1351	1153.2172	1079.3767	1697554	0.3531	639560	3220000	4.57	no	NA	NA	NA	12157	43.89	no	0:00.57	200512	0	marginal/SRR13183067/8to1.never.s42
SRR13183067	PACBIO_SMRT	4808040	marginal	2	12157	8to1	never	4556	10806	1351	10806	1351	1138.294	1198.7402	1883992	0.3918	601870	3760000	4.81	no	NA	NA	NA	12157	43.60	no	0:00.57	195288	0	marginal/SRR13183067/8to1.never.s4556
SRR13183067	PACBIO_SMRT	4808040	comfortable	1	24314	legacy	auto	7	10000	5000	10000	5000	1141.5269	1116.3036	1782366	0.3707	632090	3390000	4.28	no	4.00	NA	NA	24314	44.62	no	0:00.82	198000	0	comfortable/SRR13183067/legacy.auto.s7
SRR13183067	PACBIO_SMRT	4808040	comfortable	1	24314	legacy	auto	42	10000	5000	10000	5000	1143.012	1103.3242	1670126	0.3474	622790	3330000	4.26	no	3.00	NA	NA	24314	45.02	no	0:00.66	201736	0	comfortable/SRR13183067/legacy.auto.s42
SRR13183067	PACBIO_SMRT	4808040	comfortable	1	24314	legacy	auto	4556	10000	5000	10000	5000	1135.893	1174.9502	1825389	0.3797	639140	3450000	4.39	no	4.00	NA	NA	24314	44.76	no	0:00.69	188428	0	comfortable/SRR13183067/legacy.auto.s4556
SRR13183067	PACBIO_SMRT	4808040	comfortable	1	24314	legacy	never	7	10000	5000	10000	5000	1141.5269	1116.3036	1782366	0.3707	632090	3390000	4.28	no	NA	NA	NA	24314	44.62	no	0:00.67	185856	0	comfortable/SRR13183067/legacy.never.s7
SRR13183067	PACBIO_SMRT	4808040	comfortable	1	24314	legacy	never	42	10000	5000	10000	5000	1143.012	1103.3242	1670126	0.3474	622790	3330000	4.26	no	NA	NA	NA	24314	45.02	no	0:00.72	169016	0	comfortable/SRR13183067/legacy.never.s42
SRR13183067	PACBIO_SMRT	4808040	comfortable	1	24314	legacy	never	4556	10000	5000	10000	5000	1135.893	1174.9502	1825389	0.3797	639140	3450000	4.39	no	NA	NA	NA	24314	44.76	no	0:00.71	180808	0	comfortable/SRR13183067/legacy.never.s4556
SRR13183067	PACBIO_SMRT	4808040	comfortable	1	24314	1to1	auto	7	7500	7500	7500	7500	1153.4435	1112.7948	1794880	0.3733	634060	3260000	3.22	no	4.00	NA	NA	24314	44.93	no	0:00.70	165740	0	comfortable/SRR13183067/1to1.auto.s7
SRR13183067	PACBIO_SMRT	4808040	comfortable	1	24314	1to1	auto	42	7500	7500	7500	7500	1139.9084	1119.6571	1710519	0.3558	610790	3250000	3.21	no	3.00	NA	NA	24314	45.72	no	0:00.72	169080	0	comfortable/SRR13183067/1to1.auto.s42
SRR13183067	PACBIO_SMRT	4808040	comfortable	1	24314	1to1	auto	4556	7500	7500	7500	7500	1132.3031	1165.5211	1706157	0.3549	620790	3230000	3.27	no	4.00	NA	NA	24314	45.53	no	0:00.69	163296	0	comfortable/SRR13183067/1to1.auto.s4556
SRR13183067	PACBIO_SMRT	4808040	comfortable	1	24314	1to1	never	7	7500	7500	7500	7500	1153.4435	1112.7948	1794880	0.3733	634060	3260000	3.22	no	NA	NA	NA	24314	44.93	no	0:00.70	157188	0	comfortable/SRR13183067/1to1.never.s7
SRR13183067	PACBIO_SMRT	4808040	comfortable	1	24314	1to1	never	42	7500	7500	7500	7500	1139.9084	1119.6571	1710519	0.3558	610790	3250000	3.21	no	NA	NA	NA	24314	45.72	no	0:00.73	160004	0	comfortable/SRR13183067/1to1.never.s42
SRR13183067	PACBIO_SMRT	4808040	comfortable	1	24314	1to1	never	4556	7500	7500	7500	7500	1132.3031	1165.5211	1706157	0.3549	620790	3230000	3.27	no	NA	NA	NA	24314	45.53	no	0:00.72	156696	0	comfortable/SRR13183067/1to1.never.s4556
SRR13183067	PACBIO_SMRT	4808040	comfortable	1	24314	2to1	auto	7	10000	5000	10000	5000	1141.5269	1116.3036	1782366	0.3707	632090	3390000	4.28	no	4.00	NA	NA	24314	44.62	no	0:01.39	201568	0	comfortable/SRR13183067/2to1.auto.s7
SRR13183067	PACBIO_SMRT	4808040	comfortable	1	24314	2to1	auto	42	10000	5000	10000	5000	1143.012	1103.3242	1670126	0.3474	622790	3330000	4.26	no	3.00	NA	NA	24314	45.02	no	0:00.90	195548	0	comfortable/SRR13183067/2to1.auto.s42
SRR13183067	PACBIO_SMRT	4808040	comfortable	1	24314	2to1	auto	4556	10000	5000	10000	5000	1135.893	1174.9502	1825389	0.3797	639140	3450000	4.39	no	4.00	NA	NA	24314	44.76	no	0:00.79	200692	0	comfortable/SRR13183067/2to1.auto.s4556
SRR13183067	PACBIO_SMRT	4808040	comfortable	1	24314	2to1	never	7	10000	5000	10000	5000	1141.5269	1116.3036	1782366	0.3707	632090	3390000	4.28	no	NA	NA	NA	24314	44.62	no	0:00.69	189668	0	comfortable/SRR13183067/2to1.never.s7
SRR13183067	PACBIO_SMRT	4808040	comfortable	1	24314	2to1	never	42	10000	5000	10000	5000	1143.012	1103.3242	1670126	0.3474	622790	3330000	4.26	no	NA	NA	NA	24314	45.02	no	0:00.69	166880	0	comfortable/SRR13183067/2to1.never.s42
SRR13183067	PACBIO_SMRT	4808040	comfortable	1	24314	2to1	never	4556	10000	5000	10000	5000	1135.893	1174.9502	1825389	0.3797	639140	3450000	4.39	no	NA	NA	NA	24314	44.76	no	0:00.73	187076	0	comfortable/SRR13183067/2to1.never.s4556
SRR13183067	PACBIO_SMRT	4808040	comfortable	1	24314	4to1	auto	7	12000	3000	12000	3000	1134.1062	1129.171	1806510	0.3757	629800	3480000	5.15	no	4.00	NA	NA	24314	43.37	no	0:00.88	265768	0	comfortable/SRR13183067/4to1.auto.s7
SRR13183067	PACBIO_SMRT	4808040	comfortable	1	24314	4to1	auto	42	12000	3000	12000	3000	1147.3792	1059.397	1711716	0.3560	615230	3200000	5.01	no	3.00	NA	NA	24314	46.30	no	0:00.65	276868	0	comfortable/SRR13183067/4to1.auto.s42
SRR13183067	PACBIO_SMRT	4808040	comfortable	1	24314	4to1	auto	4556	12000	3000	12000	3000	1143.8539	1169.145	1873348	0.3896	650590	3660000	5.28	no	4.00	NA	NA	24314	44.53	no	0:00.84	271404	0	comfortable/SRR13183067/4to1.auto.s4556
SRR13183067	PACBIO_SMRT	4808040	comfortable	1	24314	4to1	never	7	12000	3000	12000	3000	1134.1062	1129.171	1806510	0.3757	629800	3480000	5.15	no	NA	NA	NA	24314	43.37	no	0:00.75	265316	0	comfortable/SRR13183067/4to1.never.s7
SRR13183067	PACBIO_SMRT	4808040	comfortable	1	24314	4to1	never	42	12000	3000	12000	3000	1147.3792	1059.397	1711716	0.3560	615230	3200000	5.01	no	NA	NA	NA	24314	46.30	no	0:00.89	283148	0	comfortable/SRR13183067/4to1.never.s42
SRR13183067	PACBIO_SMRT	4808040	comfortable	1	24314	4to1	never	4556	12000	3000	12000	3000	1143.8539	1169.145	1873348	0.3896	650590	3660000	5.28	no	NA	NA	NA	24314	44.53	no	0:00.75	261424	0	comfortable/SRR13183067/4to1.never.s4556
SRR13183067	PACBIO_SMRT	4808040	comfortable	1	24314	8to1	auto	7	13333	1667	13333	1667	1131.6372	1144.9718	1761421	0.3663	626670	3380000	5.76	no	4.00	NA	NA	24314	43.31	no	0:00.71	309524	0	comfortable/SRR13183067/8to1.auto.s7
SRR13183067	PACBIO_SMRT	4808040	comfortable	1	24314	8to1	auto	42	13333	1667	13333	1667	1140.5125	1043.964	1675202	0.3484	619990	2980000	5.51	no	3.00	NA	NA	24314	45.71	no	0:00.70	299276	0	comfortable/SRR13183067/8to1.auto.s42
SRR13183067	PACBIO_SMRT	4808040	comfortable	1	24314	8to1	auto	4556	13333	1667	13333	1667	1148.3878	1153.1056	1927437	0.4009	627720	3550000	5.83	no	4.00	NA	NA	24314	45.29	no	0:00.77	302592	0	comfortable/SRR13183067/8to1.auto.s4556
SRR13183067	PACBIO_SMRT	4808040	comfortable	1	24314	8to1	never	7	13333	1667	13333	1667	1131.6372	1144.9718	1761421	0.3663	626670	3380000	5.76	no	NA	NA	NA	24314	43.31	no	0:00.82	295784	0	comfortable/SRR13183067/8to1.never.s7
SRR13183067	PACBIO_SMRT	4808040	comfortable	1	24314	8to1	never	42	13333	1667	13333	1667	1140.5125	1043.964	1675202	0.3484	619990	2980000	5.51	no	NA	NA	NA	24314	45.71	no	0:00.75	297840	0	comfortable/SRR13183067/8to1.never.s42
SRR13183067	PACBIO_SMRT	4808040	comfortable	1	24314	8to1	never	4556	13333	1667	13333	1667	1148.3878	1153.1056	1927437	0.4009	627720	3550000	5.83	no	NA	NA	NA	24314	45.29	no	0:00.72	291812	0	comfortable/SRR13183067/8to1.never.s4556
SRR13183067	PACBIO_SMRT	4808040	comfortable	1	24314	more4to1	auto	7	20000	5000	19452	4862	1148.4573	1118.2778	1855657	0.3859	658830	3840000	8.37	no	4.00	NA	NA	24314	44.49	no	0:01.14	368104	0	comfortable/SRR13183067/more4to1.auto.s7
SRR13183067	PACBIO_SMRT	4808040	comfortable	1	24314	more4to1	auto	42	20000	5000	19452	4862	1153.5941	1097.7262	1734298	0.3607	640120	3670000	8.30	no	3.00	NA	NA	24314	45.04	no	0:01.13	361336	0	comfortable/SRR13183067/more4to1.auto.s42
SRR13183067	PACBIO_SMRT	4808040	comfortable	1	24314	more4to1	auto	4556	20000	5000	19452	4862	1136.1411	1167.5531	1965678	0.4088	636100	3680000	8.52	no	4.00	NA	NA	24314	44.16	no	0:01.27	368716	0	comfortable/SRR13183067/more4to1.auto.s4556
SRR13183067	PACBIO_SMRT	4808040	comfortable	1	24314	more4to1	never	7	20000	5000	19452	4862	1148.4573	1118.2778	1855657	0.3859	658830	3840000	8.37	no	NA	NA	NA	24314	44.49	no	0:01.33	350380	0	comfortable/SRR13183067/more4to1.never.s7
SRR13183067	PACBIO_SMRT	4808040	comfortable	1	24314	more4to1	never	42	20000	5000	19452	4862	1153.5941	1097.7262	1734298	0.3607	640120	3670000	8.30	no	NA	NA	NA	24314	45.04	no	0:01.04	336912	0	comfortable/SRR13183067/more4to1.never.s42
SRR13183067	PACBIO_SMRT	4808040	comfortable	1	24314	more4to1	never	4556	20000	5000	19452	4862	1136.1411	1167.5531	1965678	0.4088	636100	3680000	8.52	no	NA	NA	NA	24314	44.16	no	0:01.05	332184	0	comfortable/SRR13183067/more4to1.never.s4556
SRR16631313	PACBIO_SMRT	4966657	starved	1	5238	legacy	auto	7	238	5000	225	4723	10361.737	10168.598	311143	0.0626	116570	1300000	0.92	yes	47.00	11	4948	5238	16.15	yes	0:05.73	133376	0	starved/SRR16631313/legacy.auto.s7
SRR16631313	PACBIO_SMRT	4966657	starved	1	5238	legacy	auto	42	238	5000	225	4726	10096.809	10185.526	337607	0.0680	116620	1390000	0.91	yes	46.00	11	4951	5238	15.40	yes	0:04.91	120712	0	starved/SRR16631313/legacy.auto.s42
SRR16631313	PACBIO_SMRT	4966657	starved	1	5238	legacy	auto	4556	238	5000	226	4727	10089.894	10189.622	276772	0.0557	112420	840090	0.91	yes	40.00	11	4953	5238	18.57	yes	0:04.74	150832	0	starved/SRR16631313/legacy.auto.s4556
SRR16631313	PACBIO_SMRT	4966657	starved	1	5238	legacy	never	7	238	5000	238	5000	10137.219	10167.987	245556	0.0494	98500	710340	0.96	no	NA	NA	NA	5238	17.40	no	0:06.35	112908	0	starved/SRR16631313/legacy.never.s7
SRR16631313	PACBIO_SMRT	4966657	starved	1	5238	legacy	never	42	238	5000	238	5000	10164.681	10166.68	293662	0.0591	97810	1490000	0.96	no	NA	NA	NA	5238	13.36	no	0:06.05	109932	0	starved/SRR16631313/legacy.never.s42
SRR16631313	PACBIO_SMRT	4966657	starved	1	5238	legacy	never	4556	238	5000	238	5000	10098.407	10169.834	260413	0.0524	96280	942480	0.96	no	NA	NA	NA	5238	15.56	no	0:05.90	108888	0	starved/SRR16631313/legacy.never.s4556
SRR16631313	PACBIO_SMRT	4966657	starved	1	5238	1to1	auto	7	2619	2619	2474	2474	10185.002	10169.761	887033	0.1786	132080	3570000	10.04	yes	47.00	11	4948	5238	0.0	yes	0:17.35	409512	0	starved/SRR16631313/1to1.auto.s7
SRR16631313	PACBIO_SMRT	4966657	starved	1	5238	1to1	auto	42	2619	2619	2476	2475	10156.563	10206.435	523046	0.1053	131260	3320000	10.05	yes	46.00	11	4951	5238	0.08	yes	0:16.97	384532	0	starved/SRR16631313/1to1.auto.s42
SRR16631313	PACBIO_SMRT	4966657	starved	1	5238	1to1	auto	4556	2619	2619	2477	2476	10203.719	10166.417	678666	0.1366	128460	3470000	10.06	yes	40.00	11	4953	5238	0.0	yes	0:16.96	431948	0	starved/SRR16631313/1to1.auto.s4556
SRR16631313	PACBIO_SMRT	4966657	starved	1	5238	1to1	never	7	2619	2619	2619	2619	10207.9	10125.277	418850	0.0843	107520	3460000	10.62	no	NA	NA	NA	5238	0.0	no	0:24.65	573084	0	starved/SRR16631313/1to1.never.s7
SRR16631313	PACBIO_SMRT	4966657	starved	1	5238	1to1	never	42	2619	2619	2619	2619	10101.903	10231.274	435252	0.0876	107760	3410000	10.62	no	NA	NA	NA	5238	0.0	no	0:24.68	461084	0	starved/SRR16631313/1to1.never.s42
SRR16631313	PACBIO_SMRT	4966657	starved	1	5238	1to1	never	4556	2619	2619	2619	2619	10164.09	10169.088	482204	0.0971	109620	3460000	10.62	no	NA	NA	NA	5238	0.0	no	0:25.12	572360	0	starved/SRR16631313/1to1.never.s4556
SRR16631313	PACBIO_SMRT	4966657	starved	1	5238	2to1	auto	7	3492	1746	3299	1649	10180.044	10172.054	967341	0.1948	133360	3680000	13.39	yes	47.00	11	4948	5238	0.0	yes	0:15.27	555568	0	starved/SRR16631313/2to1.auto.s7
SRR16631313	PACBIO_SMRT	4966657	starved	1	5238	2to1	auto	42	3492	1746	3301	1650	10164.56	10215.375	609369	0.1227	129030	3510000	13.41	yes	46.00	11	4951	5238	0.0	yes	0:15.29	557960	0	starved/SRR16631313/2to1.auto.s42
SRR16631313	PACBIO_SMRT	4966657	starved	1	5238	2to1	auto	4556	3492	1746	3302	1651	10196.59	10162.035	599649	0.1207	130180	3460000	13.40	yes	40.00	11	4953	5238	0.0	yes	0:15.47	566084	0	starved/SRR16631313/2to1.auto.s4556
SRR16631313	PACBIO_SMRT	4966657	starved	1	5238	2to1	never	7	3492	1746	3492	1746	10181.118	10137.53	400642	0.0807	108740	3590000	14.15	no	NA	NA	NA	5238	0.0	no	0:22.07	768520	0	starved/SRR16631313/2to1.never.s7
SRR16631313	PACBIO_SMRT	4966657	starved	1	5238	2to1	never	42	3492	1746	3492	1746	10124.999	10249.7705	385514	0.0776	108000	3360000	14.19	no	NA	NA	NA	5238	0.0	no	0:22.40	727960	0	starved/SRR16631313/2to1.never.s42
SRR16631313	PACBIO_SMRT	4966657	starved	1	5238	2to1	never	4556	3492	1746	3492	1746	10158.673	10182.423	435296	0.0876	109400	3590000	14.16	no	NA	NA	NA	5238	0.0	no	0:22.95	786940	0	starved/SRR16631313/2to1.never.s4556
SRR16631313	PACBIO_SMRT	4966657	starved	1	5238	4to1	auto	7	4190	1048	3959	989	10181.059	10162.659	1360475	0.2739	140080	3870000	16.06	yes	47.00	11	4948	5238	0.0	yes	0:11.36	601892	0	starved/SRR16631313/4to1.auto.s7
SRR16631313	PACBIO_SMRT	4966657	starved	1	5238	4to1	auto	42	4190	1048	3961	990	10171.861	10220.034	631532	0.1272	132590	3730000	16.10	yes	46.00	11	4951	5238	0.0	yes	0:11.72	628500	0	starved/SRR16631313/4to1.auto.s42
SRR16631313	PACBIO_SMRT	4966657	starved	1	5238	4to1	auto	4556	4190	1048	3963	990	10195.67	10142.6455	830865	0.1673	133430	3730000	16.07	yes	40.00	11	4953	5238	0.0	yes	0:11.39	659660	0	starved/SRR16631313/4to1.auto.s4556
SRR16631313	PACBIO_SMRT	4966657	starved	1	5238	4to1	never	7	4190	1048	4190	1048	10170.266	10151.893	478814	0.0964	110640	3680000	16.98	no	NA	NA	NA	5238	0.0	no	0:16.00	826708	0	starved/SRR16631313/4to1.never.s7
SRR16631313	PACBIO_SMRT	4966657	starved	1	5238	4to1	never	42	4190	1048	4190	1048	10155.257	10211.8955	370477	0.0746	106700	3490000	17.01	no	NA	NA	NA	5238	0.0	no	0:16.59	849032	0	starved/SRR16631313/4to1.never.s42
SRR16631313	PACBIO_SMRT	4966657	starved	1	5238	4to1	never	4556	4190	1048	4190	1048	10164.69	10174.181	488057	0.0983	111350	3820000	16.99	no	NA	NA	NA	5238	0.0	no	0:16.34	797268	0	starved/SRR16631313/4to1.never.s4556
SRR16631313	PACBIO_SMRT	4966657	starved	1	5238	8to1	auto	7	4656	582	4399	549	10188.132	10091.235	1572990	0.3167	141230	3890000	17.79	yes	47.00	11	4948	5238	0.0	yes	0:07.65	633164	0	starved/SRR16631313/8to1.auto.s7
SRR16631313	PACBIO_SMRT	4966657	starved	1	5238	8to1	auto	42	4656	582	4401	550	10161.938	10337.975	606657	0.1221	140340	3580000	17.99	yes	46.00	11	4951	5238	0.0	yes	0:08.36	636544	0	starved/SRR16631313/8to1.auto.s42
SRR16631313	PACBIO_SMRT	4966657	starved	1	5238	8to1	auto	4556	4656	582	4403	550	10176.959	10250.011	971554	0.1956	134650	3970000	17.93	yes	40.00	11	4953	5238	0.0	yes	0:08.16	675780	0	starved/SRR16631313/8to1.auto.s4556
SRR16631313	PACBIO_SMRT	4966657	starved	1	5238	8to1	never	7	4656	582	4656	582	10175.378	10096.282	428783	0.0863	112810	3550000	18.82	no	NA	NA	NA	5238	0.0	no	0:10.57	846008	0	starved/SRR16631313/8to1.never.s7
SRR16631313	PACBIO_SMRT	4966657	starved	1	5238	8to1	never	42	4656	582	4656	582	10150.793	10292.959	342772	0.0690	106710	3440000	18.98	no	NA	NA	NA	5238	0.0	no	0:11.31	798872	0	starved/SRR16631313/8to1.never.s42
SRR16631313	PACBIO_SMRT	4966657	starved	1	5238	8to1	never	4556	4656	582	4656	582	10171.434	10127.833	507775	0.1022	111290	3450000	18.84	no	NA	NA	NA	5238	0.0	no	0:11.48	839032	0	starved/SRR16631313/8to1.never.s4556
SRR16767125	PACBIO_SMRT	4963479	starved	1	5338	legacy	auto	7	338	5000	322	4757	10351.826	10347.762	329251	0.0663	128120	1970000	1.33	yes	43.00	11	5079	5338	11.86	yes	0:07.11	132584	0	starved/SRR16767125/legacy.auto.s7
SRR16767125	PACBIO_SMRT	4963479	starved	1	5338	legacy	auto	42	338	5000	321	4745	10110.105	10368.186	350285	0.0706	131460	1720000	1.31	yes	45.00	11	5066	5338	12.08	yes	0:05.96	131092	0	starved/SRR16767125/legacy.auto.s42
SRR16767125	PACBIO_SMRT	4963479	starved	1	5338	legacy	auto	4556	338	5000	321	4748	10463.06	10340.1045	319891	0.0644	111820	1630000	1.33	yes	46.00	11	5069	5338	14.15	yes	0:06.59	134224	0	starved/SRR16767125/legacy.auto.s4556
SRR16767125	PACBIO_SMRT	4963479	starved	1	5338	legacy	never	7	338	5000	338	5000	10346.142	10339.163	330058	0.0665	104980	1750000	1.40	no	NA	NA	NA	5338	10.72	no	0:07.86	118976	0	starved/SRR16767125/legacy.never.s7
SRR16767125	PACBIO_SMRT	4963479	starved	1	5338	legacy	never	42	338	5000	338	5000	10385.772	10336.484	295572	0.0595	100050	1670000	1.40	no	NA	NA	NA	5338	10.86	no	0:08.22	139556	0	starved/SRR16767125/legacy.never.s42
SRR16767125	PACBIO_SMRT	4963479	starved	1	5338	legacy	never	4556	338	5000	338	5000	10213.494	10348.131	304556	0.0614	110430	1950000	1.39	no	NA	NA	NA	5338	8.56	no	0:07.72	120032	0	starved/SRR16767125/legacy.never.s4556
SRR16767125	PACBIO_SMRT	4963479	starved	1	5338	1to1	auto	7	2669	2669	2540	2539	10329.632	10366.415	674457	0.1359	133300	3470000	10.49	yes	43.00	11	5079	5338	0.0	yes	0:18.13	482812	0	starved/SRR16767125/1to1.auto.s7
SRR16767125	PACBIO_SMRT	4963479	starved	1	5338	1to1	auto	42	2669	2669	2533	2533	10299.97	10403.695	889812	0.1793	135920	3600000	10.46	yes	45.00	11	5066	5338	0.12	yes	0:17.69	422672	0	starved/SRR16767125/1to1.auto.s42
SRR16767125	PACBIO_SMRT	4963479	starved	1	5338	1to1	auto	4556	2669	2669	2535	2534	10312.233	10383.562	780377	0.1572	136370	3570000	10.47	yes	46.00	11	5069	5338	0.12	yes	0:17.86	476608	0	starved/SRR16767125/1to1.auto.s4556
SRR16767125	PACBIO_SMRT	4963479	starved	1	5338	1to1	never	7	2669	2669	2669	2669	10319.479	10359.731	401631	0.0809	112770	3330000	11.01	no	NA	NA	NA	5338	0.07	no	0:26.32	600452	0	starved/SRR16767125/1to1.never.s7
SRR16767125	PACBIO_SMRT	4963479	starved	1	5338	1to1	never	42	2669	2669	2669	2669	10346.577	10332.633	600566	0.1210	110360	3580000	11.01	no	NA	NA	NA	5338	0.0	no	0:25.52	572628	0	starved/SRR16767125/1to1.never.s42
SRR16767125	PACBIO_SMRT	4963479	starved	1	5338	1to1	never	4556	2669	2669	2669	2669	10303.872	10375.338	532138	0.1072	112610	3470000	11.01	no	NA	NA	NA	5338	0.0	no	0:25.61	587608	0	starved/SRR16767125/1to1.never.s4556
SRR16767125	PACBIO_SMRT	4963479	starved	1	5338	2to1	auto	7	3558	1780	3386	1693	10318.203	10407.652	722612	0.1456	133390	3630000	14.00	yes	43.00	11	5079	5338	0.0	yes	0:16.53	622936	0	starved/SRR16767125/2to1.auto.s7
SRR16767125	PACBIO_SMRT	4963479	starved	1	5338	2to1	auto	42	3558	1780	3377	1689	10320.385	10414.709	765346	0.1542	139870	3700000	13.97	yes	45.00	11	5066	5338	0.18	yes	0:15.88	588304	0	starved/SRR16767125/2to1.auto.s42
SRR16767125	PACBIO_SMRT	4963479	starved	1	5338	2to1	auto	4556	3558	1780	3379	1690	10294.177	10455.285	831833	0.1676	137650	3770000	13.99	yes	46.00	11	5069	5338	0.18	yes	0:16.39	610480	0	starved/SRR16767125/2to1.auto.s4556
SRR16767125	PACBIO_SMRT	4963479	starved	1	5338	2to1	never	7	3558	1780	3558	1780	10342.68	10333.458	417267	0.0841	112380	3500000	14.68	no	NA	NA	NA	5338	0.06	no	0:22.79	774988	0	starved/SRR16767125/2to1.never.s7
SRR16767125	PACBIO_SMRT	4963479	starved	1	5338	2to1	never	42	3558	1780	3558	1780	10339.874	10339.067	622674	0.1255	109900	3760000	14.68	no	NA	NA	NA	5338	0.0	no	0:22.98	767144	0	starved/SRR16767125/2to1.never.s42
SRR16767125	PACBIO_SMRT	4963479	starved	1	5338	2to1	never	4556	3558	1780	3558	1780	10303.36	10412.054	480204	0.0967	113540	3530000	14.71	no	NA	NA	NA	5338	0.0	no	0:22.77	780288	0	starved/SRR16767125/2to1.never.s4556
SRR16767125	PACBIO_SMRT	4963479	starved	1	5338	4to1	auto	7	4270	1068	4063	1016	10341.275	10374.99	639040	0.1287	132150	3700000	16.80	yes	43.00	11	5079	5338	0.0	yes	0:14.90	658872	0	starved/SRR16767125/4to1.auto.s7
SRR16767125	PACBIO_SMRT	4963479	starved	1	5338	4to1	auto	42	4270	1068	4053	1013	10353.192	10346.393	932525	0.1879	139430	3770000	16.74	yes	45.00	11	5066	5338	0.10	yes	0:11.92	604436	0	starved/SRR16767125/4to1.auto.s42
SRR16767125	PACBIO_SMRT	4963479	starved	1	5338	4to1	auto	4556	4270	1068	4055	1014	10347.861	10348.009	1015095	0.2045	140890	3940000	16.75	yes	46.00	11	5069	5338	0.30	yes	0:11.98	604156	0	starved/SRR16767125/4to1.auto.s4556
SRR16767125	PACBIO_SMRT	4963479	starved	1	5338	4to1	never	7	4270	1068	4270	1068	10332.201	10369.207	412349	0.0831	110540	3530000	17.64	no	NA	NA	NA	5338	0.0	no	0:17.02	809736	0	starved/SRR16767125/4to1.never.s7
SRR16767125	PACBIO_SMRT	4963479	starved	1	5338	4to1	never	42	4270	1068	4270	1068	10326.093	10393.631	631363	0.1272	109560	3820000	17.65	no	NA	NA	NA	5338	0.0	no	0:17.05	854568	0	starved/SRR16767125/4to1.never.s42
SRR16767125	PACBIO_SMRT	4963479	starved	1	5338	4to1	never	4556	4270	1068	4270	1068	10298.361	10504.503	382741	0.0771	114850	3520000	17.73	no	NA	NA	NA	5338	0.0	no	0:17.52	847024	0	starved/SRR16767125/4to1.never.s4556
SRR16767125	PACBIO_SMRT	4963479	starved	1	5338	8to1	auto	7	4744	594	4514	565	10349.716	10334.469	669677	0.1349	136300	3730000	18.63	yes	43.00	11	5079	5338	0.0	yes	0:10.29	669544	0	starved/SRR16767125/8to1.auto.s7
SRR16767125	PACBIO_SMRT	4963479	starved	1	5338	8to1	auto	42	4744	594	4503	563	10352.469	10346.742	648242	0.1306	139730	3600000	18.60	yes	45.00	11	5066	5338	0.0	yes	0:10.62	699864	0	starved/SRR16767125/8to1.auto.s42
SRR16767125	PACBIO_SMRT	4963479	starved	1	5338	8to1	auto	4556	4744	594	4505	564	10351.449	10319.468	913331	0.1840	138110	3890000	18.58	yes	46.00	11	5069	5338	0.0	yes	0:10.43	655424	0	starved/SRR16767125/8to1.auto.s4556
SRR16767125	PACBIO_SMRT	4963479	starved	1	5338	8to1	never	7	4744	594	4744	594	10317.801	10513.741	384189	0.0774	110250	3580000	19.72	no	NA	NA	NA	5338	0.0	no	0:13.50	795884	0	starved/SRR16767125/8to1.never.s7
SRR16767125	PACBIO_SMRT	4963479	starved	1	5338	8to1	never	42	4744	594	4744	594	10333.922	10384.995	840180	0.1693	111240	4020000	19.61	no	NA	NA	NA	5338	0.0	no	0:13.78	832360	0	starved/SRR16767125/8to1.never.s42
SRR16767125	PACBIO_SMRT	4963479	starved	1	5338	8to1	never	4556	4744	594	4744	594	10325.474	10452.465	711590	0.1434	117950	3870000	19.67	no	NA	NA	NA	5338	0.0	no	0:13.43	876268	0	starved/SRR16767125/8to1.never.s4556
SRR17188519	PACBIO_SMRT	4929712	starved	1	7992	legacy	auto	7	2992	5000	2842	4749	10229.117	10205.066	927237	0.1881	135630	3670000	11.67	yes	44.00	17	7591	7992	0.0	yes	0:34.01	518008	0	starved/SRR17188519/legacy.auto.s7
SRR17188519	PACBIO_SMRT	4929712	starved	1	7992	legacy	auto	42	2992	5000	2840	4744	10216.19	10221.134	972415	0.1973	132180	3610000	11.66	yes	46.00	17	7584	7992	0.0	yes	0:34.10	516188	0	starved/SRR17188519/legacy.auto.s42
SRR17188519	PACBIO_SMRT	4929712	starved	1	7992	legacy	auto	4556	2992	5000	2839	4744	10236.306	10203.755	975172	0.1978	133530	3620000	11.66	yes	43.00	17	7583	7992	0.0	yes	0:33.96	515016	0	starved/SRR17188519/legacy.auto.s4556
SRR17188519	PACBIO_SMRT	4929712	starved	1	7992	legacy	never	7	2992	5000	2992	5000	10203.556	10181.925	530040	0.1075	108290	3680000	12.25	no	NA	NA	NA	7992	0.0	no	1:00.16	725940	0	starved/SRR17188519/legacy.never.s7
SRR17188519	PACBIO_SMRT	4929712	starved	1	7992	legacy	never	42	2992	5000	2992	5000	10182.71	10194.398	575366	0.1167	107230	3410000	12.25	no	NA	NA	NA	7992	0.0	no	1:00.39	728708	0	starved/SRR17188519/legacy.never.s42
SRR17188519	PACBIO_SMRT	4929712	starved	1	7992	legacy	never	4556	2992	5000	2992	5000	10211.056	10177.437	526523	0.1068	108340	3560000	12.25	no	NA	NA	NA	7992	0.0	no	1:00.03	697060	0	starved/SRR17188519/legacy.never.s4556
SRR17188519	PACBIO_SMRT	4929712	starved	1	7992	1to1	auto	7	3996	3996	3796	3795	10221.092	10207.048	867805	0.1760	139300	3620000	15.58	yes	44.00	17	7591	7992	0.0	yes	0:36.07	664852	0	starved/SRR17188519/1to1.auto.s7
SRR17188519	PACBIO_SMRT	4929712	starved	1	7992	1to1	auto	42	3996	3996	3792	3792	10195.376	10243.189	1032754	0.2095	135120	3770000	15.57	yes	46.00	17	7584	7992	0.0	yes	0:35.78	644468	0	starved/SRR17188519/1to1.auto.s42
SRR17188519	PACBIO_SMRT	4929712	starved	1	7992	1to1	auto	4556	3996	3996	3792	3791	10225.152	10206.728	976669	0.1981	136060	3830000	15.56	yes	43.00	17	7583	7992	0.0	yes	0:35.63	646172	0	starved/SRR17188519/1to1.auto.s4556
SRR17188519	PACBIO_SMRT	4929712	starved	1	7992	1to1	never	7	3996	3996	3996	3996	10222.086	10157.96	482119	0.0978	110540	3680000	16.36	no	NA	NA	NA	7992	0.0	no	0:54.23	873276	0	starved/SRR17188519/1to1.never.s7
SRR17188519	PACBIO_SMRT	4929712	starved	1	7992	1to1	never	42	3996	3996	3996	3996	10176.455	10203.59	559638	0.1135	108060	3540000	16.36	no	NA	NA	NA	7992	0.0	no	0:53.38	819476	0	starved/SRR17188519/1to1.never.s42
SRR17188519	PACBIO_SMRT	4929712	starved	1	7992	1to1	never	4556	3996	3996	3996	3996	10199.226	10180.821	502584	0.1019	108900	3560000	16.36	no	NA	NA	NA	7992	0.0	no	0:53.16	836056	0	starved/SRR17188519/1to1.never.s4556
SRR17188519	PACBIO_SMRT	4929712	starved	1	7992	2to1	auto	7	5328	2664	5061	2530	10218.964	10204.284	764271	0.1550	139660	3650000	20.76	yes	44.00	17	7591	7992	0.0	yes	0:32.35	841952	0	starved/SRR17188519/2to1.auto.s7
SRR17188519	PACBIO_SMRT	4929712	starved	1	7992	2to1	auto	42	5328	2664	5056	2528	10212.684	10232.481	1082521	0.2196	137980	3860000	20.76	yes	46.00	17	7584	7992	0.0	yes	0:32.74	851516	0	starved/SRR17188519/2to1.auto.s42
SRR17188519	PACBIO_SMRT	4929712	starved	1	7992	2to1	auto	4556	5328	2664	5056	2527	10204.869	10238.096	967101	0.1962	137260	3870000	20.76	yes	43.00	17	7583	7992	0.0	yes	0:32.33	830472	0	starved/SRR17188519/2to1.auto.s4556
SRR17188519	PACBIO_SMRT	4929712	starved	1	7992	2to1	never	7	5328	2664	5328	2664	10193.086	10183.8955	464389	0.0942	110120	3730000	21.81	no	NA	NA	NA	7992	0.0	no	0:48.74	997188	0	starved/SRR17188519/2to1.never.s7
SRR17188519	PACBIO_SMRT	4929712	starved	1	7992	2to1	never	42	5328	2664	5328	2664	10184.741	10200.586	605301	0.1228	108810	3720000	21.82	no	NA	NA	NA	7992	0.0	no	0:47.67	1028284	0	starved/SRR17188519/2to1.never.s42
SRR17188519	PACBIO_SMRT	4929712	starved	1	7992	2to1	never	4556	5328	2664	5328	2664	10202.464	10165.142	555387	0.1127	109440	3680000	21.80	no	NA	NA	NA	7992	0.0	no	0:46.41	966276	0	starved/SRR17188519/2to1.never.s4556
SRR17188519	PACBIO_SMRT	4929712	starved	1	7992	4to1	auto	7	6393	1599	6073	1518	10212.837	10219.006	681789	0.1383	143500	3710000	24.93	yes	44.00	17	7591	7992	0.0	yes	0:24.10	1082052	0	starved/SRR17188519/4to1.auto.s7
SRR17188519	PACBIO_SMRT	4929712	starved	1	7992	4to1	auto	42	6393	1599	6067	1517	10222.243	10207.44	1129142	0.2290	137750	3890000	24.90	yes	46.00	17	7584	7992	0.0	yes	0:23.90	1075396	0	starved/SRR17188519/4to1.auto.s42
SRR17188519	PACBIO_SMRT	4929712	starved	1	7992	4to1	auto	4556	6393	1599	6066	1517	10214.003	10223.688	864063	0.1753	134940	3800000	24.90	yes	43.00	17	7583	7992	0.0	yes	0:24.21	1073056	0	starved/SRR17188519/4to1.auto.s4556
SRR17188519	PACBIO_SMRT	4929712	starved	1	7992	4to1	never	7	6393	1599	6393	1599	10193.82	10174.842	586955	0.1191	115010	3900000	26.16	no	NA	NA	NA	7992	0.0	no	0:35.81	1373752	0	starved/SRR17188519/4to1.never.s7
SRR17188519	PACBIO_SMRT	4929712	starved	1	7992	4to1	never	42	6393	1599	6393	1599	10179.827	10230.785	664983	0.1349	109520	3830000	26.21	no	NA	NA	NA	7992	0.0	no	0:34.44	1351304	0	starved/SRR17188519/4to1.never.s42
SRR17188519	PACBIO_SMRT	4929712	starved	1	7992	4to1	never	4556	6393	1599	6393	1599	10199.981	10150.206	632161	0.1282	114690	3830000	26.13	no	NA	NA	NA	7992	0.0	no	0:33.97	1311840	0	starved/SRR17188519/4to1.never.s4556
SRR17188519	PACBIO_SMRT	4929712	starved	1	7992	8to1	auto	7	7104	888	6748	843	10204.676	10289.278	641578	0.1301	141690	3790000	27.78	yes	44.00	17	7591	7992	0.0	yes	0:16.50	1184140	0	starved/SRR17188519/8to1.auto.s7
SRR17188519	PACBIO_SMRT	4929712	starved	1	7992	8to1	auto	42	7104	888	6742	842	10218.065	10229.025	938304	0.1903	138950	3870000	27.69	yes	46.00	17	7584	7992	0.0	yes	0:16.47	1094280	0	starved/SRR17188519/8to1.auto.s42
SRR17188519	PACBIO_SMRT	4929712	starved	1	7992	8to1	auto	4556	7104	888	6741	842	10219.221	10189.685	1019753	0.2069	142300	3780000	27.64	yes	43.00	17	7583	7992	0.0	yes	0:15.58	1114436	0	starved/SRR17188519/8to1.auto.s4556
SRR17188519	PACBIO_SMRT	4929712	starved	1	7992	8to1	never	7	7104	888	7104	888	10199.287	10115.911	639795	0.1298	115520	3970000	28.99	no	NA	NA	NA	7992	0.0	no	0:22.08	1458968	0	starved/SRR17188519/8to1.never.s7
SRR17188519	PACBIO_SMRT	4929712	starved	1	7992	8to1	never	42	7104	888	7104	888	10193.252	10164.191	569787	0.1156	107310	3910000	29.05	no	NA	NA	NA	7992	0.0	no	0:22.57	1436152	0	starved/SRR17188519/8to1.never.s42
SRR17188519	PACBIO_SMRT	4929712	starved	1	7992	8to1	never	4556	7104	888	7104	888	10202.678	10088.778	640386	0.1299	116690	3900000	28.95	no	NA	NA	NA	7992	0.0	no	0:21.64	1385320	0	starved/SRR17188519/8to1.never.s4556
SRR24489322	OXFORD_NANOPORE	4296919	starved	10	7451	legacy	auto	7	2451	5000	1887	3849	13181.249	12717.672	1601392	0.3727	521860	4480000	11.29	yes	19.00	3	5736	7451	1.90	yes	0:08.37	537356	0	starved/SRR24489322/legacy.auto.s7
SRR24489322	OXFORD_NANOPORE	4296919	starved	10	7451	legacy	auto	42	2451	5000	1868	3808	13045.222	12748.692	1610290	0.3748	528990	4130000	11.13	yes	21.00	3	5676	7451	2.55	yes	0:08.18	492992	0	starved/SRR24489322/legacy.auto.s42
SRR24489322	OXFORD_NANOPORE	4296919	starved	10	7451	legacy	auto	4556	2451	5000	1886	3845	12726.434	12910.537	1714163	0.3989	509710	4400000	11.17	yes	17.00	3	5731	7451	2.29	yes	0:08.26	476200	0	starved/SRR24489322/legacy.auto.s4556
SRR24489322	OXFORD_NANOPORE	4296919	starved	10	7451	legacy	never	7	2451	5000	2451	5000	13181.235	13432.829	906449	0.2110	317910	2280000	15.07	no	NA	NA	NA	7451	1.24	no	0:22.25	650916	0	starved/SRR24489322/legacy.never.s7
SRR24489322	OXFORD_NANOPORE	4296919	starved	10	7451	legacy	never	42	2451	5000	2451	5000	13508.108	13272.596	915280	0.2130	319850	2270000	15.16	no	NA	NA	NA	7451	1.82	no	0:22.49	662812	0	starved/SRR24489322/legacy.never.s42
SRR24489322	OXFORD_NANOPORE	4296919	starved	10	7451	legacy	never	4556	2451	5000	2451	5000	13577.472	13238.594	948425	0.2207	310530	2340000	15.18	no	NA	NA	NA	7451	1.36	no	0:22.57	670584	0	starved/SRR24489322/legacy.never.s4556
SRR24489322	OXFORD_NANOPORE	4296919	starved	10	7451	1to1	auto	7	3725	3726	2868	2868	13258.77	12481.584	1652064	0.3845	540250	4650000	17.05	yes	19.00	3	5736	7451	1.22	yes	0:09.07	717624	0	starved/SRR24489322/1to1.auto.s7
SRR24489322	OXFORD_NANOPORE	4296919	starved	10	7451	1to1	auto	42	3725	3726	2838	2838	12644.683	13047.882	1658918	0.3861	549680	4680000	16.84	yes	21.00	3	5676	7451	1.13	yes	0:08.93	732828	0	starved/SRR24489322/1to1.auto.s42
SRR24489322	OXFORD_NANOPORE	4296919	starved	10	7451	1to1	auto	4556	3725	3726	2866	2865	12640.593	13059.382	1704815	0.3968	554150	4740000	17.01	yes	17.00	3	5731	7451	1.26	yes	0:09.14	741172	0	starved/SRR24489322/1to1.auto.s4556
SRR24489322	OXFORD_NANOPORE	4296919	starved	10	7451	1to1	never	7	3725	3726	3725	3726	13450.685	13249.479	980928	0.2283	329500	2360000	22.97	no	NA	NA	NA	7451	0.94	no	0:24.02	803176	0	starved/SRR24489322/1to1.never.s7
SRR24489322	OXFORD_NANOPORE	4296919	starved	10	7451	1to1	never	42	3725	3726	3725	3726	13454.033	13246.13	930440	0.2165	328630	2360000	22.97	no	NA	NA	NA	7451	1.69	no	0:24.01	832216	0	starved/SRR24489322/1to1.never.s42
SRR24489322	OXFORD_NANOPORE	4296919	starved	10	7451	1to1	never	4556	3725	3726	3725	3726	13353.326	13346.81	959319	0.2233	318420	2400000	22.97	no	NA	NA	NA	7451	1.15	no	0:24.13	885144	0	starved/SRR24489322/1to1.never.s4556
SRR24489322	OXFORD_NANOPORE	4296919	starved	10	7451	2to1	auto	7	4967	2484	3824	1912	13106.685	12397.163	1726280	0.4017	546780	4610000	22.52	yes	19.00	3	5736	7451	1.20	yes	0:08.42	873900	0	starved/SRR24489322/2to1.auto.s7
SRR24489322	OXFORD_NANOPORE	4296919	starved	10	7451	2to1	auto	42	4967	2484	3784	1892	12747.72	13043.403	1634392	0.3804	579140	4980000	22.54	yes	21.00	3	5676	7451	0.90	yes	0:08.11	822340	0	starved/SRR24489322/2to1.auto.s42
SRR24489322	OXFORD_NANOPORE	4296919	starved	10	7451	2to1	auto	4556	4967	2484	3821	1910	12955.429	12638.941	1879352	0.4374	577480	5100000	22.58	yes	17.00	3	5731	7451	1.05	yes	0:08.29	792692	0	starved/SRR24489322/2to1.auto.s4556
SRR24489322	OXFORD_NANOPORE	4296919	starved	10	7451	2to1	never	7	4967	2484	4967	2484	13394.345	13261.531	1052320	0.2449	334830	2410000	30.58	no	NA	NA	NA	7451	0.89	no	0:21.13	1211832	0	starved/SRR24489322/2to1.never.s7
SRR24489322	OXFORD_NANOPORE	4296919	starved	10	7451	2to1	never	42	4967	2484	4967	2484	13423.103	13204.026	947706	0.2206	332020	2460000	30.55	no	NA	NA	NA	7451	1.33	no	0:21.30	1231564	0	starved/SRR24489322/2to1.never.s42
SRR24489322	OXFORD_NANOPORE	4296919	starved	10	7451	2to1	never	4556	4967	2484	4967	2484	13479.946	13090.362	970827	0.2259	334020	2610000	30.48	no	NA	NA	NA	7451	1.09	no	0:20.85	1241336	0	starved/SRR24489322/2to1.never.s4556
SRR24489322	OXFORD_NANOPORE	4296919	starved	10	7451	4to1	auto	7	5960	1491	4589	1147	12894.6875	12772.117	1676078	0.3901	553480	4480000	27.20	yes	19.00	3	5736	7451	1.05	yes	0:06.95	1003632	0	starved/SRR24489322/4to1.auto.s7
SRR24489322	OXFORD_NANOPORE	4296919	starved	10	7451	4to1	auto	42	5960	1491	4541	1135	12843.242	12858.438	1721578	0.4007	577830	5120000	26.95	yes	21.00	3	5676	7451	0.62	yes	0:06.70	990440	0	starved/SRR24489322/4to1.auto.s42
SRR24489322	OXFORD_NANOPORE	4296919	starved	10	7451	4to1	auto	4556	5960	1491	4585	1146	12900.782	12646.582	1885686	0.4388	596800	5320000	27.05	yes	17.00	3	5731	7451	0.96	yes	0:06.77	1020192	0	starved/SRR24489322/4to1.auto.s4556
SRR24489322	OXFORD_NANOPORE	4296919	starved	10	7451	4to1	never	7	5960	1491	5960	1491	13323.376	13456.764	1047777	0.2438	344400	2280000	36.87	no	NA	NA	NA	7451	0.87	no	0:16.06	1381016	0	starved/SRR24489322/4to1.never.s7
SRR24489322	OXFORD_NANOPORE	4296919	starved	10	7451	4to1	never	42	5960	1491	5960	1491	13399.262	13153.419	942112	0.2193	337090	2250000	36.55	no	NA	NA	NA	7451	1.07	no	0:15.79	1361700	0	starved/SRR24489322/4to1.never.s42
SRR24489322	OXFORD_NANOPORE	4296919	starved	10	7451	4to1	never	4556	5960	1491	5960	1491	13392.831	13179.128	1002094	0.2332	345060	2740000	36.58	no	NA	NA	NA	7451	1.27	no	0:15.54	1403720	0	starved/SRR24489322/4to1.never.s4556
SRR24489322	OXFORD_NANOPORE	4296919	starved	10	7451	8to1	auto	7	6623	828	5099	637	12901.122	12622.478	1750574	0.4074	551670	4810000	30.05	yes	19.00	3	5736	7451	0.94	yes	0:05.66	1030056	0	starved/SRR24489322/8to1.auto.s7
SRR24489322	OXFORD_NANOPORE	4296919	starved	10	7451	8to1	auto	42	6623	828	5046	630	12853.303	12790.045	1672842	0.3893	595020	5100000	29.88	yes	21.00	3	5676	7451	0.63	yes	0:05.46	1014692	0	starved/SRR24489322/8to1.auto.s42
SRR24489322	OXFORD_NANOPORE	4296919	starved	10	7451	8to1	auto	4556	6623	828	5095	636	12986.728	11754.236	1912841	0.4452	609140	5670000	29.10	yes	17.00	3	5731	7451	1.10	yes	0:05.44	950236	0	starved/SRR24489322/8to1.auto.s4556
SRR24489322	OXFORD_NANOPORE	4296919	starved	10	7451	8to1	never	7	6623	828	6623	828	13342.746	13408.626	1006190	0.2342	346600	2070000	40.93	no	NA	NA	NA	7451	0.97	no	0:11.14	1483212	0	starved/SRR24489322/8to1.never.s7
SRR24489322	OXFORD_NANOPORE	4296919	starved	10	7451	8to1	never	42	6623	828	6623	828	13489.336	12236.088	887296	0.2065	342580	2560000	39.34	no	NA	NA	NA	7451	1.21	no	0:10.74	1499120	0	starved/SRR24489322/8to1.never.s42
SRR24489322	OXFORD_NANOPORE	4296919	starved	10	7451	8to1	never	4556	6623	828	6623	828	13359.01	13278.546	1046987	0.2437	351670	3350000	40.75	no	NA	NA	NA	7451	1.09	no	0:10.69	1501952	0	starved/SRR24489322/8to1.never.s4556
SRR24489322	OXFORD_NANOPORE	4296919	marginal	5	14901	legacy	auto	7	9901	5000	7616	3845	12940.425	12345.418	1706272	0.3971	586600	5150000	44.46	yes	16.00	6	11461	14901	1.25	yes	0:24.71	1622764	0	marginal/SRR24489322/legacy.auto.s7
SRR24489322	OXFORD_NANOPORE	4296919	marginal	5	14901	legacy	auto	42	9901	5000	7602	3838	12948.574	12778.291	1673681	0.3895	581600	5310000	45.16	yes	16.00	6	11440	14901	1.25	yes	0:26.13	1628428	0	marginal/SRR24489322/legacy.auto.s42
SRR24489322	OXFORD_NANOPORE	4296919	marginal	5	14901	legacy	auto	4556	9901	5000	7616	3845	13031.568	12682.459	1689702	0.3932	580810	5240000	45.22	yes	16.00	6	11461	14901	1.27	yes	0:25.83	1586204	0	marginal/SRR24489322/legacy.auto.s4556
SRR24489322	OXFORD_NANOPORE	4296919	marginal	5	14901	legacy	never	7	9901	5000	9901	5000	13219.926	13324.98	940380	0.2188	346800	2220000	60.71	no	NA	NA	NA	14901	1.28	no	1:14.33	2265696	0	marginal/SRR24489322/legacy.never.s7
SRR24489322	OXFORD_NANOPORE	4296919	marginal	5	14901	legacy	never	42	9901	5000	9901	5000	13265.774	13234.19	943061	0.2195	353730	2200000	60.60	no	NA	NA	NA	14901	1.08	no	1:15.45	2266276	0	marginal/SRR24489322/legacy.never.s42
SRR24489322	OXFORD_NANOPORE	4296919	marginal	5	14901	legacy	never	4556	9901	5000	9901	5000	13384.455	12999.18	924750	0.2152	352680	2120000	60.33	no	NA	NA	NA	14901	1.24	no	1:14.22	2128908	0	marginal/SRR24489322/legacy.never.s4556
SRR24489322	OXFORD_NANOPORE	4296919	marginal	5	14901	1to1	auto	7	7450	7451	5731	5730	13022.145	12459.422	1643551	0.3825	575850	4890000	33.72	yes	16.00	6	11461	14901	1.45	yes	0:40.09	1391420	0	marginal/SRR24489322/1to1.auto.s7
SRR24489322	OXFORD_NANOPORE	4296919	marginal	5	14901	1to1	auto	42	7450	7451	5720	5720	12819.334	12963.558	1657073	0.3856	568260	5320000	34.06	yes	16.00	6	11440	14901	1.31	yes	0:28.10	1375716	0	marginal/SRR24489322/1to1.auto.s42
SRR24489322	OXFORD_NANOPORE	4296919	marginal	5	14901	1to1	auto	4556	7450	7451	5731	5730	13320.338	12508.484	1648712	0.3837	561770	4810000	34.18	yes	16.00	6	11461	14901	1.26	yes	0:29.21	1408992	0	marginal/SRR24489322/1to1.auto.s4556
SRR24489322	OXFORD_NANOPORE	4296919	marginal	5	14901	1to1	never	7	7450	7451	7450	7451	13302.14	13208.22	912744	0.2124	340450	2150000	45.62	no	NA	NA	NA	14901	1.22	no	1:24.59	1694432	0	marginal/SRR24489322/1to1.never.s7
SRR24489322	OXFORD_NANOPORE	4296919	marginal	5	14901	1to1	never	42	7450	7451	7450	7451	13180.58	13329.763	928921	0.2162	344240	2170000	45.62	no	NA	NA	NA	14901	1.11	no	1:34.91	1653560	0	marginal/SRR24489322/1to1.never.s42
SRR24489322	OXFORD_NANOPORE	4296919	marginal	5	14901	1to1	never	4556	7450	7451	7450	7451	13340.916	13169.449	937971	0.2183	346590	2150000	45.62	no	NA	NA	NA	14901	1.13	no	1:24.63	1719656	0	marginal/SRR24489322/1to1.never.s4556
SRR24489322	OXFORD_NANOPORE	4296919	marginal	5	14901	2to1	auto	7	9934	4967	7641	3820	12935.567	12351.237	1706613	0.3972	587040	5160000	44.61	yes	16.00	6	11461	14901	1.26	yes	0:26.72	1632208	0	marginal/SRR24489322/2to1.auto.s7
SRR24489322	OXFORD_NANOPORE	4296919	marginal	5	14901	2to1	auto	42	9934	4967	7627	3813	12950.289	12773.746	1665496	0.3876	582960	5310000	45.31	yes	16.00	6	11440	14901	1.26	yes	0:27.82	1649696	0	marginal/SRR24489322/2to1.auto.s42
SRR24489322	OXFORD_NANOPORE	4296919	marginal	5	14901	2to1	auto	4556	9934	4967	7641	3820	13051.611	12640.084	1691332	0.3936	581710	5270000	45.33	yes	16.00	6	11461	14901	1.26	yes	0:27.74	1710568	0	marginal/SRR24489322/2to1.auto.s4556
SRR24489322	OXFORD_NANOPORE	4296919	marginal	5	14901	2to1	never	7	9934	4967	9934	4967	13216.443	13332.643	938788	0.2185	346410	2220000	60.92	no	NA	NA	NA	14901	1.29	no	1:40.52	2232028	0	marginal/SRR24489322/2to1.never.s7
SRR24489322	OXFORD_NANOPORE	4296919	marginal	5	14901	2to1	never	42	9934	4967	9934	4967	13268.457	13228.616	944888	0.2199	354010	2210000	60.80	no	NA	NA	NA	14901	1.07	no	1:18.41	2292984	0	marginal/SRR24489322/2to1.never.s42
SRR24489322	OXFORD_NANOPORE	4296919	marginal	5	14901	2to1	never	4556	9934	4967	9934	4967	13379.73	13006.069	926357	0.2156	352750	2130000	60.54	no	NA	NA	NA	14901	1.25	no	1:10.77	2128352	0	marginal/SRR24489322/2to1.never.s4556
SRR24489322	OXFORD_NANOPORE	4296919	marginal	5	14901	4to1	auto	7	11920	2981	9169	2292	12769.158	12627.395	1701255	0.3959	599580	5420000	53.77	yes	16.00	6	11461	14901	1.27	yes	0:22.57	1932292	0	marginal/SRR24489322/4to1.auto.s7
SRR24489322	OXFORD_NANOPORE	4296919	marginal	5	14901	4to1	auto	42	11920	2981	9152	2288	12974.573	12558.9375	1757705	0.4091	588560	5310000	53.96	yes	16.00	6	11440	14901	1.18	yes	0:22.45	1905884	0	marginal/SRR24489322/4to1.auto.s42
SRR24489322	OXFORD_NANOPORE	4296919	marginal	5	14901	4to1	auto	4556	11920	2981	9169	2292	12991.261	12607.156	1715936	0.3993	591840	5210000	54.20	yes	16.00	6	11461	14901	1.18	yes	0:23.22	1976332	0	marginal/SRR24489322/4to1.auto.s4556
SRR24489322	OXFORD_NANOPORE	4296919	marginal	5	14901	4to1	never	7	11920	2981	11920	2981	13202.999	13463.816	943461	0.2196	356720	2250000	73.42	no	NA	NA	NA	14901	1.34	no	0:55.66	2596772	0	marginal/SRR24489322/4to1.never.s7
SRR24489322	OXFORD_NANOPORE	4296919	marginal	5	14901	4to1	never	42	11920	2981	11920	2981	13260.068	13235.617	996306	0.2319	358610	2520000	72.95	no	NA	NA	NA	14901	1.14	no	0:54.77	2589272	0	marginal/SRR24489322/4to1.never.s42
SRR24489322	OXFORD_NANOPORE	4296919	marginal	5	14901	4to1	never	4556	11920	2981	11920	2981	13365.638	12813.481	931741	0.2168	357700	2100000	72.07	no	NA	NA	NA	14901	1.04	no	0:54.64	2553912	0	marginal/SRR24489322/4to1.never.s4556
SRR24489322	OXFORD_NANOPORE	4296919	marginal	5	14901	8to1	auto	7	13245	1656	10188	1273	12706.861	13012.49	1640998	0.3819	601420	5610000	60.51	yes	16.00	6	11461	14901	0.63	yes	0:16.97	2008524	0	marginal/SRR24489322/8to1.auto.s7
SRR24489322	OXFORD_NANOPORE	4296919	marginal	5	14901	8to1	auto	42	13245	1656	10169	1271	12990.577	12098.32	1716600	0.3995	627720	4880000	58.90	yes	16.00	6	11440	14901	0.79	yes	0:16.66	1982908	0	marginal/SRR24489322/8to1.auto.s42
SRR24489322	OXFORD_NANOPORE	4296919	marginal	5	14901	8to1	auto	4556	13245	1656	10188	1273	12919.369	12875.059	1799600	0.4188	604390	5610000	60.69	yes	16.00	6	11461	14901	1.10	yes	0:17.52	2032676	0	marginal/SRR24489322/8to1.auto.s4556
SRR24489322	OXFORD_NANOPORE	4296919	marginal	5	14901	8to1	never	7	13245	1656	13245	1656	13319.027	12744.485	959382	0.2233	359970	2340000	79.73	no	NA	NA	NA	14901	1.39	no	0:39.66	2672116	0	marginal/SRR24489322/8to1.never.s7
SRR24489322	OXFORD_NANOPORE	4296919	marginal	5	14901	8to1	never	42	13245	1656	13245	1656	13267.457	13156.954	988069	0.2299	364490	2470000	80.84	no	NA	NA	NA	14901	0.97	no	0:40.22	2648036	0	marginal/SRR24489322/8to1.never.s42
SRR24489322	OXFORD_NANOPORE	4296919	marginal	5	14901	8to1	never	4556	13245	1656	13245	1656	13225.929	13489.108	965918	0.2248	361090	2120000	81.73	no	NA	NA	NA	14901	1.27	no	0:40.78	2671716	0	marginal/SRR24489322/8to1.never.s4556
SRR24489322	OXFORD_NANOPORE	4296919	comfortable	1	74503	legacy	auto	7	10000	5000	10000	5000	12892.883	12987.929	1776862	0.4135	603600	5260000	59.77	yes	20.00	26	55470	74503	1.14	no	0:35.18	2311800	0	comfortable/SRR24489322/legacy.auto.s7
SRR24489322	OXFORD_NANOPORE	4296919	comfortable	1	74503	legacy	auto	42	10000	5000	10000	5000	13239.927	13004.538	1711138	0.3982	626970	5150000	60.61	yes	20.00	26	55312	74503	1.24	no	0:36.80	2234536	0	comfortable/SRR24489322/legacy.auto.s42
SRR24489322	OXFORD_NANOPORE	4296919	comfortable	1	74503	legacy	auto	4556	10000	5000	10000	5000	12760.9	12829.239	1799306	0.4187	639060	5620000	59.09	yes	21.00	26	55406	74503	1.18	no	0:34.23	2131688	0	comfortable/SRR24489322/legacy.auto.s4556
SRR24489322	OXFORD_NANOPORE	4296919	comfortable	1	74503	legacy	never	7	10000	5000	10000	5000	13270.499	13474.361	947624	0.2205	354830	2260000	61.78	no	NA	NA	NA	74503	1.26	no	0:48.22	2765776	0	comfortable/SRR24489322/legacy.never.s7
SRR24489322	OXFORD_NANOPORE	4296919	comfortable	1	74503	legacy	never	42	10000	5000	10000	5000	13568.72	13369.409	940976	0.2190	349790	2530000	62.23	no	NA	NA	NA	74503	0.96	no	0:48.05	2847336	0	comfortable/SRR24489322/legacy.never.s42
SRR24489322	OXFORD_NANOPORE	4296919	comfortable	1	74503	legacy	never	4556	10000	5000	10000	5000	13376.308	13663.935	879767	0.2047	341970	2210000	62.47	no	NA	NA	NA	74503	0.74	no	0:50.08	2884780	0	comfortable/SRR24489322/legacy.never.s4556
SRR24489322	OXFORD_NANOPORE	4296919	comfortable	1	74503	1to1	auto	7	7500	7500	7500	7500	12955.607	12893.523	1763655	0.4104	601980	5260000	44.77	yes	20.00	26	55470	74503	1.12	no	0:39.82	1781596	0	comfortable/SRR24489322/1to1.auto.s7
SRR24489322	OXFORD_NANOPORE	4296919	comfortable	1	74503	1to1	auto	42	7500	7500	7500	7500	13328.054	12994.875	1730372	0.4027	618080	5220000	45.60	yes	20.00	26	55312	74503	1.29	no	0:37.72	1653324	0	comfortable/SRR24489322/1to1.auto.s42
SRR24489322	OXFORD_NANOPORE	4296919	comfortable	1	74503	1to1	auto	4556	7500	7500	7500	7500	12642.483	12924.877	1820580	0.4237	613890	5510000	44.28	yes	21.00	26	55406	74503	1.24	no	0:37.68	1645976	0	comfortable/SRR24489322/1to1.auto.s4556
SRR24489322	OXFORD_NANOPORE	4296919	comfortable	1	74503	1to1	never	7	7500	7500	7500	7500	13307.157	13369.749	938882	0.2185	344020	2290000	46.22	no	NA	NA	NA	74503	1.33	no	0:55.03	2115296	0	comfortable/SRR24489322/1to1.never.s7
SRR24489322	OXFORD_NANOPORE	4296919	comfortable	1	74503	1to1	never	42	7500	7500	7500	7500	13548.98	13455.586	949987	0.2211	334340	2640000	46.79	no	NA	NA	NA	74503	1.13	no	0:55.26	2095880	0	comfortable/SRR24489322/1to1.never.s42
SRR24489322	OXFORD_NANOPORE	4296919	comfortable	1	74503	1to1	never	4556	7500	7500	7500	7500	13342.371	13601.995	887910	0.2066	329350	2300000	46.68	no	NA	NA	NA	74503	0.91	no	0:56.95	2267288	0	comfortable/SRR24489322/1to1.never.s4556
SRR24489322	OXFORD_NANOPORE	4296919	comfortable	1	74503	2to1	auto	7	10000	5000	10000	5000	12892.883	12987.929	1776862	0.4135	603600	5260000	59.77	yes	20.00	26	55470	74503	1.14	no	0:34.05	2266396	0	comfortable/SRR24489322/2to1.auto.s7
SRR24489322	OXFORD_NANOPORE	4296919	comfortable	1	74503	2to1	auto	42	10000	5000	10000	5000	13239.927	13004.538	1711138	0.3982	626970	5150000	60.61	yes	20.00	26	55312	74503	1.24	no	0:36.07	2189568	0	comfortable/SRR24489322/2to1.auto.s42
SRR24489322	OXFORD_NANOPORE	4296919	comfortable	1	74503	2to1	auto	4556	10000	5000	10000	5000	12760.9	12829.239	1799306	0.4187	639060	5620000	59.09	yes	21.00	26	55406	74503	1.18	no	0:34.47	2091120	0	comfortable/SRR24489322/2to1.auto.s4556
SRR24489322	OXFORD_NANOPORE	4296919	comfortable	1	74503	2to1	never	7	10000	5000	10000	5000	13270.499	13474.361	947624	0.2205	354830	2260000	61.78	no	NA	NA	NA	74503	1.26	no	0:49.96	2709780	0	comfortable/SRR24489322/2to1.never.s7
SRR24489322	OXFORD_NANOPORE	4296919	comfortable	1	74503	2to1	never	42	10000	5000	10000	5000	13568.72	13369.409	940976	0.2190	349790	2530000	62.23	no	NA	NA	NA	74503	0.96	no	0:49.20	2893116	0	comfortable/SRR24489322/2to1.never.s42
SRR24489322	OXFORD_NANOPORE	4296919	comfortable	1	74503	2to1	never	4556	10000	5000	10000	5000	13376.308	13663.935	879767	0.2047	341970	2210000	62.47	no	NA	NA	NA	74503	0.74	no	0:53.18	2963756	0	comfortable/SRR24489322/2to1.never.s4556
SRR24489322	OXFORD_NANOPORE	4296919	comfortable	1	74503	4to1	auto	7	12000	3000	12000	3000	12952.149	12814.2295	1710615	0.3981	609810	5130000	71.40	yes	20.00	26	55470	74503	1.23	no	0:32.60	2494512	0	comfortable/SRR24489322/4to1.auto.s7
SRR24489322	OXFORD_NANOPORE	4296919	comfortable	1	74503	4to1	auto	42	12000	3000	12000	3000	13276.242	12702.351	1709105	0.3978	642040	4890000	71.99	yes	20.00	26	55312	74503	1.00	no	0:45.20	2412652	0	comfortable/SRR24489322/4to1.auto.s42
SRR24489322	OXFORD_NANOPORE	4296919	comfortable	1	74503	4to1	auto	4556	12000	3000	12000	3000	12773.924	12822.703	1826777	0.4251	653270	5810000	70.93	yes	21.00	26	55406	74503	1.13	no	0:31.90	2423408	0	comfortable/SRR24489322/4to1.auto.s4556
SRR24489322	OXFORD_NANOPORE	4296919	comfortable	1	74503	4to1	never	7	12000	3000	12000	3000	13219.945	13812.486	957428	0.2228	360030	2310000	74.94	no	NA	NA	NA	74503	1.37	no	0:40.61	3152528	0	comfortable/SRR24489322/4to1.never.s7
SRR24489322	OXFORD_NANOPORE	4296919	comfortable	1	74503	4to1	never	42	12000	3000	12000	3000	13513.452	13457.608	907002	0.2111	357490	2240000	74.77	no	NA	NA	NA	74503	1.03	no	0:40.01	3190880	0	comfortable/SRR24489322/4to1.never.s42
SRR24489322	OXFORD_NANOPORE	4296919	comfortable	1	74503	4to1	never	4556	12000	3000	12000	3000	13427.089	13652.555	884253	0.2058	352060	2260000	75.07	no	NA	NA	NA	74503	0.70	no	0:37.90	3240512	0	comfortable/SRR24489322/4to1.never.s4556
SRR24489322	OXFORD_NANOPORE	4296919	comfortable	1	74503	8to1	auto	7	13333	1667	13333	1667	12870.515	13356.868	1688553	0.3930	622080	5000000	80.76	yes	20.00	26	55470	74503	1.02	no	0:29.90	2740500	0	comfortable/SRR24489322/8to1.auto.s7
SRR24489322	OXFORD_NANOPORE	4296919	comfortable	1	74503	8to1	auto	42	13333	1667	13333	1667	13257.882	12390.289	1712044	0.3984	654970	4880000	78.97	yes	20.00	26	55312	74503	0.78	no	0:30.76	2979168	0	comfortable/SRR24489322/8to1.auto.s42
SRR24489322	OXFORD_NANOPORE	4296919	comfortable	1	74503	8to1	auto	4556	13333	1667	13333	1667	12721.92	13277.644	1728678	0.4023	648920	5380000	80.06	yes	21.00	26	55406	74503	1.14	no	1:03.79	2606320	0	comfortable/SRR24489322/8to1.auto.s4556
SRR24489322	OXFORD_NANOPORE	4296919	comfortable	1	74503	8to1	never	7	13333	1667	13333	1667	13365.029	13125.89	1023018	0.2381	364820	2770000	81.58	no	NA	NA	NA	74503	1.20	no	0:33.89	3320108	0	comfortable/SRR24489322/8to1.never.s7
SRR24489322	OXFORD_NANOPORE	4296919	comfortable	1	74503	8to1	never	42	13333	1667	13333	1667	13531.789	13266.289	919611	0.2140	357140	2240000	82.53	no	NA	NA	NA	74503	1.20	no	0:30.59	3272604	0	comfortable/SRR24489322/8to1.never.s42
SRR24489322	OXFORD_NANOPORE	4296919	comfortable	1	74503	8to1	never	4556	13333	1667	13333	1667	13437.169	13752.226	881880	0.2052	358040	2150000	83.75	no	NA	NA	NA	74503	0.90	no	0:33.44	3480816	0	comfortable/SRR24489322/8to1.never.s4556
SRR24489322	OXFORD_NANOPORE	4296919	comfortable	1	74503	more4to1	auto	7	20000	5000	20000	5000	12707.714	12956.068	1901186	0.4425	664190	6070000	118.53	yes	20.00	26	55325	74503	1.12	no	2:35.56	4325012	0	comfortable/SRR24489322/more4to1.auto.s7
SRR24489322	OXFORD_NANOPORE	4296919	comfortable	1	74503	more4to1	auto	42	20000	5000	20000	5000	13056.39	13225.566	1913596	0.4453	666730	6140000	121.40	yes	20.00	26	55256	74503	1.18	no	0:47.69	4433552	0	comfortable/SRR24489322/more4to1.auto.s42
SRR24489322	OXFORD_NANOPORE	4296919	comfortable	1	74503	more4to1	auto	4556	20000	5000	20000	5000	12969.138	12992.33	1868140	0.4348	673690	6100000	119.91	yes	21.00	26	55325	74503	1.26	no	0:48.66	4370424	0	comfortable/SRR24489322/more4to1.auto.s4556
SRR24489322	OXFORD_NANOPORE	4296919	comfortable	1	74503	more4to1	never	7	20000	5000	20000	5000	13436.188	13474.361	985363	0.2293	384010	2270000	124.33	no	NA	NA	NA	74503	1.14	no	1:29.13	5753596	0	comfortable/SRR24489322/more4to1.never.s7
SRR24489322	OXFORD_NANOPORE	4296919	comfortable	1	74503	more4to1	never	42	20000	5000	20000	5000	13478.549	13369.409	983091	0.2288	380130	2520000	124.04	no	NA	NA	NA	74503	0.96	no	1:26.90	5441764	0	comfortable/SRR24489322/more4to1.never.s42
SRR24489322	OXFORD_NANOPORE	4296919	comfortable	1	74503	more4to1	never	4556	20000	5000	20000	5000	13325.024	13663.935	894142	0.2081	371720	2190000	124.69	no	NA	NA	NA	74503	0.70	no	1:33.08	5475148	0	comfortable/SRR24489322/more4to1.never.s4556
SRR26465521	OXFORD_NANOPORE	2285943	starved	12	7377	legacy	auto	7	2377	5000	688	1447	8664.911	9318.114	1765237	0.7722	660150	2380000	5.35	yes	152.00	4	2135	7377	2.21	yes	0:01.80	160768	0	starved/SRR26465521/legacy.auto.s7
SRR26465521	OXFORD_NANOPORE	2285943	starved	12	7377	legacy	auto	42	2377	5000	679	1427	8788.046	9304.419	1812468	0.7929	691930	2290000	5.31	yes	143.00	4	2106	7377	2.31	yes	0:02.32	162244	0	starved/SRR26465521/legacy.auto.s42
SRR26465521	OXFORD_NANOPORE	2285943	starved	12	7377	legacy	auto	4556	2377	5000	679	1426	9190.713	9006.987	1853504	0.8108	629980	2320000	5.35	yes	155.00	4	2105	7377	1.40	yes	0:01.87	162764	0	starved/SRR26465521/legacy.auto.s4556
SRR26465521	OXFORD_NANOPORE	2285943	starved	12	7377	legacy	never	7	2377	5000	2377	5000	5947.266	6165.8374	41831	0.0183	31620	42050	12.39	no	NA	NA	NA	7377	0.78	no	3:31.14	841908	0	starved/SRR26465521/legacy.never.s7
SRR26465521	OXFORD_NANOPORE	2285943	starved	12	7377	legacy	never	42	2377	5000	2377	5000	6221.961	6035.248	42079	0.0184	32810	42310	12.54	no	NA	NA	NA	7377	1.02	no	3:30.30	650808	0	starved/SRR26465521/legacy.never.s42
SRR26465521	OXFORD_NANOPORE	2285943	starved	12	7377	legacy	never	4556	2377	5000	2377	5000	6003.0063	6139.339	40611	0.0178	33350	40840	12.42	no	NA	NA	NA	7377	0.72	no	3:28.34	815172	0	starved/SRR26465521/legacy.never.s4556
SRR26465521	OXFORD_NANOPORE	2285943	starved	12	7377	1to1	auto	7	3688	3689	1068	1067	8878.765	9336.691	1879142	0.8220	629210	2420000	8.42	yes	152.00	4	2135	7377	0.75	yes	0:02.07	212860	0	starved/SRR26465521/1to1.auto.s7
SRR26465521	OXFORD_NANOPORE	2285943	starved	12	7377	1to1	auto	42	3688	3689	1053	1053	8875.613	9400.255	1899490	0.8309	682640	2360000	8.33	yes	143.00	4	2106	7377	1.04	yes	0:01.97	212488	0	starved/SRR26465521/1to1.auto.s42
SRR26465521	OXFORD_NANOPORE	2285943	starved	12	7377	1to1	auto	4556	3688	3689	1053	1052	9050.577	9081.939	1992423	0.8716	666340	2400000	8.26	yes	155.00	4	2105	7377	0.57	yes	0:02.20	196364	0	starved/SRR26465521/1to1.auto.s4556
SRR26465521	OXFORD_NANOPORE	2285943	starved	12	7377	1to1	never	7	3688	3689	3688	3689	6009.1245	6181.672	41279	0.0181	32630	41490	19.35	no	NA	NA	NA	7377	0.35	no	3:40.36	1147948	0	starved/SRR26465521/1to1.never.s7
SRR26465521	OXFORD_NANOPORE	2285943	starved	12	7377	1to1	never	42	3688	3689	3688	3689	6085.015	6105.8022	41244	0.0180	32150	41460	19.35	no	NA	NA	NA	7377	0.62	no	3:41.18	947272	0	starved/SRR26465521/1to1.never.s42
SRR26465521	OXFORD_NANOPORE	2285943	starved	12	7377	1to1	never	4556	3688	3689	3688	3689	6127.4478	6063.381	41908	0.0183	33460	42140	19.35	no	NA	NA	NA	7377	0.38	no	3:37.45	846804	0	starved/SRR26465521/1to1.never.s4556
SRR26465521	OXFORD_NANOPORE	2285943	starved	12	7377	2to1	auto	7	4918	2459	1424	711	9063.792	9195.402	1950900	0.8534	666850	2410000	11.25	yes	152.00	4	2135	7377	0.70	yes	0:02.07	256060	0	starved/SRR26465521/2to1.auto.s7
SRR26465521	OXFORD_NANOPORE	2285943	starved	12	7377	2to1	auto	42	4918	2459	1404	702	8958.662	9496.479	1995935	0.8731	667880	2380000	11.21	yes	143.00	4	2106	7377	0.57	yes	0:01.95	266132	0	starved/SRR26465521/2to1.auto.s42
SRR26465521	OXFORD_NANOPORE	2285943	starved	12	7377	2to1	auto	4556	4918	2459	1404	701	8870.157	9458.997	1961288	0.8580	657890	2360000	11.14	yes	155.00	4	2105	7377	0.43	yes	0:01.92	260816	0	starved/SRR26465521/2to1.auto.s4556
SRR26465521	OXFORD_NANOPORE	2285943	starved	12	7377	2to1	never	7	4918	2459	4918	2459	5991.782	6302.666	40799	0.0178	32570	41020	26.02	no	NA	NA	NA	7377	0.20	no	3:04.32	1325464	0	starved/SRR26465521/2to1.never.s7
SRR26465521	OXFORD_NANOPORE	2285943	starved	12	7377	2to1	never	42	4918	2459	4918	2459	6022.347	6241.5356	41190	0.0180	32200	41400	25.96	no	NA	NA	NA	7377	0.37	no	3:01.81	998120	0	starved/SRR26465521/2to1.never.s42
SRR26465521	OXFORD_NANOPORE	2285943	starved	12	7377	2to1	never	4556	4918	2459	4918	2459	6120.9077	6044.415	41483	0.0181	33370	41740	25.74	no	NA	NA	NA	7377	0.28	no	3:04.06	1177352	0	starved/SRR26465521/2to1.never.s4556
SRR26465521	OXFORD_NANOPORE	2285943	starved	12	7377	4to1	auto	7	5901	1476	1708	427	8970.271	9657.019	1874884	0.8202	670480	2350000	13.77	yes	152.00	4	2135	7377	0.70	yes	0:01.79	302112	0	starved/SRR26465521/4to1.auto.s7
SRR26465521	OXFORD_NANOPORE	2285943	starved	12	7377	4to1	auto	42	5901	1476	1685	421	9016.742	9622.99	2032831	0.8893	735160	2450000	13.59	yes	143.00	4	2106	7377	0.71	yes	0:01.74	299780	0	starved/SRR26465521/4to1.auto.s42
SRR26465521	OXFORD_NANOPORE	2285943	starved	12	7377	4to1	auto	4556	5901	1476	1684	421	8936.811	9584.012	1929620	0.8441	681870	2290000	13.50	yes	155.00	4	2105	7377	0.0	yes	0:01.75	298100	0	starved/SRR26465521/4to1.auto.s4556
SRR26465521	OXFORD_NANOPORE	2285943	starved	12	7377	4to1	never	7	5901	1476	5901	1476	6085.3335	6135.696	41076	0.0180	32840	41320	31.03	no	NA	NA	NA	7377	0.20	no	2:05.26	1401152	0	starved/SRR26465521/4to1.never.s7
SRR26465521	OXFORD_NANOPORE	2285943	starved	12	7377	4to1	never	42	5901	1476	5901	1476	6022.847	6385.5156	41704	0.0182	32340	41920	31.52	no	NA	NA	NA	7377	0.27	no	2:06.53	1065744	0	starved/SRR26465521/4to1.never.s42
SRR26465521	OXFORD_NANOPORE	2285943	starved	12	7377	4to1	never	4556	5901	1476	5901	1476	6078.2676	6163.9463	41726	0.0183	32940	41940	31.09	no	NA	NA	NA	7377	0.34	no	2:08.75	958700	0	starved/SRR26465521/4to1.never.s4556
SRR26465521	OXFORD_NANOPORE	2285943	starved	12	7377	8to1	auto	7	6557	820	1898	237	9062.707	9467.3125	1850551	0.8095	662980	2320000	15.22	yes	152.00	4	2135	7377	1.27	yes	0:01.53	317024	0	starved/SRR26465521/8to1.auto.s7
SRR26465521	OXFORD_NANOPORE	2285943	starved	12	7377	8to1	auto	42	6557	820	1872	234	9074.3	9647.004	2094504	0.9163	755580	2510000	15.17	yes	143.00	4	2106	7377	0.43	yes	0:01.55	318232	0	starved/SRR26465521/8to1.auto.s42
SRR26465521	OXFORD_NANOPORE	2285943	starved	12	7377	8to1	auto	4556	6557	820	1872	233	8976.394	9788.197	1889178	0.8264	675590	2200000	15.20	yes	155.00	4	2105	7377	0.0	yes	0:01.53	309588	0	starved/SRR26465521/8to1.auto.s4556
SRR26465521	OXFORD_NANOPORE	2285943	starved	12	7377	8to1	never	7	6557	820	6557	820	6096.8706	6083.733	41330	0.0181	32700	41610	34.37	no	NA	NA	NA	7377	0.12	no	1:12.33	1173052	0	starved/SRR26465521/8to1.never.s7
SRR26465521	OXFORD_NANOPORE	2285943	starved	12	7377	8to1	never	42	6557	820	6557	820	6062.743	6356.622	41873	0.0183	32670	42150	35.05	no	NA	NA	NA	7377	0.12	no	1:17.81	1103816	0	starved/SRR26465521/8to1.never.s42
SRR26465521	OXFORD_NANOPORE	2285943	starved	12	7377	8to1	never	4556	6557	820	6557	820	6094.9727	6098.905	41740	0.0183	32900	41960	34.41	no	NA	NA	NA	7377	0.49	no	1:17.75	1010916	0	starved/SRR26465521/8to1.never.s4556
SRR26465521	OXFORD_NANOPORE	2285943	marginal	6	14754	legacy	auto	7	9754	5000	2806	1437	9219.697	8750.202	2095242	0.9166	781380	2430000	21.81	yes	153.00	8	4243	14754	0.21	yes	0:05.43	463156	0	marginal/SRR26465521/legacy.auto.s7
SRR26465521	OXFORD_NANOPORE	2285943	marginal	6	14754	legacy	auto	42	9754	5000	2816	1443	8960.381	8860.658	2027563	0.8870	678220	2430000	21.71	yes	177.00	8	4259	14754	0.55	yes	0:05.95	458836	0	marginal/SRR26465521/legacy.auto.s42
SRR26465521	OXFORD_NANOPORE	2285943	marginal	6	14754	legacy	auto	4556	9754	5000	2813	1441	9178.949	8602.344	2062983	0.9025	714320	2430000	21.64	yes	153.00	8	4254	14754	0.42	yes	0:06.01	450484	0	marginal/SRR26465521/legacy.auto.s4556
SRR26465521	OXFORD_NANOPORE	2285943	marginal	6	14754	legacy	never	7	9754	5000	9754	5000	6092.5127	5956.773	42150	0.0184	32510	42380	50.56	no	NA	NA	NA	14754	0.24	no	10:33.45	2164792	0	marginal/SRR26465521/legacy.never.s7
SRR26465521	OXFORD_NANOPORE	2285943	marginal	6	14754	legacy	never	42	9754	5000	9754	5000	6044.868	6049.7173	41715	0.0182	32190	41920	50.76	no	NA	NA	NA	14754	0.38	no	10:52.70	2111244	0	marginal/SRR26465521/legacy.never.s42
SRR26465521	OXFORD_NANOPORE	2285943	marginal	6	14754	legacy	never	4556	9754	5000	9754	5000	6049.783	6040.129	41599	0.0182	32310	41820	50.74	no	NA	NA	NA	14754	0.30	no	10:38.31	2078448	0	marginal/SRR26465521/legacy.never.s4556
SRR26465521	OXFORD_NANOPORE	2285943	marginal	6	14754	1to1	auto	7	7377	7377	2122	2121	9239.62	8881.677	2062202	0.9021	726230	2400000	16.64	yes	153.00	8	4243	14754	0.33	yes	0:05.91	340604	0	marginal/SRR26465521/1to1.auto.s7
SRR26465521	OXFORD_NANOPORE	2285943	marginal	6	14754	1to1	auto	42	7377	7377	2130	2129	8799.639	9053.608	2006594	0.8778	654990	2410000	16.45	yes	177.00	8	4259	14754	0.66	yes	0:07.21	360220	0	marginal/SRR26465521/1to1.auto.s42
SRR26465521	OXFORD_NANOPORE	2285943	marginal	6	14754	1to1	auto	4556	7377	7377	2127	2127	9102.893	8864.368	2069503	0.9053	659720	2460000	16.53	yes	153.00	8	4254	14754	0.42	yes	0:05.74	367080	0	marginal/SRR26465521/1to1.auto.s4556
SRR26465521	OXFORD_NANOPORE	2285943	marginal	6	14754	1to1	never	7	7377	7377	7377	7377	6057.2773	6035.7456	41119	0.0180	32520	41360	38.38	no	NA	NA	NA	14754	0.23	no	12:01.81	2019944	0	marginal/SRR26465521/1to1.never.s7
SRR26465521	OXFORD_NANOPORE	2285943	marginal	6	14754	1to1	never	42	7377	7377	7377	7377	6068.1284	6024.8945	41508	0.0182	32440	41720	38.38	no	NA	NA	NA	14754	0.31	no	11:44.94	2150852	0	marginal/SRR26465521/1to1.never.s42
SRR26465521	OXFORD_NANOPORE	2285943	marginal	6	14754	1to1	never	4556	7377	7377	7377	7377	6096.8687	5996.1543	42235	0.0185	32200	42450	38.38	no	NA	NA	NA	14754	0.27	no	11:49.57	2098848	0	marginal/SRR26465521/1to1.never.s4556
SRR26465521	OXFORD_NANOPORE	2285943	marginal	6	14754	2to1	auto	7	9836	4918	2829	1414	9248.872	8684.195	2096813	0.9173	783290	2430000	21.95	yes	153.00	8	4243	14754	0.21	yes	0:05.53	486292	0	marginal/SRR26465521/2to1.auto.s7
SRR26465521	OXFORD_NANOPORE	2285943	marginal	6	14754	2to1	auto	42	9836	4918	2840	1419	8940.986	8897.787	2023660	0.8853	681320	2430000	21.92	yes	177.00	8	4259	14754	0.49	yes	0:05.09	470512	0	marginal/SRR26465521/2to1.auto.s42
SRR26465521	OXFORD_NANOPORE	2285943	marginal	6	14754	2to1	auto	4556	9836	4918	2836	1418	9168.974	8612.945	2057772	0.9002	708690	2410000	21.81	yes	153.00	8	4254	14754	0.35	yes	0:05.03	461588	0	marginal/SRR26465521/2to1.auto.s4556
SRR26465521	OXFORD_NANOPORE	2285943	marginal	6	14754	2to1	never	7	9836	4918	9836	4918	6091.208	5957.119	42248	0.0185	32450	42470	50.99	no	NA	NA	NA	14754	0.24	no	9:31.30	2080524	0	marginal/SRR26465521/2to1.never.s7
SRR26465521	OXFORD_NANOPORE	2285943	marginal	6	14754	2to1	never	42	9836	4918	9836	4918	6050.872	6037.79	41736	0.0183	32210	41940	51.16	no	NA	NA	NA	14754	0.39	no	9:31.15	2273644	0	marginal/SRR26465521/2to1.never.s42
SRR26465521	OXFORD_NANOPORE	2285943	marginal	6	14754	2to1	never	4556	9836	4918	9836	4918	6042.8096	6053.9146	41555	0.0182	32300	41770	51.19	no	NA	NA	NA	14754	0.26	no	9:37.70	2144620	0	marginal/SRR26465521/2to1.never.s4556
SRR26465521	OXFORD_NANOPORE	2285943	marginal	6	14754	4to1	auto	7	11803	2951	3395	848	9130.895	8779.625	2083374	0.9114	807290	2370000	26.30	yes	153.00	8	4243	14754	0.24	yes	0:06.29	575704	0	marginal/SRR26465521/4to1.auto.s7
SRR26465521	OXFORD_NANOPORE	2285943	marginal	6	14754	4to1	auto	42	11803	2951	3408	851	9011.792	8585.4	2089736	0.9142	734080	2390000	25.94	yes	177.00	8	4259	14754	0.47	yes	0:04.33	519872	0	marginal/SRR26465521/4to1.auto.s42
SRR26465521	OXFORD_NANOPORE	2285943	marginal	6	14754	4to1	auto	4556	11803	2951	3404	850	9045.201	8737.059	2201432	0.9630	774830	2450000	26.18	yes	153.00	8	4254	14754	0.35	yes	0:04.49	520844	0	marginal/SRR26465521/4to1.auto.s4556
SRR26465521	OXFORD_NANOPORE	2285943	marginal	6	14754	4to1	never	7	11803	2951	11803	2951	6070.425	5950.865	41859	0.0183	32460	42090	61.04	no	NA	NA	NA	14754	0.27	no	6:22.58	2486744	0	marginal/SRR26465521/4to1.never.s7
SRR26465521	OXFORD_NANOPORE	2285943	marginal	6	14754	4to1	never	42	11803	2951	11803	2951	6031.397	6106.966	41599	0.0182	32410	41820	61.65	no	NA	NA	NA	14754	0.37	no	6:49.31	2697844	0	marginal/SRR26465521/4to1.never.s42
SRR26465521	OXFORD_NANOPORE	2285943	marginal	6	14754	4to1	never	4556	11803	2951	11803	2951	6041.558	6066.322	41779	0.0183	32340	41990	61.49	no	NA	NA	NA	14754	0.41	no	6:20.96	2327720	0	marginal/SRR26465521/4to1.never.s4556
SRR26465521	OXFORD_NANOPORE	2285943	marginal	6	14754	8to1	auto	7	13114	1640	3772	471	9037.485	9246.524	2103208	0.9201	789920	2380000	29.84	yes	153.00	8	4243	14754	0.42	yes	0:03.60	584728	0	marginal/SRR26465521/8to1.auto.s7
SRR26465521	OXFORD_NANOPORE	2285943	marginal	6	14754	8to1	auto	42	13114	1640	3786	473	9013.429	8231.546	2184853	0.9558	727320	2480000	28.23	yes	177.00	8	4259	14754	0.63	yes	0:03.33	573484	0	marginal/SRR26465521/8to1.auto.s42
SRR26465521	OXFORD_NANOPORE	2285943	marginal	6	14754	8to1	auto	4556	13114	1640	3782	472	8963.855	9142.085	2187100	0.9568	767420	2480000	29.63	yes	153.00	8	4254	14754	0.0	yes	0:03.53	567232	0	marginal/SRR26465521/8to1.auto.s4556
SRR26465521	OXFORD_NANOPORE	2285943	marginal	6	14754	8to1	never	7	13114	1640	13114	1640	6079.103	5785.894	41784	0.0183	32590	42010	66.93	no	NA	NA	NA	14754	0.30	no	3:36.83	2583264	0	marginal/SRR26465521/8to1.never.s7
SRR26465521	OXFORD_NANOPORE	2285943	marginal	6	14754	8to1	never	42	13114	1640	13114	1640	6050.861	6011.732	41352	0.0181	32630	41620	68.06	no	NA	NA	NA	14754	0.30	no	3:37.40	2732620	0	marginal/SRR26465521/8to1.never.s42
SRR26465521	OXFORD_NANOPORE	2285943	marginal	6	14754	8to1	never	4556	13114	1640	13114	1640	6057.4844	5958.7705	41960	0.0184	32430	42150	67.79	no	NA	NA	NA	14754	0.43	no	3:40.04	2417156	0	marginal/SRR26465521/8to1.never.s4556
SRR26465521	OXFORD_NANOPORE	2285943	comfortable	1	88519	legacy	auto	7	10000	5000	10000	5000	9247.157	9269.338	2170031	0.9493	977150	2380000	80.13	yes	249.00	36	24194	88519	0.42	no	0:33.27	1593784	0	comfortable/SRR26465521/legacy.auto.s7
SRR26465521	OXFORD_NANOPORE	2285943	comfortable	1	88519	legacy	auto	42	10000	5000	10000	5000	9180.502	9382.79	2162445	0.9460	938850	2340000	80.34	yes	242.00	37	24486	88519	0.32	no	0:31.47	1576072	0	comfortable/SRR26465521/legacy.auto.s42
SRR26465521	OXFORD_NANOPORE	2285943	comfortable	1	88519	legacy	auto	4556	10000	5000	10000	5000	9309.773	9039.838	2237900	0.9790	999350	2400000	79.40	yes	252.00	34	23571	88519	0.46	no	0:30.81	1522152	0	comfortable/SRR26465521/legacy.auto.s4556
SRR26465521	OXFORD_NANOPORE	2285943	comfortable	1	88519	legacy	never	7	10000	5000	10000	5000	6079.946	6045.623	42555	0.0186	32050	42780	52.17	no	NA	NA	NA	88519	0.16	no	5:18.04	3271668	0	comfortable/SRR26465521/legacy.never.s7
SRR26465521	OXFORD_NANOPORE	2285943	comfortable	1	88519	legacy	never	42	10000	5000	10000	5000	6111.8564	6103.532	42637	0.0187	32160	42860	52.57	no	NA	NA	NA	88519	0.30	no	5:18.62	3152136	0	comfortable/SRR26465521/legacy.never.s42
SRR26465521	OXFORD_NANOPORE	2285943	comfortable	1	88519	legacy	never	4556	10000	5000	10000	5000	6061.827	6094.5796	42314	0.0185	32430	42530	52.31	no	NA	NA	NA	88519	0.24	no	5:07.32	3410284	0	comfortable/SRR26465521/legacy.never.s4556
SRR26465521	OXFORD_NANOPORE	2285943	comfortable	1	88519	1to1	auto	7	7500	7500	7500	7500	9287.817	9221.283	2142115	0.9371	973330	2350000	60.07	yes	249.00	36	24194	88519	0.36	no	0:35.50	1322184	0	comfortable/SRR26465521/1to1.auto.s7
SRR26465521	OXFORD_NANOPORE	2285943	comfortable	1	88519	1to1	auto	42	7500	7500	7500	7500	9118.902	9376.959	2134994	0.9340	895110	2350000	60.03	yes	242.00	37	24486	88519	0.36	no	0:51.48	1386656	0	comfortable/SRR26465521/1to1.auto.s42
SRR26465521	OXFORD_NANOPORE	2285943	comfortable	1	88519	1to1	auto	4556	7500	7500	7500	7500	9386.821	9052.768	2217627	0.9701	971860	2400000	59.85	yes	252.00	34	23571	88519	0.41	no	0:33.49	1343456	0	comfortable/SRR26465521/1to1.auto.s4556
SRR26465521	OXFORD_NANOPORE	2285943	comfortable	1	88519	1to1	never	7	7500	7500	7500	7500	6057.039	6079.97	42590	0.0186	31920	42820	39.17	no	NA	NA	NA	88519	0.24	no	8:30.14	3232340	0	comfortable/SRR26465521/1to1.never.s7
SRR26465521	OXFORD_NANOPORE	2285943	comfortable	1	88519	1to1	never	42	7500	7500	7500	7500	6101.8887	6116.275	42372	0.0185	32250	42600	39.43	no	NA	NA	NA	88519	0.31	no	6:32.02	3081924	0	comfortable/SRR26465521/1to1.never.s42
SRR26465521	OXFORD_NANOPORE	2285943	comfortable	1	88519	1to1	never	4556	7500	7500	7500	7500	6088.767	6056.722	43063	0.0188	32370	43280	39.20	no	NA	NA	NA	88519	0.25	no	6:20.21	2955876	0	comfortable/SRR26465521/1to1.never.s4556
SRR26465521	OXFORD_NANOPORE	2285943	comfortable	1	88519	2to1	auto	7	10000	5000	10000	5000	9247.157	9269.338	2170031	0.9493	977150	2380000	80.13	yes	249.00	36	24194	88519	0.42	no	0:30.92	1537756	0	comfortable/SRR26465521/2to1.auto.s7
SRR26465521	OXFORD_NANOPORE	2285943	comfortable	1	88519	2to1	auto	42	10000	5000	10000	5000	9180.502	9382.79	2162445	0.9460	938850	2340000	80.34	yes	242.00	37	24486	88519	0.32	no	0:51.79	1707676	0	comfortable/SRR26465521/2to1.auto.s42
SRR26465521	OXFORD_NANOPORE	2285943	comfortable	1	88519	2to1	auto	4556	10000	5000	10000	5000	9309.773	9039.838	2237900	0.9790	999350	2400000	79.40	yes	252.00	34	23571	88519	0.46	no	0:31.64	1625020	0	comfortable/SRR26465521/2to1.auto.s4556
SRR26465521	OXFORD_NANOPORE	2285943	comfortable	1	88519	2to1	never	7	10000	5000	10000	5000	6079.946	6045.623	42555	0.0186	32050	42780	52.17	no	NA	NA	NA	88519	0.16	no	5:47.70	3253136	0	comfortable/SRR26465521/2to1.never.s7
SRR26465521	OXFORD_NANOPORE	2285943	comfortable	1	88519	2to1	never	42	10000	5000	10000	5000	6111.8564	6103.532	42637	0.0187	32160	42860	52.57	no	NA	NA	NA	88519	0.30	no	8:18.02	3113352	0	comfortable/SRR26465521/2to1.never.s42
SRR26465521	OXFORD_NANOPORE	2285943	comfortable	1	88519	2to1	never	4556	10000	5000	10000	5000	6061.827	6094.5796	42314	0.0185	32430	42530	52.31	no	NA	NA	NA	88519	0.24	no	7:11.84	3093416	0	comfortable/SRR26465521/2to1.never.s4556
SRR26465521	OXFORD_NANOPORE	2285943	comfortable	1	88519	4to1	auto	7	12000	3000	12000	3000	9275.537	9170.606	2188971	0.9576	1020000	2380000	95.79	yes	249.00	36	24194	88519	0.33	no	0:26.11	1876476	0	comfortable/SRR26465521/4to1.auto.s7
SRR26465521	OXFORD_NANOPORE	2285943	comfortable	1	88519	4to1	auto	42	12000	3000	12000	3000	9243.201	9266.848	2161932	0.9458	996020	2340000	96.12	yes	242.00	37	24486	88519	0.33	no	0:26.94	1891200	0	comfortable/SRR26465521/4to1.auto.s42
SRR26465521	OXFORD_NANOPORE	2285943	comfortable	1	88519	4to1	auto	4556	12000	3000	12000	3000	9340.031	8738.849	2241976	0.9808	1030000	2400000	93.86	yes	252.00	34	23571	88519	0.40	no	0:26.60	1948708	0	comfortable/SRR26465521/4to1.auto.s4556
SRR26465521	OXFORD_NANOPORE	2285943	comfortable	1	88519	4to1	never	7	12000	3000	12000	3000	6111.628	5896.011	42922	0.0188	32100	43140	61.99	no	NA	NA	NA	88519	0.23	no	3:27.28	3437340	0	comfortable/SRR26465521/4to1.never.s7
SRR26465521	OXFORD_NANOPORE	2285943	comfortable	1	88519	4to1	never	42	12000	3000	12000	3000	6101.7065	6138.5825	42420	0.0186	32190	42660	63.21	no	NA	NA	NA	88519	0.30	no	3:29.81	3752936	0	comfortable/SRR26465521/4to1.never.s42
SRR26465521	OXFORD_NANOPORE	2285943	comfortable	1	88519	4to1	never	4556	12000	3000	12000	3000	6076.0693	6059.447	41862	0.0183	32550	42090	62.66	no	NA	NA	NA	88519	0.30	no	3:26.92	3802292	0	comfortable/SRR26465521/4to1.never.s4556
SRR26465521	OXFORD_NANOPORE	2285943	comfortable	1	88519	8to1	auto	7	13333	1667	13333	1667	9271.906	9115.736	2194040	0.9598	1060000	2380000	106.09	yes	249.00	36	24194	88519	0.30	no	0:31.97	2041468	0	comfortable/SRR26465521/8to1.auto.s7
SRR26465521	OXFORD_NANOPORE	2285943	comfortable	1	88519	8to1	auto	42	13333	1667	13333	1667	9279.225	8997.637	2176943	0.9523	1000000	2350000	105.44	yes	242.00	37	24486	88519	0.36	no	0:32.07	2125176	0	comfortable/SRR26465521/8to1.auto.s42
SRR26465521	OXFORD_NANOPORE	2285943	comfortable	1	88519	8to1	auto	4556	13333	1667	13333	1667	9293.651	8629.078	2240709	0.9802	1020000	2380000	103.38	yes	252.00	34	23571	88519	0.30	no	0:28.05	2053680	0	comfortable/SRR26465521/8to1.auto.s4556
SRR26465521	OXFORD_NANOPORE	2285943	comfortable	1	88519	8to1	never	7	13333	1667	13333	1667	6106.011	5768.519	42834	0.0187	32170	43050	68.10	no	NA	NA	NA	88519	0.36	no	2:07.14	3990508	0	comfortable/SRR26465521/8to1.never.s7
SRR26465521	OXFORD_NANOPORE	2285943	comfortable	1	88519	8to1	never	42	13333	1667	13333	1667	6133.469	5914.0244	42429	0.0186	32380	42690	69.11	no	NA	NA	NA	88519	0.42	no	2:19.14	3805476	0	comfortable/SRR26465521/8to1.never.s42
SRR26465521	OXFORD_NANOPORE	2285943	comfortable	1	88519	8to1	never	4556	13333	1667	13333	1667	6079.168	6021.3726	42062	0.0184	32580	42270	69.42	no	NA	NA	NA	88519	0.42	no	3:33.81	4150648	0	comfortable/SRR26465521/8to1.never.s4556
SRR26465521	OXFORD_NANOPORE	2285943	comfortable	1	88519	more4to1	auto	7	20000	5000	19341	4835	9203.486	9256.119	2218375	0.9704	1240000	2350000	154.50	yes	249.00	36	24176	88519	0.37	yes	0:47.17	3046820	0	comfortable/SRR26465521/more4to1.auto.s7
SRR26465521	OXFORD_NANOPORE	2285943	comfortable	1	88519	more4to1	auto	42	20000	5000	19577	4894	9239.121	9140.265	2210078	0.9668	1240000	2350000	155.70	yes	242.00	37	24471	88519	0.41	yes	1:14.10	3209320	0	comfortable/SRR26465521/more4to1.auto.s42
SRR26465521	OXFORD_NANOPORE	2285943	comfortable	1	88519	more4to1	auto	4556	20000	5000	18812	4703	9137.103	9318.372	2238695	0.9793	1230000	2370000	150.24	yes	252.00	34	23515	88519	0.26	yes	1:10.31	3175464	0	comfortable/SRR26465521/more4to1.auto.s4556
SRR26465521	OXFORD_NANOPORE	2285943	comfortable	1	88519	more4to1	never	7	20000	5000	20000	5000	6093.484	6045.623	42302	0.0185	33850	42490	104.47	no	NA	NA	NA	88519	0.52	no	6:01.09	5195676	0	comfortable/SRR26465521/more4to1.never.s7
SRR26465521	OXFORD_NANOPORE	2285943	comfortable	1	88519	more4to1	never	42	20000	5000	20000	5000	6113.2393	6103.532	42543	0.0186	33840	42730	105.14	no	NA	NA	NA	88519	0.78	no	6:38.96	5103960	0	comfortable/SRR26465521/more4to1.never.s42
SRR26465521	OXFORD_NANOPORE	2285943	comfortable	1	88519	more4to1	never	4556	20000	5000	20000	5000	6102.046	6094.5796	42270	0.0185	34180	42450	104.97	no	NA	NA	NA	88519	0.84	no	6:53.77	5127620	0	comfortable/SRR26465521/more4to1.never.s4556
SRR26465523	OXFORD_NANOPORE	2235838	starved	8	7943	legacy	auto	7	2943	5000	1344	2282	6631.596	6538.4434	1964424	0.8786	758520	2400000	7.80	yes	111.00	5	3626	7943	1.23	yes	0:02.45	207136	0	starved/SRR26465523/legacy.auto.s7
SRR26465523	OXFORD_NANOPORE	2235838	starved	8	7943	legacy	auto	42	2943	5000	1338	2273	6529.666	6762.7813	2013118	0.9004	780150	2470000	7.84	yes	116.00	5	3611	7943	1.50	yes	0:02.52	203548	0	starved/SRR26465523/legacy.auto.s42
SRR26465523	OXFORD_NANOPORE	2235838	starved	8	7943	legacy	auto	4556	2943	5000	1345	2283	6633.128	6757.508	2050904	0.9173	749320	2430000	7.94	yes	112.00	5	3628	7943	1.62	yes	0:02.71	217496	0	starved/SRR26465523/legacy.auto.s4556
SRR26465523	OXFORD_NANOPORE	2235838	starved	8	7943	legacy	never	7	2943	5000	2943	5000	5534.188	5549.777	62035	0.0277	35650	1830000	14.33	no	NA	NA	NA	7943	0.84	no	2:19.44	829056	0	starved/SRR26465523/legacy.never.s7
SRR26465523	OXFORD_NANOPORE	2235838	starved	8	7943	legacy	never	42	2943	5000	2943	5000	5504.6704	5567.151	58295	0.0261	36600	1970000	14.31	no	NA	NA	NA	7943	0.56	no	2:18.76	770084	0	starved/SRR26465523/legacy.never.s42
SRR26465523	OXFORD_NANOPORE	2235838	starved	8	7943	legacy	never	4556	2943	5000	2943	5000	5412.8506	5621.196	60804	0.0272	36230	2070000	14.26	no	NA	NA	NA	7943	0.82	no	2:18.70	719892	0	starved/SRR26465523/legacy.never.s4556
SRR26465523	OXFORD_NANOPORE	2235838	starved	8	7943	1to1	auto	7	3971	3972	1813	1813	6620.315	6525.627	2013823	0.9007	746950	2410000	10.50	yes	111.00	5	3626	7943	0.99	yes	0:03.07	250708	0	starved/SRR26465523/1to1.auto.s7
SRR26465523	OXFORD_NANOPORE	2235838	starved	8	7943	1to1	auto	42	3971	3972	1806	1805	6494.263	6858.646	2068428	0.9251	816220	2470000	10.63	yes	116.00	5	3611	7943	0.83	yes	0:02.90	250176	0	starved/SRR26465523/1to1.auto.s42
SRR26465523	OXFORD_NANOPORE	2235838	starved	8	7943	1to1	auto	4556	3971	3972	1814	1814	6703.006	6719.787	2065456	0.9238	754530	2450000	10.73	yes	112.00	5	3628	7943	0.94	yes	0:03.99	250796	0	starved/SRR26465523/1to1.auto.s4556
SRR26465523	OXFORD_NANOPORE	2235838	starved	8	7943	1to1	never	7	3971	3972	3971	3972	5511.194	5576.8	60084	0.0269	35660	2100000	19.34	no	NA	NA	NA	7943	0.55	no	2:33.76	972692	0	starved/SRR26465523/1to1.never.s7
SRR26465523	OXFORD_NANOPORE	2235838	starved	8	7943	1to1	never	42	3971	3972	3971	3972	5525.8755	5562.122	59734	0.0267	36220	2000000	19.34	no	NA	NA	NA	7943	0.55	no	2:19.46	902396	0	starved/SRR26465523/1to1.never.s42
SRR26465523	OXFORD_NANOPORE	2235838	starved	8	7943	1to1	never	4556	3971	3972	3971	3972	5481.509	5606.477	61813	0.0276	36050	2090000	19.34	no	NA	NA	NA	7943	0.55	no	2:25.74	887140	0	starved/SRR26465523/1to1.never.s4556
SRR26465523	OXFORD_NANOPORE	2235838	starved	8	7943	2to1	auto	7	5295	2648	2418	1208	6653.981	6410.817	2096353	0.9376	734850	2440000	13.91	yes	111.00	5	3626	7943	0.91	yes	0:03.01	299532	0	starved/SRR26465523/2to1.auto.s7
SRR26465523	OXFORD_NANOPORE	2235838	starved	8	7943	2to1	auto	42	5295	2648	2408	1203	6532.8037	6963.8438	2037898	0.9115	799350	2400000	14.32	yes	116.00	5	3611	7943	1.00	yes	0:03.21	298820	0	starved/SRR26465523/2to1.auto.s42
SRR26465523	OXFORD_NANOPORE	2235838	starved	8	7943	2to1	auto	4556	5295	2648	2419	1209	6627.642	6878.975	2066947	0.9245	795930	2440000	14.40	yes	112.00	5	3628	7943	0.50	yes	0:03.11	303376	0	starved/SRR26465523/2to1.auto.s4556
SRR26465523	OXFORD_NANOPORE	2235838	starved	8	7943	2to1	never	7	5295	2648	5295	2648	5546.1294	5539.744	61721	0.0276	35840	2170000	25.78	no	NA	NA	NA	7943	0.64	no	2:18.89	1113780	0	starved/SRR26465523/2to1.never.s7
SRR26465523	OXFORD_NANOPORE	2235838	starved	8	7943	2to1	never	42	5295	2648	5295	2648	5610.613	5410.8022	59863	0.0268	36980	1830000	25.63	no	NA	NA	NA	7943	0.49	no	2:03.62	1043772	0	starved/SRR26465523/2to1.never.s42
SRR26465523	OXFORD_NANOPORE	2235838	starved	8	7943	2to1	never	4556	5295	2648	5295	2648	5506.433	5619.1226	61665	0.0276	36350	1930000	25.88	no	NA	NA	NA	7943	0.45	no	2:20.14	1223584	0	starved/SRR26465523/2to1.never.s4556
SRR26465523	OXFORD_NANOPORE	2235838	starved	8	7943	4to1	auto	7	6354	1589	2901	725	6597.3677	6475.3506	2105792	0.9418	823550	2390000	16.70	yes	111.00	5	3626	7943	0.69	yes	0:02.01	317076	0	starved/SRR26465523/4to1.auto.s7
SRR26465523	OXFORD_NANOPORE	2235838	starved	8	7943	4to1	auto	42	6354	1589	2889	722	6604.612	6963.6704	2061899	0.9222	812110	2460000	17.27	yes	116.00	5	3611	7943	0.97	yes	0:02.07	323564	0	starved/SRR26465523/4to1.auto.s42
SRR26465523	OXFORD_NANOPORE	2235838	starved	8	7943	4to1	auto	4556	6354	1589	2903	725	6695.579	6774.7324	2100023	0.9393	805110	2410000	17.23	yes	112.00	5	3628	7943	0.55	yes	0:02.10	326044	0	starved/SRR26465523/4to1.auto.s4556
SRR26465523	OXFORD_NANOPORE	2235838	starved	8	7943	4to1	never	7	6354	1589	6354	1589	5577.2754	5410.945	61902	0.0277	36130	2380000	30.66	no	NA	NA	NA	7943	0.57	no	1:14.05	1222508	0	starved/SRR26465523/4to1.never.s7
SRR26465523	OXFORD_NANOPORE	2235838	starved	8	7943	4to1	never	42	6354	1589	6354	1589	5564.5815	5461.702	60396	0.0270	36500	1940000	30.77	no	NA	NA	NA	7943	0.38	no	1:13.79	1195084	0	starved/SRR26465523/4to1.never.s42
SRR26465523	OXFORD_NANOPORE	2235838	starved	8	7943	4to1	never	4556	6354	1589	6354	1589	5537.416	5570.3335	60680	0.0271	36560	1880000	31.00	no	NA	NA	NA	7943	0.50	no	1:18.07	1447464	0	starved/SRR26465523/4to1.never.s4556
SRR26465523	OXFORD_NANOPORE	2235838	starved	8	7943	8to1	auto	7	7060	883	3223	403	6563.727	6646.8984	2176390	0.9734	834840	2440000	18.76	yes	111.00	5	3626	7943	0.50	yes	0:01.72	339688	0	starved/SRR26465523/8to1.auto.s7
SRR26465523	OXFORD_NANOPORE	2235838	starved	8	7943	8to1	auto	42	7060	883	3210	401	6682.0063	6631.5586	2097418	0.9381	968410	2440000	18.83	yes	116.00	5	3611	7943	1.00	yes	0:02.42	341488	0	starved/SRR26465523/8to1.auto.s42
SRR26465523	OXFORD_NANOPORE	2235838	starved	8	7943	8to1	auto	4556	7060	883	3225	403	6715.726	6676.752	2148685	0.9610	819020	2390000	19.03	yes	112.00	5	3628	7943	0.74	yes	0:01.79	348036	0	starved/SRR26465523/8to1.auto.s4556
SRR26465523	OXFORD_NANOPORE	2235838	starved	8	7943	8to1	never	7	7060	883	7060	883	5570.035	5335.846	61598	0.0276	36080	2910000	33.81	no	NA	NA	NA	7943	0.68	no	0:42.57	1335052	0	starved/SRR26465523/8to1.never.s7
SRR26465523	OXFORD_NANOPORE	2235838	starved	8	7943	8to1	never	42	7060	883	7060	883	5533.568	5627.418	60712	0.0272	36360	2150000	34.61	no	NA	NA	NA	7943	0.57	no	0:46.68	1173444	0	starved/SRR26465523/8to1.never.s42
SRR26465523	OXFORD_NANOPORE	2235838	starved	8	7943	8to1	never	4556	7060	883	7060	883	5527.1807	5678.4883	60355	0.0270	36360	2130000	34.76	no	NA	NA	NA	7943	0.34	no	0:47.62	1546668	0	starved/SRR26465523/8to1.never.s4556
SRR26465523	OXFORD_NANOPORE	2235838	marginal	4	15885	legacy	auto	7	10885	5000	5038	2313	6652.5225	6589.29	2130492	0.9529	848820	2410000	29.39	yes	123.00	10	7351	15885	0.56	yes	0:08.25	592360	0	marginal/SRR26465523/legacy.auto.s7
SRR26465523	OXFORD_NANOPORE	2235838	marginal	4	15885	legacy	auto	42	10885	5000	4999	2295	6537.7563	6728.929	2160526	0.9663	876520	2390000	29.22	yes	118.00	10	7294	15885	0.52	yes	0:07.40	570528	0	marginal/SRR26465523/legacy.auto.s42
SRR26465523	OXFORD_NANOPORE	2235838	marginal	4	15885	legacy	auto	4556	10885	5000	5033	2311	6570.993	6672.4385	2170964	0.9710	836800	2430000	29.36	yes	103.00	10	7344	15885	0.61	yes	0:07.56	568820	0	marginal/SRR26465523/legacy.auto.s4556
SRR26465523	OXFORD_NANOPORE	2235838	marginal	4	15885	legacy	never	7	10885	5000	10885	5000	5495.6113	5594.472	60999	0.0273	36480	2060000	53.02	no	NA	NA	NA	15885	0.38	no	5:24.00	1844704	0	marginal/SRR26465523/legacy.never.s7
SRR26465523	OXFORD_NANOPORE	2235838	marginal	4	15885	legacy	never	42	10885	5000	10885	5000	5513.7207	5555.0474	60213	0.0269	36430	2110000	52.92	no	NA	NA	NA	15885	0.48	no	5:12.27	2132188	0	marginal/SRR26465523/legacy.never.s42
SRR26465523	OXFORD_NANOPORE	2235838	marginal	4	15885	legacy	never	4556	10885	5000	10885	5000	5523.6963	5533.3306	60486	0.0271	36630	2250000	52.86	no	NA	NA	NA	15885	0.26	no	5:11.36	1699240	0	marginal/SRR26465523/legacy.never.s4556
SRR26465523	OXFORD_NANOPORE	2235838	marginal	4	15885	1to1	auto	7	7942	7943	3676	3675	6648.5483	6616.699	2109584	0.9435	771900	2410000	21.48	yes	123.00	10	7351	15885	0.57	yes	0:07.98	428108	0	marginal/SRR26465523/1to1.auto.s7
SRR26465523	OXFORD_NANOPORE	2235838	marginal	4	15885	1to1	auto	42	7942	7943	3647	3647	6444.7266	6751.0874	2121667	0.9489	847490	2410000	21.20	yes	118.00	10	7294	15885	0.52	yes	0:08.37	401536	0	marginal/SRR26465523/1to1.auto.s42
SRR26465523	OXFORD_NANOPORE	2235838	marginal	4	15885	1to1	auto	4556	7942	7943	3672	3672	6547.588	6658.2437	2169520	0.9703	776890	2450000	21.36	yes	103.00	10	7344	15885	0.71	yes	0:07.94	419680	0	marginal/SRR26465523/1to1.auto.s4556
SRR26465523	OXFORD_NANOPORE	2235838	marginal	4	15885	1to1	never	7	7942	7943	7942	7943	5491.1626	5562.2905	62288	0.0279	36230	2070000	38.56	no	NA	NA	NA	15885	0.37	no	7:27.46	2079736	0	marginal/SRR26465523/1to1.never.s7
SRR26465523	OXFORD_NANOPORE	2235838	marginal	4	15885	1to1	never	42	7942	7943	7942	7943	5479.6606	5573.7915	59995	0.0268	36210	2100000	38.56	no	NA	NA	NA	15885	0.43	no	8:08.21	2011704	0	marginal/SRR26465523/1to1.never.s42
SRR26465523	OXFORD_NANOPORE	2235838	marginal	4	15885	1to1	never	4556	7942	7943	7942	7943	5551.655	5501.8057	60840	0.0272	37270	1840000	38.56	no	NA	NA	NA	15885	0.34	no	8:09.33	1904792	0	marginal/SRR26465523/1to1.never.s4556
SRR26465523	OXFORD_NANOPORE	2235838	marginal	4	15885	2to1	auto	7	10590	5295	4901	2450	6645.2163	6607.4414	2125651	0.9507	843540	2410000	28.61	yes	123.00	10	7351	15885	0.57	yes	0:07.50	550936	0	marginal/SRR26465523/2to1.auto.s7
SRR26465523	OXFORD_NANOPORE	2235838	marginal	4	15885	2to1	auto	42	10590	5295	4863	2431	6522.656	6748.4404	2159482	0.9658	866580	2390000	28.43	yes	118.00	10	7294	15885	0.53	yes	0:07.45	572212	0	marginal/SRR26465523/2to1.auto.s42
SRR26465523	OXFORD_NANOPORE	2235838	marginal	4	15885	2to1	auto	4556	10590	5295	4896	2448	6575.2207	6658.305	2174359	0.9725	841200	2420000	28.54	yes	103.00	10	7344	15885	0.61	yes	0:11.91	580268	0	marginal/SRR26465523/2to1.auto.s4556
SRR26465523	OXFORD_NANOPORE	2235838	marginal	4	15885	2to1	never	7	10590	5295	10590	5295	5492.6465	5594.893	61024	0.0273	36490	2090000	51.57	no	NA	NA	NA	15885	0.43	no	5:34.47	1836132	0	marginal/SRR26465523/2to1.never.s7
SRR26465523	OXFORD_NANOPORE	2235838	marginal	4	15885	2to1	never	42	10590	5295	10590	5295	5508.4063	5563.373	59934	0.0268	36330	2210000	51.50	no	NA	NA	NA	15885	0.47	no	5:33.19	1882700	0	marginal/SRR26465523/2to1.never.s42
SRR26465523	OXFORD_NANOPORE	2235838	marginal	4	15885	2to1	never	4556	10590	5295	10590	5295	5522.6377	5534.9116	60260	0.0270	36610	2190000	51.43	no	NA	NA	NA	15885	0.28	no	5:32.18	1658776	0	marginal/SRR26465523/2to1.never.s4556
SRR26465523	OXFORD_NANOPORE	2235838	marginal	4	15885	4to1	auto	7	12708	3177	5881	1470	6693.2095	6390.2515	2165028	0.9683	873150	2430000	33.89	yes	123.00	10	7351	15885	0.34	yes	0:06.95	615296	0	marginal/SRR26465523/4to1.auto.s7
SRR26465523	OXFORD_NANOPORE	2235838	marginal	4	15885	4to1	auto	42	12708	3177	5836	1458	6578.672	6674.9004	2168288	0.9698	923150	2380000	34.08	yes	118.00	10	7294	15885	0.48	yes	0:06.99	612660	0	marginal/SRR26465523/4to1.auto.s42
SRR26465523	OXFORD_NANOPORE	2235838	marginal	4	15885	4to1	auto	4556	12708	3177	5876	1468	6604.832	6595.2437	2149495	0.9614	854340	2390000	34.17	yes	103.00	10	7344	15885	0.54	yes	0:06.61	644508	0	marginal/SRR26465523/4to1.auto.s4556
SRR26465523	OXFORD_NANOPORE	2235838	marginal	4	15885	4to1	never	7	12708	3177	12708	3177	5489.628	5675.1313	60327	0.0270	36680	1900000	62.33	no	NA	NA	NA	15885	0.44	no	3:25.85	2108616	0	marginal/SRR26465523/4to1.never.s7
SRR26465523	OXFORD_NANOPORE	2235838	marginal	4	15885	4to1	never	42	12708	3177	12708	3177	5541.204	5468.826	61157	0.0274	36740	2090000	61.45	no	NA	NA	NA	15885	0.47	no	3:29.03	2404768	0	marginal/SRR26465523/4to1.never.s42
SRR26465523	OXFORD_NANOPORE	2235838	marginal	4	15885	4to1	never	4556	12708	3177	12708	3177	5533.698	5498.851	61015	0.0273	36760	2130000	61.58	no	NA	NA	NA	15885	0.35	no	3:23.93	1913404	0	marginal/SRR26465523/4to1.never.s4556
SRR26465523	OXFORD_NANOPORE	2235838	marginal	4	15885	8to1	auto	7	14120	1765	6535	816	6680.895	6246.064	2176856	0.9736	899720	2430000	37.20	yes	123.00	10	7351	15885	0.25	yes	0:04.99	670044	0	marginal/SRR26465523/8to1.auto.s7
SRR26465523	OXFORD_NANOPORE	2235838	marginal	4	15885	8to1	auto	42	14120	1765	6484	810	6568.8647	6830.3887	2185081	0.9773	956010	2410000	38.28	yes	118.00	10	7294	15885	0.25	yes	0:04.67	652736	0	marginal/SRR26465523/8to1.auto.s42
SRR26465523	OXFORD_NANOPORE	2235838	marginal	4	15885	8to1	auto	4556	14120	1765	6528	816	6584.5283	6750.0137	2138543	0.9565	832030	2360000	38.35	yes	103.00	10	7344	15885	0.49	yes	0:04.83	658672	0	marginal/SRR26465523/8to1.auto.s4556
SRR26465523	OXFORD_NANOPORE	2235838	marginal	4	15885	8to1	never	7	14120	1765	14120	1765	5508.4336	5673.093	60418	0.0270	36790	1980000	69.36	no	NA	NA	NA	15885	0.68	no	1:54.47	2193564	0	marginal/SRR26465523/8to1.never.s7
SRR26465523	OXFORD_NANOPORE	2235838	marginal	4	15885	8to1	never	42	14120	1765	14120	1765	5537.6904	5439.032	60977	0.0273	36980	2070000	68.06	no	NA	NA	NA	15885	0.45	no	2:21.09	2471208	0	marginal/SRR26465523/8to1.never.s42
SRR26465523	OXFORD_NANOPORE	2235838	marginal	4	15885	8to1	never	4556	14120	1765	14120	1765	5505.8276	5693.9375	60325	0.0270	36890	2220000	69.47	no	NA	NA	NA	15885	0.28	no	1:59.40	2006152	0	marginal/SRR26465523/8to1.never.s4556
SRR26465523	OXFORD_NANOPORE	2235838	comfortable	1	63538	legacy	auto	7	10000	5000	10000	5000	6615.156	6683.865	2198810	0.9834	880590	2420000	58.59	yes	123.00	43	29624	63538	0.54	no	0:29.74	1236920	0	comfortable/SRR26465523/legacy.auto.s7
SRR26465523	OXFORD_NANOPORE	2235838	comfortable	1	63538	legacy	auto	42	10000	5000	10000	5000	6617.867	6504.9473	2174824	0.9727	930090	2420000	57.80	yes	156.00	38	29399	63538	0.58	no	0:20.72	1195752	0	comfortable/SRR26465523/legacy.auto.s42
SRR26465523	OXFORD_NANOPORE	2235838	comfortable	1	63538	legacy	auto	4556	10000	5000	10000	5000	6633.5825	6616.2646	2152985	0.9629	939250	2420000	58.37	yes	142.00	44	29721	63538	0.62	no	0:19.06	1180144	0	comfortable/SRR26465523/legacy.auto.s4556
SRR26465523	OXFORD_NANOPORE	2235838	comfortable	1	63538	legacy	never	7	10000	5000	10000	5000	5534.596	5659.5957	59492	0.0266	36830	2080000	49.18	no	NA	NA	NA	63538	0.32	no	2:36.54	2235456	0	comfortable/SRR26465523/legacy.never.s7
SRR26465523	OXFORD_NANOPORE	2235838	comfortable	1	63538	legacy	never	42	10000	5000	10000	5000	5537.8057	5559.644	60291	0.0270	36700	1830000	48.74	no	NA	NA	NA	63538	0.42	no	2:37.30	2517412	0	comfortable/SRR26465523/legacy.never.s42
SRR26465523	OXFORD_NANOPORE	2235838	comfortable	1	63538	legacy	never	4556	10000	5000	10000	5000	5533.614	5607.316	59659	0.0267	36430	1940000	48.94	no	NA	NA	NA	63538	0.30	no	2:43.74	2317324	0	comfortable/SRR26465523/legacy.never.s4556
SRR26465523	OXFORD_NANOPORE	2235838	comfortable	1	63538	1to1	auto	7	7500	7500	7500	7500	6567.3965	6708.721	2140862	0.9575	820090	2410000	43.87	yes	123.00	43	29624	63538	0.57	no	0:23.59	914184	0	comfortable/SRR26465523/1to1.auto.s7
SRR26465523	OXFORD_NANOPORE	2235838	comfortable	1	63538	1to1	auto	42	7500	7500	7500	7500	6561.3936	6599.06	2160284	0.9662	868450	2430000	43.48	yes	156.00	38	29399	63538	0.56	no	0:20.74	891196	0	comfortable/SRR26465523/1to1.auto.s42
SRR26465523	OXFORD_NANOPORE	2235838	comfortable	1	63538	1to1	auto	4556	7500	7500	7500	7500	6625.9146	6629.7046	2131798	0.9535	879250	2410000	43.80	yes	142.00	44	29721	63538	0.75	no	0:23.22	885488	0	comfortable/SRR26465523/1to1.auto.s4556
SRR26465523	OXFORD_NANOPORE	2235838	comfortable	1	63538	1to1	never	7	7500	7500	7500	7500	5561.4604	5591.0645	60023	0.0268	36780	2110000	36.74	no	NA	NA	NA	63538	0.28	no	3:20.30	2705308	0	comfortable/SRR26465523/1to1.never.s7
SRR26465523	OXFORD_NANOPORE	2235838	comfortable	1	63538	1to1	never	42	7500	7500	7500	7500	5561.007	5529.163	60321	0.0270	36750	1910000	36.53	no	NA	NA	NA	63538	0.37	no	3:23.63	2542860	0	comfortable/SRR26465523/1to1.never.s42
SRR26465523	OXFORD_NANOPORE	2235838	comfortable	1	63538	1to1	never	4556	7500	7500	7500	7500	5528.165	5588.1978	59680	0.0267	36230	1940000	36.62	no	NA	NA	NA	63538	0.27	no	3:31.77	2632640	0	comfortable/SRR26465523/1to1.never.s4556
SRR26465523	OXFORD_NANOPORE	2235838	comfortable	1	63538	2to1	auto	7	10000	5000	10000	5000	6615.156	6683.865	2198810	0.9834	880590	2420000	58.59	yes	123.00	43	29624	63538	0.54	no	0:19.29	1190432	0	comfortable/SRR26465523/2to1.auto.s7
SRR26465523	OXFORD_NANOPORE	2235838	comfortable	1	63538	2to1	auto	42	10000	5000	10000	5000	6617.867	6504.9473	2174824	0.9727	930090	2420000	57.80	yes	156.00	38	29399	63538	0.58	no	0:18.74	1193392	0	comfortable/SRR26465523/2to1.auto.s42
SRR26465523	OXFORD_NANOPORE	2235838	comfortable	1	63538	2to1	auto	4556	10000	5000	10000	5000	6633.5825	6616.2646	2152985	0.9629	939250	2420000	58.37	yes	142.00	44	29721	63538	0.62	no	0:18.97	1168520	0	comfortable/SRR26465523/2to1.auto.s4556
SRR26465523	OXFORD_NANOPORE	2235838	comfortable	1	63538	2to1	never	7	10000	5000	10000	5000	5534.596	5659.5957	59492	0.0266	36830	2080000	49.18	no	NA	NA	NA	63538	0.32	no	2:37.92	2342072	0	comfortable/SRR26465523/2to1.never.s7
SRR26465523	OXFORD_NANOPORE	2235838	comfortable	1	63538	2to1	never	42	10000	5000	10000	5000	5537.8057	5559.644	60291	0.0270	36700	1830000	48.74	no	NA	NA	NA	63538	0.42	no	3:01.22	2586204	0	comfortable/SRR26465523/2to1.never.s42
SRR26465523	OXFORD_NANOPORE	2235838	comfortable	1	63538	2to1	never	4556	10000	5000	10000	5000	5533.614	5607.316	59659	0.0267	36430	1940000	48.94	no	NA	NA	NA	63538	0.30	no	2:45.08	2377748	0	comfortable/SRR26465523/2to1.never.s4556
SRR26465523	OXFORD_NANOPORE	2235838	comfortable	1	63538	4to1	auto	7	12000	3000	12000	3000	6638.2207	6637.412	2231252	0.9979	909510	2420000	70.18	yes	123.00	43	29624	63538	0.40	no	0:15.73	1286036	0	comfortable/SRR26465523/4to1.auto.s7
SRR26465523	OXFORD_NANOPORE	2235838	comfortable	1	63538	4to1	auto	42	12000	3000	12000	3000	6608.2173	6468.265	2213238	0.9899	967340	2440000	69.11	yes	156.00	38	29399	63538	0.50	no	0:16.23	1319008	0	comfortable/SRR26465523/4to1.auto.s42
SRR26465523	OXFORD_NANOPORE	2235838	comfortable	1	63538	4to1	auto	4556	12000	3000	12000	3000	6608.792	6703.881	2176442	0.9734	976940	2410000	70.38	yes	142.00	44	29721	63538	0.53	no	0:15.78	1275224	0	comfortable/SRR26465523/4to1.auto.s4556
SRR26465523	OXFORD_NANOPORE	2235838	comfortable	1	63538	4to1	never	7	12000	3000	12000	3000	5567.0415	5613.1465	59612	0.0267	37120	2190000	58.94	no	NA	NA	NA	63538	0.33	no	1:44.48	2344548	0	comfortable/SRR26465523/4to1.never.s7
SRR26465523	OXFORD_NANOPORE	2235838	comfortable	1	63538	4to1	never	42	12000	3000	12000	3000	5549.4067	5527.799	61489	0.0275	36650	1880000	58.38	no	NA	NA	NA	63538	0.57	no	1:45.38	2302980	0	comfortable/SRR26465523/4to1.never.s42
SRR26465523	OXFORD_NANOPORE	2235838	comfortable	1	63538	4to1	never	4556	12000	3000	12000	3000	5511.85	5743.5054	59786	0.0267	36240	2010000	59.34	no	NA	NA	NA	63538	0.27	no	1:45.46	2658456	0	comfortable/SRR26465523/4to1.never.s4556
SRR26465523	OXFORD_NANOPORE	2235838	comfortable	1	63538	8to1	auto	7	13333	1667	13333	1667	6634.609	6665.651	2237568	1.0008	926290	2410000	78.13	yes	123.00	43	29624	63538	0.36	no	0:31.74	1354944	0	comfortable/SRR26465523/8to1.auto.s7
SRR26465523	OXFORD_NANOPORE	2235838	comfortable	1	63538	8to1	auto	42	13333	1667	13333	1667	6625.013	6222.015	2187619	0.9784	966840	2420000	75.42	yes	156.00	38	29399	63538	0.24	no	0:12.72	1334624	0	comfortable/SRR26465523/8to1.auto.s42
SRR26465523	OXFORD_NANOPORE	2235838	comfortable	1	63538	8to1	auto	4556	13333	1667	13333	1667	6592.524	6910.0337	2163484	0.9676	1030000	2390000	79.33	yes	142.00	44	29721	63538	0.60	no	0:13.30	1298060	0	comfortable/SRR26465523/8to1.auto.s4556
SRR26465523	OXFORD_NANOPORE	2235838	comfortable	1	63538	8to1	never	7	13333	1667	13333	1667	5565.4	5663.144	59750	0.0267	37030	2650000	65.77	no	NA	NA	NA	63538	0.36	no	1:02.94	2799456	0	comfortable/SRR26465523/8to1.never.s7
SRR26465523	OXFORD_NANOPORE	2235838	comfortable	1	63538	8to1	never	42	13333	1667	13333	1667	5548.9194	5514.4146	61430	0.0275	36720	1900000	64.79	no	NA	NA	NA	63538	0.48	no	1:03.31	2813516	0	comfortable/SRR26465523/8to1.never.s42
SRR26465523	OXFORD_NANOPORE	2235838	comfortable	1	63538	8to1	never	4556	13333	1667	13333	1667	5525.0366	5823.28	59806	0.0267	36340	2090000	66.49	no	NA	NA	NA	63538	0.18	no	1:07.56	2868288	0	comfortable/SRR26465523/8to1.never.s4556
SRR26465523	OXFORD_NANOPORE	2235838	comfortable	1	63538	more4to1	auto	7	20000	5000	20000	5000	6615.316	6700.489	2234090	0.9992	1110000	2410000	117.33	yes	123.00	43	29636	63538	0.54	no	0:29.19	2215968	0	comfortable/SRR26465523/more4to1.auto.s7
SRR26465523	OXFORD_NANOPORE	2235838	comfortable	1	63538	more4to1	auto	42	20000	5000	20000	5000	6686.5957	6716.2495	2228188	0.9966	1090000	2390000	118.11	yes	156.00	38	29424	63538	0.56	no	0:32.03	2228848	0	comfortable/SRR26465523/more4to1.auto.s42
SRR26465523	OXFORD_NANOPORE	2235838	comfortable	1	63538	more4to1	auto	4556	20000	5000	20000	5000	6621.98	6617.189	2213686	0.9901	1060000	2400000	116.65	yes	142.00	44	29702	63538	0.70	no	0:29.50	2222028	0	comfortable/SRR26465523/more4to1.auto.s4556
SRR26465523	OXFORD_NANOPORE	2235838	comfortable	1	63538	more4to1	never	7	20000	5000	20000	5000	5550.7783	5659.5957	60901	0.0272	39170	2310000	98.50	no	NA	NA	NA	63538	0.94	no	2:32.52	3883336	0	comfortable/SRR26465523/more4to1.never.s7
SRR26465523	OXFORD_NANOPORE	2235838	comfortable	1	63538	more4to1	never	42	20000	5000	20000	5000	5533.9966	5559.644	61526	0.0275	39010	2020000	97.45	no	NA	NA	NA	63538	0.88	no	2:30.75	4402140	0	comfortable/SRR26465523/more4to1.never.s42
SRR26465523	OXFORD_NANOPORE	2235838	comfortable	1	63538	more4to1	never	4556	20000	5000	20000	5000	5519.93	5607.316	59622	0.0267	38770	2090000	97.76	no	NA	NA	NA	63538	0.90	no	2:42.62	3914064	0	comfortable/SRR26465523/more4to1.never.s4556
SRR26465524	OXFORD_NANOPORE	2287581	starved	7	7642	legacy	auto	7	2642	5000	739	1397	10785.101	9977.78	2000684	0.8746	621370	2440000	6.64	yes	157.00	4	2136	7642	0.93	yes	0:02.57	195760	0	starved/SRR26465524/legacy.auto.s7
SRR26465524	OXFORD_NANOPORE	2287581	starved	7	7642	legacy	auto	42	2642	5000	736	1390	10359.906	10105.771	1870335	0.8176	645900	2420000	6.52	yes	158.00	4	2126	7642	2.23	yes	0:02.44	201120	0	starved/SRR26465524/legacy.auto.s42
SRR26465524	OXFORD_NANOPORE	2287581	starved	7	7642	legacy	auto	4556	2642	5000	738	1396	10006.007	10300.593	1892866	0.8275	583110	2510000	6.49	yes	155.00	4	2134	7642	2.29	yes	0:02.17	186756	0	starved/SRR26465524/legacy.auto.s4556
SRR26465524	OXFORD_NANOPORE	2287581	starved	7	7642	legacy	never	7	2642	5000	2642	5000	6912.2314	6862.652	51861	0.0227	32600	52340	15.68	no	NA	NA	NA	7642	0.40	no	3:52.66	970156	0	starved/SRR26465524/legacy.never.s7
SRR26465524	OXFORD_NANOPORE	2287581	starved	7	7642	legacy	never	42	2642	5000	2642	5000	7069.554	6779.5234	52538	0.0230	33410	52980	15.76	no	NA	NA	NA	7642	0.54	no	3:52.99	1245340	0	starved/SRR26465524/legacy.never.s42
SRR26465524	OXFORD_NANOPORE	2287581	starved	7	7642	legacy	never	4556	2642	5000	2642	5000	6843.193	6899.133	51704	0.0226	32730	52130	15.64	no	NA	NA	NA	7642	0.48	no	3:56.07	1253888	0	starved/SRR26465524/legacy.never.s4556
SRR26465524	OXFORD_NANOPORE	2287581	starved	7	7642	1to1	auto	7	3821	3821	1068	1068	10616.777	9897.406	2023131	0.8844	659360	2490000	9.48	yes	157.00	4	2136	7642	0.75	yes	0:02.45	243668	0	starved/SRR26465524/1to1.auto.s7
SRR26465524	OXFORD_NANOPORE	2287581	starved	7	7642	1to1	auto	42	3821	3821	1063	1063	10109.218	10278.283	2006920	0.8773	616740	2420000	9.38	yes	158.00	4	2126	7642	0.56	yes	0:02.40	232316	0	starved/SRR26465524/1to1.auto.s42
SRR26465524	OXFORD_NANOPORE	2287581	starved	7	7642	1to1	auto	4556	3821	3821	1067	1067	9958.494	10438.939	1940017	0.8481	619210	2550000	9.42	yes	155.00	4	2134	7642	1.31	yes	0:02.37	240708	0	starved/SRR26465524/1to1.auto.s4556
SRR26465524	OXFORD_NANOPORE	2287581	starved	7	7642	1to1	never	7	3821	3821	3821	3821	6951.5396	6808.047	53029	0.0232	32360	53460	22.65	no	NA	NA	NA	7642	0.34	no	3:52.11	1146856	0	starved/SRR26465524/1to1.never.s7
SRR26465524	OXFORD_NANOPORE	2287581	starved	7	7642	1to1	never	42	3821	3821	3821	3821	7004.7397	6754.846	53436	0.0234	32880	53900	22.65	no	NA	NA	NA	7642	0.42	no	3:54.32	1360460	0	starved/SRR26465524/1to1.never.s42
SRR26465524	OXFORD_NANOPORE	2287581	starved	7	7642	1to1	never	4556	3821	3821	3821	3821	6798.307	6961.279	53888	0.0236	31730	54250	22.65	no	NA	NA	NA	7642	0.31	no	3:56.49	1386876	0	starved/SRR26465524/1to1.never.s4556
SRR26465524	OXFORD_NANOPORE	2287581	starved	7	7642	2to1	auto	7	5094	2548	1424	712	10449.1045	9873.066	2040218	0.8919	606850	2470000	12.53	yes	157.00	4	2136	7642	0.56	yes	0:02.58	303712	0	starved/SRR26465524/2to1.auto.s7
SRR26465524	OXFORD_NANOPORE	2287581	starved	7	7642	2to1	auto	42	5094	2548	1418	708	10261.415	10058.229	2081824	0.9101	678160	2510000	12.47	yes	158.00	4	2126	7642	0.42	yes	0:02.34	298412	0	starved/SRR26465524/2to1.auto.s42
SRR26465524	OXFORD_NANOPORE	2287581	starved	7	7642	2to1	auto	4556	5094	2548	1423	711	10191.636	10212.889	2100558	0.9182	654700	2590000	12.57	yes	155.00	4	2134	7642	1.41	yes	0:02.31	304340	0	starved/SRR26465524/2to1.auto.s4556
SRR26465524	OXFORD_NANOPORE	2287581	starved	7	7642	2to1	never	7	5094	2548	5094	2548	6961.542	6716.358	53512	0.0234	32420	53970	30.01	no	NA	NA	NA	7642	0.20	no	3:12.67	1501676	0	starved/SRR26465524/2to1.never.s7
SRR26465524	OXFORD_NANOPORE	2287581	starved	7	7642	2to1	never	42	5094	2548	5094	2548	6947.0303	6745.372	52697	0.0230	32540	53230	30.05	no	NA	NA	NA	7642	0.31	no	3:13.17	1432432	0	starved/SRR26465524/2to1.never.s42
SRR26465524	OXFORD_NANOPORE	2287581	starved	7	7642	2to1	never	4556	5094	2548	5094	2548	6857.167	6925.0273	54475	0.0238	32020	54870	30.25	no	NA	NA	NA	7642	0.12	no	3:18.97	1937020	0	starved/SRR26465524/2to1.never.s4556
SRR26465524	OXFORD_NANOPORE	2287581	starved	7	7642	4to1	auto	7	6113	1529	1709	427	10452.862	9473.551	2078856	0.9088	673290	2430000	14.74	yes	157.00	4	2136	7642	0.70	yes	0:02.07	325676	0	starved/SRR26465524/4to1.auto.s7
SRR26465524	OXFORD_NANOPORE	2287581	starved	7	7642	4to1	auto	42	6113	1529	1701	425	10307.781	9737.355	2109530	0.9222	724210	2460000	14.76	yes	158.00	4	2126	7642	0.71	yes	0:02.15	319724	0	starved/SRR26465524/4to1.auto.s42
SRR26465524	OXFORD_NANOPORE	2287581	starved	7	7642	4to1	auto	4556	6113	1529	1708	426	10151.733	10387.089	2206603	0.9646	634840	2580000	15.19	yes	155.00	4	2134	7642	1.41	yes	0:02.03	323436	0	starved/SRR26465524/4to1.auto.s4556
SRR26465524	OXFORD_NANOPORE	2287581	starved	7	7642	4to1	never	7	6113	1529	6113	1529	6904.5547	6780.7935	53135	0.0232	32240	53560	36.04	no	NA	NA	NA	7642	0.13	no	2:10.10	1441288	0	starved/SRR26465524/4to1.never.s7
SRR26465524	OXFORD_NANOPORE	2287581	starved	7	7642	4to1	never	42	6113	1529	6113	1529	6879.635	6880.426	45252	0.0198	32430	52680	36.24	no	NA	NA	NA	7642	0.13	no	2:08.76	1352884	0	starved/SRR26465524/4to1.never.s42
SRR26465524	OXFORD_NANOPORE	2287581	starved	7	7642	4to1	never	4556	6113	1529	6113	1529	6888.366	6845.5146	53935	0.0236	32210	54350	36.17	no	NA	NA	NA	7642	0.13	no	2:12.50	1628360	0	starved/SRR26465524/4to1.never.s4556
SRR26465524	OXFORD_NANOPORE	2287581	starved	7	7642	8to1	auto	7	6792	850	1899	237	10286.221	10023.6875	1977606	0.8645	698510	2300000	16.69	yes	157.00	4	2136	7642	0.84	yes	0:01.99	336052	0	starved/SRR26465524/8to1.auto.s7
SRR26465524	OXFORD_NANOPORE	2287581	starved	7	7642	8to1	auto	42	6792	850	1890	236	10330.489	9098.683	2030682	0.8877	715190	2450000	15.89	yes	158.00	4	2126	7642	0.85	yes	0:01.74	331444	0	starved/SRR26465524/8to1.auto.s42
SRR26465524	OXFORD_NANOPORE	2287581	starved	7	7642	8to1	auto	4556	6792	850	1897	237	10188.012	10284.4	2190454	0.9575	656720	2500000	16.81	yes	155.00	4	2134	7642	1.69	yes	0:01.74	325500	0	starved/SRR26465524/8to1.auto.s4556
SRR26465524	OXFORD_NANOPORE	2287581	starved	7	7642	8to1	never	7	6792	850	6792	850	6933.382	6451.5884	47390	0.0207	32400	54120	39.15	no	NA	NA	NA	7642	0.0	no	1:43.58	1247744	0	starved/SRR26465524/8to1.never.s7
SRR26465524	OXFORD_NANOPORE	2287581	starved	7	7642	8to1	never	42	6792	850	6792	850	6864.6304	7000.9507	34817	0.0152	32340	52990	40.58	no	NA	NA	NA	7642	0.0	no	1:18.93	1339948	0	starved/SRR26465524/8to1.never.s42
SRR26465524	OXFORD_NANOPORE	2287581	starved	7	7642	8to1	never	4556	6792	850	6792	850	6870.191	6956.5225	34229	0.0150	32380	53700	40.46	no	NA	NA	NA	7642	0.24	no	1:21.33	1446428	0	starved/SRR26465524/8to1.never.s4556
SRR26465524	OXFORD_NANOPORE	2287581	marginal	4	13373	legacy	auto	7	8373	5000	2372	1416	10225.357	10370.86	1991118	0.8704	716260	2340000	21.15	yes	144.00	7	3788	13373	0.42	yes	0:05.45	414968	0	marginal/SRR26465524/legacy.auto.s7
SRR26465524	OXFORD_NANOPORE	2287581	marginal	4	13373	legacy	auto	42	8373	5000	2370	1415	10390.351	10397.241	1958013	0.8559	689940	2300000	21.33	yes	155.00	7	3785	13373	0.57	yes	0:05.57	457460	0	marginal/SRR26465524/legacy.auto.s42
SRR26465524	OXFORD_NANOPORE	2287581	marginal	4	13373	legacy	auto	4556	8373	5000	2434	1452	10390.727	10348.897	1973878	0.8629	660400	2350000	21.86	yes	151.00	8	3886	13373	0.62	yes	0:05.84	440252	0	marginal/SRR26465524/legacy.auto.s4556
SRR26465524	OXFORD_NANOPORE	2287581	marginal	4	13373	legacy	never	7	8373	5000	8373	5000	6949.3677	6846.673	54353	0.0238	32600	54770	49.77	no	NA	NA	NA	13373	0.34	no	8:03.14	1835592	0	marginal/SRR26465524/legacy.never.s7
SRR26465524	OXFORD_NANOPORE	2287581	marginal	4	13373	legacy	never	42	8373	5000	8373	5000	6951.228	6843.5566	53824	0.0235	32520	54140	49.76	no	NA	NA	NA	13373	0.34	no	8:01.28	1954508	0	marginal/SRR26465524/legacy.never.s42
SRR26465524	OXFORD_NANOPORE	2287581	marginal	4	13373	legacy	never	4556	8373	5000	8373	5000	6881.0337	6961.104	53390	0.0233	32200	53710	49.94	no	NA	NA	NA	13373	0.34	no	8:01.39	1986152	0	marginal/SRR26465524/legacy.never.s4556
SRR26465524	OXFORD_NANOPORE	2287581	marginal	4	13373	1to1	auto	7	6686	6687	1894	1894	10248.965	10310.532	1982162	0.8665	642860	2330000	16.86	yes	144.00	7	3788	13373	0.48	yes	0:05.90	335056	0	marginal/SRR26465524/1to1.auto.s7
SRR26465524	OXFORD_NANOPORE	2287581	marginal	4	13373	1to1	auto	42	6686	6687	1893	1892	10312.011	10473.886	1937750	0.8471	651490	2310000	17.04	yes	155.00	7	3785	13373	0.53	yes	0:06.33	338668	0	marginal/SRR26465524/1to1.auto.s42
SRR26465524	OXFORD_NANOPORE	2287581	marginal	4	13373	1to1	auto	4556	6686	6687	1943	1943	10324.8	10425.394	1951106	0.8529	635320	2370000	17.46	yes	151.00	8	3886	13373	0.72	yes	0:06.59	390388	0	marginal/SRR26465524/1to1.auto.s4556
SRR26465524	OXFORD_NANOPORE	2287581	marginal	4	13373	1to1	never	7	6686	6687	6686	6687	6915.0923	6906.85	54477	0.0238	32410	54860	39.82	no	NA	NA	NA	13373	0.30	no	9:27.21	1979176	0	marginal/SRR26465524/1to1.never.s7
SRR26465524	OXFORD_NANOPORE	2287581	marginal	4	13373	1to1	never	42	6686	6687	6686	6687	6948.739	6873.2095	54222	0.0237	32480	54540	39.82	no	NA	NA	NA	13373	0.25	no	9:41.42	2348748	0	marginal/SRR26465524/1to1.never.s42
SRR26465524	OXFORD_NANOPORE	2287581	marginal	4	13373	1to1	never	4556	6686	6687	6686	6687	6847.0693	6974.8633	52844	0.0231	32270	53190	39.82	no	NA	NA	NA	13373	0.30	no	9:51.62	2048336	0	marginal/SRR26465524/1to1.never.s4556
SRR26465524	OXFORD_NANOPORE	2287581	marginal	4	13373	2to1	auto	7	8915	4458	2526	1262	10186.304	10466.785	2011026	0.8791	721300	2360000	22.59	yes	144.00	7	3788	13373	0.40	yes	0:05.75	476164	0	marginal/SRR26465524/2to1.auto.s7
SRR26465524	OXFORD_NANOPORE	2287581	marginal	4	13373	2to1	auto	42	8915	4458	2524	1261	10400.593	10377.582	1982844	0.8668	706280	2290000	22.71	yes	155.00	7	3785	13373	0.63	yes	0:05.55	492824	0	marginal/SRR26465524/2to1.auto.s42
SRR26465524	OXFORD_NANOPORE	2287581	marginal	4	13373	2to1	auto	4556	8915	4458	2591	1295	10338.603	10448.112	1988271	0.8692	663390	2350000	23.32	yes	151.00	8	3886	13373	0.69	yes	0:06.15	520268	0	marginal/SRR26465524/2to1.auto.s4556
SRR26465524	OXFORD_NANOPORE	2287581	marginal	4	13373	2to1	never	7	8915	4458	8915	4458	6945.822	6841.278	54146	0.0237	32660	54590	52.95	no	NA	NA	NA	13373	0.36	no	7:25.24	1918852	0	marginal/SRR26465524/2to1.never.s7
SRR26465524	OXFORD_NANOPORE	2287581	marginal	4	13373	2to1	never	42	8915	4458	8915	4458	6901.9404	6929.0303	53727	0.0235	32360	54040	53.13	no	NA	NA	NA	13373	0.31	no	7:19.13	2060748	0	marginal/SRR26465524/2to1.never.s42
SRR26465524	OXFORD_NANOPORE	2287581	marginal	4	13373	2to1	never	4556	8915	4458	8915	4458	6876.851	6979.203	53767	0.0235	32290	54100	53.22	no	NA	NA	NA	13373	0.38	no	7:30.30	2096260	0	marginal/SRR26465524/2to1.never.s4556
SRR26465524	OXFORD_NANOPORE	2287581	marginal	4	13373	4to1	auto	7	10698	2675	3031	757	10274.3	10301.5625	1972030	0.8621	710700	2320000	27.00	yes	144.00	7	3788	13373	0.40	yes	0:04.90	550488	0	marginal/SRR26465524/4to1.auto.s7
SRR26465524	OXFORD_NANOPORE	2287581	marginal	4	13373	4to1	auto	42	10698	2675	3028	757	10451.322	10159.345	2013531	0.8802	698870	2310000	27.02	yes	155.00	7	3785	13373	0.79	yes	0:04.52	566640	0	marginal/SRR26465524/4to1.auto.s42
SRR26465524	OXFORD_NANOPORE	2287581	marginal	4	13373	4to1	auto	4556	10698	2675	3109	777	10327.136	10567.004	2053509	0.8977	716820	2370000	28.13	yes	151.00	8	3886	13373	0.51	yes	0:04.80	579168	0	marginal/SRR26465524/4to1.auto.s4556
SRR26465524	OXFORD_NANOPORE	2287581	marginal	4	13373	4to1	never	7	10698	2675	10698	2675	6922.502	6864.8555	53861	0.0235	32570	54260	63.55	no	NA	NA	NA	13373	0.37	no	4:41.12	2122588	0	marginal/SRR26465524/4to1.never.s7
SRR26465524	OXFORD_NANOPORE	2287581	marginal	4	13373	4to1	never	42	10698	2675	10698	2675	6919.1694	6878.1846	54032	0.0236	32520	54360	63.59	no	NA	NA	NA	13373	0.45	no	4:42.01	2199500	0	marginal/SRR26465524/4to1.never.s42
SRR26465524	OXFORD_NANOPORE	2287581	marginal	4	13373	4to1	never	4556	10698	2675	10698	2675	6864.552	7096.6133	53562	0.0234	32430	53970	64.36	no	NA	NA	NA	13373	0.41	no	4:47.86	2129644	0	marginal/SRR26465524/4to1.never.s4556
SRR26465524	OXFORD_NANOPORE	2287581	marginal	4	13373	8to1	auto	7	11887	1486	3368	420	10269.714	10360.214	2016968	0.8817	718410	2300000	30.08	yes	144.00	7	3788	13373	0.48	yes	0:03.99	573876	0	marginal/SRR26465524/8to1.auto.s7
SRR26465524	OXFORD_NANOPORE	2287581	marginal	4	13373	8to1	auto	42	11887	1486	3365	420	10424.685	10138.485	2068702	0.9043	714390	2290000	29.96	yes	155.00	7	3785	13373	0.95	yes	0:04.25	588888	0	marginal/SRR26465524/8to1.auto.s42
SRR26465524	OXFORD_NANOPORE	2287581	marginal	4	13373	8to1	auto	4556	11887	1486	3455	431	10339.525	10660.246	2042566	0.8929	693310	2350000	31.42	yes	151.00	8	3886	13373	0.23	yes	0:04.33	587836	0	marginal/SRR26465524/8to1.auto.s4556
SRR26465524	OXFORD_NANOPORE	2287581	marginal	4	13373	8to1	never	7	11887	1486	11887	1486	6924.5796	6802.112	53875	0.0236	32670	54250	70.29	no	NA	NA	NA	13373	0.47	no	3:04.63	2082548	0	marginal/SRR26465524/8to1.never.s7
SRR26465524	OXFORD_NANOPORE	2287581	marginal	4	13373	8to1	never	42	11887	1486	11887	1486	6912.825	6896.1387	54621	0.0239	32510	54890	70.72	no	NA	NA	NA	13373	0.47	no	2:48.06	1942152	0	marginal/SRR26465524/8to1.never.s42
SRR26465524	OXFORD_NANOPORE	2287581	marginal	4	13373	8to1	never	4556	11887	1486	11887	1486	6880.2046	7157.083	53446	0.0234	32490	53840	71.91	no	NA	NA	NA	13373	0.47	no	2:36.12	2001916	0	marginal/SRR26465524/8to1.never.s4556
SRR26465524	OXFORD_NANOPORE	2287581	comfortable	1	53491	legacy	auto	7	10000	5000	10000	5000	10131.144	10223.741	2164274	0.9461	826040	2400000	88.11	yes	149.00	31	15529	53491	0.52	no	0:36.37	1891016	0	comfortable/SRR26465524/legacy.auto.s7
SRR26465524	OXFORD_NANOPORE	2287581	comfortable	1	53491	legacy	auto	42	10000	5000	9588	4793	10221.55	10303.6875	2178692	0.9524	982120	2360000	85.19	yes	183.00	23	14381	53491	0.65	yes	0:33.51	1784688	0	comfortable/SRR26465524/legacy.auto.s42
SRR26465524	OXFORD_NANOPORE	2287581	comfortable	1	53491	legacy	auto	4556	10000	5000	10000	5000	10146.672	10167.35	2138308	0.9347	843290	2430000	87.93	yes	180.00	30	15422	53491	0.50	no	0:35.88	1933904	0	comfortable/SRR26465524/legacy.auto.s4556
SRR26465524	OXFORD_NANOPORE	2287581	comfortable	1	53491	legacy	never	7	10000	5000	10000	5000	6936.885	6811.3906	53560	0.0234	32770	53910	59.23	no	NA	NA	NA	53491	0.54	no	4:19.14	4198748	0	comfortable/SRR26465524/legacy.never.s7
SRR26465524	OXFORD_NANOPORE	2287581	comfortable	1	53491	legacy	never	42	10000	5000	10000	5000	6840.824	6942.773	52252	0.0228	32790	52580	59.38	no	NA	NA	NA	53491	0.38	no	7:58.58	3546616	0	comfortable/SRR26465524/legacy.never.s42
SRR26465524	OXFORD_NANOPORE	2287581	comfortable	1	53491	legacy	never	4556	10000	5000	10000	5000	6847.703	6777.0903	53362	0.0233	31710	53650	58.69	no	NA	NA	NA	53491	0.36	no	4:47.76	3734968	0	comfortable/SRR26465524/legacy.never.s4556
SRR26465524	OXFORD_NANOPORE	2287581	comfortable	1	53491	1to1	auto	7	7500	7500	7500	7500	10074.991	10249.029	2136912	0.9341	774500	2390000	65.98	yes	149.00	31	15529	53491	0.48	no	0:40.25	1563992	0	comfortable/SRR26465524/1to1.auto.s7
SRR26465524	OXFORD_NANOPORE	2287581	comfortable	1	53491	1to1	auto	42	7500	7500	7191	7190	10239.919	10257.934	2144914	0.9376	954320	2370000	63.81	yes	183.00	23	14381	53491	0.68	yes	0:32.40	1315836	0	comfortable/SRR26465524/1to1.auto.s42
SRR26465524	OXFORD_NANOPORE	2287581	comfortable	1	53491	1to1	auto	4556	7500	7500	7500	7500	10243.3955	10063.734	2124343	0.9286	824950	2430000	65.93	yes	180.00	30	15422	53491	0.57	no	0:40.48	1520692	0	comfortable/SRR26465524/1to1.auto.s4556
SRR26465524	OXFORD_NANOPORE	2287581	comfortable	1	53491	1to1	never	7	7500	7500	7500	7500	6943.692	6846.415	53256	0.0233	32710	53600	44.56	no	NA	NA	NA	53491	0.33	no	5:38.32	3845072	0	comfortable/SRR26465524/1to1.never.s7
SRR26465524	OXFORD_NANOPORE	2287581	comfortable	1	53491	1to1	never	42	7500	7500	7500	7500	6856.2847	6893.3296	52552	0.0230	32590	52880	44.43	no	NA	NA	NA	53491	0.35	no	6:17.85	3472716	0	comfortable/SRR26465524/1to1.never.s42
SRR26465524	OXFORD_NANOPORE	2287581	comfortable	1	53491	1to1	never	4556	7500	7500	7500	7500	6829.9604	6818.37	53673	0.0235	31550	53990	44.09	no	NA	NA	NA	53491	0.31	no	6:32.05	3849472	0	comfortable/SRR26465524/1to1.never.s4556
SRR26465524	OXFORD_NANOPORE	2287581	comfortable	1	53491	2to1	auto	7	10000	5000	10000	5000	10131.144	10223.741	2164274	0.9461	826040	2400000	88.11	yes	149.00	31	15529	53491	0.52	no	0:33.53	1979496	0	comfortable/SRR26465524/2to1.auto.s7
SRR26465524	OXFORD_NANOPORE	2287581	comfortable	1	53491	2to1	auto	42	10000	5000	9588	4793	10221.55	10303.6875	2178692	0.9524	982120	2360000	85.19	yes	183.00	23	14381	53491	0.65	yes	0:30.61	1730416	0	comfortable/SRR26465524/2to1.auto.s42
SRR26465524	OXFORD_NANOPORE	2287581	comfortable	1	53491	2to1	auto	4556	10000	5000	10000	5000	10146.672	10167.35	2138308	0.9347	843290	2430000	87.93	yes	180.00	30	15422	53491	0.50	no	0:32.94	1970620	0	comfortable/SRR26465524/2to1.auto.s4556
SRR26465524	OXFORD_NANOPORE	2287581	comfortable	1	53491	2to1	never	7	10000	5000	10000	5000	6936.885	6811.3906	53560	0.0234	32770	53910	59.23	no	NA	NA	NA	53491	0.54	no	4:23.10	4254068	0	comfortable/SRR26465524/2to1.never.s7
SRR26465524	OXFORD_NANOPORE	2287581	comfortable	1	53491	2to1	never	42	10000	5000	10000	5000	6840.824	6942.773	52252	0.0228	32790	52580	59.38	no	NA	NA	NA	53491	0.38	no	4:24.61	3588096	0	comfortable/SRR26465524/2to1.never.s42
SRR26465524	OXFORD_NANOPORE	2287581	comfortable	1	53491	2to1	never	4556	10000	5000	10000	5000	6847.703	6777.0903	53362	0.0233	31710	53650	58.69	no	NA	NA	NA	53491	0.36	no	4:17.66	3572924	0	comfortable/SRR26465524/2to1.never.s4556
SRR26465524	OXFORD_NANOPORE	2287581	comfortable	1	53491	4to1	auto	7	12000	3000	12000	3000	10166.719	10143.176	2150958	0.9403	882040	2390000	105.50	yes	149.00	31	15529	53491	0.43	no	0:32.26	2228824	0	comfortable/SRR26465524/4to1.auto.s7
SRR26465524	OXFORD_NANOPORE	2287581	comfortable	1	53491	4to1	auto	42	12000	3000	11505	2876	10259.326	10207.318	2205684	0.9642	1000000	2370000	101.93	yes	183.00	23	14381	53491	0.63	yes	0:41.64	2183356	0	comfortable/SRR26465524/4to1.auto.s42
SRR26465524	OXFORD_NANOPORE	2287581	comfortable	1	53491	4to1	auto	4556	12000	3000	12000	3000	10128.551	10253.621	2144221	0.9373	894670	2410000	105.88	yes	180.00	30	15422	53491	0.57	no	0:26.01	2205144	0	comfortable/SRR26465524/4to1.auto.s4556
SRR26465524	OXFORD_NANOPORE	2287581	comfortable	1	53491	4to1	never	7	12000	3000	12000	3000	6920.634	6792.7295	52924	0.0231	32950	53260	70.89	no	NA	NA	NA	53491	0.43	no	2:47.77	4449808	0	comfortable/SRR26465524/4to1.never.s7
SRR26465524	OXFORD_NANOPORE	2287581	comfortable	1	53491	4to1	never	42	12000	3000	12000	3000	6878.6714	6859.3516	52640	0.0230	33130	52970	71.02	no	NA	NA	NA	53491	0.40	no	2:34.39	3490092	0	comfortable/SRR26465524/4to1.never.s42
SRR26465524	OXFORD_NANOPORE	2287581	comfortable	1	53491	4to1	never	4556	12000	3000	12000	3000	6815.409	6859.1904	52695	0.0230	32040	52990	70.69	no	NA	NA	NA	53491	0.50	no	2:42.89	3459556	0	comfortable/SRR26465524/4to1.never.s4556
SRR26465524	OXFORD_NANOPORE	2287581	comfortable	1	53491	8to1	auto	7	13333	1667	13333	1667	10167.955	10114.457	2149830	0.9398	927160	2400000	117.05	yes	149.00	31	15529	53491	0.18	no	0:19.63	2291768	0	comfortable/SRR26465524/8to1.auto.s7
SRR26465524	OXFORD_NANOPORE	2287581	comfortable	1	53491	8to1	auto	42	13333	1667	12783	1598	10210.322	10557.7295	2198141	0.9609	975490	2370000	114.94	yes	183.00	23	14381	53491	0.69	yes	0:19.02	2154448	0	comfortable/SRR26465524/8to1.auto.s42
SRR26465524	OXFORD_NANOPORE	2287581	comfortable	1	53491	8to1	auto	4556	13333	1667	13333	1667	10136.312	10291.556	2124151	0.9286	921630	2410000	117.90	yes	180.00	30	15422	53491	0.78	no	0:19.83	2333744	0	comfortable/SRR26465524/8to1.auto.s4556
SRR26465524	OXFORD_NANOPORE	2287581	comfortable	1	53491	8to1	never	7	13333	1667	13333	1667	6909.874	6776.511	52859	0.0231	33080	53180	78.61	no	NA	NA	NA	53491	0.36	no	1:38.40	5331256	0	comfortable/SRR26465524/8to1.never.s7
SRR26465524	OXFORD_NANOPORE	2287581	comfortable	1	53491	8to1	never	42	13333	1667	13333	1667	6869.3926	6918.1177	52585	0.0230	33360	53020	79.20	no	NA	NA	NA	53491	0.72	no	1:38.41	3603432	0	comfortable/SRR26465524/8to1.never.s42
SRR26465524	OXFORD_NANOPORE	2287581	comfortable	1	53491	8to1	never	4556	13333	1667	13333	1667	6795.278	7055.2153	52456	0.0229	32160	52720	79.57	no	NA	NA	NA	53491	0.54	no	1:36.71	4308012	0	comfortable/SRR26465524/8to1.never.s4556
SRR26465524	OXFORD_NANOPORE	2287581	comfortable	1	53491	more4to1	auto	7	20000	5000	12424	3106	10193.739	10103.664	2167929	0.9477	895980	2420000	109.16	yes	149.00	31	15530	53491	0.61	yes	0:27.45	2247348	0	comfortable/SRR26465524/more4to1.auto.s7
SRR26465524	OXFORD_NANOPORE	2287581	comfortable	1	53491	more4to1	auto	42	20000	5000	11505	2876	10259.326	10207.318	2205684	0.9642	1000000	2370000	101.93	yes	183.00	23	14381	53491	0.63	yes	0:26.35	2097432	0	comfortable/SRR26465524/more4to1.auto.s42
SRR26465524	OXFORD_NANOPORE	2287581	comfortable	1	53491	more4to1	auto	4556	20000	5000	12340	3085	10067.665	10426.522	2145572	0.9379	946020	2400000	109.48	yes	180.00	30	15425	53491	0.49	yes	0:27.25	2190060	0	comfortable/SRR26465524/more4to1.auto.s4556
SRR26465524	OXFORD_NANOPORE	2287581	comfortable	1	53491	more4to1	never	7	20000	5000	20000	5000	6844.5127	6811.3906	53466	0.0234	48240	81820	117.65	no	NA	NA	NA	53491	1.52	no	4:30.01	7334652	0	comfortable/SRR26465524/more4to1.never.s7
SRR26465524	OXFORD_NANOPORE	2287581	comfortable	1	53491	more4to1	never	42	20000	5000	20000	5000	6809.871	6942.773	53125	0.0232	47520	337800	118.50	no	NA	NA	NA	53491	1.44	no	3:55.28	5195916	0	comfortable/SRR26465524/more4to1.never.s42
SRR26465524	OXFORD_NANOPORE	2287581	comfortable	1	53491	more4to1	never	4556	20000	5000	20000	5000	6850.2534	6777.0903	54023	0.0236	49090	89850	117.40	no	NA	NA	NA	53491	1.62	no	4:02.70	5498124	0	comfortable/SRR26465524/more4to1.never.s4556
SRR26465526	OXFORD_NANOPORE	2230369	starved	18	7369	legacy	auto	7	2369	5000	473	997	8666.26	9302.742	1648688	0.7392	521420	2170000	3.77	yes	179.00	3	1470	7369	7.82	yes	0:01.26	131012	0	starved/SRR26465526/legacy.auto.s7
SRR26465526	OXFORD_NANOPORE	2230369	starved	18	7369	legacy	auto	42	2369	5000	472	995	9796.382	8839.112	1635705	0.7334	543850	2260000	3.90	yes	196.00	3	1467	7369	8.04	yes	0:01.30	134580	0	starved/SRR26465526/legacy.auto.s42
SRR26465526	OXFORD_NANOPORE	2230369	starved	18	7369	legacy	auto	4556	2369	5000	471	991	8956.333	9132.806	1594521	0.7149	574380	2130000	3.78	yes	171.00	3	1462	7369	8.07	yes	0:01.24	122428	0	starved/SRR26465526/legacy.auto.s4556
SRR26465526	OXFORD_NANOPORE	2230369	starved	18	7369	legacy	never	7	2369	5000	2369	5000	5738.95	5599.784	27048	0.0121	26730	41040	11.83	no	NA	NA	NA	7369	1.86	no	8:20.04	1047156	0	starved/SRR26465526/legacy.never.s7
SRR26465526	OXFORD_NANOPORE	2230369	starved	18	7369	legacy	never	42	2369	5000	2369	5000	5614.9463	5658.5366	27048	0.0121	26780	39820	11.76	no	NA	NA	NA	7369	1.38	no	4:55.20	1024020	0	starved/SRR26465526/legacy.never.s42
SRR26465526	OXFORD_NANOPORE	2230369	starved	18	7369	legacy	never	4556	2369	5000	2369	5000	5510.2476	5708.143	26548	0.0119	26260	39580	11.70	no	NA	NA	NA	7369	1.60	no	5:00.34	1026696	0	starved/SRR26465526/legacy.never.s4556
SRR26465526	OXFORD_NANOPORE	2230369	starved	18	7369	1to1	auto	7	3684	3685	735	735	8884.185	9311.699	1746012	0.7828	558970	2250000	5.93	yes	179.00	3	1470	7369	3.95	yes	0:01.36	169212	0	starved/SRR26465526/1to1.auto.s7
SRR26465526	OXFORD_NANOPORE	2230369	starved	18	7369	1to1	auto	42	3684	3685	734	733	9469.906	8823.872	1795846	0.8052	567550	2270000	5.95	yes	196.00	3	1467	7369	2.32	yes	0:01.97	169176	0	starved/SRR26465526/1to1.auto.s42
SRR26465526	OXFORD_NANOPORE	2230369	starved	18	7369	1to1	auto	4556	3684	3685	731	731	8967.351	9184.556	1779735	0.7980	586270	2230000	5.88	yes	171.00	3	1462	7369	3.28	yes	0:01.37	169208	0	starved/SRR26465526/1to1.auto.s4556
SRR26465526	OXFORD_NANOPORE	2230369	starved	18	7369	1to1	never	7	3684	3685	3684	3685	5648.6387	5640.409	26933	0.0121	26650	40500	18.32	no	NA	NA	NA	7369	0.60	no	5:21.99	1566592	0	starved/SRR26465526/1to1.never.s7
SRR26465526	OXFORD_NANOPORE	2230369	starved	18	7369	1to1	never	42	3684	3685	3684	3685	5627.402	5661.64	27165	0.0122	26910	39850	18.32	no	NA	NA	NA	7369	0.43	no	5:19.66	1310984	0	starved/SRR26465526/1to1.never.s42
SRR26465526	OXFORD_NANOPORE	2230369	starved	18	7369	1to1	never	4556	3684	3685	3684	3685	5540.4507	5748.568	26620	0.0119	26340	39600	18.32	no	NA	NA	NA	7369	0.81	no	5:21.76	1405876	0	starved/SRR26465526/1to1.never.s4556
SRR26465526	OXFORD_NANOPORE	2230369	starved	18	7369	2to1	auto	7	4912	2457	980	490	8887.422	9518.983	1804930	0.8093	593680	2230000	8.00	yes	179.00	3	1470	7369	2.45	yes	0:01.45	202348	0	starved/SRR26465526/2to1.auto.s7
SRR26465526	OXFORD_NANOPORE	2230369	starved	18	7369	2to1	auto	42	4912	2457	978	489	9318.047	8805.233	1842121	0.8259	609280	2250000	7.86	yes	196.00	3	1467	7369	0.82	yes	0:01.32	201116	0	starved/SRR26465526/2to1.auto.s42
SRR26465526	OXFORD_NANOPORE	2230369	starved	18	7369	2to1	auto	4556	4912	2457	975	487	9016.593	9194.795	1825586	0.8185	550220	2270000	7.87	yes	171.00	3	1462	7369	1.64	yes	0:01.32	194136	0	starved/SRR26465526/2to1.auto.s4556
SRR26465526	OXFORD_NANOPORE	2230369	starved	18	7369	2to1	never	7	4912	2457	4912	2457	5716.348	5500.9326	27396	0.0123	27130	40640	24.27	no	NA	NA	NA	7369	0.37	no	4:27.99	1731348	0	starved/SRR26465526/2to1.never.s7
SRR26465526	OXFORD_NANOPORE	2230369	starved	18	7369	2to1	never	42	4912	2457	4912	2457	5651.1	5631.3755	27400	0.0123	27150	39810	24.41	no	NA	NA	NA	7369	0.24	no	4:31.11	1504532	0	starved/SRR26465526/2to1.never.s42
SRR26465526	OXFORD_NANOPORE	2230369	starved	18	7369	2to1	never	4556	4912	2457	4912	2457	5622.278	5688.996	27276	0.0122	26990	39380	24.47	no	NA	NA	NA	7369	0.41	no	4:29.38	1698828	0	starved/SRR26465526/2to1.never.s4556
SRR26465526	OXFORD_NANOPORE	2230369	starved	18	7369	4to1	auto	7	5895	1474	1176	294	8964.319	9632.432	1895568	0.8499	576270	2290000	9.70	yes	179.00	3	1470	7369	2.04	yes	0:01.28	224488	0	starved/SRR26465526/4to1.auto.s7
SRR26465526	OXFORD_NANOPORE	2230369	starved	18	7369	4to1	auto	42	5895	1474	1174	293	9149.963	9135.672	1895266	0.8498	637670	2340000	9.52	yes	196.00	3	1467	7369	1.37	yes	0:01.21	220944	0	starved/SRR26465526/4to1.auto.s42
SRR26465526	OXFORD_NANOPORE	2230369	starved	18	7369	4to1	auto	4556	5895	1474	1170	292	8979.4795	9462.507	1816662	0.8145	547350	2290000	9.57	yes	171.00	3	1462	7369	1.03	yes	0:01.26	214864	0	starved/SRR26465526/4to1.auto.s4556
SRR26465526	OXFORD_NANOPORE	2230369	starved	18	7369	4to1	never	7	5895	1474	5895	1474	5698.8296	5427.3364	27144	0.0122	26920	40630	28.88	no	NA	NA	NA	7369	0.47	no	3:07.61	1496124	0	starved/SRR26465526/4to1.never.s7
SRR26465526	OXFORD_NANOPORE	2230369	starved	18	7369	4to1	never	42	5895	1474	5895	1474	5614.3877	5765.045	27282	0.0122	27040	39210	29.55	no	NA	NA	NA	7369	0.34	no	3:10.97	1621844	0	starved/SRR26465526/4to1.never.s42
SRR26465526	OXFORD_NANOPORE	2230369	starved	18	7369	4to1	never	4556	5895	1474	5895	1474	5632.7866	5691.4634	27249	0.0122	26970	39700	29.40	no	NA	NA	NA	7369	0.34	no	3:09.05	1724216	0	starved/SRR26465526/4to1.never.s4556
SRR26465526	OXFORD_NANOPORE	2230369	starved	18	7369	8to1	auto	7	6550	819	1307	163	8946.107	10315.411	1990886	0.8926	545540	2410000	11.17	yes	179.00	3	1470	7369	2.45	yes	0:01.18	239652	0	starved/SRR26465526/8to1.auto.s7
SRR26465526	OXFORD_NANOPORE	2230369	starved	18	7369	8to1	auto	42	6550	819	1304	163	9114.08	9411.338	1999693	0.8966	613510	2300000	10.71	yes	196.00	3	1467	7369	1.84	yes	0:01.13	245416	0	starved/SRR26465526/8to1.auto.s42
SRR26465526	OXFORD_NANOPORE	2230369	starved	18	7369	8to1	auto	4556	6550	819	1300	162	8978.793	9855.63	1974843	0.8854	541570	2310000	10.86	yes	171.00	3	1462	7369	0.62	yes	0:01.15	241592	0	starved/SRR26465526/8to1.auto.s4556
SRR26465526	OXFORD_NANOPORE	2230369	starved	18	7369	8to1	never	7	6550	819	6550	819	5647.3623	5621.8154	27153	0.0122	26920	40120	32.51	no	NA	NA	NA	7369	0.0	no	1:55.77	1486392	0	starved/SRR26465526/8to1.never.s7
SRR26465526	OXFORD_NANOPORE	2230369	starved	18	7369	8to1	never	42	6550	819	6550	819	5621.521	5828.4834	27182	0.0122	26880	39630	33.04	no	NA	NA	NA	7369	0.12	no	1:53.90	1436124	0	starved/SRR26465526/8to1.never.s42
SRR26465526	OXFORD_NANOPORE	2230369	starved	18	7369	8to1	never	4556	6550	819	6550	819	5618.5254	5852.447	27044	0.0121	26790	39910	33.10	no	NA	NA	NA	7369	0.61	no	1:52.25	1701928	0	starved/SRR26465526/8to1.never.s4556
SRR26465526	OXFORD_NANOPORE	2230369	marginal	9	14737	legacy	auto	7	9737	5000	2047	1050	8873.693	8596.784	1996849	0.8953	601770	2490000	15.85	yes	187.00	7	3097	14737	1.14	yes	0:03.47	342184	0	marginal/SRR26465526/legacy.auto.s7
SRR26465526	OXFORD_NANOPORE	2230369	marginal	9	14737	legacy	auto	42	9737	5000	2014	1033	8743.537	9170.427	1911429	0.8570	633300	2250000	16.00	yes	196.00	6	3047	14737	0.58	yes	0:03.33	340756	0	marginal/SRR26465526/legacy.auto.s42
SRR26465526	OXFORD_NANOPORE	2230369	marginal	9	14737	legacy	auto	4556	9737	5000	2022	1038	9040.197	8290.307	1949643	0.8741	699920	2350000	15.53	yes	187.00	6	3060	14737	1.06	yes	0:03.35	335140	0	marginal/SRR26465526/legacy.auto.s4556
SRR26465526	OXFORD_NANOPORE	2230369	marginal	9	14737	legacy	never	7	9737	5000	9737	5000	5646.4297	5559.311	27250	0.0122	26950	40490	48.05	no	NA	NA	NA	14737	0.22	no	13:30.42	2358008	0	marginal/SRR26465526/legacy.never.s7
SRR26465526	OXFORD_NANOPORE	2230369	marginal	9	14737	legacy	never	42	9737	5000	9737	5000	5606.237	5637.583	27220	0.0122	26930	40060	48.22	no	NA	NA	NA	14737	0.34	no	13:09.68	2475888	0	marginal/SRR26465526/legacy.never.s42
SRR26465526	OXFORD_NANOPORE	2230369	marginal	9	14737	legacy	never	4556	9737	5000	9737	5000	5663.3003	5526.457	27328	0.0123	27050	40260	47.98	no	NA	NA	NA	14737	0.38	no	13:12.63	2397132	0	marginal/SRR26465526/legacy.never.s4556
SRR26465526	OXFORD_NANOPORE	2230369	marginal	9	14737	1to1	auto	7	7368	7369	1549	1548	8828.937	8730.652	1977701	0.8867	558450	2420000	12.06	yes	187.00	7	3097	14737	0.97	yes	0:03.73	301140	0	marginal/SRR26465526/1to1.auto.s7
SRR26465526	OXFORD_NANOPORE	2230369	marginal	9	14737	1to1	auto	42	7368	7369	1524	1523	8717.319	9059.317	1940720	0.8701	635820	2280000	12.01	yes	196.00	6	3047	14737	0.85	yes	0:03.68	291420	0	marginal/SRR26465526/1to1.auto.s42
SRR26465526	OXFORD_NANOPORE	2230369	marginal	9	14737	1to1	auto	4556	7368	7369	1530	1530	9183.875	8387.77	1931282	0.8659	638540	2290000	11.92	yes	187.00	6	3060	14737	1.18	yes	0:03.56	279108	0	marginal/SRR26465526/1to1.auto.s4556
SRR26465526	OXFORD_NANOPORE	2230369	marginal	9	14737	1to1	never	7	7368	7369	7368	7369	5594.4517	5639.2896	27120	0.0122	26840	40310	36.45	no	NA	NA	NA	14737	0.30	no	17:07.00	2378548	0	marginal/SRR26465526/1to1.never.s7
SRR26465526	OXFORD_NANOPORE	2230369	marginal	9	14737	1to1	never	42	7368	7369	7368	7369	5576.2627	5657.4756	27259	0.0122	26970	39760	36.45	no	NA	NA	NA	14737	0.38	no	17:13.63	2497960	0	marginal/SRR26465526/1to1.never.s42
SRR26465526	OXFORD_NANOPORE	2230369	marginal	9	14737	1to1	never	4556	7368	7369	7368	7369	5688.472	5545.2813	27222	0.0122	26930	40690	36.45	no	NA	NA	NA	14737	0.41	no	17:08.96	2361912	0	marginal/SRR26465526/1to1.never.s4556
SRR26465526	OXFORD_NANOPORE	2230369	marginal	9	14737	2to1	auto	7	9824	4913	2065	1032	8862.088	8615.175	2003732	0.8984	611440	2460000	16.00	yes	187.00	7	3097	14737	1.16	yes	0:03.68	339916	0	marginal/SRR26465526/2to1.auto.s7
SRR26465526	OXFORD_NANOPORE	2230369	marginal	9	14737	2to1	auto	42	9824	4913	2032	1015	8722.597	9219.922	1891883	0.8482	636190	2250000	16.17	yes	196.00	6	3047	14737	0.59	yes	0:03.65	335572	0	marginal/SRR26465526/2to1.auto.s42
SRR26465526	OXFORD_NANOPORE	2230369	marginal	9	14737	2to1	auto	4556	9824	4913	2040	1020	9040.053	8277.359	1955474	0.8767	698860	2360000	15.66	yes	187.00	6	3060	14737	1.08	yes	0:03.25	332872	0	marginal/SRR26465526/2to1.auto.s4556
SRR26465526	OXFORD_NANOPORE	2230369	marginal	9	14737	2to1	never	7	9824	4913	9824	4913	5642.9644	5564.698	27274	0.0122	26970	40360	48.49	no	NA	NA	NA	14737	0.22	no	13:34.48	2378324	0	marginal/SRR26465526/2to1.never.s7
SRR26465526	OXFORD_NANOPORE	2230369	marginal	9	14737	2to1	never	42	9824	4913	9824	4913	5603.875	5642.8604	27230	0.0122	26940	39990	48.66	no	NA	NA	NA	14737	0.33	no	13:57.25	2358224	0	marginal/SRR26465526/2to1.never.s42
SRR26465526	OXFORD_NANOPORE	2230369	marginal	9	14737	2to1	never	4556	9824	4913	9824	4913	5665.109	5520.418	27359	0.0123	27070	40270	48.39	no	NA	NA	NA	14737	0.37	no	14:43.41	2550464	0	marginal/SRR26465526/2to1.never.s4556
SRR26465526	OXFORD_NANOPORE	2230369	marginal	9	14737	4to1	auto	7	11789	2948	2478	619	8640.173	9338.811	1993021	0.8936	639020	2350000	19.75	yes	187.00	7	3097	14737	0.97	yes	0:03.55	346296	0	marginal/SRR26465526/4to1.auto.s7
SRR26465526	OXFORD_NANOPORE	2230369	marginal	9	14737	4to1	auto	42	11789	2948	2438	609	8756.029	9417.629	1974935	0.8855	651620	2220000	19.65	yes	196.00	6	3047	14737	0.49	yes	0:03.43	360340	0	marginal/SRR26465526/4to1.auto.s42
SRR26465526	OXFORD_NANOPORE	2230369	marginal	9	14737	4to1	auto	4556	11789	2948	2448	612	8929.095	8212.733	1981718	0.8885	706590	2290000	18.60	yes	187.00	6	3060	14737	1.47	yes	0:03.29	350676	0	marginal/SRR26465526/4to1.auto.s4556
SRR26465526	OXFORD_NANOPORE	2230369	marginal	9	14737	4to1	never	7	11789	2948	11789	2948	5646.3584	5498.956	27375	0.0123	27050	40470	57.86	no	NA	NA	NA	14737	0.27	no	9:48.43	2360472	0	marginal/SRR26465526/4to1.never.s7
SRR26465526	OXFORD_NANOPORE	2230369	marginal	9	14737	4to1	never	42	11789	2948	11789	2948	5608.911	5648.706	27289	0.0122	27010	40180	58.45	no	NA	NA	NA	14737	0.27	no	8:52.53	2368200	0	marginal/SRR26465526/4to1.never.s42
SRR26465526	OXFORD_NANOPORE	2230369	marginal	9	14737	4to1	never	4556	11789	2948	11789	2948	5671.554	5398.198	27421	0.0123	27120	40370	57.46	no	NA	NA	NA	14737	0.37	no	9:32.50	2436996	0	marginal/SRR26465526/4to1.never.s4556
SRR26465526	OXFORD_NANOPORE	2230369	marginal	9	14737	8to1	auto	7	13099	1638	2753	344	8739.649	9101.212	1901608	0.8526	677620	2270000	21.78	yes	187.00	7	3097	14737	0.87	yes	0:03.05	391936	0	marginal/SRR26465526/8to1.auto.s7
SRR26465526	OXFORD_NANOPORE	2230369	marginal	9	14737	8to1	auto	42	13099	1638	2709	338	8850.465	9191.204	1929173	0.8650	678010	2280000	21.67	yes	196.00	6	3047	14737	0.59	yes	0:02.36	390000	0	marginal/SRR26465526/8to1.auto.s42
SRR26465526	OXFORD_NANOPORE	2230369	marginal	9	14737	8to1	auto	4556	13099	1638	2720	340	8870.877	8105.3823	1992774	0.8935	713020	2290000	20.46	yes	187.00	6	3060	14737	1.18	yes	0:02.80	393416	0	marginal/SRR26465526/8to1.auto.s4556
SRR26465526	OXFORD_NANOPORE	2230369	marginal	9	14737	8to1	never	7	13099	1638	13099	1638	5621.721	5578.0923	27379	0.0123	27010	40060	64.61	no	NA	NA	NA	14737	0.31	no	5:41.71	2798388	0	marginal/SRR26465526/8to1.never.s7
SRR26465526	OXFORD_NANOPORE	2230369	marginal	9	14737	8to1	never	42	13099	1638	13099	1638	5601.882	5736.7485	27354	0.0123	27050	40010	65.42	no	NA	NA	NA	14737	0.24	no	6:03.03	2537312	0	marginal/SRR26465526/8to1.never.s42
SRR26465526	OXFORD_NANOPORE	2230369	marginal	9	14737	8to1	never	4556	13099	1638	13099	1638	5645.2456	5389.9688	27434	0.0123	27140	40120	63.64	no	NA	NA	NA	14737	0.24	no	5:52.40	2616504	0	marginal/SRR26465526/8to1.never.s4556
SRR26465526	OXFORD_NANOPORE	2230369	comfortable	1	132633	legacy	auto	7	10000	5000	10000	5000	8713.16	8748.165	2180880	0.9778	962110	2340000	77.40	yes	442.00	37	25626	132633	0.56	no	0:36.23	1669340	0	comfortable/SRR26465526/legacy.auto.s7
SRR26465526	OXFORD_NANOPORE	2230369	comfortable	1	132633	legacy	auto	42	10000	5000	10000	5000	8600.745	8644.839	2216169	0.9936	1030000	2380000	76.43	yes	453.00	28	21477	132633	0.62	no	0:35.92	1415996	0	comfortable/SRR26465526/legacy.auto.s42
SRR26465526	OXFORD_NANOPORE	2230369	comfortable	1	132633	legacy	auto	4556	10000	5000	10000	5000	8709.303	8767.752	2214342	0.9928	1000000	2370000	77.47	yes	426.00	31	23258	132633	0.84	no	0:43.44	1457196	0	comfortable/SRR26465526/legacy.auto.s4556
SRR26465526	OXFORD_NANOPORE	2230369	comfortable	1	132633	legacy	never	7	10000	5000	10000	5000	5573.3066	5623.8623	26893	0.0121	26620	40380	49.31	no	NA	NA	NA	132633	0.36	no	6:57.89	4348592	0	comfortable/SRR26465526/legacy.never.s7
SRR26465526	OXFORD_NANOPORE	2230369	comfortable	1	132633	legacy	never	42	10000	5000	10000	5000	5635.784	5526.782	27323	0.0123	27010	40280	49.16	no	NA	NA	NA	132633	0.20	no	8:05.72	3848536	0	comfortable/SRR26465526/legacy.never.s42
SRR26465526	OXFORD_NANOPORE	2230369	comfortable	1	132633	legacy	never	4556	10000	5000	10000	5000	5604.7056	5582.6147	27170	0.0122	26900	40120	49.27	no	NA	NA	NA	132633	0.36	no	7:33.64	3913416	0	comfortable/SRR26465526/legacy.never.s4556
SRR26465526	OXFORD_NANOPORE	2230369	comfortable	1	132633	1to1	auto	7	7500	7500	7500	7500	8783.858	8665.799	2142534	0.9606	893390	2340000	58.01	yes	442.00	37	25626	132633	0.53	no	0:38.08	1380424	0	comfortable/SRR26465526/1to1.auto.s7
SRR26465526	OXFORD_NANOPORE	2230369	comfortable	1	132633	1to1	auto	42	7500	7500	7500	7500	8438.346	8792.54	2187466	0.9808	952800	2350000	57.27	yes	453.00	28	21477	132633	0.55	no	0:39.17	1202168	0	comfortable/SRR26465526/1to1.auto.s42
SRR26465526	OXFORD_NANOPORE	2230369	comfortable	1	132633	1to1	auto	4556	7500	7500	7500	7500	8688.155	8769.416	2163556	0.9700	942000	2360000	58.03	yes	426.00	31	23258	132633	0.83	no	0:38.67	1296392	0	comfortable/SRR26465526/1to1.auto.s4556
SRR26465526	OXFORD_NANOPORE	2230369	comfortable	1	132633	1to1	never	7	7500	7500	7500	7500	5589.9297	5590.387	26947	0.0121	26670	40510	36.93	no	NA	NA	NA	132633	0.37	no	9:06.94	4056344	0	comfortable/SRR26465526/1to1.never.s7
SRR26465526	OXFORD_NANOPORE	2230369	comfortable	1	132633	1to1	never	42	7500	7500	7500	7500	5636.3813	5562.519	27344	0.0123	27020	40210	36.99	no	NA	NA	NA	132633	0.21	no	9:24.33	4154904	0	comfortable/SRR26465526/1to1.never.s42
SRR26465526	OXFORD_NANOPORE	2230369	comfortable	1	132633	1to1	never	4556	7500	7500	7500	7500	5601.426	5593.2583	27251	0.0122	26960	39690	36.97	no	NA	NA	NA	132633	0.33	no	9:12.25	3830812	0	comfortable/SRR26465526/1to1.never.s4556
SRR26465526	OXFORD_NANOPORE	2230369	comfortable	1	132633	2to1	auto	7	10000	5000	10000	5000	8713.16	8748.165	2180880	0.9778	962110	2340000	77.40	yes	442.00	37	25626	132633	0.56	no	0:33.79	1523552	0	comfortable/SRR26465526/2to1.auto.s7
SRR26465526	OXFORD_NANOPORE	2230369	comfortable	1	132633	2to1	auto	42	10000	5000	10000	5000	8600.745	8644.839	2216169	0.9936	1030000	2380000	76.43	yes	453.00	28	21477	132633	0.62	no	0:48.12	1496328	0	comfortable/SRR26465526/2to1.auto.s42
SRR26465526	OXFORD_NANOPORE	2230369	comfortable	1	132633	2to1	auto	4556	10000	5000	10000	5000	8709.303	8767.752	2214342	0.9928	1000000	2370000	77.47	yes	426.00	31	23258	132633	0.84	no	0:33.17	1507540	0	comfortable/SRR26465526/2to1.auto.s4556
SRR26465526	OXFORD_NANOPORE	2230369	comfortable	1	132633	2to1	never	7	10000	5000	10000	5000	5573.3066	5623.8623	26893	0.0121	26620	40380	49.31	no	NA	NA	NA	132633	0.36	no	7:37.92	4059308	0	comfortable/SRR26465526/2to1.never.s7
SRR26465526	OXFORD_NANOPORE	2230369	comfortable	1	132633	2to1	never	42	10000	5000	10000	5000	5635.784	5526.782	27323	0.0123	27010	40280	49.16	no	NA	NA	NA	132633	0.20	no	7:17.03	3883512	0	comfortable/SRR26465526/2to1.never.s42
SRR26465526	OXFORD_NANOPORE	2230369	comfortable	1	132633	2to1	never	4556	10000	5000	10000	5000	5604.7056	5582.6147	27170	0.0122	26900	40120	49.27	no	NA	NA	NA	132633	0.36	no	6:53.99	3814356	0	comfortable/SRR26465526/2to1.never.s4556
SRR26465526	OXFORD_NANOPORE	2230369	comfortable	1	132633	4to1	auto	7	12000	3000	12000	3000	8688.577	8869.835	2179574	0.9772	1020000	2330000	93.40	yes	442.00	37	25626	132633	0.47	no	0:31.07	1832308	0	comfortable/SRR26465526/4to1.auto.s7
SRR26465526	OXFORD_NANOPORE	2230369	comfortable	1	132633	4to1	auto	42	12000	3000	12000	3000	8612.848	8625.824	2232770	1.0011	1060000	2370000	91.68	yes	453.00	28	21477	132633	0.67	no	0:44.90	1709604	0	comfortable/SRR26465526/4to1.auto.s42
SRR26465526	OXFORD_NANOPORE	2230369	comfortable	1	132633	4to1	auto	4556	12000	3000	12000	3000	8738.438	8690.175	2226854	0.9984	1050000	2360000	92.70	yes	426.00	31	23258	132633	1.00	no	0:27.94	1677612	0	comfortable/SRR26465526/4to1.auto.s4556
SRR26465526	OXFORD_NANOPORE	2230369	comfortable	1	132633	4to1	never	7	12000	3000	12000	3000	5571.6055	5664.369	27045	0.0121	26780	39980	59.38	no	NA	NA	NA	132633	0.40	no	5:09.43	3942080	0	comfortable/SRR26465526/4to1.never.s7
SRR26465526	OXFORD_NANOPORE	2230369	comfortable	1	132633	4to1	never	42	12000	3000	12000	3000	5615.7104	5534.408	27228	0.0122	26910	40200	58.92	no	NA	NA	NA	132633	0.23	no	5:07.66	3686692	0	comfortable/SRR26465526/4to1.never.s42
SRR26465526	OXFORD_NANOPORE	2230369	comfortable	1	132633	4to1	never	4556	12000	3000	12000	3000	5603.095	5574.328	27227	0.0122	26980	40170	59.07	no	NA	NA	NA	132633	0.37	no	4:57.06	3573200	0	comfortable/SRR26465526/4to1.never.s4556
SRR26465526	OXFORD_NANOPORE	2230369	comfortable	1	132633	8to1	auto	7	13333	1667	13333	1667	8735.768	8637.333	2196366	0.9848	1070000	2330000	102.67	yes	442.00	37	25626	132633	0.42	no	0:25.36	1995000	0	comfortable/SRR26465526/8to1.auto.s7
SRR26465526	OXFORD_NANOPORE	2230369	comfortable	1	132633	8to1	auto	42	13333	1667	13333	1667	8606.021	8690.805	2239955	1.0043	1140000	2380000	102.21	yes	453.00	28	21477	132633	0.78	no	0:26.66	1942480	0	comfortable/SRR26465526/8to1.auto.s42
SRR26465526	OXFORD_NANOPORE	2230369	comfortable	1	132633	8to1	auto	4556	13333	1667	13333	1667	8736.521	8666.912	2221780	0.9961	1060000	2350000	102.85	yes	426.00	31	23258	132633	1.02	no	0:22.91	1977604	0	comfortable/SRR26465526/8to1.auto.s4556
SRR26465526	OXFORD_NANOPORE	2230369	comfortable	1	132633	8to1	never	7	13333	1667	13333	1667	5583.824	5640.822	27110	0.0122	26840	39950	65.91	no	NA	NA	NA	132633	0.66	no	3:04.07	4185940	0	comfortable/SRR26465526/8to1.never.s7
SRR26465526	OXFORD_NANOPORE	2230369	comfortable	1	132633	8to1	never	42	13333	1667	13333	1667	5611.015	5506.9526	27118	0.0122	26610	40400	65.27	no	NA	NA	NA	132633	0.30	no	3:33.65	4290780	0	comfortable/SRR26465526/8to1.never.s42
SRR26465526	OXFORD_NANOPORE	2230369	comfortable	1	132633	8to1	never	4556	13333	1667	13333	1667	5602.1914	5558.557	27274	0.0122	26970	40110	65.53	no	NA	NA	NA	132633	0.42	no	2:47.19	4238604	0	comfortable/SRR26465526/8to1.never.s4556
SRR26465526	OXFORD_NANOPORE	2230369	comfortable	1	132633	more4to1	auto	7	20000	5000	20000	5000	8723.191	8727.35	2183074	0.9788	1180000	2310000	154.70	yes	442.00	37	25608	132633	0.66	no	0:56.37	3153632	0	comfortable/SRR26465526/more4to1.auto.s7
SRR26465526	OXFORD_NANOPORE	2230369	comfortable	1	132633	more4to1	auto	42	20000	5000	17273	4318	8661.462	8834.517	2247380	1.0076	1230000	2350000	133.96	yes	453.00	28	21591	132633	0.63	yes	0:41.61	2531216	0	comfortable/SRR26465526/more4to1.auto.s42
SRR26465526	OXFORD_NANOPORE	2230369	comfortable	1	132633	more4to1	auto	4556	20000	5000	18587	4646	8703.566	8739.787	2243949	1.0061	1250000	2350000	143.71	yes	426.00	31	23233	132633	0.71	yes	0:47.28	2803904	0	comfortable/SRR26465526/more4to1.auto.s4556
SRR26465526	OXFORD_NANOPORE	2230369	comfortable	1	132633	more4to1	never	7	20000	5000	20000	5000	5568.4375	5623.8623	27312	0.0122	26970	40250	98.58	no	NA	NA	NA	132633	0.58	no	8:32.89	5096012	0	comfortable/SRR26465526/more4to1.never.s7
SRR26465526	OXFORD_NANOPORE	2230369	comfortable	1	132633	more4to1	never	42	20000	5000	20000	5000	5597.0166	5526.782	27417	0.0123	27140	40230	97.96	no	NA	NA	NA	132633	0.38	no	9:14.48	5609936	0	comfortable/SRR26465526/more4to1.never.s42
SRR26465526	OXFORD_NANOPORE	2230369	comfortable	1	132633	more4to1	never	4556	20000	5000	20000	5000	5626.732	5582.6147	27596	0.0124	27310	40180	98.73	no	NA	NA	NA	132633	0.54	no	8:53.61	5118732	0	comfortable/SRR26465526/more4to1.never.s4556
SRR26465560	OXFORD_NANOPORE	3198172	starved	16	7476	legacy	auto	7	2476	5000	1369	2763	6284.2046	6668.744	2400822	0.7507	438090	3170000	5.46	yes	74.00	5	4132	7476	3.08	yes	0:03.21	213512	0	starved/SRR26465560/legacy.auto.s7
SRR26465560	OXFORD_NANOPORE	3198172	starved	16	7476	legacy	auto	42	2476	5000	1362	2750	6630.3984	6475.475	2470507	0.7725	453810	3170000	5.50	yes	69.00	5	4112	7476	2.47	yes	0:02.94	210160	0	starved/SRR26465560/legacy.auto.s42
SRR26465560	OXFORD_NANOPORE	3198172	starved	16	7476	legacy	auto	4556	2476	5000	1358	2741	6724.349	6448.493	2371790	0.7416	496100	3140000	5.51	yes	73.00	5	4099	7476	2.92	yes	0:02.92	215108	0	starved/SRR26465560/legacy.auto.s4556
SRR26465560	OXFORD_NANOPORE	3198172	starved	16	7476	legacy	never	7	2476	5000	2476	5000	5759.2856	5592.897	233148	0.0729	53870	2120000	8.63	no	NA	NA	NA	7476	1.34	no	0:49.85	375356	0	starved/SRR26465560/legacy.never.s7
SRR26465560	OXFORD_NANOPORE	3198172	starved	16	7476	legacy	never	42	2476	5000	2476	5000	5688.5435	5627.928	238662	0.0746	53200	2320000	8.61	no	NA	NA	NA	7476	1.72	no	0:49.44	381448	0	starved/SRR26465560/legacy.never.s42
SRR26465560	OXFORD_NANOPORE	3198172	starved	16	7476	legacy	never	4556	2476	5000	2476	5000	5550.3374	5696.368	270438	0.0846	50770	2370000	8.55	no	NA	NA	NA	7476	1.54	no	0:49.57	359024	0	starved/SRR26465560/legacy.never.s4556
SRR26465560	OXFORD_NANOPORE	3198172	starved	16	7476	1to1	auto	7	3738	3738	2066	2066	6465.5034	6617.177	2556281	0.7993	456050	3190000	8.32	yes	74.00	5	4132	7476	1.21	yes	0:03.26	264612	0	starved/SRR26465560/1to1.auto.s7
SRR26465560	OXFORD_NANOPORE	3198172	starved	16	7476	1to1	auto	42	3738	3738	2056	2056	6588.796	6464.784	2565302	0.8021	486470	3260000	8.26	yes	69.00	5	4112	7476	0.97	yes	0:03.01	292476	0	starved/SRR26465560/1to1.auto.s42
SRR26465560	OXFORD_NANOPORE	3198172	starved	16	7476	1to1	auto	4556	3738	3738	2050	2049	6573.79	6505.9624	2485358	0.7771	511390	3110000	8.26	yes	73.00	5	4099	7476	1.46	yes	0:02.99	291668	0	starved/SRR26465560/1to1.auto.s4556
SRR26465560	OXFORD_NANOPORE	3198172	starved	16	7476	1to1	never	7	3738	3738	3738	3738	5867.3975	5428.6094	249801	0.0781	54960	2730000	12.97	no	NA	NA	NA	7476	0.59	no	0:57.92	532672	0	starved/SRR26465560/1to1.never.s7
SRR26465560	OXFORD_NANOPORE	3198172	starved	16	7476	1to1	never	42	3738	3738	3738	3738	5734.3413	5561.666	247149	0.0773	53670	2770000	12.97	no	NA	NA	NA	7476	0.94	no	0:49.97	551504	0	starved/SRR26465560/1to1.never.s42
SRR26465560	OXFORD_NANOPORE	3198172	starved	16	7476	1to1	never	4556	3738	3738	3738	3738	5631.8833	5664.124	281757	0.0881	52940	2690000	12.97	no	NA	NA	NA	7476	0.78	no	0:50.43	492080	0	starved/SRR26465560/1to1.never.s4556
SRR26465560	OXFORD_NANOPORE	3198172	starved	16	7476	2to1	auto	7	4984	2492	2755	1377	6429.1563	6765.7886	2592694	0.8107	464070	3120000	11.20	yes	74.00	5	4132	7476	0.80	yes	0:02.88	329784	0	starved/SRR26465560/2to1.auto.s7
SRR26465560	OXFORD_NANOPORE	3198172	starved	16	7476	2to1	auto	42	4984	2492	2742	1370	6388.58	6803.4116	2623697	0.8204	514030	3150000	11.14	yes	69.00	5	4112	7476	0.80	yes	0:02.72	323716	0	starved/SRR26465560/2to1.auto.s42
SRR26465560	OXFORD_NANOPORE	3198172	starved	16	7476	2to1	auto	4556	4984	2492	2733	1366	6530.1147	6559.4307	2534588	0.7925	500740	3070000	11.02	yes	73.00	5	4099	7476	1.10	yes	0:02.74	319972	0	starved/SRR26465560/2to1.auto.s4556
SRR26465560	OXFORD_NANOPORE	3198172	starved	16	7476	2to1	never	7	4984	2492	4984	2492	5751.706	5440.598	268200	0.0839	52980	2820000	17.13	no	NA	NA	NA	7476	0.48	no	0:41.16	706412	0	starved/SRR26465560/2to1.never.s7
SRR26465560	OXFORD_NANOPORE	3198172	starved	16	7476	2to1	never	42	4984	2492	4984	2492	5672.01	5599.991	233914	0.0731	53170	2900000	17.26	no	NA	NA	NA	7476	0.92	no	1:14.52	662908	0	starved/SRR26465560/2to1.never.s42
SRR26465560	OXFORD_NANOPORE	3198172	starved	16	7476	2to1	never	4556	4984	2492	4984	2492	5599.974	5744.063	237512	0.0743	53010	2160000	17.37	no	NA	NA	NA	7476	0.72	no	0:42.01	673880	0	starved/SRR26465560/2to1.never.s4556
SRR26465560	OXFORD_NANOPORE	3198172	starved	16	7476	4to1	auto	7	5980	1496	3306	826	6433.678	6972.248	2685980	0.8398	496110	3110000	13.65	yes	74.00	5	4132	7476	0.97	yes	0:02.46	351724	0	starved/SRR26465560/4to1.auto.s7
SRR26465560	OXFORD_NANOPORE	3198172	starved	16	7476	4to1	auto	42	5980	1496	3290	822	6455.9297	6810.4053	2731149	0.8540	587130	3230000	13.44	yes	69.00	5	4112	7476	0.85	yes	0:02.46	349024	0	starved/SRR26465560/4to1.auto.s42
SRR26465560	OXFORD_NANOPORE	3198172	starved	16	7476	4to1	auto	4556	5980	1496	3279	820	6514.8667	6639.926	2568510	0.8031	555120	3130000	13.28	yes	73.00	5	4099	7476	1.22	yes	0:02.34	350960	0	starved/SRR26465560/4to1.auto.s4556
SRR26465560	OXFORD_NANOPORE	3198172	starved	16	7476	4to1	never	7	5980	1496	5980	1496	5738.1987	5287.464	220292	0.0689	53260	2980000	20.24	no	NA	NA	NA	7476	0.53	no	0:29.29	851732	0	starved/SRR26465560/4to1.never.s7
SRR26465560	OXFORD_NANOPORE	3198172	starved	16	7476	4to1	never	42	5980	1496	5980	1496	5653.08	5627.7104	225161	0.0704	52710	2720000	20.72	no	NA	NA	NA	7476	0.74	no	0:29.23	826848	0	starved/SRR26465560/4to1.never.s42
SRR26465560	OXFORD_NANOPORE	3198172	starved	16	7476	4to1	never	4556	5980	1496	5980	1496	5641.973	5672.1104	228890	0.0716	52640	2670000	20.78	no	NA	NA	NA	7476	0.74	no	0:29.17	868728	0	starved/SRR26465560/4to1.never.s4556
SRR26465560	OXFORD_NANOPORE	3198172	starved	16	7476	8to1	auto	7	6645	831	3673	459	6521.8535	6697.2725	2762072	0.8636	617640	3190000	14.95	yes	74.00	5	4132	7476	1.31	yes	0:02.04	395844	0	starved/SRR26465560/8to1.auto.s7
SRR26465560	OXFORD_NANOPORE	3198172	starved	16	7476	8to1	auto	42	6645	831	3655	457	6539.4863	6425.247	2769066	0.8658	678110	3210000	14.59	yes	69.00	5	4112	7476	0.66	yes	0:01.95	395356	0	starved/SRR26465560/8to1.auto.s42
SRR26465560	OXFORD_NANOPORE	3198172	starved	16	7476	8to1	auto	4556	6645	831	3644	455	6507.253	6801.224	2750592	0.8601	645640	3230000	14.94	yes	73.00	5	4099	7476	0.88	yes	0:03.18	391116	0	starved/SRR26465560/8to1.auto.s4556
SRR26465560	OXFORD_NANOPORE	3198172	starved	16	7476	8to1	never	7	6645	831	6645	831	5683.721	5362.392	183939	0.0575	52880	2110000	22.54	no	NA	NA	NA	7476	0.60	no	0:19.12	852864	0	starved/SRR26465560/8to1.never.s7
SRR26465560	OXFORD_NANOPORE	3198172	starved	16	7476	8to1	never	42	6645	831	6645	831	5679.0464	5399.7725	194463	0.0608	52700	2950000	22.61	no	NA	NA	NA	7476	0.96	no	0:18.25	872612	0	starved/SRR26465560/8to1.never.s42
SRR26465560	OXFORD_NANOPORE	3198172	starved	16	7476	8to1	never	4556	6645	831	6645	831	5628.585	5803.2803	155620	0.0487	52820	1470000	23.34	no	NA	NA	NA	7476	1.32	no	0:19.16	865080	0	starved/SRR26465560/8to1.never.s4556
SRR26465560	OXFORD_NANOPORE	3198172	marginal	8	14952	legacy	auto	7	9952	5000	5456	2741	6587.311	6679.33	2793871	0.8736	636670	3150000	22.29	yes	65.00	9	8197	14952	0.44	yes	0:09.12	626044	0	marginal/SRR26465560/legacy.auto.s7
SRR26465560	OXFORD_NANOPORE	3198172	marginal	8	14952	legacy	auto	42	9952	5000	5521	2773	6588.087	6663.293	2854279	0.8925	609040	3280000	22.53	yes	72.00	10	8294	14952	0.87	yes	0:09.10	638912	0	marginal/SRR26465560/legacy.auto.s42
SRR26465560	OXFORD_NANOPORE	3198172	marginal	8	14952	legacy	auto	4556	9952	5000	5515	2770	6508.674	6745.0674	2833701	0.8860	577080	3220000	22.51	yes	58.00	10	8285	14952	0.43	yes	0:10.74	643752	0	marginal/SRR26465560/legacy.auto.s4556
SRR26465560	OXFORD_NANOPORE	3198172	marginal	8	14952	legacy	never	7	9952	5000	9952	5000	5773.8315	5482.8687	311895	0.0975	53870	3070000	34.41	no	NA	NA	NA	14952	0.52	no	2:03.98	1388544	0	marginal/SRR26465560/legacy.never.s7
SRR26465560	OXFORD_NANOPORE	3198172	marginal	8	14952	legacy	never	42	9952	5000	9952	5000	5695.3955	5638.988	394779	0.1234	52840	3460000	34.65	no	NA	NA	NA	14952	0.52	no	2:00.13	1398616	0	marginal/SRR26465560/legacy.never.s42
SRR26465560	OXFORD_NANOPORE	3198172	marginal	8	14952	legacy	never	4556	9952	5000	9952	5000	5705.746	5618.386	296068	0.0926	53600	2850000	34.62	no	NA	NA	NA	14952	0.48	no	2:06.05	1498056	0	marginal/SRR26465560/legacy.never.s4556
SRR26465560	OXFORD_NANOPORE	3198172	marginal	8	14952	1to1	auto	7	7476	7476	4099	4098	6517.884	6718.303	2722156	0.8512	654770	3150000	16.71	yes	65.00	9	8197	14952	0.54	yes	0:11.33	470316	0	marginal/SRR26465560/1to1.auto.s7
SRR26465560	OXFORD_NANOPORE	3198172	marginal	8	14952	1to1	auto	42	7476	7476	4147	4147	6516.6816	6709.781	2764567	0.8644	591600	3190000	16.89	yes	72.00	10	8294	14952	0.75	yes	0:09.38	518420	0	marginal/SRR26465560/1to1.auto.s42
SRR26465560	OXFORD_NANOPORE	3198172	marginal	8	14952	1to1	auto	4556	7476	7476	4143	4142	6569.0186	6606.405	2775306	0.8678	577900	3250000	16.81	yes	58.00	10	8285	14952	0.60	yes	0:11.89	515300	0	marginal/SRR26465560/1to1.auto.s4556
SRR26465560	OXFORD_NANOPORE	3198172	marginal	8	14952	1to1	never	7	7476	7476	7476	7476	5735.0015	5618.0635	312863	0.0978	53090	2970000	26.07	no	NA	NA	NA	14952	0.47	no	2:38.75	1049420	0	marginal/SRR26465560/1to1.never.s7
SRR26465560	OXFORD_NANOPORE	3198172	marginal	8	14952	1to1	never	42	7476	7476	7476	7476	5713.133	5639.9326	351603	0.1099	52840	3280000	26.07	no	NA	NA	NA	14952	0.56	no	2:38.18	1095992	0	marginal/SRR26465560/1to1.never.s42
SRR26465560	OXFORD_NANOPORE	3198172	marginal	8	14952	1to1	never	4556	7476	7476	7476	7476	5639.865	5713.2007	304481	0.0952	52600	2910000	26.07	no	NA	NA	NA	14952	0.45	no	3:24.31	989408	0	marginal/SRR26465560/1to1.never.s4556
SRR26465560	OXFORD_NANOPORE	3198172	marginal	8	14952	2to1	auto	7	9968	4984	5465	2732	6583.6963	6686.864	2792656	0.8732	633480	3150000	22.34	yes	65.00	9	8197	14952	0.40	yes	0:08.92	624632	0	marginal/SRR26465560/2to1.auto.s7
SRR26465560	OXFORD_NANOPORE	3198172	marginal	8	14952	2to1	auto	42	9968	4984	5530	2764	6586.9995	6665.7134	2854092	0.8924	609520	3280000	22.57	yes	72.00	10	8294	14952	0.87	yes	0:08.51	642584	0	marginal/SRR26465560/2to1.auto.s42
SRR26465560	OXFORD_NANOPORE	3198172	marginal	8	14952	2to1	auto	4556	9968	4984	5524	2761	6502.2803	6758.6294	2830464	0.8850	576400	3220000	22.56	yes	58.00	10	8285	14952	0.43	yes	0:08.67	635156	0	marginal/SRR26465560/2to1.auto.s4556
SRR26465560	OXFORD_NANOPORE	3198172	marginal	8	14952	2to1	never	7	9968	4984	9968	4984	5775.069	5479.46	307355	0.0961	53940	3050000	34.46	no	NA	NA	NA	14952	0.52	no	1:59.11	1378792	0	marginal/SRR26465560/2to1.never.s7
SRR26465560	OXFORD_NANOPORE	3198172	marginal	8	14952	2to1	never	42	9968	4984	9968	4984	5692.314	5644.97	396506	0.1240	52820	3470000	34.72	no	NA	NA	NA	14952	0.52	no	2:18.10	1532256	0	marginal/SRR26465560/2to1.never.s42
SRR26465560	OXFORD_NANOPORE	3198172	marginal	8	14952	2to1	never	4556	9968	4984	9968	4984	5703.4004	5622.797	302269	0.0945	53570	2860000	34.68	no	NA	NA	NA	14952	0.48	no	2:02.69	1420872	0	marginal/SRR26465560/2to1.never.s4556
SRR26465560	OXFORD_NANOPORE	3198172	marginal	8	14952	4to1	auto	7	11961	2991	6558	1639	6620.4463	6608.616	2829782	0.8848	659400	3170000	26.72	yes	65.00	9	8197	14952	0.43	yes	0:07.21	668648	0	marginal/SRR26465560/4to1.auto.s7
SRR26465560	OXFORD_NANOPORE	3198172	marginal	8	14952	4to1	auto	42	11961	2991	6635	1659	6613.0127	6614.1035	2898252	0.9062	618440	3250000	27.03	yes	72.00	10	8294	14952	0.84	yes	0:06.78	674572	0	marginal/SRR26465560/4to1.auto.s42
SRR26465560	OXFORD_NANOPORE	3198172	marginal	8	14952	4to1	auto	4556	11961	2991	6628	1657	6526.6265	6832.0425	2879356	0.9003	606210	3240000	27.27	yes	58.00	10	8285	14952	0.30	yes	0:07.06	669016	0	marginal/SRR26465560/4to1.auto.s4556
SRR26465560	OXFORD_NANOPORE	3198172	marginal	8	14952	4to1	never	7	11961	2991	11961	2991	5721.5864	5496.3613	311707	0.0975	54400	3310000	41.21	no	NA	NA	NA	14952	0.57	no	1:17.97	1428296	0	marginal/SRR26465560/4to1.never.s7
SRR26465560	OXFORD_NANOPORE	3198172	marginal	8	14952	4to1	never	42	11961	2991	11961	2991	5678.1636	5670.0103	304340	0.0952	53680	3180000	41.70	no	NA	NA	NA	14952	0.70	no	1:20.00	1684400	0	marginal/SRR26465560/4to1.never.s42
SRR26465560	OXFORD_NANOPORE	3198172	marginal	8	14952	4to1	never	4556	11961	2991	11961	2991	5698.4707	5588.8022	335683	0.1050	53960	2960000	41.47	no	NA	NA	NA	14952	0.43	no	1:18.96	1564224	0	marginal/SRR26465560/4to1.never.s4556
SRR26465560	OXFORD_NANOPORE	3198172	marginal	8	14952	8to1	auto	7	13290	1662	7286	911	6611.041	6674.3877	2879188	0.9003	663180	3210000	29.81	yes	65.00	9	8197	14952	0.33	yes	0:05.11	741460	0	marginal/SRR26465560/8to1.auto.s7
SRR26465560	OXFORD_NANOPORE	3198172	marginal	8	14952	8to1	auto	42	13290	1662	7373	921	6622.736	6537.14	2868162	0.8968	631080	3200000	29.88	yes	72.00	10	8294	14952	0.76	yes	0:05.15	753400	0	marginal/SRR26465560/8to1.auto.s42
SRR26465560	OXFORD_NANOPORE	3198172	marginal	8	14952	8to1	auto	4556	13290	1662	7365	920	6602.337	6470.609	2857243	0.8934	575160	3170000	29.65	yes	58.00	10	8285	14952	0.43	yes	0:05.26	752884	0	marginal/SRR26465560/8to1.auto.s4556
SRR26465560	OXFORD_NANOPORE	3198172	marginal	8	14952	8to1	never	7	13290	1662	13290	1662	5710.968	5401.176	389950	0.1219	54510	3610000	45.35	no	NA	NA	NA	14952	0.60	no	0:44.54	1517496	0	marginal/SRR26465560/8to1.never.s7
SRR26465560	OXFORD_NANOPORE	3198172	marginal	8	14952	8to1	never	42	13290	1662	13290	1662	5675.157	5687.529	254788	0.0797	54270	2580000	46.39	no	NA	NA	NA	14952	0.72	no	0:48.44	1750732	0	marginal/SRR26465560/8to1.never.s42
SRR26465560	OXFORD_NANOPORE	3198172	marginal	8	14952	8to1	never	4556	13290	1662	13290	1662	5703.3105	5462.4023	287623	0.0899	54780	3310000	45.57	no	NA	NA	NA	14952	0.66	no	0:45.71	1663276	0	marginal/SRR26465560/8to1.never.s4556
SRR26465560	OXFORD_NANOPORE	3198172	comfortable	1	119614	legacy	auto	7	10000	5000	10000	5000	6392.5884	6625.2793	2970345	0.9288	781510	3290000	40.08	yes	147.00	72	65649	119614	0.66	no	0:22.59	1141752	0	comfortable/SRR26465560/legacy.auto.s7
SRR26465560	OXFORD_NANOPORE	3198172	comfortable	1	119614	legacy	auto	42	10000	5000	10000	5000	6482.099	6399.164	2990820	0.9352	788170	3310000	39.65	yes	137.00	71	65517	119614	1.04	no	0:34.12	1118596	0	comfortable/SRR26465560/legacy.auto.s42
SRR26465560	OXFORD_NANOPORE	3198172	comfortable	1	119614	legacy	auto	4556	10000	5000	10000	5000	6460.4473	6694.5225	2926832	0.9152	776830	3220000	40.51	yes	165.00	67	65360	119614	0.78	no	0:23.08	1148340	0	comfortable/SRR26465560/legacy.auto.s4556
SRR26465560	OXFORD_NANOPORE	3198172	comfortable	1	119614	legacy	never	7	10000	5000	10000	5000	5488.1226	5539.0674	317426	0.0993	50910	3010000	33.86	no	NA	NA	NA	119614	0.80	no	1:14.92	1933132	0	comfortable/SRR26465560/legacy.never.s7
SRR26465560	OXFORD_NANOPORE	3198172	comfortable	1	119614	legacy	never	42	10000	5000	10000	5000	5558.793	5710.437	347303	0.1086	50910	3080000	34.61	no	NA	NA	NA	119614	0.50	no	1:09.04	1984304	0	comfortable/SRR26465560/legacy.never.s42
SRR26465560	OXFORD_NANOPORE	3198172	comfortable	1	119614	legacy	never	4556	10000	5000	10000	5000	5629.483	5578.57	314829	0.0984	52310	2960000	34.42	no	NA	NA	NA	119614	0.60	no	1:18.64	2033776	0	comfortable/SRR26465560/legacy.never.s4556
SRR26465560	OXFORD_NANOPORE	3198172	comfortable	1	119614	1to1	auto	7	7500	7500	7500	7500	6440.525	6499.7793	2894482	0.9050	652750	3290000	29.88	yes	147.00	72	65649	119614	0.69	no	0:24.89	900812	0	comfortable/SRR26465560/1to1.auto.s7
SRR26465560	OXFORD_NANOPORE	3198172	comfortable	1	119614	1to1	auto	42	7500	7500	7500	7500	6494.989	6413.9194	2889525	0.9035	671090	3300000	29.81	yes	137.00	71	65517	119614	0.96	no	0:28.23	932356	0	comfortable/SRR26465560/1to1.auto.s42
SRR26465560	OXFORD_NANOPORE	3198172	comfortable	1	119614	1to1	auto	4556	7500	7500	7500	7500	6415.3467	6661.5977	2883535	0.9016	669950	3190000	30.20	yes	165.00	67	65360	119614	0.67	no	0:27.99	905628	0	comfortable/SRR26465560/1to1.auto.s4556
SRR26465560	OXFORD_NANOPORE	3198172	comfortable	1	119614	1to1	never	7	7500	7500	7500	7500	5460.74	5549.4683	317457	0.0993	50470	3090000	25.35	no	NA	NA	NA	119614	0.67	no	1:41.09	1506064	0	comfortable/SRR26465560/1to1.never.s7
SRR26465560	OXFORD_NANOPORE	3198172	comfortable	1	119614	1to1	never	42	7500	7500	7500	7500	5550.9634	5667.7183	370888	0.1160	49600	3140000	25.84	no	NA	NA	NA	119614	0.44	no	1:31.68	1345608	0	comfortable/SRR26465560/1to1.never.s42
SRR26465560	OXFORD_NANOPORE	3198172	comfortable	1	119614	1to1	never	4556	7500	7500	7500	7500	5601.2354	5623.7886	297447	0.0930	51460	2810000	25.86	no	NA	NA	NA	119614	0.57	no	1:38.02	1515752	0	comfortable/SRR26465560/1to1.never.s4556
SRR26465560	OXFORD_NANOPORE	3198172	comfortable	1	119614	2to1	auto	7	10000	5000	10000	5000	6392.5884	6625.2793	2970345	0.9288	781510	3290000	40.08	yes	147.00	72	65649	119614	0.66	no	0:27.64	1113772	0	comfortable/SRR26465560/2to1.auto.s7
SRR26465560	OXFORD_NANOPORE	3198172	comfortable	1	119614	2to1	auto	42	10000	5000	10000	5000	6482.099	6399.164	2990820	0.9352	788170	3310000	39.65	yes	137.00	71	65517	119614	1.04	no	0:25.76	1139276	0	comfortable/SRR26465560/2to1.auto.s42
SRR26465560	OXFORD_NANOPORE	3198172	comfortable	1	119614	2to1	auto	4556	10000	5000	10000	5000	6460.4473	6694.5225	2926832	0.9152	776830	3220000	40.51	yes	165.00	67	65360	119614	0.78	no	0:23.81	1128376	0	comfortable/SRR26465560/2to1.auto.s4556
SRR26465560	OXFORD_NANOPORE	3198172	comfortable	1	119614	2to1	never	7	10000	5000	10000	5000	5488.1226	5539.0674	317426	0.0993	50910	3010000	33.86	no	NA	NA	NA	119614	0.80	no	1:17.05	1993428	0	comfortable/SRR26465560/2to1.never.s7
SRR26465560	OXFORD_NANOPORE	3198172	comfortable	1	119614	2to1	never	42	10000	5000	10000	5000	5558.793	5710.437	347303	0.1086	50910	3080000	34.61	no	NA	NA	NA	119614	0.50	no	2:07.70	1942124	0	comfortable/SRR26465560/2to1.never.s42
SRR26465560	OXFORD_NANOPORE	3198172	comfortable	1	119614	2to1	never	4556	10000	5000	10000	5000	5629.483	5578.57	314829	0.0984	52310	2960000	34.42	no	NA	NA	NA	119614	0.60	no	1:08.52	2047072	0	comfortable/SRR26465560/2to1.never.s4556
SRR26465560	OXFORD_NANOPORE	3198172	comfortable	1	119614	4to1	auto	7	12000	3000	12000	3000	6409.034	6714.6245	2968102	0.9281	811370	3280000	48.50	yes	147.00	72	65649	119614	0.77	no	0:23.57	1295296	0	comfortable/SRR26465560/4to1.auto.s7
SRR26465560	OXFORD_NANOPORE	3198172	comfortable	1	119614	4to1	auto	42	12000	3000	12000	3000	6471.79	6385.111	3019515	0.9441	848410	3320000	47.49	yes	137.00	71	65517	119614	0.87	no	0:20.10	1300976	0	comfortable/SRR26465560/4to1.auto.s42
SRR26465560	OXFORD_NANOPORE	3198172	comfortable	1	119614	4to1	auto	4556	12000	3000	12000	3000	6519.097	6615.973	2919496	0.9129	844300	3220000	48.54	yes	165.00	67	65360	119614	0.70	no	0:23.83	1304028	0	comfortable/SRR26465560/4to1.auto.s4556
SRR26465560	OXFORD_NANOPORE	3198172	comfortable	1	119614	4to1	never	7	12000	3000	12000	3000	5484.991	5585.557	311543	0.0974	50840	3070000	40.79	no	NA	NA	NA	119614	0.93	no	1:31.88	1907548	0	comfortable/SRR26465560/4to1.never.s7
SRR26465560	OXFORD_NANOPORE	3198172	comfortable	1	119614	4to1	never	42	12000	3000	12000	3000	5570.768	5763.6313	314748	0.0984	51640	2610000	41.78	no	NA	NA	NA	119614	0.53	no	0:52.89	2088260	0	comfortable/SRR26465560/4to1.never.s42
SRR26465560	OXFORD_NANOPORE	3198172	comfortable	1	119614	4to1	never	4556	12000	3000	12000	3000	5636.4346	5516.821	265359	0.0830	53010	2600000	41.10	no	NA	NA	NA	119614	0.60	no	0:46.64	2021020	0	comfortable/SRR26465560/4to1.never.s4556
SRR26465560	OXFORD_NANOPORE	3198172	comfortable	1	119614	8to1	auto	7	13333	1667	13333	1667	6408.646	6962.0874	2980524	0.9319	815300	3270000	54.91	yes	147.00	72	65649	119614	0.66	no	0:20.96	1334172	0	comfortable/SRR26465560/8to1.auto.s7
SRR26465560	OXFORD_NANOPORE	3198172	comfortable	1	119614	8to1	auto	42	13333	1667	13333	1667	6484.0293	6217.9063	3031430	0.9479	844860	3320000	52.12	yes	137.00	71	65517	119614	1.02	no	0:19.14	1354824	0	comfortable/SRR26465560/8to1.auto.s42
SRR26465560	OXFORD_NANOPORE	3198172	comfortable	1	119614	8to1	auto	4556	13333	1667	13333	1667	6537.553	6545.82	2965894	0.9274	884420	3280000	53.71	yes	165.00	67	65360	119614	0.66	no	0:19.10	1393404	0	comfortable/SRR26465560/8to1.auto.s4556
SRR26465560	OXFORD_NANOPORE	3198172	comfortable	1	119614	8to1	never	7	13333	1667	13333	1667	5493.8726	5594.94	341610	0.1068	51520	3050000	45.40	no	NA	NA	NA	119614	1.08	no	1:46.82	2178576	0	comfortable/SRR26465560/8to1.never.s7
SRR26465560	OXFORD_NANOPORE	3198172	comfortable	1	119614	8to1	never	42	13333	1667	13333	1667	5581.941	5828.493	312239	0.0976	52520	2430000	46.74	no	NA	NA	NA	119614	0.72	no	0:31.76	2135888	0	comfortable/SRR26465560/8to1.never.s42
SRR26465560	OXFORD_NANOPORE	3198172	comfortable	1	119614	8to1	never	4556	13333	1667	13333	1667	5618.905	5561.3804	242434	0.0758	53460	3100000	45.78	no	NA	NA	NA	119614	0.48	no	0:33.90	2203556	0	comfortable/SRR26465560/8to1.never.s4556
SRR26465560	OXFORD_NANOPORE	3198172	comfortable	1	119614	more4to1	auto	7	20000	5000	20000	5000	6527.6	6449.888	3029317	0.9472	815700	3310000	79.91	yes	147.00	72	65531	119614	0.96	no	0:51.66	2022968	0	comfortable/SRR26465560/more4to1.auto.s7
SRR26465560	OXFORD_NANOPORE	3198172	comfortable	1	119614	more4to1	auto	42	20000	5000	20000	5000	6489.501	6471.8926	3024329	0.9456	837660	3260000	79.81	yes	137.00	71	65491	119614	0.84	no	0:32.49	2109240	0	comfortable/SRR26465560/more4to1.auto.s42
SRR26465560	OXFORD_NANOPORE	3198172	comfortable	1	119614	more4to1	auto	4556	20000	5000	20000	5000	6548.68	6493.8633	2992432	0.9357	858930	3260000	80.32	yes	165.00	67	65207	119614	0.80	no	0:33.81	2094408	0	comfortable/SRR26465560/more4to1.auto.s4556
SRR26465560	OXFORD_NANOPORE	3198172	comfortable	1	119614	more4to1	never	7	20000	5000	20000	5000	5579.3315	5539.0674	406893	0.1272	62750	3420000	68.29	no	NA	NA	NA	119614	1.20	no	1:29.27	3051740	0	comfortable/SRR26465560/more4to1.never.s7
SRR26465560	OXFORD_NANOPORE	3198172	comfortable	1	119614	more4to1	never	42	20000	5000	20000	5000	5606.3477	5710.437	441262	0.1380	68120	3600000	69.53	no	NA	NA	NA	119614	0.94	no	1:35.44	3339620	0	comfortable/SRR26465560/more4to1.never.s42
SRR26465560	OXFORD_NANOPORE	3198172	comfortable	1	119614	more4to1	never	4556	20000	5000	20000	5000	5630.24	5578.57	400649	0.1253	65460	3430000	68.85	no	NA	NA	NA	119614	0.94	no	1:27.04	3258760	0	comfortable/SRR26465560/more4to1.never.s4556
SRR26465563	OXFORD_NANOPORE	3117753	starved	13	7213	legacy	auto	7	2213	5000	1381	3118	6949.8677	6732.507	2691297	0.8632	742480	3310000	5.97	yes	52.00	5	4499	7213	2.31	yes	0:04.08	244780	0	starved/SRR26465563/legacy.auto.s7
SRR26465563	OXFORD_NANOPORE	3117753	starved	13	7213	legacy	auto	42	2213	5000	1365	3083	6760.3833	6805.413	2753546	0.8832	780870	3420000	5.85	yes	49.00	5	4448	7213	2.56	yes	0:02.91	223232	0	starved/SRR26465563/legacy.auto.s42
SRR26465563	OXFORD_NANOPORE	3117753	starved	13	7213	legacy	auto	4556	2213	5000	1407	3177	6746.115	6790.4136	2677904	0.8589	697440	3350000	6.02	yes	53.00	6	4584	7213	2.05	yes	0:03.93	201588	0	starved/SRR26465563/legacy.auto.s4556
SRR26465563	OXFORD_NANOPORE	3117753	starved	13	7213	legacy	never	7	2213	5000	2213	5000	5993.969	5819.3447	1164074	0.3734	63880	3440000	8.24	no	NA	NA	NA	7213	1.40	no	0:27.88	390732	0	starved/SRR26465563/legacy.never.s7
SRR26465563	OXFORD_NANOPORE	3117753	starved	13	7213	legacy	never	42	2213	5000	2213	5000	6056.3643	5791.729	1095496	0.3514	64760	3500000	8.27	no	NA	NA	NA	7213	1.20	no	0:28.16	394700	0	starved/SRR26465563/legacy.never.s42
SRR26465563	OXFORD_NANOPORE	3117753	starved	13	7213	legacy	never	4556	2213	5000	2213	5000	6070.8833	5785.3022	1266003	0.4061	59290	3510000	8.27	no	NA	NA	NA	7213	1.48	no	0:31.95	404800	0	starved/SRR26465563/legacy.never.s4556
SRR26465563	OXFORD_NANOPORE	3117753	starved	13	7213	1to1	auto	7	3606	3607	2250	2249	6780.7314	6817.731	2777257	0.8908	767540	3350000	9.67	yes	52.00	5	4499	7213	0.76	yes	0:03.36	314540	0	starved/SRR26465563/1to1.auto.s7
SRR26465563	OXFORD_NANOPORE	3117753	starved	13	7213	1to1	auto	42	3606	3607	2224	2224	6858.06	6725.128	2770202	0.8885	812480	3360000	9.55	yes	49.00	5	4448	7213	0.99	yes	0:03.61	330064	0	starved/SRR26465563/1to1.auto.s42
SRR26465563	OXFORD_NANOPORE	3117753	starved	13	7213	1to1	auto	4556	3606	3607	2292	2292	6751.913	6801.7207	2732776	0.8765	683670	3290000	9.82	yes	53.00	6	4584	7213	0.79	yes	0:03.54	314584	0	starved/SRR26465563/1to1.auto.s4556
SRR26465563	OXFORD_NANOPORE	3117753	starved	13	7213	1to1	never	7	3606	3607	3606	3607	5987.2793	5758.5938	1274563	0.4088	63940	3570000	13.36	no	NA	NA	NA	7213	0.75	no	0:29.45	416808	0	starved/SRR26465563/1to1.never.s7
SRR26465563	OXFORD_NANOPORE	3117753	starved	13	7213	1to1	never	42	3606	3607	3606	3607	5915.257	5830.596	1249404	0.4007	63260	3670000	13.36	no	NA	NA	NA	7213	0.58	no	0:29.80	538084	0	starved/SRR26465563/1to1.never.s42
SRR26465563	OXFORD_NANOPORE	3117753	starved	13	7213	1to1	never	4556	3606	3607	3606	3607	5963.6943	5782.1724	1271131	0.4077	59980	3680000	13.36	no	NA	NA	NA	7213	0.72	no	0:29.60	569008	0	starved/SRR26465563/1to1.never.s4556
SRR26465563	OXFORD_NANOPORE	3117753	starved	13	7213	2to1	auto	7	4808	2405	2999	1500	6776.6	6844.466	2828228	0.9071	771070	3340000	12.91	yes	52.00	5	4499	7213	0.67	yes	0:03.15	349628	0	starved/SRR26465563/2to1.auto.s7
SRR26465563	OXFORD_NANOPORE	3117753	starved	13	7213	2to1	auto	42	4808	2405	2965	1483	6828.444	6717.9185	2887041	0.9260	820810	3370000	12.69	yes	49.00	5	4448	7213	0.67	yes	0:03.10	345372	0	starved/SRR26465563/2to1.auto.s42
SRR26465563	OXFORD_NANOPORE	3117753	starved	13	7213	2to1	auto	4556	4808	2405	3056	1528	6704.211	6922.0293	2836392	0.9098	679830	3390000	13.16	yes	53.00	6	4584	7213	0.65	yes	0:03.31	347388	0	starved/SRR26465563/2to1.auto.s4556
SRR26465563	OXFORD_NANOPORE	3117753	starved	13	7213	2to1	never	7	4808	2405	4808	2405	5926.743	5765.321	1171295	0.3757	63900	3650000	17.72	no	NA	NA	NA	7213	0.42	no	0:24.38	578580	0	starved/SRR26465563/2to1.never.s7
SRR26465563	OXFORD_NANOPORE	3117753	starved	13	7213	2to1	never	42	4808	2405	4808	2405	5853.031	5912.6846	1328816	0.4262	64010	3740000	17.84	no	NA	NA	NA	7213	0.46	no	0:25.00	719036	0	starved/SRR26465563/2to1.never.s42
SRR26465563	OXFORD_NANOPORE	3117753	starved	13	7213	2to1	never	4556	4808	2405	4808	2405	5963.077	5692.6826	1272255	0.4081	62240	3720000	17.67	no	NA	NA	NA	7213	0.67	no	0:24.60	732440	0	starved/SRR26465563/2to1.never.s4556
SRR26465563	OXFORD_NANOPORE	3117753	starved	13	7213	4to1	auto	7	5770	1443	3599	900	6726.8887	7088.501	2833651	0.9089	783750	3350000	15.72	yes	52.00	5	4499	7213	0.44	yes	0:02.98	404992	0	starved/SRR26465563/4to1.auto.s7
SRR26465563	OXFORD_NANOPORE	3117753	starved	13	7213	4to1	auto	42	5770	1443	3559	889	6856.8154	6530.4883	2901206	0.9305	813260	3390000	15.05	yes	49.00	5	4448	7213	0.34	yes	0:02.71	407988	0	starved/SRR26465563/4to1.auto.s42
SRR26465563	OXFORD_NANOPORE	3117753	starved	13	7213	4to1	auto	4556	5770	1443	3667	917	6821.0874	6599.7817	2870295	0.9206	687750	3410000	15.55	yes	53.00	6	4584	7213	0.76	yes	0:02.67	424028	0	starved/SRR26465563/4to1.auto.s4556
SRR26465563	OXFORD_NANOPORE	3117753	starved	13	7213	4to1	never	7	5770	1443	5770	1443	5826.93	6056.8184	1195339	0.3834	63980	3850000	21.62	no	NA	NA	NA	7213	0.49	no	0:17.16	636024	0	starved/SRR26465563/4to1.never.s7
SRR26465563	OXFORD_NANOPORE	3117753	starved	13	7213	4to1	never	42	5770	1443	5770	1443	5846.727	5977.658	1107953	0.3554	64140	3730000	21.52	no	NA	NA	NA	7213	0.35	no	0:17.14	715252	0	starved/SRR26465563/4to1.never.s42
SRR26465563	OXFORD_NANOPORE	3117753	starved	13	7213	4to1	never	4556	5770	1443	5770	1443	5928.2764	5651.5737	1372388	0.4402	73650	3890000	21.06	no	NA	NA	NA	7213	0.69	no	0:16.24	679312	0	starved/SRR26465563/4to1.never.s4556
SRR26465563	OXFORD_NANOPORE	3117753	starved	13	7213	8to1	auto	7	6411	802	3999	500	6763.2725	7086.794	2869759	0.9205	830550	3350000	17.51	yes	52.00	5	4499	7213	0.20	yes	0:02.21	472272	0	starved/SRR26465563/8to1.auto.s7
SRR26465563	OXFORD_NANOPORE	3117753	starved	13	7213	8to1	auto	42	6411	802	3954	494	6842.0386	6387.832	2831982	0.9083	792180	3370000	16.53	yes	49.00	5	4448	7213	0.40	yes	0:03.39	483868	0	starved/SRR26465563/8to1.auto.s42
SRR26465563	OXFORD_NANOPORE	3117753	starved	13	7213	8to1	auto	4556	6411	802	4075	509	6824.7563	6393.0195	2893216	0.9280	726030	3510000	17.02	yes	53.00	6	4584	7213	0.59	yes	0:02.77	505500	0	starved/SRR26465563/8to1.auto.s4556
SRR26465563	OXFORD_NANOPORE	3117753	starved	13	7213	8to1	never	7	6411	802	6411	802	5869.7183	5898.521	1322537	0.4242	63340	3850000	23.79	no	NA	NA	NA	7213	0.37	no	0:11.78	662656	0	starved/SRR26465563/8to1.never.s7
SRR26465563	OXFORD_NANOPORE	3117753	starved	13	7213	8to1	never	42	6411	802	6411	802	5852.1167	6039.2256	1130189	0.3625	63510	3780000	24.04	no	NA	NA	NA	7213	0.37	no	0:12.36	712524	0	starved/SRR26465563/8to1.never.s42
SRR26465563	OXFORD_NANOPORE	3117753	starved	13	7213	8to1	never	4556	6411	802	6411	802	5873.3433	5869.541	1650405	0.5294	80220	3960000	23.74	no	NA	NA	NA	7213	0.87	no	0:11.08	661024	0	starved/SRR26465563/8to1.never.s4556
SRR26465563	OXFORD_NANOPORE	3117753	marginal	6	15627	legacy	auto	7	10627	5000	6776	3188	6892.636	6738.0713	2985350	0.9575	852450	3340000	29.19	yes	38.00	12	9964	15627	0.91	yes	0:10.79	731360	0	marginal/SRR26465563/legacy.auto.s7
SRR26465563	OXFORD_NANOPORE	3117753	marginal	6	15627	legacy	auto	42	10627	5000	6798	3197	6862.265	6885.7505	2955398	0.9479	897330	3310000	29.54	yes	49.00	13	9995	15627	0.94	yes	0:13.53	725368	0	marginal/SRR26465563/legacy.auto.s42
SRR26465563	OXFORD_NANOPORE	3117753	marginal	6	15627	legacy	auto	4556	10627	5000	6813	3205	6851.231	6805.0996	2993636	0.9602	934770	3320000	29.41	yes	48.00	13	10018	15627	0.90	yes	0:13.36	726460	0	marginal/SRR26465563/legacy.auto.s4556
SRR26465563	OXFORD_NANOPORE	3117753	marginal	6	15627	legacy	never	7	10627	5000	10627	5000	5917.3545	5947.622	1527786	0.4900	68800	3960000	39.76	no	NA	NA	NA	15627	0.88	no	1:17.61	1179072	0	marginal/SRR26465563/legacy.never.s7
SRR26465563	OXFORD_NANOPORE	3117753	marginal	6	15627	legacy	never	42	10627	5000	10627	5000	5968.2964	5839.3506	1561146	0.5007	69220	4040000	39.57	no	NA	NA	NA	15627	1.06	no	1:11.46	1180152	0	marginal/SRR26465563/legacy.never.s42
SRR26465563	OXFORD_NANOPORE	3117753	marginal	6	15627	legacy	never	4556	10627	5000	10627	5000	5961.187	5854.46	1346524	0.4319	69680	3930000	39.60	no	NA	NA	NA	15627	1.08	no	1:11.51	1168552	0	marginal/SRR26465563/legacy.never.s4556
SRR26465563	OXFORD_NANOPORE	3117753	marginal	6	15627	1to1	auto	7	7813	7814	4982	4982	6837.6196	6848.7466	2944766	0.9445	779480	3350000	21.55	yes	38.00	12	9964	15627	1.00	yes	0:12.21	600460	0	marginal/SRR26465563/1to1.auto.s7
SRR26465563	OXFORD_NANOPORE	3117753	marginal	6	15627	1to1	auto	42	7813	7814	4998	4997	6825.6484	6913.9146	2918604	0.9361	795790	3330000	21.71	yes	49.00	13	9995	15627	0.94	yes	0:13.04	659192	0	marginal/SRR26465563/1to1.auto.s42
SRR26465563	OXFORD_NANOPORE	3117753	marginal	6	15627	1to1	auto	4556	7813	7814	5009	5009	6789.351	6883.5938	2957298	0.9485	812400	3360000	21.65	yes	48.00	13	10018	15627	0.84	yes	0:12.45	675200	0	marginal/SRR26465563/1to1.auto.s4556
SRR26465563	OXFORD_NANOPORE	3117753	marginal	6	15627	1to1	never	7	7813	7814	7813	7814	5822.4727	6031.592	1481343	0.4751	65910	3910000	29.21	no	NA	NA	NA	15627	0.81	no	1:40.13	919636	0	marginal/SRR26465563/1to1.never.s7
SRR26465563	OXFORD_NANOPORE	3117753	marginal	6	15627	1to1	never	42	7813	7814	7813	7814	5948.631	5905.4497	1541608	0.4945	66820	3920000	29.21	no	NA	NA	NA	15627	0.83	no	1:36.14	866024	0	marginal/SRR26465563/1to1.never.s42
SRR26465563	OXFORD_NANOPORE	3117753	marginal	6	15627	1to1	never	4556	7813	7814	7813	7814	5996.203	5857.8833	1553896	0.4984	67440	3880000	29.21	no	NA	NA	NA	15627	0.82	no	1:38.55	866824	0	marginal/SRR26465563/1to1.never.s4556
SRR26465563	OXFORD_NANOPORE	3117753	marginal	6	15627	2to1	auto	7	10418	5209	6643	3321	6900.563	6728.406	2979160	0.9555	857920	3330000	28.62	yes	38.00	12	9964	15627	0.96	yes	0:13.48	711572	0	marginal/SRR26465563/2to1.auto.s7
SRR26465563	OXFORD_NANOPORE	3117753	marginal	6	15627	2to1	auto	42	10418	5209	6664	3331	6854.7837	6899.7725	2949208	0.9459	877650	3300000	28.97	yes	49.00	13	9995	15627	0.87	yes	0:13.49	711796	0	marginal/SRR26465563/2to1.auto.s42
SRR26465563	OXFORD_NANOPORE	3117753	marginal	6	15627	2to1	auto	4556	10418	5209	6679	3339	6833.084	6843.2495	2993434	0.9601	908350	3340000	28.87	yes	48.00	13	10018	15627	0.90	yes	0:13.53	707636	0	marginal/SRR26465563/2to1.auto.s4556
SRR26465563	OXFORD_NANOPORE	3117753	marginal	6	15627	2to1	never	7	10418	5209	10418	5209	5901.8486	5977.4194	1462580	0.4691	68660	3970000	39.03	no	NA	NA	NA	15627	0.88	no	1:27.63	1166040	0	marginal/SRR26465563/2to1.never.s7
SRR26465563	OXFORD_NANOPORE	3117753	marginal	6	15627	2to1	never	42	10418	5209	10418	5209	5953.0195	5875.0776	1512308	0.4851	68860	4020000	38.86	no	NA	NA	NA	15627	1.02	no	1:11.58	1135256	0	marginal/SRR26465563/2to1.never.s42
SRR26465563	OXFORD_NANOPORE	3117753	marginal	6	15627	2to1	never	4556	10418	5209	10418	5209	5958.6616	5863.7944	1365707	0.4380	69090	3960000	38.84	no	NA	NA	NA	15627	1.06	no	1:11.02	1164004	0	marginal/SRR26465563/2to1.never.s4556
SRR26465563	OXFORD_NANOPORE	3117753	marginal	6	15627	4to1	auto	7	12501	3126	7971	1993	6897.358	6626.5103	3027367	0.9710	1010000	3330000	34.07	yes	38.00	12	9964	15627	0.80	yes	0:09.39	836268	0	marginal/SRR26465563/4to1.auto.s7
SRR26465563	OXFORD_NANOPORE	3117753	marginal	6	15627	4to1	auto	42	12501	3126	7996	1999	6819.4893	7070.929	2955920	0.9481	1040000	3280000	35.11	yes	49.00	13	9995	15627	1.05	yes	0:09.92	898436	0	marginal/SRR26465563/4to1.auto.s42
SRR26465563	OXFORD_NANOPORE	3117753	marginal	6	15627	4to1	auto	4556	12501	3126	8015	2003	6826.8677	6874.906	2995801	0.9609	999010	3300000	34.71	yes	48.00	13	10018	15627	0.85	yes	0:09.71	876456	0	marginal/SRR26465563/4to1.auto.s4556
SRR26465563	OXFORD_NANOPORE	3117753	marginal	6	15627	4to1	never	7	12501	3126	12501	3126	5921.8237	5947.8945	1393365	0.4469	78090	4000000	46.80	no	NA	NA	NA	15627	0.83	no	0:44.96	1297248	0	marginal/SRR26465563/4to1.never.s7
SRR26465563	OXFORD_NANOPORE	3117753	marginal	6	15627	4to1	never	42	12501	3126	12501	3126	5932.0073	5907.1694	1973324	0.6329	78100	4100000	46.67	no	NA	NA	NA	15627	1.41	no	0:43.24	1200604	0	marginal/SRR26465563/4to1.never.s42
SRR26465563	OXFORD_NANOPORE	3117753	marginal	6	15627	4to1	never	4556	12501	3126	12501	3126	5950.71	5832.3794	1380664	0.4428	79220	4000000	46.45	no	NA	NA	NA	15627	1.15	no	0:44.92	1343636	0	marginal/SRR26465563/4to1.never.s4556
SRR26465563	OXFORD_NANOPORE	3117753	marginal	6	15627	8to1	auto	7	13890	1737	8857	1107	6867.0513	6652.214	3061722	0.9820	1230000	3350000	37.84	yes	38.00	12	9964	15627	0.63	yes	0:06.71	939832	0	marginal/SRR26465563/8to1.auto.s7
SRR26465563	OXFORD_NANOPORE	3117753	marginal	6	15627	8to1	auto	42	13890	1737	8885	1110	6821.263	7258.1064	2977725	0.9551	1050000	3310000	39.56	yes	49.00	13	9995	15627	1.17	yes	0:06.97	955252	0	marginal/SRR26465563/8to1.auto.s42
SRR26465563	OXFORD_NANOPORE	3117753	marginal	6	15627	8to1	auto	4556	13890	1737	8905	1113	6818.5024	6980.247	2968950	0.9523	975920	3280000	38.84	yes	48.00	13	10018	15627	0.90	yes	0:06.60	927096	0	marginal/SRR26465563/8to1.auto.s4556
SRR26465563	OXFORD_NANOPORE	3117753	marginal	6	15627	8to1	never	7	13890	1737	13890	1737	5913.312	6036.8076	1250358	0.4010	91180	3980000	52.35	no	NA	NA	NA	15627	0.81	no	0:28.05	1377612	0	marginal/SRR26465563/8to1.never.s7
SRR26465563	OXFORD_NANOPORE	3117753	marginal	6	15627	8to1	never	42	13890	1737	13890	1737	5925.559	5938.8735	1606273	0.5152	93850	4100000	51.97	no	NA	NA	NA	15627	1.50	no	0:27.45	1327948	0	marginal/SRR26465563/8to1.never.s42
SRR26465563	OXFORD_NANOPORE	3117753	marginal	6	15627	8to1	never	4556	13890	1737	13890	1737	5918.538	5995.0137	1729735	0.5548	92920	4070000	52.19	no	NA	NA	NA	15627	1.38	no	0:27.55	1407220	0	marginal/SRR26465563/8to1.never.s4556
SRR26465563	OXFORD_NANOPORE	3117753	comfortable	1	93762	legacy	auto	7	10000	5000	10000	5000	6915.956	6917.988	3004005	0.9635	1100000	3300000	43.73	yes	82.00	78	60000	93762	0.88	no	0:21.36	1246756	0	comfortable/SRR26465563/legacy.auto.s7
SRR26465563	OXFORD_NANOPORE	3117753	comfortable	1	93762	legacy	auto	42	10000	5000	10000	5000	6916.2705	6766.357	3066234	0.9835	1020000	3370000	43.25	yes	85.00	77	60041	93762	0.72	no	0:23.08	1249524	0	comfortable/SRR26465563/legacy.auto.s42
SRR26465563	OXFORD_NANOPORE	3117753	comfortable	1	93762	legacy	auto	4556	10000	5000	10000	5000	6808.1543	7007.9336	3043047	0.9760	1100000	3350000	43.68	yes	86.00	76	59957	93762	0.68	no	0:22.07	1225056	0	comfortable/SRR26465563/legacy.auto.s4556
SRR26465563	OXFORD_NANOPORE	3117753	comfortable	1	93762	legacy	never	7	10000	5000	10000	5000	5838.7974	5952.3657	1315510	0.4219	68630	3920000	37.18	no	NA	NA	NA	93762	0.54	no	0:45.31	1304788	0	comfortable/SRR26465563/legacy.never.s7
SRR26465563	OXFORD_NANOPORE	3117753	comfortable	1	93762	legacy	never	42	10000	5000	10000	5000	5836.9937	5930.22	1116429	0.3581	68980	3900000	37.10	no	NA	NA	NA	93762	0.76	no	0:41.48	1410300	0	comfortable/SRR26465563/legacy.never.s42
SRR26465563	OXFORD_NANOPORE	3117753	comfortable	1	93762	legacy	never	4556	10000	5000	10000	5000	5756.629	5892.5728	1673370	0.5367	72050	3950000	36.73	no	NA	NA	NA	93762	0.80	no	0:40.60	1284752	0	comfortable/SRR26465563/legacy.never.s4556
SRR26465563	OXFORD_NANOPORE	3117753	comfortable	1	93762	1to1	auto	7	7500	7500	7500	7500	6938.3394	6894.927	2947554	0.9454	994790	3280000	32.80	yes	82.00	78	60000	93762	0.81	no	0:39.28	988072	0	comfortable/SRR26465563/1to1.auto.s7
SRR26465563	OXFORD_NANOPORE	3117753	comfortable	1	93762	1to1	auto	42	7500	7500	7500	7500	6987.683	6744.915	2989605	0.9589	866940	3330000	32.56	yes	85.00	77	60041	93762	0.68	no	0:23.58	980588	0	comfortable/SRR26465563/1to1.auto.s42
SRR26465563	OXFORD_NANOPORE	3117753	comfortable	1	93762	1to1	auto	4556	7500	7500	7500	7500	6825.592	6923.903	3004581	0.9637	900580	3330000	32.60	yes	86.00	76	59957	93762	0.75	no	0:34.68	936940	0	comfortable/SRR26465563/1to1.auto.s4556
SRR26465563	OXFORD_NANOPORE	3117753	comfortable	1	93762	1to1	never	7	7500	7500	7500	7500	5844.2427	5909.0645	1378951	0.4423	66860	3850000	27.79	no	NA	NA	NA	93762	0.52	no	0:53.70	1064800	0	comfortable/SRR26465563/1to1.never.s7
SRR26465563	OXFORD_NANOPORE	3117753	comfortable	1	93762	1to1	never	42	7500	7500	7500	7500	5767.284	5968.854	1225067	0.3929	66450	3810000	27.75	no	NA	NA	NA	93762	0.73	no	1:00.52	1104564	0	comfortable/SRR26465563/1to1.never.s42
SRR26465563	OXFORD_NANOPORE	3117753	comfortable	1	93762	1to1	never	4556	7500	7500	7500	7500	5709.1113	5894.7754	1583703	0.5080	65730	3890000	27.44	no	NA	NA	NA	93762	0.69	no	0:57.85	1156288	0	comfortable/SRR26465563/1to1.never.s4556
SRR26465563	OXFORD_NANOPORE	3117753	comfortable	1	93762	2to1	auto	7	10000	5000	10000	5000	6915.956	6917.988	3004005	0.9635	1100000	3300000	43.73	yes	82.00	78	60000	93762	0.88	no	0:21.01	1238244	0	comfortable/SRR26465563/2to1.auto.s7
SRR26465563	OXFORD_NANOPORE	3117753	comfortable	1	93762	2to1	auto	42	10000	5000	10000	5000	6916.2705	6766.357	3066234	0.9835	1020000	3370000	43.25	yes	85.00	77	60041	93762	0.72	no	0:30.10	1277064	0	comfortable/SRR26465563/2to1.auto.s42
SRR26465563	OXFORD_NANOPORE	3117753	comfortable	1	93762	2to1	auto	4556	10000	5000	10000	5000	6808.1543	7007.9336	3043047	0.9760	1100000	3350000	43.68	yes	86.00	76	59957	93762	0.68	no	0:21.86	1215040	0	comfortable/SRR26465563/2to1.auto.s4556
SRR26465563	OXFORD_NANOPORE	3117753	comfortable	1	93762	2to1	never	7	10000	5000	10000	5000	5838.7974	5952.3657	1315510	0.4219	68630	3920000	37.18	no	NA	NA	NA	93762	0.54	no	0:41.73	1331828	0	comfortable/SRR26465563/2to1.never.s7
SRR26465563	OXFORD_NANOPORE	3117753	comfortable	1	93762	2to1	never	42	10000	5000	10000	5000	5836.9937	5930.22	1116429	0.3581	68980	3900000	37.10	no	NA	NA	NA	93762	0.76	no	0:41.44	1341492	0	comfortable/SRR26465563/2to1.never.s42
SRR26465563	OXFORD_NANOPORE	3117753	comfortable	1	93762	2to1	never	4556	10000	5000	10000	5000	5756.629	5892.5728	1673370	0.5367	72050	3950000	36.73	no	NA	NA	NA	93762	0.80	no	0:43.73	1321936	0	comfortable/SRR26465563/2to1.never.s4556
SRR26465563	OXFORD_NANOPORE	3117753	comfortable	1	93762	4to1	auto	7	12000	3000	12000	3000	6917.028	6915.053	3049904	0.9782	1200000	3310000	52.47	yes	82.00	78	60000	93762	0.77	no	0:19.18	1412280	0	comfortable/SRR26465563/4to1.auto.s7
SRR26465563	OXFORD_NANOPORE	3117753	comfortable	1	93762	4to1	auto	42	12000	3000	12000	3000	6915.655	6668.8765	3087241	0.9902	1210000	3350000	51.52	yes	85.00	77	60041	93762	0.67	no	0:19.18	1397960	0	comfortable/SRR26465563/4to1.auto.s42
SRR26465563	OXFORD_NANOPORE	3117753	comfortable	1	93762	4to1	auto	4556	12000	3000	12000	3000	6823.2485	7080.744	3063504	0.9826	1200000	3340000	52.75	yes	86.00	76	59957	93762	0.67	no	0:20.14	1335088	0	comfortable/SRR26465563/4to1.auto.s4556
SRR26465563	OXFORD_NANOPORE	3117753	comfortable	1	93762	4to1	never	7	12000	3000	12000	3000	5867.192	5914.5	1375992	0.4413	72670	3960000	44.58	no	NA	NA	NA	93762	0.70	no	0:28.80	1646264	0	comfortable/SRR26465563/4to1.never.s7
SRR26465563	OXFORD_NANOPORE	3117753	comfortable	1	93762	4to1	never	42	12000	3000	12000	3000	5856.7754	5913.245	1142614	0.3665	71300	3930000	44.54	no	NA	NA	NA	93762	0.93	no	0:33.22	1564612	0	comfortable/SRR26465563/4to1.never.s42
SRR26465563	OXFORD_NANOPORE	3117753	comfortable	1	93762	4to1	never	4556	12000	3000	12000	3000	5807.517	5779.648	1491919	0.4785	70610	3910000	43.83	no	NA	NA	NA	93762	1.07	no	0:38.90	1536472	0	comfortable/SRR26465563/4to1.never.s4556
SRR26465563	OXFORD_NANOPORE	3117753	comfortable	1	93762	8to1	auto	7	13333	1667	13333	1667	6913.673	6940.312	3062401	0.9822	1320000	3330000	58.40	yes	82.00	78	60000	93762	0.90	no	0:16.48	1376716	0	comfortable/SRR26465563/8to1.auto.s7
SRR26465563	OXFORD_NANOPORE	3117753	comfortable	1	93762	8to1	auto	42	13333	1667	13333	1667	6888.8525	6685.913	3120096	1.0008	1350000	3340000	57.20	yes	85.00	77	60041	93762	0.78	no	0:17.07	1365248	0	comfortable/SRR26465563/8to1.auto.s42
SRR26465563	OXFORD_NANOPORE	3117753	comfortable	1	93762	8to1	auto	4556	13333	1667	13333	1667	6843.0493	7128.28	3091578	0.9916	1350000	3350000	58.90	yes	86.00	76	59957	93762	0.78	no	0:18.16	1413668	0	comfortable/SRR26465563/8to1.auto.s4556
SRR26465563	OXFORD_NANOPORE	3117753	comfortable	1	93762	8to1	never	7	13333	1667	13333	1667	5870.6265	5924.86	1383159	0.4436	80590	3970000	49.59	no	NA	NA	NA	93762	0.66	no	0:19.71	1708284	0	comfortable/SRR26465563/8to1.never.s7
SRR26465563	OXFORD_NANOPORE	3117753	comfortable	1	93762	8to1	never	42	13333	1667	13333	1667	5867.608	5871.7607	1126606	0.3614	79370	3950000	49.35	no	NA	NA	NA	93762	0.96	no	0:22.59	1634940	0	comfortable/SRR26465563/8to1.never.s42
SRR26465563	OXFORD_NANOPORE	3117753	comfortable	1	93762	8to1	never	4556	13333	1667	13333	1667	5828.866	5586.6113	1575467	0.5053	80330	3960000	47.97	no	NA	NA	NA	93762	1.08	no	0:19.55	1689148	0	comfortable/SRR26465563/8to1.never.s4556
SRR26465563	OXFORD_NANOPORE	3117753	comfortable	1	93762	more4to1	auto	7	20000	5000	20000	5000	6829.62	6860.3296	3150252	1.0104	1590000	3370000	86.54	yes	82.00	78	60021	93762	0.70	no	0:32.21	2228872	0	comfortable/SRR26465563/more4to1.auto.s7
SRR26465563	OXFORD_NANOPORE	3117753	comfortable	1	93762	more4to1	auto	42	20000	5000	20000	5000	6809.4897	6909.656	3142762	1.0080	1470000	3380000	86.73	yes	85.00	77	59973	93762	0.88	no	0:34.69	2193920	0	comfortable/SRR26465563/more4to1.auto.s42
SRR26465563	OXFORD_NANOPORE	3117753	comfortable	1	93762	more4to1	auto	4556	20000	5000	20000	5000	6762.224	6806.3374	3160775	1.0138	1550000	3360000	85.76	yes	86.00	76	59976	93762	0.76	no	0:32.84	2332276	0	comfortable/SRR26465563/more4to1.auto.s4556
SRR26465563	OXFORD_NANOPORE	3117753	comfortable	1	93762	more4to1	never	7	20000	5000	20000	5000	5890.116	5952.3657	2034340	0.6525	208050	4180000	74.69	no	NA	NA	NA	93762	1.16	no	1:05.06	2480988	0	comfortable/SRR26465563/more4to1.never.s7
SRR26465563	OXFORD_NANOPORE	3117753	comfortable	1	93762	more4to1	never	42	20000	5000	20000	5000	5874.825	5930.22	1913834	0.6139	203110	4120000	74.45	no	NA	NA	NA	93762	1.38	no	0:54.04	2516416	0	comfortable/SRR26465563/more4to1.never.s42
SRR26465563	OXFORD_NANOPORE	3117753	comfortable	1	93762	more4to1	never	4556	20000	5000	20000	5000	5844.7095	5892.5728	2436344	0.7814	203660	4180000	74.02	no	NA	NA	NA	93762	1.30	no	0:51.07	2472996	0	comfortable/SRR26465563/more4to1.never.s4556
SRR26715165	OXFORD_NANOPORE	2271101	starved	5	7913	legacy	auto	7	2913	5000	1223	2098	14157.971	13896.887	1895209	0.8345	561480	2300000	15.00	yes	43.00	3	3321	7913	0.0	yes	0:10.63	413672	0	starved/SRR26715165/legacy.auto.s7
SRR26715165	OXFORD_NANOPORE	2271101	starved	5	7913	legacy	auto	42	2913	5000	1202	2063	13961.406	13856.553	1851435	0.8152	641880	2280000	14.62	yes	40.00	3	3265	7913	0.0	yes	0:06.20	370924	0	starved/SRR26715165/legacy.auto.s42
SRR26715165	OXFORD_NANOPORE	2271101	starved	5	7913	legacy	auto	4556	2913	5000	1216	2086	14514.831	13860.495	1899850	0.8365	641310	2310000	15.09	yes	40.00	3	3302	7913	0.0	yes	0:05.41	367976	0	starved/SRR26715165/legacy.auto.s4556
SRR26715165	OXFORD_NANOPORE	2271101	starved	5	7913	legacy	never	7	2913	5000	2913	5000	12195.422	11583.512	731780	0.3222	67970	2210000	30.24	no	NA	NA	NA	7913	0.0	no	0:45.88	887888	0	starved/SRR26715165/legacy.never.s7
SRR26715165	OXFORD_NANOPORE	2271101	starved	5	7913	legacy	never	42	2913	5000	2913	5000	11800.1455	11813.8	775104	0.3413	66180	2280000	30.03	no	NA	NA	NA	7913	0.0	no	0:38.88	862616	0	starved/SRR26715165/legacy.never.s42
SRR26715165	OXFORD_NANOPORE	2271101	starved	5	7913	legacy	never	4556	2913	5000	2913	5000	11692.42	11876.56	731081	0.3219	63640	2260000	29.98	no	NA	NA	NA	7913	0.0	no	0:48.36	899632	0	starved/SRR26715165/legacy.never.s4556
SRR26715165	OXFORD_NANOPORE	2271101	starved	5	7913	1to1	auto	7	3956	3957	1661	1660	14004.679	13981.383	1995070	0.8785	568740	2340000	20.32	yes	43.00	3	3321	7913	0.0	yes	0:05.65	438888	0	starved/SRR26715165/1to1.auto.s7
SRR26715165	OXFORD_NANOPORE	2271101	starved	5	7913	1to1	auto	42	3956	3957	1633	1632	13775.842	14014.539	1941854	0.8550	710670	2300000	19.84	yes	40.00	3	3265	7913	0.0	yes	0:05.68	378940	0	starved/SRR26715165/1to1.auto.s42
SRR26715165	OXFORD_NANOPORE	2271101	starved	5	7913	1to1	auto	4556	3956	3957	1651	1651	14479.109	13723.813	1943640	0.8558	667570	2360000	20.36	yes	40.00	3	3302	7913	0.0	yes	0:05.71	439732	0	starved/SRR26715165/1to1.auto.s4556
SRR26715165	OXFORD_NANOPORE	2271101	starved	5	7913	1to1	never	7	3956	3957	3956	3957	12118.783	11498.841	735470	0.3238	128360	2310000	40.79	no	NA	NA	NA	7913	0.03	no	0:34.96	1274788	0	starved/SRR26715165/1to1.never.s7
SRR26715165	OXFORD_NANOPORE	2271101	starved	5	7913	1to1	never	42	3956	3957	3956	3957	11792.226	11825.316	774081	0.3408	116940	2380000	40.79	no	NA	NA	NA	7913	0.0	no	0:35.03	1185012	0	starved/SRR26715165/1to1.never.s42
SRR26715165	OXFORD_NANOPORE	2271101	starved	5	7913	1to1	never	4556	3956	3957	3956	3957	11783.046	11834.494	738332	0.3251	111870	2260000	40.79	no	NA	NA	NA	7913	0.0	no	0:35.57	1172368	0	starved/SRR26715165/1to1.never.s4556
SRR26715165	OXFORD_NANOPORE	2271101	starved	5	7913	2to1	auto	7	5275	2638	2214	1107	14051.123	13876.857	2036527	0.8967	624940	2350000	27.03	yes	43.00	3	3321	7913	0.0	yes	0:05.64	560772	0	starved/SRR26715165/2to1.auto.s7
SRR26715165	OXFORD_NANOPORE	2271101	starved	5	7913	2to1	auto	42	5275	2638	2177	1088	13813.653	14058.2295	2023906	0.8912	730690	2320000	26.53	yes	40.00	3	3265	7913	0.0	yes	0:05.46	544108	0	starved/SRR26715165/2to1.auto.s42
SRR26715165	OXFORD_NANOPORE	2271101	starved	5	7913	2to1	auto	4556	5275	2638	2202	1100	14190.5625	13923.099	2037559	0.8972	661930	2380000	27.07	yes	40.00	3	3302	7913	0.0	yes	0:05.55	538832	0	starved/SRR26715165/2to1.auto.s4556
SRR26715165	OXFORD_NANOPORE	2271101	starved	5	7913	2to1	never	7	5275	2638	5275	2638	12016.998	11392.403	840247	0.3700	271520	2400000	53.91	no	NA	NA	NA	7913	0.11	no	0:29.54	1585076	0	starved/SRR26715165/2to1.never.s7
SRR26715165	OXFORD_NANOPORE	2271101	starved	5	7913	2to1	never	42	5275	2638	5275	2638	11724.896	11976.494	874775	0.3852	272740	2390000	54.59	no	NA	NA	NA	7913	0.0	no	0:30.39	1503480	0	starved/SRR26715165/2to1.never.s42
SRR26715165	OXFORD_NANOPORE	2271101	starved	5	7913	2to1	never	4556	5275	2638	5275	2638	11761.704	11902.895	859989	0.3787	275490	2390000	54.50	no	NA	NA	NA	7913	0.08	no	0:32.28	1505684	0	starved/SRR26715165/2to1.never.s4556
SRR26715165	OXFORD_NANOPORE	2271101	starved	5	7913	4to1	auto	7	6330	1583	2657	664	14118.198	13492.191	2066402	0.9099	646490	2410000	32.07	yes	43.00	3	3321	7913	0.0	yes	0:04.59	601220	0	starved/SRR26715165/4to1.auto.s7
SRR26715165	OXFORD_NANOPORE	2271101	starved	5	7913	4to1	auto	42	6330	1583	2612	653	13890.65	13913.165	2010521	0.8853	704890	2350000	31.75	yes	40.00	3	3265	7913	0.0	yes	0:04.53	595796	0	starved/SRR26715165/4to1.auto.s42
SRR26715165	OXFORD_NANOPORE	2271101	starved	5	7913	4to1	auto	4556	6330	1583	2642	660	14095.618	14124.856	2090265	0.9204	667720	2390000	32.60	yes	40.00	3	3302	7913	0.0	yes	0:04.74	602452	0	starved/SRR26715165/4to1.auto.s4556
SRR26715165	OXFORD_NANOPORE	2271101	starved	5	7913	4to1	never	7	6330	1583	6330	1583	11912.016	11395.935	817563	0.3600	285140	2380000	64.41	no	NA	NA	NA	7913	0.0	no	0:24.39	1797696	0	starved/SRR26715165/4to1.never.s7
SRR26715165	OXFORD_NANOPORE	2271101	starved	5	7913	4to1	never	42	6330	1583	6330	1583	11776.382	11938.297	910036	0.4007	282400	2340000	65.54	no	NA	NA	NA	7913	0.0	no	0:22.16	1713728	0	starved/SRR26715165/4to1.never.s42
SRR26715165	OXFORD_NANOPORE	2271101	starved	5	7913	4to1	never	4556	6330	1583	6330	1583	11747.584	12053.453	865957	0.3813	285760	2410000	65.78	no	NA	NA	NA	7913	0.06	no	0:22.98	1762240	0	starved/SRR26715165/4to1.never.s4556
SRR26715165	OXFORD_NANOPORE	2271101	starved	5	7913	8to1	auto	7	7033	880	2952	369	14029.462	13701.609	2121631	0.9342	675320	2420000	35.79	yes	43.00	3	3321	7913	0.0	yes	0:04.02	636828	0	starved/SRR26715165/8to1.auto.s7
SRR26715165	OXFORD_NANOPORE	2271101	starved	5	7913	8to1	auto	42	7033	880	2902	363	13868.546	14107.879	2061638	0.9078	678090	2390000	35.49	yes	40.00	3	3265	7913	0.0	yes	0:03.77	655624	0	starved/SRR26715165/8to1.auto.s42
SRR26715165	OXFORD_NANOPORE	2271101	starved	5	7913	8to1	auto	4556	7033	880	2935	367	14099.803	14114.728	2130857	0.9382	664220	2370000	36.21	yes	40.00	3	3302	7913	0.0	yes	0:03.99	662408	0	starved/SRR26715165/8to1.auto.s4556
SRR26715165	OXFORD_NANOPORE	2271101	starved	5	7913	8to1	never	7	7033	880	7033	880	11848.186	11493.785	828072	0.3646	280950	2350000	71.67	no	NA	NA	NA	7913	0.0	no	0:14.89	1887076	0	starved/SRR26715165/8to1.never.s7
SRR26715165	OXFORD_NANOPORE	2271101	starved	5	7913	8to1	never	42	7033	880	7033	880	11722.825	12495.672	917276	0.4039	279180	2340000	74.38	no	NA	NA	NA	7913	0.0	no	0:14.63	1802188	0	starved/SRR26715165/8to1.never.s42
SRR26715165	OXFORD_NANOPORE	2271101	starved	5	7913	8to1	never	4556	7033	880	7033	880	11776.168	12069.352	832747	0.3667	288670	2440000	73.23	no	NA	NA	NA	7913	0.11	no	0:15.24	1659636	0	starved/SRR26715165/8to1.never.s4556
SRR26715165	OXFORD_NANOPORE	2271101	marginal	3	13188	legacy	auto	7	8188	5000	3454	2109	14192.409	14038.82	2087953	0.9194	703820	2330000	42.63	yes	49.00	5	5563	13188	0.0	yes	0:13.39	824152	0	marginal/SRR26715165/legacy.auto.s7
SRR26715165	OXFORD_NANOPORE	2271101	marginal	3	13188	legacy	auto	42	8188	5000	3436	2097	13712.449	13910.2705	2082787	0.9171	662490	2390000	41.49	yes	56.00	5	5533	13188	0.0	yes	0:12.45	768740	0	marginal/SRR26715165/legacy.auto.s42
SRR26715165	OXFORD_NANOPORE	2271101	marginal	3	13188	legacy	auto	4556	8188	5000	3441	2100	14089.061	14039.581	2087828	0.9193	700390	2360000	42.32	yes	44.00	5	5541	13188	0.0	yes	0:12.24	859636	0	marginal/SRR26715165/legacy.auto.s4556
SRR26715165	OXFORD_NANOPORE	2271101	marginal	3	13188	legacy	never	7	8188	5000	8188	5000	11802.669	11925.032	952981	0.4196	273440	2470000	84.83	no	NA	NA	NA	13188	0.06	no	1:18.98	2552192	0	marginal/SRR26715165/legacy.never.s7
SRR26715165	OXFORD_NANOPORE	2271101	marginal	3	13188	legacy	never	42	8188	5000	8188	5000	11920.533	11732.02	970999	0.4275	287060	2490000	84.56	no	NA	NA	NA	13188	0.0	no	1:17.02	2414144	0	marginal/SRR26715165/legacy.never.s42
SRR26715165	OXFORD_NANOPORE	2271101	marginal	3	13188	legacy	never	4556	8188	5000	8188	5000	11704.583	12085.659	992194	0.4369	292730	2510000	85.05	no	NA	NA	NA	13188	0.06	no	1:21.16	2298064	0	marginal/SRR26715165/legacy.never.s4556
SRR26715165	OXFORD_NANOPORE	2271101	marginal	3	13188	1to1	auto	7	6594	6594	2782	2781	14056.8125	14211.578	2073326	0.9129	710930	2340000	34.38	yes	49.00	5	5563	13188	0.0	yes	0:15.04	677596	0	marginal/SRR26715165/1to1.auto.s7
SRR26715165	OXFORD_NANOPORE	2271101	marginal	3	13188	1to1	auto	42	6594	6594	2767	2766	13708.828	13866.048	2045157	0.9005	661810	2350000	33.35	yes	56.00	5	5533	13188	0.0	yes	0:13.63	684512	0	marginal/SRR26715165/1to1.auto.s42
SRR26715165	OXFORD_NANOPORE	2271101	marginal	3	13188	1to1	auto	4556	6594	6594	2771	2770	13976.114	14164.536	2050743	0.9030	684510	2320000	34.09	yes	44.00	5	5541	13188	0.0	yes	0:12.99	707472	0	marginal/SRR26715165/1to1.auto.s4556
SRR26715165	OXFORD_NANOPORE	2271101	marginal	3	13188	1to1	never	7	6594	6594	6594	6594	11804.354	11893.769	954263	0.4202	273950	2420000	68.23	no	NA	NA	NA	13188	0.05	no	1:33.51	2137764	0	marginal/SRR26715165/1to1.never.s7
SRR26715165	OXFORD_NANOPORE	2271101	marginal	3	13188	1to1	never	42	6594	6594	6594	6594	11971.333	11726.79	968609	0.4265	282900	2530000	68.23	no	NA	NA	NA	13188	0.0	no	1:30.09	1984156	0	marginal/SRR26715165/1to1.never.s42
SRR26715165	OXFORD_NANOPORE	2271101	marginal	3	13188	1to1	never	4556	6594	6594	6594	6594	11710.845	11987.278	950848	0.4187	282570	2530000	68.23	no	NA	NA	NA	13188	0.08	no	1:32.83	2125340	0	marginal/SRR26715165/1to1.never.s4556
SRR26715165	OXFORD_NANOPORE	2271101	marginal	3	13188	2to1	auto	7	8792	4396	3709	1854	14162.963	14076.603	2119758	0.9334	694530	2360000	45.79	yes	49.00	5	5563	13188	0.0	yes	0:12.12	954048	0	marginal/SRR26715165/2to1.auto.s7
SRR26715165	OXFORD_NANOPORE	2271101	marginal	3	13188	2to1	auto	42	8792	4396	3689	1844	13663.353	14035.631	2089082	0.9199	672930	2400000	44.67	yes	56.00	5	5533	13188	0.0	yes	0:11.64	904340	0	marginal/SRR26715165/2to1.auto.s42
SRR26715165	OXFORD_NANOPORE	2271101	marginal	3	13188	2to1	auto	4556	8792	4396	3694	1847	13981.81	14247.305	2104066	0.9265	712420	2360000	45.59	yes	44.00	5	5541	13188	0.0	yes	0:12.03	891656	0	marginal/SRR26715165/2to1.auto.s4556
SRR26715165	OXFORD_NANOPORE	2271101	marginal	3	13188	2to1	never	7	8792	4396	8792	4396	11803.337	11940.512	970881	0.4275	274120	2510000	91.15	no	NA	NA	NA	13188	0.05	no	1:32.44	2461092	0	marginal/SRR26715165/2to1.never.s7
SRR26715165	OXFORD_NANOPORE	2271101	marginal	3	13188	2to1	never	42	8792	4396	8792	4396	11913.327	11720.531	994638	0.4380	289340	2510000	90.72	no	NA	NA	NA	13188	0.0	no	1:25.23	2530452	0	marginal/SRR26715165/2to1.never.s42
SRR26715165	OXFORD_NANOPORE	2271101	marginal	3	13188	2to1	never	4556	8792	4396	8792	4396	11700.218	12146.75	1009577	0.4445	291970	2550000	91.55	no	NA	NA	NA	13188	0.07	no	1:20.01	2569424	0	marginal/SRR26715165/2to1.never.s4556
SRR26715165	OXFORD_NANOPORE	2271101	marginal	3	13188	4to1	auto	7	10550	2638	4451	1112	14105.155	14250.36	2132096	0.9388	695050	2360000	55.18	yes	49.00	5	5563	13188	0.0	yes	0:10.16	1011636	0	marginal/SRR26715165/4to1.auto.s7
SRR26715165	OXFORD_NANOPORE	2271101	marginal	3	13188	4to1	auto	42	10550	2638	4427	1106	13700.352	14135.945	2126370	0.9363	687790	2400000	53.87	yes	56.00	5	5533	13188	0.0	yes	0:09.31	1022236	0	marginal/SRR26715165/4to1.auto.s42
SRR26715165	OXFORD_NANOPORE	2271101	marginal	3	13188	4to1	auto	4556	10550	2638	4433	1108	13978.54	14437.461	2124694	0.9355	746630	2390000	55.08	yes	44.00	5	5541	13188	0.0	yes	0:09.53	1021664	0	marginal/SRR26715165/4to1.auto.s4556
SRR26715165	OXFORD_NANOPORE	2271101	marginal	3	13188	4to1	never	7	10550	2638	10550	2638	11787.1045	12096.844	990967	0.4363	286730	2510000	110.02	no	NA	NA	NA	13188	0.08	no	0:50.41	3173132	0	marginal/SRR26715165/4to1.never.s7
SRR26715165	OXFORD_NANOPORE	2271101	marginal	3	13188	4to1	never	42	10550	2638	10550	2638	11843.944	11869.523	1027968	0.4526	291410	2550000	109.23	no	NA	NA	NA	13188	0.0	no	1:05.96	3146840	0	marginal/SRR26715165/4to1.never.s42
SRR26715165	OXFORD_NANOPORE	2271101	marginal	3	13188	4to1	never	4556	10550	2638	10550	2638	11774.506	12147.229	1069114	0.4707	296010	2540000	110.20	no	NA	NA	NA	13188	0.04	no	1:07.89	2997100	0	marginal/SRR26715165/4to1.never.s4556
SRR26715165	OXFORD_NANOPORE	2271101	marginal	3	13188	8to1	auto	7	11722	1466	4945	618	14104.634	14370.602	2164580	0.9531	727530	2360000	61.57	yes	49.00	5	5563	13188	0.0	yes	0:07.58	1096288	0	marginal/SRR26715165/8to1.auto.s7
SRR26715165	OXFORD_NANOPORE	2271101	marginal	3	13188	8to1	auto	42	11722	1466	4918	615	13746.485	14114.799	2118770	0.9329	691810	2390000	59.90	yes	56.00	5	5533	13188	0.0	yes	0:07.33	1070608	0	marginal/SRR26715165/8to1.auto.s42
SRR26715165	OXFORD_NANOPORE	2271101	marginal	3	13188	8to1	auto	4556	11722	1466	4926	615	14080.562	13988.179	2186449	0.9627	796370	2430000	60.45	yes	44.00	5	5541	13188	0.0	yes	0:07.30	1033508	0	marginal/SRR26715165/8to1.auto.s4556
SRR26715165	OXFORD_NANOPORE	2271101	marginal	3	13188	8to1	never	7	11722	1466	11722	1466	11813.44	12133.88	1024159	0.4510	288090	2490000	122.57	no	NA	NA	NA	13188	0.07	no	0:32.66	3243484	0	marginal/SRR26715165/8to1.never.s7
SRR26715165	OXFORD_NANOPORE	2271101	marginal	3	13188	8to1	never	42	11722	1466	11722	1466	11845.024	11881.343	1025230	0.4514	287110	2560000	121.43	no	NA	NA	NA	13188	0.0	no	0:33.35	3244100	0	marginal/SRR26715165/8to1.never.s42
SRR26715165	OXFORD_NANOPORE	2271101	marginal	3	13188	8to1	never	4556	11722	1466	11722	1466	11795.432	12277.886	1101058	0.4848	299200	2540000	123.22	no	NA	NA	NA	13188	0.0	no	0:36.08	3400692	0	marginal/SRR26715165/8to1.never.s4556
SRR26715165	OXFORD_NANOPORE	2271101	comfortable	1	39564	legacy	auto	7	10000	5000	10000	5000	13791.77	13735.779	2165294	0.9534	852710	2360000	120.33	yes	45.00	13	15251	39564	0.0	no	0:39.44	2731136	0	comfortable/SRR26715165/legacy.auto.s7
SRR26715165	OXFORD_NANOPORE	2271101	comfortable	1	39564	legacy	auto	42	10000	5000	10000	5000	13746.423	13706.547	2187754	0.9633	835690	2410000	120.00	yes	51.00	14	15926	39564	0.0	no	0:39.90	2751272	0	comfortable/SRR26715165/legacy.auto.s42
SRR26715165	OXFORD_NANOPORE	2271101	comfortable	1	39564	legacy	auto	4556	10000	5000	10000	5000	13901.461	13333.42	2130202	0.9380	804430	2360000	119.04	yes	47.00	13	15243	39564	0.0	no	0:37.74	2770368	0	comfortable/SRR26715165/legacy.auto.s4556
SRR26715165	OXFORD_NANOPORE	2271101	comfortable	1	39564	legacy	never	7	10000	5000	10000	5000	11778.753	12094.794	968129	0.4263	279690	2630000	104.24	no	NA	NA	NA	39564	0.04	no	0:55.77	4373520	0	comfortable/SRR26715165/legacy.never.s7
SRR26715165	OXFORD_NANOPORE	2271101	comfortable	1	39564	legacy	never	42	10000	5000	10000	5000	11798.978	11924.985	883568	0.3890	292360	2450000	103.58	no	NA	NA	NA	39564	0.06	no	0:59.72	4270680	0	comfortable/SRR26715165/legacy.never.s42
SRR26715165	OXFORD_NANOPORE	2271101	comfortable	1	39564	legacy	never	4556	10000	5000	10000	5000	11922.581	12106.698	928901	0.4090	298040	2500000	104.93	no	NA	NA	NA	39564	0.02	no	0:55.61	4133592	0	comfortable/SRR26715165/legacy.never.s4556
SRR26715165	OXFORD_NANOPORE	2271101	comfortable	1	39564	1to1	auto	7	7500	7500	7500	7500	13847.146	13699.066	2182036	0.9608	813390	2380000	90.31	yes	45.00	13	15251	39564	0.0	no	0:44.29	2029532	0	comfortable/SRR26715165/1to1.auto.s7
SRR26715165	OXFORD_NANOPORE	2271101	comfortable	1	39564	1to1	auto	42	7500	7500	7500	7500	13613.506	13852.754	2169826	0.9554	779070	2400000	90.05	yes	51.00	14	15926	39564	0.0	no	0:44.47	2225244	0	comfortable/SRR26715165/1to1.auto.s42
SRR26715165	OXFORD_NANOPORE	2271101	comfortable	1	39564	1to1	auto	4556	7500	7500	7500	7500	13990.253	13433.974	2108772	0.9285	780000	2350000	89.91	yes	47.00	13	15243	39564	0.0	no	0:43.74	2200944	0	comfortable/SRR26715165/1to1.auto.s4556
SRR26715165	OXFORD_NANOPORE	2271101	comfortable	1	39564	1to1	never	7	7500	7500	7500	7500	11704.667	12063.533	923446	0.4066	269730	2580000	77.83	no	NA	NA	NA	39564	0.04	no	1:07.62	3383640	0	comfortable/SRR26715165/1to1.never.s7
SRR26715165	OXFORD_NANOPORE	2271101	comfortable	1	39564	1to1	never	42	7500	7500	7500	7500	11797.665	11884.296	902221	0.3973	277890	2420000	77.55	no	NA	NA	NA	39564	0.07	no	1:02.62	3270164	0	comfortable/SRR26715165/1to1.never.s42
SRR26715165	OXFORD_NANOPORE	2271101	comfortable	1	39564	1to1	never	4556	7500	7500	7500	7500	11911.896	12056.011	919852	0.4050	300530	2500000	78.49	no	NA	NA	NA	39564	0.04	no	1:06.30	3181844	0	comfortable/SRR26715165/1to1.never.s4556
SRR26715165	OXFORD_NANOPORE	2271101	comfortable	1	39564	2to1	auto	7	10000	5000	10000	5000	13791.77	13735.779	2165294	0.9534	852710	2360000	120.33	yes	45.00	13	15251	39564	0.0	no	0:38.03	2729316	0	comfortable/SRR26715165/2to1.auto.s7
SRR26715165	OXFORD_NANOPORE	2271101	comfortable	1	39564	2to1	auto	42	10000	5000	10000	5000	13746.423	13706.547	2187754	0.9633	835690	2410000	120.00	yes	51.00	14	15926	39564	0.0	no	0:38.02	2643776	0	comfortable/SRR26715165/2to1.auto.s42
SRR26715165	OXFORD_NANOPORE	2271101	comfortable	1	39564	2to1	auto	4556	10000	5000	10000	5000	13901.461	13333.42	2130202	0.9380	804430	2360000	119.04	yes	47.00	13	15243	39564	0.0	no	0:39.92	2742312	0	comfortable/SRR26715165/2to1.auto.s4556
SRR26715165	OXFORD_NANOPORE	2271101	comfortable	1	39564	2to1	never	7	10000	5000	10000	5000	11778.753	12094.794	968129	0.4263	279690	2630000	104.24	no	NA	NA	NA	39564	0.04	no	0:56.76	4313012	0	comfortable/SRR26715165/2to1.never.s7
SRR26715165	OXFORD_NANOPORE	2271101	comfortable	1	39564	2to1	never	42	10000	5000	10000	5000	11798.978	11924.985	883568	0.3890	292360	2450000	103.58	no	NA	NA	NA	39564	0.06	no	1:01.30	4250820	0	comfortable/SRR26715165/2to1.never.s42
SRR26715165	OXFORD_NANOPORE	2271101	comfortable	1	39564	2to1	never	4556	10000	5000	10000	5000	11922.581	12106.698	928901	0.4090	298040	2500000	104.93	no	NA	NA	NA	39564	0.02	no	0:55.96	4050968	0	comfortable/SRR26715165/2to1.never.s4556
SRR26715165	OXFORD_NANOPORE	2271101	comfortable	1	39564	4to1	auto	7	12000	3000	12000	3000	13758.959	13829.7	2166414	0.9539	894100	2390000	144.72	yes	45.00	13	15251	39564	0.0	no	0:34.30	2846036	0	comfortable/SRR26715165/4to1.auto.s7
SRR26715165	OXFORD_NANOPORE	2271101	comfortable	1	39564	4to1	auto	42	12000	3000	12000	3000	13713.766	13810.589	2207447	0.9720	859910	2430000	144.38	yes	51.00	14	15926	39564	0.0	no	0:31.22	2823212	0	comfortable/SRR26715165/4to1.auto.s42
SRR26715165	OXFORD_NANOPORE	2271101	comfortable	1	39564	4to1	auto	4556	12000	3000	12000	3000	13782.812	13429.32	2161414	0.9517	847290	2390000	142.73	yes	47.00	13	15243	39564	0.0	no	0:30.33	2860244	0	comfortable/SRR26715165/4to1.auto.s4556
SRR26715165	OXFORD_NANOPORE	2271101	comfortable	1	39564	4to1	never	7	12000	3000	12000	3000	11869.909	11940.864	940502	0.4141	286120	2570000	124.76	no	NA	NA	NA	39564	0.07	no	0:41.90	4836380	0	comfortable/SRR26715165/4to1.never.s7
SRR26715165	OXFORD_NANOPORE	2271101	comfortable	1	39564	4to1	never	42	12000	3000	12000	3000	11821.577	11918.594	926078	0.4078	291000	2530000	124.39	no	NA	NA	NA	39564	0.07	no	0:42.62	4873768	0	comfortable/SRR26715165/4to1.never.s42
SRR26715165	OXFORD_NANOPORE	2271101	comfortable	1	39564	4to1	never	4556	12000	3000	12000	3000	11934.856	12180.342	916882	0.4037	302470	2530000	126.37	no	NA	NA	NA	39564	0.03	no	0:42.19	4574096	0	comfortable/SRR26715165/4to1.never.s4556
SRR26715165	OXFORD_NANOPORE	2271101	comfortable	1	39564	8to1	auto	7	13333	1667	13333	1667	13777.527	13737.747	2169125	0.9551	886260	2420000	160.37	yes	45.00	13	15251	39564	0.0	no	0:23.93	2919516	0	comfortable/SRR26715165/8to1.auto.s7
SRR26715165	OXFORD_NANOPORE	2271101	comfortable	1	39564	8to1	auto	42	13333	1667	13333	1667	13717.595	13857.39	2212530	0.9742	862380	2430000	160.72	yes	51.00	14	15926	39564	0.0	no	0:23.69	2940684	0	comfortable/SRR26715165/8to1.auto.s42
SRR26715165	OXFORD_NANOPORE	2271101	comfortable	1	39564	8to1	auto	4556	13333	1667	13333	1667	13734.42	13533.696	2171867	0.9563	906340	2410000	158.92	yes	47.00	13	15243	39564	0.0	no	0:31.93	3075472	0	comfortable/SRR26715165/8to1.auto.s4556
SRR26715165	OXFORD_NANOPORE	2271101	comfortable	1	39564	8to1	never	7	13333	1667	13333	1667	11834.992	12276.872	971016	0.4276	289070	2570000	140.39	no	NA	NA	NA	39564	0.12	no	0:30.31	4759800	0	comfortable/SRR26715165/8to1.never.s7
SRR26715165	OXFORD_NANOPORE	2271101	comfortable	1	39564	8to1	never	42	13333	1667	13333	1667	11825.652	11963.58	869261	0.3827	292180	2360000	138.49	no	NA	NA	NA	39564	0.0	no	0:27.57	4629704	0	comfortable/SRR26715165/8to1.never.s42
SRR26715165	OXFORD_NANOPORE	2271101	comfortable	1	39564	8to1	never	4556	13333	1667	13333	1667	11965.223	12133.762	933048	0.4108	300600	2550000	140.31	no	NA	NA	NA	39564	0.0	no	0:29.46	4941708	0	comfortable/SRR26715165/8to1.never.s4556
SRR26715165	OXFORD_NANOPORE	2271101	comfortable	1	39564	more4to1	auto	7	20000	5000	12200	3049	13783.167	13669.733	2172009	0.9564	917980	2400000	146.40	yes	45.00	13	15249	39564	0.0	yes	1:11.32	2875520	0	comfortable/SRR26715165/more4to1.auto.s7
SRR26715165	OXFORD_NANOPORE	2271101	comfortable	1	39564	more4to1	auto	42	20000	5000	12758	3189	13686.2	13899.988	2124474	0.9354	855170	2420000	153.85	yes	51.00	14	15947	39564	0.0	yes	0:40.05	2906960	0	comfortable/SRR26715165/more4to1.auto.s42
SRR26715165	OXFORD_NANOPORE	2271101	comfortable	1	39564	more4to1	auto	4556	20000	5000	12192	3048	13727.519	13718.937	2172820	0.9567	829460	2400000	146.27	yes	47.00	13	15240	39564	0.0	yes	0:31.49	2788408	0	comfortable/SRR26715165/more4to1.auto.s4556
SRR26715165	OXFORD_NANOPORE	2271101	comfortable	1	39564	more4to1	never	7	20000	5000	20000	5000	11745.635	12094.794	1023184	0.4505	301410	2670000	208.19	no	NA	NA	NA	39564	0.04	no	1:40.49	6244120	0	comfortable/SRR26715165/more4to1.never.s7
SRR26715165	OXFORD_NANOPORE	2271101	comfortable	1	39564	more4to1	never	42	20000	5000	20000	5000	11859.025	11924.985	913443	0.4022	303020	2510000	207.70	no	NA	NA	NA	39564	0.04	no	1:29.99	6289996	0	comfortable/SRR26715165/more4to1.never.s42
SRR26715165	OXFORD_NANOPORE	2271101	comfortable	1	39564	more4to1	never	4556	20000	5000	20000	5000	11750.763	12106.698	965484	0.4251	303420	2530000	208.34	no	NA	NA	NA	39564	0.02	no	1:42.31	6152160	0	comfortable/SRR26715165/more4to1.never.s4556
SRR26715166	OXFORD_NANOPORE	2271523	starved	1	7473	legacy	auto	7	2473	5000	1241	2508	10976.817	11441.337	1966233	0.8656	441830	2430000	12.14	yes	79.00	3	3749	7473	0.0	yes	0:05.84	294212	0	starved/SRR26715166/legacy.auto.s7
SRR26715166	OXFORD_NANOPORE	2271523	starved	1	7473	legacy	auto	42	2473	5000	1236	2496	11078.618	11518.41	1898560	0.8358	435650	2550000	12.19	yes	81.00	3	3732	7473	0.0	yes	0:06.04	307272	0	starved/SRR26715166/legacy.auto.s42
SRR26715166	OXFORD_NANOPORE	2271523	starved	1	7473	legacy	auto	4556	2473	5000	1243	2513	11431.679	11357.3	1880793	0.8280	475150	2420000	12.36	yes	64.00	3	3756	7473	0.0	yes	0:05.96	312160	0	starved/SRR26715166/legacy.auto.s4556
SRR26715166	OXFORD_NANOPORE	2271523	starved	1	7473	legacy	never	7	2473	5000	2473	5000	9635.679	9292.241	442439	0.1948	42140	1980000	20.39	no	NA	NA	NA	7473	0.0	no	0:46.72	677268	0	starved/SRR26715166/legacy.never.s7
SRR26715166	OXFORD_NANOPORE	2271523	starved	1	7473	legacy	never	42	2473	5000	2473	5000	9523.288	9347.83	475773	0.2095	41770	2050000	20.33	no	NA	NA	NA	7473	0.0	no	0:47.26	686784	0	starved/SRR26715166/legacy.never.s42
SRR26715166	OXFORD_NANOPORE	2271523	starved	1	7473	legacy	never	4556	2473	5000	2473	5000	9457.311	9380.462	489466	0.2155	41450	2180000	20.29	no	NA	NA	NA	7473	0.0	no	0:47.30	684388	0	starved/SRR26715166/legacy.never.s4556
SRR26715166	OXFORD_NANOPORE	2271523	starved	1	7473	1to1	auto	7	3736	3737	1875	1874	11095.766	11479.479	2055988	0.9051	466710	2520000	18.47	yes	79.00	3	3749	7473	0.0	yes	0:06.15	409316	0	starved/SRR26715166/1to1.auto.s7
SRR26715166	OXFORD_NANOPORE	2271523	starved	1	7473	1to1	auto	42	3736	3737	1866	1866	11232.262	11513.25	1986612	0.8746	460720	2620000	18.52	yes	81.00	3	3732	7473	0.0	yes	0:06.05	408820	0	starved/SRR26715166/1to1.auto.s42
SRR26715166	OXFORD_NANOPORE	2271523	starved	1	7473	1to1	auto	4556	3736	3737	1878	1878	11502.8545	11260.975	2014984	0.8871	466410	2460000	18.66	yes	64.00	3	3756	7473	0.0	yes	0:06.02	412552	0	starved/SRR26715166/1to1.auto.s4556
SRR26715166	OXFORD_NANOPORE	2271523	starved	1	7473	1to1	never	7	3736	3737	3736	3737	9430.991	9380.802	444530	0.1957	42270	1990000	30.61	no	NA	NA	NA	7473	0.0	no	0:35.75	883516	0	starved/SRR26715166/1to1.never.s7
SRR26715166	OXFORD_NANOPORE	2271523	starved	1	7473	1to1	never	42	3736	3737	3736	3737	9478.411	9333.395	454562	0.2001	42700	2270000	30.61	no	NA	NA	NA	7473	0.0	no	0:35.57	894304	0	starved/SRR26715166/1to1.never.s42
SRR26715166	OXFORD_NANOPORE	2271523	starved	1	7473	1to1	never	4556	3736	3737	3736	3737	9359.258	9452.516	509485	0.2243	41350	2350000	30.61	no	NA	NA	NA	7473	0.0	no	0:35.98	889736	0	starved/SRR26715166/1to1.never.s4556
SRR26715166	OXFORD_NANOPORE	2271523	starved	1	7473	2to1	auto	7	4982	2491	2500	1249	11278.502	11305.722	2130608	0.9380	444360	2530000	24.64	yes	79.00	3	3749	7473	0.0	yes	0:06.59	505312	0	starved/SRR26715166/2to1.auto.s7
SRR26715166	OXFORD_NANOPORE	2271523	starved	1	7473	2to1	auto	42	4982	2491	2488	1244	11298.982	11520.303	2094132	0.9219	452640	2580000	24.78	yes	81.00	3	3732	7473	0.0	yes	0:06.00	551044	0	starved/SRR26715166/2to1.auto.s42
SRR26715166	OXFORD_NANOPORE	2271523	starved	1	7473	2to1	auto	4556	4982	2491	2504	1252	11481.157	11183.429	2071715	0.9120	468470	2540000	24.76	yes	64.00	3	3756	7473	0.0	yes	0:05.92	535480	0	starved/SRR26715166/2to1.auto.s4556
SRR26715166	OXFORD_NANOPORE	2271523	starved	1	7473	2to1	never	7	4982	2491	4982	2491	9468.895	9279.892	495617	0.2182	68850	2060000	40.68	no	NA	NA	NA	7473	0.04	no	0:23.68	1160368	0	starved/SRR26715166/2to1.never.s7
SRR26715166	OXFORD_NANOPORE	2271523	starved	1	7473	2to1	never	42	4982	2491	4982	2491	9442.727	9332.227	570421	0.2511	65130	2540000	40.74	no	NA	NA	NA	7473	0.0	no	0:22.97	1180312	0	starved/SRR26715166/2to1.never.s42
SRR26715166	OXFORD_NANOPORE	2271523	starved	1	7473	2to1	never	4556	4982	2491	4982	2491	9365.593	9486.493	560208	0.2466	64130	2380000	40.91	no	NA	NA	NA	7473	0.08	no	0:23.47	1155696	0	starved/SRR26715166/2to1.never.s4556
SRR26715166	OXFORD_NANOPORE	2271523	starved	1	7473	4to1	auto	7	5978	1495	2999	750	11304.409	11220.238	2145998	0.9447	432980	2510000	29.48	yes	79.00	3	3749	7473	0.0	yes	0:04.93	596612	0	starved/SRR26715166/4to1.auto.s7
SRR26715166	OXFORD_NANOPORE	2271523	starved	1	7473	4to1	auto	42	5978	1495	2986	746	11421.948	11175.857	1999204	0.8801	424660	2550000	29.44	yes	81.00	3	3732	7473	0.0	yes	0:06.16	614608	0	starved/SRR26715166/4to1.auto.s42
SRR26715166	OXFORD_NANOPORE	2271523	starved	1	7473	4to1	auto	4556	5978	1495	3005	751	11456.32	11084.19	2106708	0.9274	459970	2530000	29.56	yes	64.00	3	3756	7473	0.0	yes	0:05.02	587024	0	starved/SRR26715166/4to1.auto.s4556
SRR26715166	OXFORD_NANOPORE	2271523	starved	1	7473	4to1	never	7	5978	1495	5978	1495	9411.1045	9385.057	715313	0.3149	234090	2220000	48.94	no	NA	NA	NA	7473	0.33	no	0:18.25	1427828	0	starved/SRR26715166/4to1.never.s7
SRR26715166	OXFORD_NANOPORE	2271523	starved	1	7473	4to1	never	42	5978	1495	5978	1495	9421.612	9343.039	875679	0.3855	235000	2700000	48.86	no	NA	NA	NA	7473	0.13	no	0:15.61	1441884	0	starved/SRR26715166/4to1.never.s42
SRR26715166	OXFORD_NANOPORE	2271523	starved	1	7473	4to1	never	4556	5978	1495	5978	1495	9421.785	9342.347	946675	0.4168	232480	2830000	48.86	no	NA	NA	NA	7473	0.40	no	0:16.94	1365228	0	starved/SRR26715166/4to1.never.s4556
SRR26715166	OXFORD_NANOPORE	2271523	starved	1	7473	8to1	auto	7	6642	831	3333	416	11241.212	11658.993	2140332	0.9422	434320	2530000	33.31	yes	79.00	3	3749	7473	0.0	yes	0:04.34	630016	0	starved/SRR26715166/8to1.auto.s7
SRR26715166	OXFORD_NANOPORE	2271523	starved	1	7473	8to1	auto	42	6642	831	3318	414	11305.451	11912.167	2026016	0.8919	448990	2520000	33.62	yes	81.00	3	3732	7473	0.0	yes	0:04.49	639936	0	starved/SRR26715166/8to1.auto.s42
SRR26715166	OXFORD_NANOPORE	2271523	starved	1	7473	8to1	auto	4556	6642	831	3339	417	11387.73	11335.351	2142368	0.9431	442930	2600000	33.11	yes	64.00	3	3756	7473	0.0	yes	0:04.31	627128	0	starved/SRR26715166/8to1.auto.s4556
SRR26715166	OXFORD_NANOPORE	2271523	starved	1	7473	8to1	never	7	6642	831	6642	831	9345.26	9890.523	802509	0.3533	263660	2060000	55.66	no	NA	NA	NA	7473	0.60	no	0:11.46	1500032	0	starved/SRR26715166/8to1.never.s7
SRR26715166	OXFORD_NANOPORE	2271523	starved	1	7473	8to1	never	42	6642	831	6642	831	9428.941	9221.67	1088545	0.4792	280290	2950000	53.95	no	NA	NA	NA	7473	0.24	no	0:09.95	1507356	0	starved/SRR26715166/8to1.never.s42
SRR26715166	OXFORD_NANOPORE	2271523	starved	1	7473	8to1	never	4556	6642	831	6642	831	9419.851	9294.335	1040876	0.4582	280600	2810000	54.14	no	NA	NA	NA	7473	0.24	no	0:10.90	1509828	0	starved/SRR26715166/8to1.never.s4556
SRR30162149	PACBIO_SMRT	11093179	starved	14	7513	legacy	auto	7	2513	5000	2290	4555	9247.241	9719.056	2977509	0.2684	166940	7280000	3.87	yes	30.00	7	6845	7513	1.32	yes	0:21.99	481920	0	starved/SRR30162149/legacy.auto.s7
SRR30162149	PACBIO_SMRT	11093179	starved	14	7513	legacy	auto	42	2513	5000	2286	4548	9572.13	9575.076	3115344	0.2808	160300	7050000	3.90	yes	30.00	7	6834	7513	1.65	yes	0:22.62	477396	0	starved/SRR30162149/legacy.auto.s42
SRR30162149	PACBIO_SMRT	11093179	starved	14	7513	legacy	auto	4556	2513	5000	2289	4554	9423.904	9640.574	2748466	0.2478	154600	6910000	3.89	yes	45.00	7	6843	7513	1.82	yes	0:23.87	480980	0	starved/SRR30162149/legacy.auto.s4556
SRR30162149	PACBIO_SMRT	11093179	starved	14	7513	legacy	never	7	2513	5000	2513	5000	9415.891	9412.197	1136153	0.1024	153360	6670000	4.22	no	NA	NA	NA	7513	0.96	no	0:42.56	453940	0	starved/SRR30162149/legacy.never.s7
SRR30162149	PACBIO_SMRT	11093179	starved	14	7513	legacy	never	42	2513	5000	2513	5000	9325.361	9457.697	1097023	0.0989	146540	6860000	4.21	no	NA	NA	NA	7513	0.92	no	0:29.25	449872	0	starved/SRR30162149/legacy.never.s42
SRR30162149	PACBIO_SMRT	11093179	starved	14	7513	legacy	never	4556	2513	5000	2513	5000	9289.605	9475.668	1005485	0.0906	134790	6750000	4.21	no	NA	NA	NA	7513	1.26	no	0:31.77	470004	0	starved/SRR30162149/legacy.never.s4556
SRR30162149	PACBIO_SMRT	11093179	starved	14	7513	1to1	auto	7	3756	3757	3423	3422	9372.787	9749.6875	3241495	0.2922	163790	7370000	5.84	yes	30.00	7	6845	7513	0.44	yes	0:25.55	637840	0	starved/SRR30162149/1to1.auto.s7
SRR30162149	PACBIO_SMRT	11093179	starved	14	7513	1to1	auto	42	3756	3757	3417	3417	9514.152	9634.03	3351480	0.3021	160310	7260000	5.84	yes	30.00	7	6834	7513	0.18	yes	0:23.43	638932	0	starved/SRR30162149/1to1.auto.s42
SRR30162149	PACBIO_SMRT	11093179	starved	14	7513	1to1	auto	4556	3756	3757	3422	3421	9462.998	9673.228	2925692	0.2637	163260	7130000	5.84	yes	45.00	7	6843	7513	0.15	yes	0:23.78	641740	0	starved/SRR30162149/1to1.auto.s4556
SRR30162149	PACBIO_SMRT	11093179	starved	14	7513	1to1	never	7	3756	3757	3756	3757	9422.436	9404.432	1193419	0.1076	164950	7080000	6.31	no	NA	NA	NA	7513	0.29	no	0:34.33	712420	0	starved/SRR30162149/1to1.never.s7
SRR30162149	PACBIO_SMRT	11093179	starved	14	7513	1to1	never	42	3756	3757	3756	3757	9405.005	9421.857	1071572	0.0966	144770	7270000	6.31	no	NA	NA	NA	7513	0.24	no	0:33.83	739512	0	starved/SRR30162149/1to1.never.s42
SRR30162149	PACBIO_SMRT	11093179	starved	14	7513	1to1	never	4556	3756	3757	3756	3757	9324.377	9502.464	1117997	0.1008	140740	7160000	6.31	no	NA	NA	NA	7513	0.37	no	0:34.90	773564	0	starved/SRR30162149/1to1.never.s4556
SRR30162149	PACBIO_SMRT	11093179	starved	14	7513	2to1	auto	7	5008	2505	4563	2282	9427.181	9829.21	4074525	0.3673	162440	7580000	7.84	yes	30.00	7	6845	7513	0.26	yes	0:18.11	747816	0	starved/SRR30162149/2to1.auto.s7
SRR30162149	PACBIO_SMRT	11093179	starved	14	7513	2to1	auto	42	5008	2505	4556	2278	9514.367	9693.54	2295589	0.2069	162200	7170000	7.81	yes	30.00	7	6834	7513	0.04	yes	0:22.92	728004	0	starved/SRR30162149/2to1.auto.s42
SRR30162149	PACBIO_SMRT	11093179	starved	14	7513	2to1	auto	4556	5008	2505	4562	2281	9583.549	9537.196	2843511	0.2563	164870	7320000	7.78	yes	45.00	7	6843	7513	0.0	yes	0:23.03	756680	0	starved/SRR30162149/2to1.auto.s4556
SRR30162149	PACBIO_SMRT	11093179	starved	14	7513	2to1	never	7	5008	2505	5008	2505	9411.056	9418.184	1069868	0.0964	143940	7200000	8.41	no	NA	NA	NA	7513	0.16	no	0:33.02	880136	0	starved/SRR30162149/2to1.never.s7
SRR30162149	PACBIO_SMRT	11093179	starved	14	7513	2to1	never	42	5008	2505	5008	2505	9365.756	9508.749	1087504	0.0980	144350	7440000	8.43	no	NA	NA	NA	7513	0.04	no	0:32.17	849528	0	starved/SRR30162149/2to1.never.s42
SRR30162149	PACBIO_SMRT	11093179	starved	14	7513	2to1	never	4556	5008	2505	5008	2505	9350.666	9538.916	1084160	0.0977	138920	7270000	8.44	no	NA	NA	NA	7513	0.12	no	0:32.84	897924	0	starved/SRR30162149/2to1.never.s4556
SRR30162149	PACBIO_SMRT	11093179	starved	14	7513	4to1	auto	7	6010	1503	5476	1369	9476.1045	9901.633	3964724	0.3574	167360	7450000	9.47	yes	30.00	7	6845	7513	0.07	yes	0:14.74	837232	0	starved/SRR30162149/4to1.auto.s7
SRR30162149	PACBIO_SMRT	11093179	starved	14	7513	4to1	auto	42	6010	1503	5467	1367	9537.309	9721.197	1593508	0.1436	159250	7320000	9.39	yes	30.00	7	6834	7513	0.0	yes	0:14.81	817720	0	starved/SRR30162149/4to1.auto.s42
SRR30162149	PACBIO_SMRT	11093179	starved	14	7513	4to1	auto	4556	6010	1503	5475	1368	9617.083	9372.05	3189723	0.2875	162880	7570000	9.27	yes	45.00	7	6843	7513	0.0	yes	0:14.04	852316	0	starved/SRR30162149/4to1.auto.s4556
SRR30162149	PACBIO_SMRT	11093179	starved	14	7513	4to1	never	7	6010	1503	6010	1503	9396.418	9481.467	1173488	0.1058	139530	7490000	10.12	no	NA	NA	NA	7513	0.07	no	0:20.60	1041588	0	starved/SRR30162149/4to1.never.s7
SRR30162149	PACBIO_SMRT	11093179	starved	14	7513	4to1	never	42	6010	1503	6010	1503	9394.49	9489.174	1110514	0.1001	140300	7520000	10.12	no	NA	NA	NA	7513	0.0	no	0:19.02	1037260	0	starved/SRR30162149/4to1.never.s42
SRR30162149	PACBIO_SMRT	11093179	starved	14	7513	4to1	never	4556	6010	1503	6010	1503	9390.672	9504.445	1204263	0.1086	147670	7360000	10.13	no	NA	NA	NA	7513	0.0	no	0:19.33	1053552	0	starved/SRR30162149/4to1.never.s4556
SRR30162149	PACBIO_SMRT	11093179	starved	14	7513	8to1	auto	7	6678	835	6085	760	9541.89	9715.897	4699166	0.4236	164980	8200000	10.45	yes	30.00	7	6845	7513	0.13	yes	0:10.03	1034836	0	starved/SRR30162149/8to1.auto.s7
SRR30162149	PACBIO_SMRT	11093179	starved	14	7513	8to1	auto	42	6678	835	6075	759	9560.598	9682.095	1470691	0.1326	157310	7170000	10.43	yes	30.00	7	6834	7513	0.0	yes	0:12.10	1057140	0	starved/SRR30162149/8to1.auto.s42
SRR30162149	PACBIO_SMRT	11093179	starved	14	7513	8to1	auto	4556	6678	835	6083	760	9593.145	9367.628	4598048	0.4145	168370	7780000	10.29	yes	45.00	7	6843	7513	0.0	yes	0:09.33	940620	0	starved/SRR30162149/8to1.auto.s4556
SRR30162149	PACBIO_SMRT	11093179	starved	14	7513	8to1	never	7	6678	835	6678	835	9417.582	9380.24	1325367	0.1195	139560	7850000	11.20	no	NA	NA	NA	7513	0.0	no	0:13.37	1087140	0	starved/SRR30162149/8to1.never.s7
SRR30162149	PACBIO_SMRT	11093179	starved	14	7513	8to1	never	42	6678	835	6678	835	9435.294	9238.591	1105066	0.0996	142150	7530000	11.12	no	NA	NA	NA	7513	0.0	no	0:13.58	1141324	0	starved/SRR30162149/8to1.never.s42
SRR30162149	PACBIO_SMRT	11093179	starved	14	7513	8to1	never	4556	6678	835	6678	835	9403.469	9493.117	1246558	0.1124	144000	7700000	11.26	no	NA	NA	NA	7513	0.0	no	0:13.03	1214996	0	starved/SRR30162149/8to1.never.s4556
SRR30162149	PACBIO_SMRT	11093179	marginal	7	15026	legacy	auto	7	10026	5000	9163	4569	9524.874	9789.6	3493900	0.3150	164290	7750000	15.79	yes	52.00	14	13732	15026	0.0	yes	1:08.02	1600680	0	marginal/SRR30162149/legacy.auto.s7
SRR30162149	PACBIO_SMRT	11093179	marginal	7	15026	legacy	auto	42	10026	5000	9166	4571	9697.538	9465.604	4052890	0.3653	169900	7940000	15.67	yes	32.00	14	13737	15026	0.0	yes	1:11.68	1438512	0	marginal/SRR30162149/legacy.auto.s42
SRR30162149	PACBIO_SMRT	11093179	marginal	7	15026	legacy	auto	4556	10026	5000	9157	4566	9600.038	9618.63	3630970	0.3273	163020	7990000	15.70	yes	41.00	14	13723	15026	0.0	yes	1:10.99	1517400	0	marginal/SRR30162149/legacy.auto.s4556
SRR30162149	PACBIO_SMRT	11093179	marginal	7	15026	legacy	never	7	10026	5000	10026	5000	9475.309	9447.302	1229178	0.1108	151360	7830000	16.92	no	NA	NA	NA	15026	0.02	no	1:50.78	1922408	0	marginal/SRR30162149/legacy.never.s7
SRR30162149	PACBIO_SMRT	11093179	marginal	7	15026	legacy	never	42	10026	5000	10026	5000	9491.498	9414.838	1307604	0.1179	149390	8080000	16.91	no	NA	NA	NA	15026	0.04	no	1:34.65	1865440	0	marginal/SRR30162149/legacy.never.s42
SRR30162149	PACBIO_SMRT	11093179	marginal	7	15026	legacy	never	4556	10026	5000	10026	5000	9450.432	9497.186	1127111	0.1016	150300	7790000	16.94	no	NA	NA	NA	15026	0.0	no	1:45.69	1909876	0	marginal/SRR30162149/legacy.never.s4556
SRR30162149	PACBIO_SMRT	11093179	marginal	7	15026	1to1	auto	7	7513	7513	6866	6866	9467.401	9758.509	3560306	0.3209	164300	7630000	11.78	yes	52.00	14	13732	15026	0.0	yes	1:15.00	1236632	0	marginal/SRR30162149/1to1.auto.s7
SRR30162149	PACBIO_SMRT	11093179	marginal	7	15026	1to1	auto	42	7513	7513	6869	6868	9679.098	9561.617	3519272	0.3172	169250	7790000	11.79	yes	32.00	14	13737	15026	0.01	yes	1:14.76	1138844	0	marginal/SRR30162149/1to1.auto.s42
SRR30162149	PACBIO_SMRT	11093179	marginal	7	15026	1to1	auto	4556	7513	7513	6862	6861	9541.716	9670.741	3031127	0.2732	164090	7820000	11.76	yes	41.00	14	13723	15026	0.0	yes	1:13.62	1237276	0	marginal/SRR30162149/1to1.auto.s4556
SRR30162149	PACBIO_SMRT	11093179	marginal	7	15026	1to1	never	7	7513	7513	7513	7513	9451.209	9480.769	1252489	0.1129	156960	7820000	12.69	no	NA	NA	NA	15026	0.01	no	1:52.07	1660620	0	marginal/SRR30162149/1to1.never.s7
SRR30162149	PACBIO_SMRT	11093179	marginal	7	15026	1to1	never	42	7513	7513	7513	7513	9560.705	9371.273	1156210	0.1042	150330	7730000	12.69	no	NA	NA	NA	15026	0.04	no	1:49.32	1474964	0	marginal/SRR30162149/1to1.never.s42
SRR30162149	PACBIO_SMRT	11093179	marginal	7	15026	1to1	never	4556	7513	7513	7513	7513	9513.578	9418.4	1226823	0.1106	153420	7670000	12.69	no	NA	NA	NA	15026	0.04	no	1:51.94	1491244	0	marginal/SRR30162149/1to1.never.s4556
SRR30162149	PACBIO_SMRT	11093179	marginal	7	15026	2to1	auto	7	10017	5009	9155	4577	9525.381	9788.122	3448046	0.3108	164540	7750000	15.77	yes	52.00	14	13732	15026	0.0	yes	1:36.33	1508096	0	marginal/SRR30162149/2to1.auto.s7
SRR30162149	PACBIO_SMRT	11093179	marginal	7	15026	2to1	auto	42	10017	5009	9158	4579	9697.542	9466	3972223	0.3581	167840	7930000	15.66	yes	32.00	14	13737	15026	0.0	yes	1:03.56	1392612	0	marginal/SRR30162149/2to1.auto.s42
SRR30162149	PACBIO_SMRT	11093179	marginal	7	15026	2to1	auto	4556	10017	5009	9149	4574	9597.73	9623.214	3591353	0.3237	162940	8010000	15.69	yes	41.00	14	13723	15026	0.0	yes	1:04.31	1430880	0	marginal/SRR30162149/2to1.auto.s4556
SRR30162149	PACBIO_SMRT	11093179	marginal	7	15026	2to1	never	7	10017	5009	10017	5009	9477.639	9442.692	1232806	0.1111	151430	7840000	16.91	no	NA	NA	NA	15026	0.02	no	1:40.56	1742460	0	marginal/SRR30162149/2to1.never.s7
SRR30162149	PACBIO_SMRT	11093179	marginal	7	15026	2to1	never	42	10017	5009	10017	5009	9491.366	9415.24	1288183	0.1161	149260	8070000	16.89	no	NA	NA	NA	15026	0.04	no	1:34.76	1864584	0	marginal/SRR30162149/2to1.never.s42
SRR30162149	PACBIO_SMRT	11093179	marginal	7	15026	2to1	never	4556	10017	5009	10017	5009	9451.468	9495.028	1126629	0.1016	150200	7790000	16.93	no	NA	NA	NA	15026	0.0	no	1:37.62	1854196	0	marginal/SRR30162149/2to1.never.s4556
SRR30162149	PACBIO_SMRT	11093179	marginal	7	15026	4to1	auto	7	12020	3006	10985	2747	9565.409	9803.086	3578309	0.3226	163700	7850000	18.98	yes	52.00	14	13732	15026	0.0	yes	0:48.82	1795792	0	marginal/SRR30162149/4to1.auto.s7
SRR30162149	PACBIO_SMRT	11093179	marginal	7	15026	4to1	auto	42	12020	3006	10989	2748	9637.342	9552.46	3506267	0.3161	168900	7940000	18.81	yes	32.00	14	13737	15026	0.0	yes	0:45.12	1686072	0	marginal/SRR30162149/4to1.auto.s42
SRR30162149	PACBIO_SMRT	11093179	marginal	7	15026	4to1	auto	4556	12020	3006	10978	2745	9612.178	9582.413	3898184	0.3514	167340	8150000	18.80	yes	41.00	14	13723	15026	0.0	yes	0:45.72	1667440	0	marginal/SRR30162149/4to1.auto.s4556
SRR30162149	PACBIO_SMRT	11093179	marginal	7	15026	4to1	never	7	12020	3006	12020	3006	9458.981	9494.013	1209018	0.1090	149160	8110000	20.32	no	NA	NA	NA	15026	0.03	no	1:09.75	2120956	0	marginal/SRR30162149/4to1.never.s7
SRR30162149	PACBIO_SMRT	11093179	marginal	7	15026	4to1	never	42	12020	3006	12020	3006	9453.777	9514.821	1234845	0.1113	150910	8070000	20.34	no	NA	NA	NA	15026	0.0	no	1:07.39	2245324	0	marginal/SRR30162149/4to1.never.s42
SRR30162149	PACBIO_SMRT	11093179	marginal	7	15026	4to1	never	4556	12020	3006	12020	3006	9471.708	9443.12	1104871	0.0996	150390	8010000	20.28	no	NA	NA	NA	15026	0.0	no	1:09.58	2195132	0	marginal/SRR30162149/4to1.never.s4556
SRR30162149	PACBIO_SMRT	11093179	marginal	7	15026	8to1	auto	7	13356	1670	12206	1526	9575.955	9908.907	3501633	0.3157	165310	7780000	21.22	yes	52.00	14	13732	15026	0.0	yes	0:33.73	1964260	0	marginal/SRR30162149/8to1.auto.s7
SRR30162149	PACBIO_SMRT	11093179	marginal	7	15026	8to1	auto	42	13356	1670	12211	1526	9616.643	9650.121	3074325	0.2771	168940	7930000	20.99	yes	32.00	14	13737	15026	0.0	yes	0:36.01	1866008	0	marginal/SRR30162149/8to1.auto.s42
SRR30162149	PACBIO_SMRT	11093179	marginal	7	15026	8to1	auto	4556	13356	1670	12198	1525	9589.119	9743.039	3599530	0.3245	170010	7950000	21.04	yes	41.00	14	13723	15026	0.0	yes	0:35.03	1858008	0	marginal/SRR30162149/8to1.auto.s4556
SRR30162149	PACBIO_SMRT	11093179	marginal	7	15026	8to1	never	7	13356	1670	13356	1670	9468.689	9444.391	1121819	0.1011	154990	8000000	22.53	no	NA	NA	NA	15026	0.0	no	0:52.70	2259520	0	marginal/SRR30162149/8to1.never.s7
SRR30162149	PACBIO_SMRT	11093179	marginal	7	15026	8to1	never	42	13356	1670	13356	1670	9460.8	9507.493	1243248	0.1121	159100	8140000	22.60	no	NA	NA	NA	15026	0.0	no	0:41.28	2329404	0	marginal/SRR30162149/8to1.never.s42
SRR30162149	PACBIO_SMRT	11093179	marginal	7	15026	8to1	never	4556	13356	1670	13356	1670	9463.002	9489.882	1202989	0.1084	146280	8220000	22.58	no	NA	NA	NA	15026	0.0	no	0:47.05	2394728	0	marginal/SRR30162149/8to1.never.s4556
SRR30162149	PACBIO_SMRT	11093179	comfortable	1	105176	legacy	auto	7	10000	5000	10000	5000	9680.068	9581.301	3603377	0.3248	171480	8030000	17.18	yes	46.00	93	96080	105176	0.0	no	0:50.57	2320036	0	comfortable/SRR30162149/legacy.auto.s7
SRR30162149	PACBIO_SMRT	11093179	comfortable	1	105176	legacy	auto	42	10000	5000	10000	5000	9646.42	9667.595	3907412	0.3522	174370	8180000	17.23	yes	54.00	92	95999	105176	0.0	no	0:52.92	2055356	0	comfortable/SRR30162149/legacy.auto.s42
SRR30162149	PACBIO_SMRT	11093179	comfortable	1	105176	legacy	auto	4556	10000	5000	10000	5000	9649.047	9558.163	3844783	0.3466	178790	8100000	17.14	yes	47.00	92	96010	105176	0.0	no	0:56.08	2096292	0	comfortable/SRR30162149/legacy.auto.s4556
SRR30162149	PACBIO_SMRT	11093179	comfortable	1	105176	legacy	never	7	10000	5000	10000	5000	9490.272	9485.829	1170392	0.1055	148000	8050000	16.93	no	NA	NA	NA	105176	0.0	no	1:49.17	2537488	0	comfortable/SRR30162149/legacy.never.s7
SRR30162149	PACBIO_SMRT	11093179	comfortable	1	105176	legacy	never	42	10000	5000	10000	5000	9550.631	9477.197	1211677	0.1092	145610	7690000	16.97	no	NA	NA	NA	105176	0.0	no	1:00.51	2436068	0	comfortable/SRR30162149/legacy.never.s42
SRR30162149	PACBIO_SMRT	11093179	comfortable	1	105176	legacy	never	4556	10000	5000	10000	5000	9540.78	9519.498	1162445	0.1048	140700	8120000	17.00	no	NA	NA	NA	105176	0.02	no	0:58.01	2583904	0	comfortable/SRR30162149/legacy.never.s4556
SRR30162149	PACBIO_SMRT	11093179	comfortable	1	105176	1to1	auto	7	7500	7500	7500	7500	9652.973	9641.319	3267851	0.2946	169540	7730000	12.91	yes	46.00	93	96080	105176	0.01	no	0:57.95	1900912	0	comfortable/SRR30162149/1to1.auto.s7
SRR30162149	PACBIO_SMRT	11093179	comfortable	1	105176	1to1	auto	42	7500	7500	7500	7500	9675.444	9631.512	3717062	0.3351	170820	8030000	12.92	yes	54.00	92	95999	105176	0.0	no	1:09.13	1769460	0	comfortable/SRR30162149/1to1.auto.s42
SRR30162149	PACBIO_SMRT	11093179	comfortable	1	105176	1to1	auto	4556	7500	7500	7500	7500	9598.211	9639.293	3167738	0.2856	179360	7840000	12.87	yes	47.00	92	96010	105176	0.0	no	0:54.97	1764972	0	comfortable/SRR30162149/1to1.auto.s4556
SRR30162149	PACBIO_SMRT	11093179	comfortable	1	105176	1to1	never	7	7500	7500	7500	7500	9428.304	9549.278	1184167	0.1067	147610	7830000	12.70	no	NA	NA	NA	105176	0.01	no	1:06.62	1975084	0	comfortable/SRR30162149/1to1.never.s7
SRR30162149	PACBIO_SMRT	11093179	comfortable	1	105176	1to1	never	42	7500	7500	7500	7500	9560.552	9491.754	1217071	0.1097	144900	7700000	12.75	no	NA	NA	NA	105176	0.05	no	1:14.15	1975836	0	comfortable/SRR30162149/1to1.never.s42
SRR30162149	PACBIO_SMRT	11093179	comfortable	1	105176	1to1	never	4556	7500	7500	7500	7500	9554.991	9512.382	1132504	0.1021	138890	7850000	12.76	no	NA	NA	NA	105176	0.01	no	1:12.98	2125028	0	comfortable/SRR30162149/1to1.never.s4556
SRR30162149	PACBIO_SMRT	11093179	comfortable	1	105176	2to1	auto	7	10000	5000	10000	5000	9680.068	9581.301	3603377	0.3248	171480	8030000	17.18	yes	46.00	93	96080	105176	0.0	no	0:58.06	2231408	0	comfortable/SRR30162149/2to1.auto.s7
SRR30162149	PACBIO_SMRT	11093179	comfortable	1	105176	2to1	auto	42	10000	5000	10000	5000	9646.42	9667.595	3907412	0.3522	174370	8180000	17.23	yes	54.00	92	95999	105176	0.0	no	1:29.35	2096400	0	comfortable/SRR30162149/2to1.auto.s42
SRR30162149	PACBIO_SMRT	11093179	comfortable	1	105176	2to1	auto	4556	10000	5000	10000	5000	9649.047	9558.163	3844783	0.3466	178790	8100000	17.14	yes	47.00	92	96010	105176	0.0	no	0:57.51	2237512	0	comfortable/SRR30162149/2to1.auto.s4556
SRR30162149	PACBIO_SMRT	11093179	comfortable	1	105176	2to1	never	7	10000	5000	10000	5000	9490.272	9485.829	1170392	0.1055	148000	8050000	16.93	no	NA	NA	NA	105176	0.0	no	0:57.35	2586156	0	comfortable/SRR30162149/2to1.never.s7
SRR30162149	PACBIO_SMRT	11093179	comfortable	1	105176	2to1	never	42	10000	5000	10000	5000	9550.631	9477.197	1211677	0.1092	145610	7690000	16.97	no	NA	NA	NA	105176	0.0	no	1:14.87	2486712	0	comfortable/SRR30162149/2to1.never.s42
SRR30162149	PACBIO_SMRT	11093179	comfortable	1	105176	2to1	never	4556	10000	5000	10000	5000	9540.78	9519.498	1162445	0.1048	140700	8120000	17.00	no	NA	NA	NA	105176	0.02	no	0:58.22	2607560	0	comfortable/SRR30162149/2to1.never.s4556
SRR30162149	PACBIO_SMRT	11093179	comfortable	1	105176	4to1	auto	7	12000	3000	12000	3000	9679.73	9516.807	3801883	0.3427	167860	8100000	20.55	yes	46.00	93	96080	105176	0.0	no	0:42.27	2563164	0	comfortable/SRR30162149/4to1.auto.s7
SRR30162149	PACBIO_SMRT	11093179	comfortable	1	105176	4to1	auto	42	12000	3000	12000	3000	9641.815	9700.129	3842809	0.3464	174820	8310000	20.71	yes	54.00	92	95999	105176	0.0	no	0:56.14	2538316	0	comfortable/SRR30162149/4to1.auto.s42
SRR30162149	PACBIO_SMRT	11093179	comfortable	1	105176	4to1	auto	4556	12000	3000	12000	3000	9635.476	9551.8545	4076282	0.3675	179110	8260000	20.54	yes	47.00	92	96010	105176	0.0	no	0:39.63	2477912	0	comfortable/SRR30162149/4to1.auto.s4556
SRR30162149	PACBIO_SMRT	11093179	comfortable	1	105176	4to1	never	7	12000	3000	12000	3000	9497.724	9453.06	1227217	0.1106	153100	8180000	20.28	no	NA	NA	NA	105176	0.0	no	0:45.00	2762856	0	comfortable/SRR30162149/4to1.never.s7
SRR30162149	PACBIO_SMRT	11093179	comfortable	1	105176	4to1	never	42	12000	3000	12000	3000	9513.213	9577.914	1125418	0.1015	145480	7640000	20.44	no	NA	NA	NA	105176	0.0	no	0:44.80	2580344	0	comfortable/SRR30162149/4to1.never.s42
SRR30162149	PACBIO_SMRT	11093179	comfortable	1	105176	4to1	never	4556	12000	3000	12000	3000	9538.129	9515.916	1056365	0.0952	140260	7750000	20.40	no	NA	NA	NA	105176	0.0	no	1:17.49	2915420	0	comfortable/SRR30162149/4to1.never.s4556
SRR30162149	PACBIO_SMRT	11093179	comfortable	1	105176	8to1	auto	7	13333	1667	13333	1667	9656.555	9571.892	3355939	0.3025	168040	8120000	22.87	yes	46.00	93	96080	105176	0.0	no	0:52.05	2763120	0	comfortable/SRR30162149/8to1.auto.s7
SRR30162149	PACBIO_SMRT	11093179	comfortable	1	105176	8to1	auto	42	13333	1667	13333	1667	9606.84	10026.505	3100799	0.2795	178460	8220000	23.36	yes	54.00	92	95999	105176	0.0	no	0:31.55	2661096	0	comfortable/SRR30162149/8to1.auto.s42
SRR30162149	PACBIO_SMRT	11093179	comfortable	1	105176	8to1	auto	4556	13333	1667	13333	1667	9613.292	9662.424	3287909	0.2964	181170	8240000	22.93	yes	47.00	92	96010	105176	0.0	no	0:37.11	2574644	0	comfortable/SRR30162149/8to1.auto.s4556
SRR30162149	PACBIO_SMRT	11093179	comfortable	1	105176	8to1	never	7	13333	1667	13333	1667	9488.267	9492.988	1285555	0.1159	152840	8370000	22.57	no	NA	NA	NA	105176	0.0	no	0:29.13	2818056	0	comfortable/SRR30162149/8to1.never.s7
SRR30162149	PACBIO_SMRT	11093179	comfortable	1	105176	8to1	never	42	13333	1667	13333	1667	9536.14	9446.276	1301629	0.1173	147940	7850000	22.58	no	NA	NA	NA	105176	0.0	no	0:37.10	2762504	0	comfortable/SRR30162149/8to1.never.s42
SRR30162149	PACBIO_SMRT	11093179	comfortable	1	105176	8to1	never	4556	13333	1667	13333	1667	9496.312	9832.62	959337	0.0865	145500	7520000	22.99	no	NA	NA	NA	105176	0.0	no	0:35.67	2930948	0	comfortable/SRR30162149/8to1.never.s4556
SRR30162149	PACBIO_SMRT	11093179	comfortable	1	105176	more4to1	auto	7	20000	5000	20000	5000	9617.607	9501.635	3393764	0.3059	169970	8360000	34.11	yes	46.00	93	96073	105176	0.0	no	1:16.47	3972676	0	comfortable/SRR30162149/more4to1.auto.s7
SRR30162149	PACBIO_SMRT	11093179	comfortable	1	105176	more4to1	auto	42	20000	5000	20000	5000	9702.31	9722.75	3677428	0.3315	171300	8120000	34.66	yes	54.00	92	96025	105176	0.0	no	1:19.10	3887180	0	comfortable/SRR30162149/more4to1.auto.s42
SRR30162149	PACBIO_SMRT	11093179	comfortable	1	105176	more4to1	auto	4556	20000	5000	20000	5000	9716.353	9909.691	2795545	0.2520	173400	7910000	35.03	yes	47.00	92	95950	105176	0.0	no	1:47.30	4304336	0	comfortable/SRR30162149/more4to1.auto.s4556
SRR30162149	PACBIO_SMRT	11093179	comfortable	1	105176	more4to1	never	7	20000	5000	20000	5000	9479.148	9485.829	1183338	0.1067	149050	8320000	33.83	no	NA	NA	NA	105176	0.0	no	1:35.86	4889680	0	comfortable/SRR30162149/more4to1.never.s7
SRR30162149	PACBIO_SMRT	11093179	comfortable	1	105176	more4to1	never	42	20000	5000	20000	5000	9561.925	9477.197	1240468	0.1118	152750	8160000	33.97	no	NA	NA	NA	105176	0.0	no	1:37.85	4758056	0	comfortable/SRR30162149/more4to1.never.s42
SRR30162149	PACBIO_SMRT	11093179	comfortable	1	105176	more4to1	never	4556	20000	5000	20000	5000	9515.389	9519.498	1186677	0.1070	146510	8250000	33.96	no	NA	NA	NA	105176	0.0	no	1:35.23	4841144	0	comfortable/SRR30162149/more4to1.never.s4556
SRR30357565	PACBIO_SMRT	2791411	starved	2	8826	legacy	auto	7	3826	5000	3826	5000	21949.49	21832.652	358471	0.1284	141010	908670	59.74	no	15.67	NA	NA	8826	0.0	no	3:23.06	1743228	0	starved/SRR30357565/legacy.auto.s7
SRR30357565	PACBIO_SMRT	2791411	starved	2	8826	legacy	auto	42	3826	5000	3819	4989	21859.256	21933.773	379948	0.1361	139450	1020000	59.64	yes	17.33	62	8808	8826	0.0	yes	3:19.44	1828868	0	starved/SRR30357565/legacy.auto.s42
SRR30357565	PACBIO_SMRT	2791411	starved	2	8826	legacy	auto	4556	3826	5000	3826	5000	22028.91	21771.88	360700	0.1292	142280	910880	59.76	no	14.33	NA	NA	8826	0.0	no	3:19.38	1734212	0	starved/SRR30357565/legacy.auto.s4556
SRR30357565	PACBIO_SMRT	2791411	starved	2	8826	legacy	never	7	3826	5000	3826	5000	21949.49	21832.652	358471	0.1284	141010	908670	59.74	no	NA	NA	NA	8826	0.0	no	3:19.56	1727128	0	starved/SRR30357565/legacy.never.s7
SRR30357565	PACBIO_SMRT	2791411	starved	2	8826	legacy	never	42	3826	5000	3826	5000	21877.236	21887.943	366557	0.1313	140330	905010	59.71	no	NA	NA	NA	8826	0.0	no	3:18.82	1685868	0	starved/SRR30357565/legacy.never.s42
SRR30357565	PACBIO_SMRT	2791411	starved	2	8826	legacy	never	4556	3826	5000	3826	5000	22028.91	21771.88	360700	0.1292	142280	910880	59.76	no	NA	NA	NA	8826	0.0	no	3:20.95	1847196	0	starved/SRR30357565/legacy.never.s4556
SRR30357565	PACBIO_SMRT	2791411	starved	2	8826	1to1	auto	7	4413	4413	4413	4413	21931.42	21835.182	354169	0.1269	142160	883960	68.88	no	15.67	NA	NA	8826	0.0	no	3:09.46	1916860	0	starved/SRR30357565/1to1.auto.s7
SRR30357565	PACBIO_SMRT	2791411	starved	2	8826	1to1	auto	42	4413	4413	4404	4404	21887.6	21915.326	378403	0.1356	141710	1020000	68.79	yes	17.33	62	8808	8826	0.0	yes	3:10.81	2025596	0	starved/SRR30357565/1to1.auto.s42
SRR30357565	PACBIO_SMRT	2791411	starved	2	8826	1to1	auto	4556	4413	4413	4413	4413	22009.56	21757.043	366208	0.1312	141960	924220	68.88	no	14.33	NA	NA	8826	0.0	no	3:09.39	1794992	0	starved/SRR30357565/1to1.auto.s4556
SRR30357565	PACBIO_SMRT	2791411	starved	2	8826	1to1	never	7	4413	4413	4413	4413	21931.42	21835.182	354169	0.1269	142160	883960	68.88	no	NA	NA	NA	8826	0.0	no	3:09.00	1844424	0	starved/SRR30357565/1to1.never.s7
SRR30357565	PACBIO_SMRT	2791411	starved	2	8826	1to1	never	42	4413	4413	4413	4413	21840.326	21926.275	376484	0.1349	140490	916300	68.88	no	NA	NA	NA	8826	0.0	no	3:14.47	1870760	0	starved/SRR30357565/1to1.never.s42
SRR30357565	PACBIO_SMRT	2791411	starved	2	8826	1to1	never	4556	4413	4413	4413	4413	22009.56	21757.043	366208	0.1312	141960	924220	68.88	no	NA	NA	NA	8826	0.0	no	3:15.64	1795616	0	starved/SRR30357565/1to1.never.s4556
SRR30357565	PACBIO_SMRT	2791411	starved	2	8826	2to1	auto	7	5884	2942	5884	2942	21895.16	21859.584	600631	0.2152	212370	2240000	91.81	no	15.67	NA	NA	8826	0.0	no	2:41.66	2606156	0	starved/SRR30357565/2to1.auto.s7
SRR30357565	PACBIO_SMRT	2791411	starved	2	8826	2to1	auto	42	5884	2942	5872	2936	21910.77	21882.852	632443	0.2266	215880	2220000	91.71	yes	17.33	62	8808	8826	0.0	yes	2:39.73	2336500	0	starved/SRR30357565/2to1.auto.s42
SRR30357565	PACBIO_SMRT	2791411	starved	2	8826	2to1	auto	4556	5884	2942	5884	2942	21933.27	21783.363	647819	0.2321	214720	2340000	91.73	no	14.33	NA	NA	8826	0.0	no	2:37.46	2472336	0	starved/SRR30357565/2to1.auto.s4556
SRR30357565	PACBIO_SMRT	2791411	starved	2	8826	2to1	never	7	5884	2942	5884	2942	21895.16	21859.584	600631	0.2152	212370	2240000	91.81	no	NA	NA	NA	8826	0.0	no	2:38.28	2568516	0	starved/SRR30357565/2to1.never.s7
SRR30357565	PACBIO_SMRT	2791411	starved	2	8826	2to1	never	42	5884	2942	5884	2942	21846.041	21957.822	600379	0.2151	214980	2280000	91.91	no	NA	NA	NA	8826	0.0	no	2:38.06	2338424	0	starved/SRR30357565/2to1.never.s42
SRR30357565	PACBIO_SMRT	2791411	starved	2	8826	2to1	never	4556	5884	2942	5884	2942	21933.27	21783.363	647819	0.2321	214720	2340000	91.73	no	NA	NA	NA	8826	0.0	no	2:36.88	2410256	0	starved/SRR30357565/2to1.never.s4556
SRR30357565	PACBIO_SMRT	2791411	starved	2	8826	4to1	auto	7	7060	1766	7060	1766	21938.244	21663.654	588354	0.2108	212260	2200000	109.77	no	15.67	NA	NA	8826	0.0	no	1:53.32	2903832	0	starved/SRR30357565/4to1.auto.s7
SRR30357565	PACBIO_SMRT	2791411	starved	2	8826	4to1	auto	42	7060	1766	7046	1762	21923.607	21812.912	693985	0.2486	216110	2290000	109.90	yes	17.33	62	8808	8826	0.0	yes	3:47.14	2762644	0	starved/SRR30357565/4to1.auto.s42
SRR30357565	PACBIO_SMRT	2791411	starved	2	8826	4to1	auto	4556	7060	1766	7060	1766	21913.201	21763.77	685475	0.2456	217160	2330000	109.96	no	14.33	NA	NA	8826	0.0	no	1:51.32	2821512	0	starved/SRR30357565/4to1.auto.s4556
SRR30357565	PACBIO_SMRT	2791411	starved	2	8826	4to1	never	7	7060	1766	7060	1766	21938.244	21663.654	588354	0.2108	212260	2200000	109.77	no	NA	NA	NA	8826	0.0	no	1:54.20	2969588	0	starved/SRR30357565/4to1.never.s7
SRR30357565	PACBIO_SMRT	2791411	starved	2	8826	4to1	never	42	7060	1766	7060	1766	21836.355	22070.98	602046	0.2157	213990	2240000	110.55	no	NA	NA	NA	8826	0.0	no	1:55.99	2852108	0	starved/SRR30357565/4to1.never.s42
SRR30357565	PACBIO_SMRT	2791411	starved	2	8826	4to1	never	4556	7060	1766	7060	1766	21913.201	21763.77	685475	0.2456	217160	2330000	109.96	no	NA	NA	NA	8826	0.0	no	1:52.40	2823096	0	starved/SRR30357565/4to1.never.s4556
SRR30357565	PACBIO_SMRT	2791411	starved	2	8826	8to1	auto	7	7845	981	7845	981	21905.463	21706.072	617156	0.2211	214050	2270000	122.01	no	15.67	NA	NA	8826	0.0	no	1:09.90	2870536	0	starved/SRR30357565/8to1.auto.s7
SRR30357565	PACBIO_SMRT	2791411	starved	2	8826	8to1	auto	42	7845	981	7830	978	21920.477	21749.242	636999	0.2282	215720	2290000	121.94	yes	17.33	62	8808	8826	0.0	yes	1:11.84	2976116	0	starved/SRR30357565/8to1.auto.s42
SRR30357565	PACBIO_SMRT	2791411	starved	2	8826	8to1	auto	4556	7845	981	7845	981	21906.756	21695.742	641848	0.2299	215060	2320000	121.98	no	14.33	NA	NA	8826	0.0	no	1:13.16	2871912	0	starved/SRR30357565/8to1.auto.s4556
SRR30357565	PACBIO_SMRT	2791411	starved	2	8826	8to1	never	7	7845	981	7845	981	21905.463	21706.072	617156	0.2211	214050	2270000	122.01	no	NA	NA	NA	8826	0.0	no	1:10.33	2765668	0	starved/SRR30357565/8to1.never.s7
SRR30357565	PACBIO_SMRT	2791411	starved	2	8826	8to1	never	42	7845	981	7845	981	21845.768	22183.455	570584	0.2044	211120	2230000	123.18	no	NA	NA	NA	8826	0.0	no	1:12.30	2952492	0	starved/SRR30357565/8to1.never.s42
SRR30357565	PACBIO_SMRT	2791411	starved	2	8826	8to1	never	4556	7845	981	7845	981	21906.756	21695.742	641848	0.2299	215060	2320000	121.98	no	NA	NA	NA	8826	0.0	no	1:10.04	2934668	0	starved/SRR30357565/8to1.never.s4556
SRR30357565	PACBIO_SMRT	2791411	marginal	1	17651	legacy	auto	7	12651	5000	12626	4990	21874.445	21797.975	657176	0.2354	223230	2280000	196.64	yes	17.00	126	17616	17651	0.0	yes	9:24.30	5069392	0	marginal/SRR30357565/legacy.auto.s7
SRR30357565	PACBIO_SMRT	2791411	marginal	1	17651	legacy	auto	42	12651	5000	12651	5000	21815.838	21896.145	685918	0.2457	220030	2370000	197.21	no	14.00	NA	NA	17651	0.0	no	9:24.18	4914168	0	marginal/SRR30357565/legacy.auto.s42
SRR30357565	PACBIO_SMRT	2791411	marginal	1	17651	legacy	auto	4556	12651	5000	12651	5000	21854.777	21797.615	664504	0.2381	218980	2340000	196.94	no	15.33	NA	NA	17651	0.0	no	9:22.17	4986236	0	marginal/SRR30357565/legacy.auto.s4556
SRR30357565	PACBIO_SMRT	2791411	marginal	1	17651	legacy	never	7	12651	5000	12651	5000	21903.379	21674.648	653046	0.2339	220430	2350000	196.60	no	NA	NA	NA	17651	0.0	no	9:20.39	4728640	0	marginal/SRR30357565/legacy.never.s7
SRR30357565	PACBIO_SMRT	2791411	marginal	1	17651	legacy	never	42	12651	5000	12651	5000	21815.838	21896.145	685918	0.2457	220030	2370000	197.21	no	NA	NA	NA	17651	0.0	no	9:21.37	4737540	0	marginal/SRR30357565/legacy.never.s42
SRR30357565	PACBIO_SMRT	2791411	marginal	1	17651	legacy	never	4556	12651	5000	12651	5000	21854.777	21797.615	664504	0.2381	218980	2340000	196.94	no	NA	NA	NA	17651	0.0	no	16:03.85	4847492	0	marginal/SRR30357565/legacy.never.s4556
SRR30357565	PACBIO_SMRT	2791411	marginal	1	17651	1to1	auto	7	8825	8826	8808	8808	21817.49	21888.08	665981	0.2386	221050	2290000	137.28	yes	17.00	126	17616	17651	0.0	yes	12:19.64	3622108	0	marginal/SRR30357565/1to1.auto.s7
SRR30357565	PACBIO_SMRT	2791411	marginal	1	17651	1to1	auto	42	8825	8826	8825	8826	21854.35	21822.826	656646	0.2352	217080	2310000	137.46	no	14.00	NA	NA	17651	0.0	no	12:17.62	3804784	0	marginal/SRR30357565/1to1.auto.s42
SRR30357565	PACBIO_SMRT	2791411	marginal	1	17651	1to1	auto	4556	8825	8826	8825	8826	21847.973	21829.203	672764	0.2410	217140	2240000	137.46	no	15.33	NA	NA	17651	0.0	no	12:10.61	3845452	0	marginal/SRR30357565/1to1.auto.s4556
SRR30357565	PACBIO_SMRT	2791411	marginal	1	17651	1to1	never	7	8825	8826	8825	8826	21878.893	21798.285	644871	0.2310	218340	2270000	137.46	no	NA	NA	NA	17651	0.0	no	12:11.77	3789676	0	marginal/SRR30357565/1to1.never.s7
SRR30357565	PACBIO_SMRT	2791411	marginal	1	17651	1to1	never	42	8825	8826	8825	8826	21854.35	21822.826	656646	0.2352	217080	2310000	137.46	no	NA	NA	NA	17651	0.0	no	12:27.22	3854000	0	marginal/SRR30357565/1to1.never.s42
SRR30357565	PACBIO_SMRT	2791411	marginal	1	17651	1to1	never	4556	8825	8826	8825	8826	21847.973	21829.203	672764	0.2410	217140	2240000	137.46	no	NA	NA	NA	17651	0.0	no	12:23.05	3717964	0	marginal/SRR30357565/1to1.never.s4556
SRR30357565	PACBIO_SMRT	2791411	marginal	1	17651	2to1	auto	7	11767	5884	11744	5872	21872.6	21813.154	658686	0.2360	222800	2290000	182.96	yes	17.00	126	17616	17651	0.0	yes	9:40.90	4765952	0	marginal/SRR30357565/2to1.auto.s7
SRR30357565	PACBIO_SMRT	2791411	marginal	1	17651	2to1	auto	42	11767	5884	11767	5884	21827.229	21861.299	676056	0.2422	219950	2360000	183.33	no	14.00	NA	NA	17651	0.0	no	9:44.70	4481832	0	marginal/SRR30357565/2to1.auto.s42
SRR30357565	PACBIO_SMRT	2791411	marginal	1	17651	2to1	auto	4556	11767	5884	11767	5884	21874.42	21766.928	662098	0.2372	218170	2330000	183.13	no	15.33	NA	NA	17651	0.0	no	9:31.81	4628896	0	marginal/SRR30357565/2to1.auto.s4556
SRR30357565	PACBIO_SMRT	2791411	marginal	1	17651	2to1	never	7	11767	5884	11767	5884	21906.12	21703.537	644348	0.2308	219030	2340000	182.99	no	NA	NA	NA	17651	0.0	no	9:40.03	4505652	0	marginal/SRR30357565/2to1.never.s7
SRR30357565	PACBIO_SMRT	2791411	marginal	1	17651	2to1	never	42	11767	5884	11767	5884	21827.229	21861.299	676056	0.2422	219950	2360000	183.33	no	NA	NA	NA	17651	0.0	no	10:44.57	4514040	0	marginal/SRR30357565/2to1.never.s42
SRR30357565	PACBIO_SMRT	2791411	marginal	1	17651	2to1	never	4556	11767	5884	11767	5884	21874.42	21766.928	662098	0.2372	218170	2330000	183.13	no	NA	NA	NA	17651	0.0	no	9:36.36	4581392	0	marginal/SRR30357565/2to1.never.s4556
SRR30357565	PACBIO_SMRT	2791411	marginal	1	17651	4to1	auto	7	14120	3531	14093	3523	21863.076	21811.62	675294	0.2419	226350	2300000	219.50	yes	17.00	126	17616	17651	0.0	yes	7:09.94	5097124	0	marginal/SRR30357565/4to1.auto.s7
SRR30357565	PACBIO_SMRT	2791411	marginal	1	17651	4to1	auto	42	14120	3531	14120	3531	21805.598	21970.508	657318	0.2355	221660	2360000	220.43	no	14.00	NA	NA	17651	0.0	no	6:51.11	5273844	0	marginal/SRR30357565/4to1.auto.s42
SRR30357565	PACBIO_SMRT	2791411	marginal	1	17651	4to1	auto	4556	14120	3531	14120	3531	21860.691	21750.2	672867	0.2410	218960	2340000	219.59	no	15.33	NA	NA	17651	0.0	no	6:42.59	5024288	0	marginal/SRR30357565/4to1.auto.s4556
SRR30357565	PACBIO_SMRT	2791411	marginal	1	17651	4to1	never	7	14120	3531	14120	3531	21867.785	21721.828	640737	0.2295	220880	2300000	219.49	no	NA	NA	NA	17651	0.0	no	8:18.59	4953736	0	marginal/SRR30357565/4to1.never.s7
SRR30357565	PACBIO_SMRT	2791411	marginal	1	17651	4to1	never	42	14120	3531	14120	3531	21805.598	21970.508	657318	0.2355	221660	2360000	220.43	no	NA	NA	NA	17651	0.0	no	8:09.34	5035304	0	marginal/SRR30357565/4to1.never.s42
SRR30357565	PACBIO_SMRT	2791411	marginal	1	17651	4to1	never	4556	14120	3531	14120	3531	21860.691	21750.2	672867	0.2410	218960	2340000	219.59	no	NA	NA	NA	17651	0.0	no	6:55.05	4944360	0	marginal/SRR30357565/4to1.never.s4556
SRR30357565	PACBIO_SMRT	2791411	marginal	1	17651	8to1	auto	7	15689	1962	15658	1958	21879.717	21637.41	701836	0.2514	227250	2330000	242.99	yes	17.00	126	17616	17651	0.0	yes	4:11.81	5318820	0	marginal/SRR30357565/8to1.auto.s7
SRR30357565	PACBIO_SMRT	2791411	marginal	1	17651	8to1	auto	42	15689	1962	15689	1962	21820.771	21981.04	646762	0.2317	222570	2340000	245.07	no	14.00	NA	NA	17651	0.0	no	4:42.17	5072152	0	marginal/SRR30357565/8to1.auto.s42
SRR30357565	PACBIO_SMRT	2791411	marginal	1	17651	8to1	auto	4556	15689	1962	15689	1962	21858.254	21681.313	665174	0.2383	221320	2360000	243.59	no	15.33	NA	NA	17651	0.0	no	3:57.17	5318860	0	marginal/SRR30357565/8to1.auto.s4556
SRR30357565	PACBIO_SMRT	2791411	marginal	1	17651	8to1	never	7	15689	1962	15689	1962	21878.846	21516.65	624104	0.2236	224890	2190000	242.78	no	NA	NA	NA	17651	0.0	no	4:24.03	4952236	0	marginal/SRR30357565/8to1.never.s7
SRR30357565	PACBIO_SMRT	2791411	marginal	1	17651	8to1	never	42	15689	1962	15689	1962	21820.771	21981.04	646762	0.2317	222570	2340000	245.07	no	NA	NA	NA	17651	0.0	no	4:29.81	5021584	0	marginal/SRR30357565/8to1.never.s42
SRR30357565	PACBIO_SMRT	2791411	marginal	1	17651	8to1	never	4556	15689	1962	15689	1962	21858.254	21681.313	665174	0.2383	221320	2360000	243.59	no	NA	NA	NA	17651	0.0	no	4:19.37	5128484	0	marginal/SRR30357565/8to1.never.s4556
SRR30357565	PACBIO_SMRT	2791411	comfortable	1	17651	legacy	auto	7	10000	5000	10000	5000	21807.082	21984.893	659044	0.2361	218510	2380000	156.17	yes	17.00	126	17613	17651	0.0	no	3:45.79	5396348	0	comfortable/SRR30357565/legacy.auto.s7
SRR30357565	PACBIO_SMRT	2791411	comfortable	1	17651	legacy	auto	42	10000	5000	10000	5000	21795.123	21896.145	688882	0.2468	219060	2410000	155.81	no	14.00	NA	NA	17651	0.0	no	5:52.63	5575548	0	comfortable/SRR30357565/legacy.auto.s42
SRR30357565	PACBIO_SMRT	2791411	comfortable	1	17651	legacy	auto	4556	10000	5000	10000	5000	21856.766	21797.615	663578	0.2377	215710	2330000	155.68	no	15.33	NA	NA	17651	0.0	no	4:12.54	5824788	0	comfortable/SRR30357565/legacy.auto.s4556
SRR30357565	PACBIO_SMRT	2791411	comfortable	1	17651	legacy	never	7	10000	5000	10000	5000	21884.906	21674.648	651868	0.2335	217730	2330000	155.34	no	NA	NA	NA	17651	0.0	no	3:36.79	5465588	0	comfortable/SRR30357565/legacy.never.s7
SRR30357565	PACBIO_SMRT	2791411	comfortable	1	17651	legacy	never	42	10000	5000	10000	5000	21795.123	21896.145	688882	0.2468	219060	2410000	155.81	no	NA	NA	NA	17651	0.0	no	3:45.30	5460688	0	comfortable/SRR30357565/legacy.never.s42
SRR30357565	PACBIO_SMRT	2791411	comfortable	1	17651	legacy	never	4556	10000	5000	10000	5000	21856.766	21797.615	663578	0.2377	215710	2330000	155.68	no	NA	NA	NA	17651	0.0	no	3:40.77	5458784	0	comfortable/SRR30357565/legacy.never.s4556
SRR30357565	PACBIO_SMRT	2791411	comfortable	1	17651	1to1	auto	7	7500	7500	7500	7500	21809.195	21923.51	671655	0.2406	217920	2300000	116.97	yes	17.00	126	17613	17651	0.0	no	4:06.05	4671808	0	comfortable/SRR30357565/1to1.auto.s7
SRR30357565	PACBIO_SMRT	2791411	comfortable	1	17651	1to1	auto	42	7500	7500	7500	7500	21813.604	21843.99	660559	0.2366	217170	2390000	116.77	no	14.00	NA	NA	17651	0.0	no	4:08.25	4818104	0	comfortable/SRR30357565/1to1.auto.s42
SRR30357565	PACBIO_SMRT	2791411	comfortable	1	17651	1to1	auto	4556	7500	7500	7500	7500	21869.836	21804.262	669451	0.2398	215320	2240000	116.81	no	15.33	NA	NA	17651	0.0	no	4:21.07	4904504	0	comfortable/SRR30357565/1to1.auto.s4556
SRR30357565	PACBIO_SMRT	2791411	comfortable	1	17651	1to1	never	7	7500	7500	7500	7500	21862.428	21767.21	646690	0.2317	218080	2310000	116.69	no	NA	NA	NA	17651	0.0	no	4:08.96	4455792	0	comfortable/SRR30357565/1to1.never.s7
SRR30357565	PACBIO_SMRT	2791411	comfortable	1	17651	1to1	never	42	7500	7500	7500	7500	21813.604	21843.99	660559	0.2366	217170	2390000	116.77	no	NA	NA	NA	17651	0.0	no	4:10.05	4688588	0	comfortable/SRR30357565/1to1.never.s42
SRR30357565	PACBIO_SMRT	2791411	comfortable	1	17651	1to1	never	4556	7500	7500	7500	7500	21869.836	21804.262	669451	0.2398	215320	2240000	116.81	no	NA	NA	NA	17651	0.0	no	4:10.89	4962964	0	comfortable/SRR30357565/1to1.never.s4556
SRR30357565	PACBIO_SMRT	2791411	comfortable	1	17651	2to1	auto	7	10000	5000	10000	5000	21807.082	21984.893	659044	0.2361	218510	2380000	156.17	yes	17.00	126	17613	17651	0.0	no	3:52.37	5458524	0	comfortable/SRR30357565/2to1.auto.s7
SRR30357565	PACBIO_SMRT	2791411	comfortable	1	17651	2to1	auto	42	10000	5000	10000	5000	21795.123	21896.145	688882	0.2468	219060	2410000	155.81	no	14.00	NA	NA	17651	0.0	no	3:44.39	5533028	0	comfortable/SRR30357565/2to1.auto.s42
SRR30357565	PACBIO_SMRT	2791411	comfortable	1	17651	2to1	auto	4556	10000	5000	10000	5000	21856.766	21797.615	663578	0.2377	215710	2330000	155.68	no	15.33	NA	NA	17651	0.0	no	3:47.67	5545488	0	comfortable/SRR30357565/2to1.auto.s4556
SRR30357565	PACBIO_SMRT	2791411	comfortable	1	17651	2to1	never	7	10000	5000	10000	5000	21884.906	21674.648	651868	0.2335	217730	2330000	155.34	no	NA	NA	NA	17651	0.0	no	3:43.12	5502868	0	comfortable/SRR30357565/2to1.never.s7
SRR30357565	PACBIO_SMRT	2791411	comfortable	1	17651	2to1	never	42	10000	5000	10000	5000	21795.123	21896.145	688882	0.2468	219060	2410000	155.81	no	NA	NA	NA	17651	0.0	no	3:40.38	5539480	0	comfortable/SRR30357565/2to1.never.s42
SRR30357565	PACBIO_SMRT	2791411	comfortable	1	17651	2to1	never	4556	10000	5000	10000	5000	21856.766	21797.615	663578	0.2377	215710	2330000	155.68	no	NA	NA	NA	17651	0.0	no	3:43.54	5623952	0	comfortable/SRR30357565/2to1.never.s4556
SRR30357565	PACBIO_SMRT	2791411	comfortable	1	17651	4to1	auto	7	12000	3000	12000	3000	21857.848	21900.365	642726	0.2303	219130	2310000	187.26	yes	17.00	126	17613	17651	0.0	no	2:42.83	6357920	0	comfortable/SRR30357565/4to1.auto.s7
SRR30357565	PACBIO_SMRT	2791411	comfortable	1	17651	4to1	auto	42	12000	3000	12000	3000	21785.328	22002.672	653371	0.2341	220280	2390000	187.38	no	14.00	NA	NA	17651	0.0	no	2:44.88	6273884	0	comfortable/SRR30357565/4to1.auto.s42
SRR30357565	PACBIO_SMRT	2791411	comfortable	1	17651	4to1	auto	4556	12000	3000	12000	3000	21863.414	21731.594	674149	0.2415	215490	2340000	186.56	no	15.33	NA	NA	17651	0.0	no	2:37.28	5935128	0	comfortable/SRR30357565/4to1.auto.s4556
SRR30357565	PACBIO_SMRT	2791411	comfortable	1	17651	4to1	never	7	12000	3000	12000	3000	21834.787	21734.955	621150	0.2225	218480	2230000	186.45	no	NA	NA	NA	17651	0.0	no	2:49.29	5994244	0	comfortable/SRR30357565/4to1.never.s7
SRR30357565	PACBIO_SMRT	2791411	comfortable	1	17651	4to1	never	42	12000	3000	12000	3000	21785.328	22002.672	653371	0.2341	220280	2390000	187.38	no	NA	NA	NA	17651	0.0	no	5:13.67	5978796	0	comfortable/SRR30357565/4to1.never.s42
SRR30357565	PACBIO_SMRT	2791411	comfortable	1	17651	4to1	never	4556	12000	3000	12000	3000	21863.414	21731.594	674149	0.2415	215490	2340000	186.56	no	NA	NA	NA	17651	0.0	no	2:54.31	6254252	0	comfortable/SRR30357565/4to1.never.s4556
SRR30357565	PACBIO_SMRT	2791411	comfortable	1	17651	8to1	auto	7	13333	1667	13333	1667	21864.719	21879.4	653768	0.2342	220130	2360000	207.99	yes	17.00	126	17613	17651	0.0	no	1:47.14	6409496	0	comfortable/SRR30357565/8to1.auto.s7
SRR30357565	PACBIO_SMRT	2791411	comfortable	1	17651	8to1	auto	42	13333	1667	13333	1667	21809.797	21980.766	666308	0.2387	220050	2370000	208.21	no	14.00	NA	NA	17651	0.0	no	1:40.94	6001932	0	comfortable/SRR30357565/8to1.auto.s42
SRR30357565	PACBIO_SMRT	2791411	comfortable	1	17651	8to1	auto	4556	13333	1667	13333	1667	21855.404	21690.238	659445	0.2362	214720	2370000	207.04	no	15.33	NA	NA	17651	0.0	no	1:46.92	6170616	0	comfortable/SRR30357565/8to1.auto.s4556
SRR30357565	PACBIO_SMRT	2791411	comfortable	1	17651	8to1	never	7	13333	1667	13333	1667	21843.96	21581.742	615405	0.2205	218740	2200000	206.47	no	NA	NA	NA	17651	0.0	no	2:38.22	6173644	0	comfortable/SRR30357565/8to1.never.s7
SRR30357565	PACBIO_SMRT	2791411	comfortable	1	17651	8to1	never	42	13333	1667	13333	1667	21809.797	21980.766	666308	0.2387	220050	2370000	208.21	no	NA	NA	NA	17651	0.0	no	1:44.99	6465652	0	comfortable/SRR30357565/8to1.never.s42
SRR30357565	PACBIO_SMRT	2791411	comfortable	1	17651	8to1	never	4556	13333	1667	13333	1667	21855.404	21690.238	659445	0.2362	214720	2370000	207.04	no	NA	NA	NA	17651	0.0	no	1:45.94	6357600	0	comfortable/SRR30357565/8to1.never.s4556
SRR30357565	PACBIO_SMRT	2791411	comfortable	1	17651	more4to1	auto	7	20000	5000	14093	3523	21863.076	21811.62	675294	0.2419	226350	2300000	219.50	yes	17.00	126	17616	17651	0.0	yes	3:55.74	6964572	0	comfortable/SRR30357565/more4to1.auto.s7
SRR30357565	PACBIO_SMRT	2791411	comfortable	1	17651	more4to1	auto	42	20000	5000	14121	3530	21805.754	21969.932	659742	0.2363	221830	2360000	220.44	no	14.00	NA	NA	17651	0.0	no	3:58.40	6910032	0	comfortable/SRR30357565/more4to1.auto.s42
SRR30357565	PACBIO_SMRT	2791411	comfortable	1	17651	more4to1	auto	4556	20000	5000	14121	3530	21860.799	21749.729	672861	0.2410	218960	2340000	219.61	no	15.33	NA	NA	17651	0.0	no	3:25.18	6642104	0	comfortable/SRR30357565/more4to1.auto.s4556
SRR30357565	PACBIO_SMRT	2791411	comfortable	1	17651	more4to1	never	7	20000	5000	14121	3530	21867.9	21721.332	641551	0.2298	220940	2300000	219.50	no	NA	NA	NA	17651	0.0	no	3:26.75	6664992	0	comfortable/SRR30357565/more4to1.never.s7
SRR30357565	PACBIO_SMRT	2791411	comfortable	1	17651	more4to1	never	42	20000	5000	14121	3530	21805.754	21969.932	659742	0.2363	221830	2360000	220.44	no	NA	NA	NA	17651	0.0	no	3:34.78	6575688	0	comfortable/SRR30357565/more4to1.never.s42
SRR30357565	PACBIO_SMRT	2791411	comfortable	1	17651	more4to1	never	4556	20000	5000	14121	3530	21860.799	21749.729	672861	0.2410	218960	2340000	219.61	no	NA	NA	NA	17651	0.0	no	3:34.34	6639600	0	comfortable/SRR30357565/more4to1.never.s4556
SRR30357566	PACBIO_SMRT	2834287	starved	2	8361	legacy	auto	7	3361	5000	3358	4995	20807.74	20720.576	629513	0.2221	181030	2380000	48.97	yes	19.67	56	8353	8361	0.0	yes	3:33.48	1333804	0	starved/SRR30357566/legacy.auto.s7
SRR30357566	PACBIO_SMRT	2834287	starved	2	8361	legacy	auto	42	3361	5000	3361	5000	20699.895	20772.66	593473	0.2094	181230	2350000	48.94	no	15.33	NA	NA	8361	0.0	no	2:20.45	1292620	0	starved/SRR30357566/legacy.auto.s42
SRR30357566	PACBIO_SMRT	2834287	starved	2	8361	legacy	auto	4556	3361	5000	3361	5000	20783.84	20716.229	594614	0.2098	178300	2300000	48.98	no	14.67	NA	NA	8361	0.0	no	2:20.96	1243060	0	starved/SRR30357566/legacy.auto.s4556
SRR30357566	PACBIO_SMRT	2834287	starved	2	8361	legacy	never	7	3361	5000	3361	5000	20832.9	20683.252	653218	0.2305	174460	2390000	49.00	no	NA	NA	NA	8361	0.0	no	4:36.15	1574996	0	starved/SRR30357566/legacy.never.s7
SRR30357566	PACBIO_SMRT	2834287	starved	2	8361	legacy	never	42	3361	5000	3361	5000	20699.895	20772.66	593473	0.2094	181230	2350000	48.94	no	NA	NA	NA	8361	0.0	no	2:19.86	1261232	0	starved/SRR30357566/legacy.never.s42
SRR30357566	PACBIO_SMRT	2834287	starved	2	8361	legacy	never	4556	3361	5000	3361	5000	20783.84	20716.229	594614	0.2098	178300	2300000	48.98	no	NA	NA	NA	8361	0.0	no	2:20.51	1301716	0	starved/SRR30357566/legacy.never.s4556
SRR30357566	PACBIO_SMRT	2834287	starved	2	8361	1to1	auto	7	4180	4181	4177	4176	20753.68	20757.555	644155	0.2273	182410	2350000	60.88	yes	19.67	56	8353	8361	0.0	yes	2:47.47	1609320	0	starved/SRR30357566/1to1.auto.s7
SRR30357566	PACBIO_SMRT	2834287	starved	2	8361	1to1	auto	42	4180	4181	4180	4181	20711.078	20775.732	610084	0.2153	181860	2360000	60.89	no	15.33	NA	NA	8361	0.0	no	2:47.52	1344904	0	starved/SRR30357566/1to1.auto.s42
SRR30357566	PACBIO_SMRT	2834287	starved	2	8361	1to1	auto	4556	4180	4181	4180	4181	20764.81	20722.012	610573	0.2154	180800	2330000	60.89	no	14.67	NA	NA	8361	0.0	no	2:50.14	1354704	0	starved/SRR30357566/1to1.auto.s4556
SRR30357566	PACBIO_SMRT	2834287	starved	2	8361	1to1	never	7	4180	4181	4180	4181	20794.236	20692.592	641885	0.2265	178160	2260000	60.89	no	NA	NA	NA	8361	0.0	no	2:44.59	1593592	0	starved/SRR30357566/1to1.never.s7
SRR30357566	PACBIO_SMRT	2834287	starved	2	8361	1to1	never	42	4180	4181	4180	4181	20711.078	20775.732	610084	0.2153	181860	2360000	60.89	no	NA	NA	NA	8361	0.0	no	2:21.90	1430660	0	starved/SRR30357566/1to1.never.s42
SRR30357566	PACBIO_SMRT	2834287	starved	2	8361	1to1	never	4556	4180	4181	4180	4181	20764.81	20722.012	610573	0.2154	180800	2330000	60.89	no	NA	NA	NA	8361	0.0	no	2:22.47	1419028	0	starved/SRR30357566/1to1.never.s4556
SRR30357566	PACBIO_SMRT	2834287	starved	2	8361	2to1	auto	7	5574	2787	5569	2784	20728.82	20809.22	786270	0.2774	274510	2340000	81.23	yes	19.67	56	8353	8361	0.0	yes	2:21.60	1871768	0	starved/SRR30357566/2to1.auto.s7
SRR30357566	PACBIO_SMRT	2834287	starved	2	8361	2to1	auto	42	5574	2787	5574	2787	20763.883	20702.457	772152	0.2724	295300	2400000	81.16	no	15.33	NA	NA	8361	0.0	no	2:18.53	1920052	0	starved/SRR30357566/2to1.auto.s42
SRR30357566	PACBIO_SMRT	2834287	starved	2	8361	2to1	auto	4556	5574	2787	5574	2787	20737.344	20755.537	725217	0.2559	274690	2350000	81.21	no	14.67	NA	NA	8361	0.0	no	2:17.68	1862548	0	starved/SRR30357566/2to1.auto.s4556
SRR30357566	PACBIO_SMRT	2834287	starved	2	8361	2to1	never	7	5574	2787	5574	2787	20822.518	20585.19	753548	0.2659	277610	2340000	81.04	no	NA	NA	NA	8361	0.0	no	2:20.59	1891332	0	starved/SRR30357566/2to1.never.s7
SRR30357566	PACBIO_SMRT	2834287	starved	2	8361	2to1	never	42	5574	2787	5574	2787	20763.883	20702.457	772152	0.2724	295300	2400000	81.16	no	NA	NA	NA	8361	0.0	no	2:20.02	1838288	0	starved/SRR30357566/2to1.never.s42
SRR30357566	PACBIO_SMRT	2834287	starved	2	8361	2to1	never	4556	5574	2787	5574	2787	20737.344	20755.537	725217	0.2559	274690	2350000	81.21	no	NA	NA	NA	8361	0.0	no	2:19.99	1878144	0	starved/SRR30357566/2to1.never.s4556
SRR30357566	PACBIO_SMRT	2834287	starved	2	8361	4to1	auto	7	6688	1673	6682	1671	20735.773	20834.973	1300444	0.4588	330160	2500000	97.54	yes	19.67	56	8353	8361	0.0	yes	1:25.42	2390632	0	starved/SRR30357566/4to1.auto.s7
SRR30357566	PACBIO_SMRT	2834287	starved	2	8361	4to1	auto	42	6688	1673	6688	1673	20718.37	20843.508	1158289	0.4087	329820	2470000	97.60	no	15.33	NA	NA	8361	0.0	no	1:24.23	2219408	0	starved/SRR30357566/4to1.auto.s42
SRR30357566	PACBIO_SMRT	2834287	starved	2	8361	4to1	auto	4556	6688	1673	6688	1673	20705.523	20894.857	1199292	0.4231	334620	2460000	97.69	no	14.67	NA	NA	8361	0.0	no	1:24.87	2240252	0	starved/SRR30357566/4to1.auto.s4556
SRR30357566	PACBIO_SMRT	2834287	starved	2	8361	4to1	never	7	6688	1673	6688	1673	20809.646	20478.621	1066758	0.3764	329320	2450000	96.96	no	NA	NA	NA	8361	0.0	no	1:22.34	2294288	0	starved/SRR30357566/4to1.never.s7
SRR30357566	PACBIO_SMRT	2834287	starved	2	8361	4to1	never	42	6688	1673	6688	1673	20718.37	20843.508	1158289	0.4087	329820	2470000	97.60	no	NA	NA	NA	8361	0.0	no	1:20.94	2179312	0	starved/SRR30357566/4to1.never.s42
SRR30357566	PACBIO_SMRT	2834287	starved	2	8361	4to1	never	4556	6688	1673	6688	1673	20705.523	20894.857	1199292	0.4231	334620	2460000	97.69	no	NA	NA	NA	8361	0.0	no	1:21.36	2243136	0	starved/SRR30357566/4to1.never.s4556
SRR30357566	PACBIO_SMRT	2834287	starved	2	8361	8to1	auto	7	7432	929	7425	928	20750.982	20792.693	1284925	0.4534	347980	2510000	108.31	yes	19.67	56	8353	8361	0.0	yes	0:57.87	2568008	0	starved/SRR30357566/8to1.auto.s7
SRR30357566	PACBIO_SMRT	2834287	starved	2	8361	8to1	auto	42	7432	929	7432	929	20708.025	21026.477	1214908	0.4286	329790	2480000	108.91	no	15.33	NA	NA	8361	0.0	no	0:57.32	2295356	0	starved/SRR30357566/8to1.auto.s42
SRR30357566	PACBIO_SMRT	2834287	starved	2	8361	8to1	auto	4556	7432	929	7432	929	20720.129	20929.646	1243330	0.4387	348580	2480000	108.69	no	14.67	NA	NA	8361	0.0	no	0:55.68	2310896	0	starved/SRR30357566/8to1.auto.s4556
SRR30357566	PACBIO_SMRT	2834287	starved	2	8361	8to1	never	7	7432	929	7432	929	20789.768	20372.531	995843	0.3514	330730	2450000	107.41	no	NA	NA	NA	8361	0.0	no	0:54.72	2307468	0	starved/SRR30357566/8to1.never.s7
SRR30357566	PACBIO_SMRT	2834287	starved	2	8361	8to1	never	42	7432	929	7432	929	20708.025	21026.477	1214908	0.4286	329790	2480000	108.91	no	NA	NA	NA	8361	0.0	no	0:54.18	2228920	0	starved/SRR30357566/8to1.never.s42
SRR30357566	PACBIO_SMRT	2834287	starved	2	8361	8to1	never	4556	7432	929	7432	929	20720.129	20929.646	1243330	0.4387	348580	2480000	108.69	no	NA	NA	NA	8361	0.0	no	0:53.57	2320892	0	starved/SRR30357566/8to1.never.s4556
SRR30357566	PACBIO_SMRT	2834287	marginal	1	16722	legacy	auto	7	11722	5000	11722	5000	20903.58	20727.05	1159742	0.4092	326370	2430000	171.35	no	15.33	NA	NA	16722	0.0	no	7:16.01	4337104	0	marginal/SRR30357566/legacy.auto.s7
SRR30357566	PACBIO_SMRT	2834287	marginal	1	16722	legacy	auto	42	11722	5000	11713	4995	20898.723	20773.865	1146525	0.4045	328400	2420000	171.39	yes	17.33	113	16708	16722	0.0	yes	7:13.88	4425824	0	marginal/SRR30357566/legacy.auto.s42
SRR30357566	PACBIO_SMRT	2834287	marginal	1	16722	legacy	auto	4556	11722	5000	11706	4993	20862.941	20873.36	1189310	0.4196	332730	2430000	171.55	yes	18.33	113	16699	16722	0.0	yes	7:14.99	4413504	0	marginal/SRR30357566/legacy.auto.s4556
SRR30357566	PACBIO_SMRT	2834287	marginal	1	16722	legacy	never	7	11722	5000	11722	5000	20903.58	20727.05	1159742	0.4092	326370	2430000	171.35	no	NA	NA	NA	16722	0.0	no	7:10.83	4244660	0	marginal/SRR30357566/legacy.never.s7
SRR30357566	PACBIO_SMRT	2834287	marginal	1	16722	legacy	never	42	11722	5000	11722	5000	20783.342	21008.94	1158510	0.4087	327820	2430000	172.02	no	NA	NA	NA	16722	0.0	no	7:14.68	4121372	0	marginal/SRR30357566/legacy.never.s42
SRR30357566	PACBIO_SMRT	2834287	marginal	1	16722	legacy	never	4556	11722	5000	11722	5000	20846.008	20862.025	1107018	0.3906	328320	2410000	171.67	no	NA	NA	NA	16722	0.0	no	7:10.38	4418984	0	marginal/SRR30357566/legacy.never.s4556
SRR30357566	PACBIO_SMRT	2834287	marginal	1	16722	1to1	auto	7	8361	8361	8361	8361	20957.555	20744.04	1205744	0.4254	322690	2410000	122.43	no	15.33	NA	NA	16722	0.0	no	8:34.88	3255136	0	marginal/SRR30357566/1to1.auto.s7
SRR30357566	PACBIO_SMRT	2834287	marginal	1	16722	1to1	auto	42	8361	8361	8354	8354	20894.69	20828.1	1178223	0.4157	329470	2440000	122.39	yes	17.33	113	16708	16722	0.0	yes	8:41.77	3075232	0	marginal/SRR30357566/1to1.auto.s42
SRR30357566	PACBIO_SMRT	2834287	marginal	1	16722	1to1	auto	4556	8361	8361	8350	8349	20903.637	20828.473	1199506	0.4232	333140	2460000	122.36	yes	18.33	113	16699	16722	0.0	yes	8:42.05	3016140	0	marginal/SRR30357566/1to1.auto.s4556
SRR30357566	PACBIO_SMRT	2834287	marginal	1	16722	1to1	never	7	8361	8361	8361	8361	20957.555	20744.04	1205744	0.4254	322690	2410000	122.43	no	NA	NA	NA	16722	0.0	no	8:48.22	3168536	0	marginal/SRR30357566/1to1.never.s7
SRR30357566	PACBIO_SMRT	2834287	marginal	1	16722	1to1	never	42	8361	8361	8361	8361	20738.574	20963.02	1171556	0.4134	328080	2440000	122.43	no	NA	NA	NA	16722	0.0	no	8:51.06	3128520	0	marginal/SRR30357566/1to1.never.s42
SRR30357566	PACBIO_SMRT	2834287	marginal	1	16722	1to1	never	4556	8361	8361	8361	8361	20845.506	20856.088	1147880	0.4050	329100	2420000	122.43	no	NA	NA	NA	16722	0.0	no	9:39.29	3251368	0	marginal/SRR30357566/1to1.never.s4556
SRR30357566	PACBIO_SMRT	2834287	marginal	1	16722	2to1	auto	7	11148	5574	11148	5574	20907.041	20738.309	1156486	0.4080	323880	2440000	163.02	no	15.33	NA	NA	16722	0.0	no	7:27.55	4100612	0	marginal/SRR30357566/2to1.auto.s7
SRR30357566	PACBIO_SMRT	2834287	marginal	1	16722	2to1	auto	42	11148	5574	11139	5569	20893.826	20796.527	1175599	0.4148	329320	2430000	163.06	yes	17.33	113	16708	16722	0.0	yes	7:31.42	4051856	0	marginal/SRR30357566/2to1.auto.s42
SRR30357566	PACBIO_SMRT	2834287	marginal	1	16722	2to1	auto	4556	11148	5574	11133	5566	20854.922	20888.324	1241020	0.4379	330900	2450000	163.18	yes	18.33	113	16699	16722	0.0	yes	7:31.18	4109608	0	marginal/SRR30357566/2to1.auto.s4556
SRR30357566	PACBIO_SMRT	2834287	marginal	1	16722	2to1	never	7	11148	5574	11148	5574	20907.041	20738.309	1156486	0.4080	323880	2440000	163.02	no	NA	NA	NA	16722	0.0	no	7:37.34	3968068	0	marginal/SRR30357566/2to1.never.s7
SRR30357566	PACBIO_SMRT	2834287	marginal	1	16722	2to1	never	42	11148	5574	11148	5574	20804.434	20943.523	1188401	0.4193	327120	2430000	163.42	no	NA	NA	NA	16722	0.0	no	7:37.82	3934192	0	marginal/SRR30357566/2to1.never.s42
SRR30357566	PACBIO_SMRT	2834287	marginal	1	16722	2to1	never	4556	11148	5574	11148	5574	20825.514	20901.361	1086812	0.3835	327250	2390000	163.34	no	NA	NA	NA	16722	0.0	no	7:35.05	4203420	0	marginal/SRR30357566/2to1.never.s4556
SRR30357566	PACBIO_SMRT	2834287	marginal	1	16722	4to1	auto	7	13377	3345	13377	3345	20902.313	20644.783	1208836	0.4265	329330	2450000	195.15	no	15.33	NA	NA	16722	0.0	no	5:23.07	4637676	0	marginal/SRR30357566/4to1.auto.s7
SRR30357566	PACBIO_SMRT	2834287	marginal	1	16722	4to1	auto	42	13377	3345	13366	3342	20870.453	20825.176	1203412	0.4246	331610	2450000	195.69	yes	17.33	113	16708	16722	0.0	yes	5:27.07	4729312	0	marginal/SRR30357566/4to1.auto.s42
SRR30357566	PACBIO_SMRT	2834287	marginal	1	16722	4to1	auto	4556	13377	3345	13359	3340	20880.514	20808.23	1272134	0.4488	333190	2450000	195.56	yes	18.33	113	16699	16722	0.0	yes	5:26.37	4749604	0	marginal/SRR30357566/4to1.auto.s4556
SRR30357566	PACBIO_SMRT	2834287	marginal	1	16722	4to1	never	7	13377	3345	13377	3345	20902.313	20644.783	1208836	0.4265	329330	2450000	195.15	no	NA	NA	NA	16722	0.0	no	5:23.27	4633960	0	marginal/SRR30357566/4to1.never.s7
SRR30357566	PACBIO_SMRT	2834287	marginal	1	16722	4to1	never	42	13377	3345	13377	3345	20770.871	21170.428	1220760	0.4307	333390	2450000	197.01	no	NA	NA	NA	16722	0.0	no	5:26.01	4664712	0	marginal/SRR30357566/4to1.never.s42
SRR30357566	PACBIO_SMRT	2834287	marginal	1	16722	4to1	never	4556	13377	3345	13377	3345	20834.004	20917.951	1193081	0.4209	326690	2450000	196.12	no	NA	NA	NA	16722	0.0	no	5:24.28	4689164	0	marginal/SRR30357566/4to1.never.s4556
SRR30357566	PACBIO_SMRT	2834287	marginal	1	16722	8to1	auto	7	14864	1858	14864	1858	20886.191	20567.635	1240488	0.4377	332050	2480000	216.35	no	15.33	NA	NA	16722	0.0	no	3:22.33	4942776	0	marginal/SRR30357566/8to1.auto.s7
SRR30357566	PACBIO_SMRT	2834287	marginal	1	16722	8to1	auto	42	14864	1858	14852	1856	20877.287	20734.217	1337822	0.4720	329130	2490000	217.01	yes	17.33	113	16708	16722	0.0	yes	3:23.53	5011860	0	marginal/SRR30357566/8to1.auto.s42
SRR30357566	PACBIO_SMRT	2834287	marginal	1	16722	8to1	auto	4556	14864	1858	14844	1855	20869.094	20841.746	1304548	0.4603	335940	2460000	217.41	yes	18.33	113	16699	16722	0.0	yes	3:29.26	5168844	0	marginal/SRR30357566/8to1.auto.s4556
SRR30357566	PACBIO_SMRT	2834287	marginal	1	16722	8to1	never	7	14864	1858	14864	1858	20886.191	20567.635	1240488	0.4377	332050	2480000	216.35	no	NA	NA	NA	16722	0.0	no	3:20.53	4851896	0	marginal/SRR30357566/8to1.never.s7
SRR30357566	PACBIO_SMRT	2834287	marginal	1	16722	8to1	never	42	14864	1858	14864	1858	20821.873	21082.184	1244108	0.4389	339330	2440000	218.72	no	NA	NA	NA	16722	0.0	no	3:23.52	4639600	0	marginal/SRR30357566/8to1.never.s42
SRR30357566	PACBIO_SMRT	2834287	marginal	1	16722	8to1	never	4556	14864	1858	14864	1858	20844.318	20902.629	1146398	0.4045	329460	2470000	217.89	no	NA	NA	NA	16722	0.0	no	3:25.52	5015016	0	marginal/SRR30357566/8to1.never.s4556
SRR30357566	PACBIO_SMRT	2834287	comfortable	1	16722	legacy	auto	7	10000	5000	10000	5000	20898.436	20727.05	1149108	0.4054	327860	2430000	146.16	no	15.33	NA	NA	16722	0.0	no	3:11.85	4894376	0	comfortable/SRR30357566/legacy.auto.s7
SRR30357566	PACBIO_SMRT	2834287	comfortable	1	16722	legacy	auto	42	10000	5000	10000	5000	20947.451	20815.004	1050302	0.3706	327030	2420000	146.65	yes	17.33	113	16705	16722	0.0	no	3:14.07	4714012	0	comfortable/SRR30357566/legacy.auto.s42
SRR30357566	PACBIO_SMRT	2834287	comfortable	1	16722	legacy	auto	4556	10000	5000	10000	5000	20787.623	20933.395	1146906	0.4047	329720	2440000	146.50	yes	18.33	113	16702	16722	0.0	no	3:28.57	4748624	0	comfortable/SRR30357566/legacy.auto.s4556
SRR30357566	PACBIO_SMRT	2834287	comfortable	1	16722	legacy	never	7	10000	5000	10000	5000	20898.436	20727.05	1149108	0.4054	327860	2430000	146.16	no	NA	NA	NA	16722	0.0	no	3:07.35	4736656	0	comfortable/SRR30357566/legacy.never.s7
SRR30357566	PACBIO_SMRT	2834287	comfortable	1	16722	legacy	never	42	10000	5000	10000	5000	20857.752	21008.94	1143712	0.4035	328350	2440000	147.01	no	NA	NA	NA	16722	0.0	no	3:01.53	4877060	0	comfortable/SRR30357566/legacy.never.s42
SRR30357566	PACBIO_SMRT	2834287	comfortable	1	16722	legacy	never	4556	10000	5000	10000	5000	20872.42	20862.025	1109468	0.3914	326040	2370000	146.55	no	NA	NA	NA	16722	0.0	no	3:13.00	5226704	0	comfortable/SRR30357566/legacy.never.s4556
SRR30357566	PACBIO_SMRT	2834287	comfortable	1	16722	1to1	auto	7	7500	7500	7500	7500	20973.291	20709.324	1179566	0.4162	325830	2390000	109.77	no	15.33	NA	NA	16722	0.0	no	3:35.16	3802528	0	comfortable/SRR30357566/1to1.auto.s7
SRR30357566	PACBIO_SMRT	2834287	comfortable	1	16722	1to1	auto	42	7500	7500	7500	7500	20934.95	20871.654	1035287	0.3653	325920	2430000	110.10	yes	17.33	113	16705	16722	0.0	no	3:56.83	3676096	0	comfortable/SRR30357566/1to1.auto.s42
SRR30357566	PACBIO_SMRT	2834287	comfortable	1	16722	1to1	auto	4556	7500	7500	7500	7500	20761.922	20910.504	1166853	0.4117	327010	2450000	109.75	yes	18.33	113	16702	16722	0.0	no	3:38.88	3524316	0	comfortable/SRR30357566/1to1.auto.s4556
SRR30357566	PACBIO_SMRT	2834287	comfortable	1	16722	1to1	never	7	7500	7500	7500	7500	20973.291	20709.324	1179566	0.4162	325830	2390000	109.77	no	NA	NA	NA	16722	0.0	no	3:33.11	3680604	0	comfortable/SRR30357566/1to1.never.s7
SRR30357566	PACBIO_SMRT	2834287	comfortable	1	16722	1to1	never	42	7500	7500	7500	7500	20874.438	20941.855	1123737	0.3965	327450	2430000	110.13	no	NA	NA	NA	16722	0.0	no	3:40.37	3804212	0	comfortable/SRR30357566/1to1.never.s42
SRR30357566	PACBIO_SMRT	2834287	comfortable	1	16722	1to1	never	4556	7500	7500	7500	7500	20847.29	20890.621	1171174	0.4132	325510	2400000	109.92	no	NA	NA	NA	16722	0.0	no	3:25.93	3959092	0	comfortable/SRR30357566/1to1.never.s4556
SRR30357566	PACBIO_SMRT	2834287	comfortable	1	16722	2to1	auto	7	10000	5000	10000	5000	20898.436	20727.05	1149108	0.4054	327860	2430000	146.16	no	15.33	NA	NA	16722	0.0	no	3:27.81	4825684	0	comfortable/SRR30357566/2to1.auto.s7
SRR30357566	PACBIO_SMRT	2834287	comfortable	1	16722	2to1	auto	42	10000	5000	10000	5000	20947.451	20815.004	1050302	0.3706	327030	2420000	146.65	yes	17.33	113	16705	16722	0.0	no	3:09.04	4938576	0	comfortable/SRR30357566/2to1.auto.s42
SRR30357566	PACBIO_SMRT	2834287	comfortable	1	16722	2to1	auto	4556	10000	5000	10000	5000	20787.623	20933.395	1146906	0.4047	329720	2440000	146.50	yes	18.33	113	16702	16722	0.0	no	4:33.08	4665836	0	comfortable/SRR30357566/2to1.auto.s4556
SRR30357566	PACBIO_SMRT	2834287	comfortable	1	16722	2to1	never	7	10000	5000	10000	5000	20898.436	20727.05	1149108	0.4054	327860	2430000	146.16	no	NA	NA	NA	16722	0.0	no	3:07.76	4793200	0	comfortable/SRR30357566/2to1.never.s7
SRR30357566	PACBIO_SMRT	2834287	comfortable	1	16722	2to1	never	42	10000	5000	10000	5000	20857.752	21008.94	1143712	0.4035	328350	2440000	147.01	no	NA	NA	NA	16722	0.0	no	3:07.90	4887848	0	comfortable/SRR30357566/2to1.never.s42
SRR30357566	PACBIO_SMRT	2834287	comfortable	1	16722	2to1	never	4556	10000	5000	10000	5000	20872.42	20862.025	1109468	0.3914	326040	2370000	146.55	no	NA	NA	NA	16722	0.0	no	3:26.32	5175832	0	comfortable/SRR30357566/2to1.never.s4556
SRR30357566	PACBIO_SMRT	2834287	comfortable	1	16722	4to1	auto	7	12000	3000	12000	3000	20898.447	20612.744	1267440	0.4472	332200	2470000	174.91	no	15.33	NA	NA	16722	0.0	no	2:44.58	5379720	0	comfortable/SRR30357566/4to1.auto.s7
SRR30357566	PACBIO_SMRT	2834287	comfortable	1	16722	4to1	auto	42	12000	3000	12000	3000	20923.713	20821.662	1064816	0.3757	327400	2430000	175.90	yes	17.33	113	16705	16722	0.0	no	2:20.17	5649288	0	comfortable/SRR30357566/4to1.auto.s42
SRR30357566	PACBIO_SMRT	2834287	comfortable	1	16722	4to1	auto	4556	12000	3000	12000	3000	20801.203	20976.254	1181391	0.4168	333630	2450000	176.04	yes	18.33	113	16702	16722	0.0	no	2:26.71	5476636	0	comfortable/SRR30357566/4to1.auto.s4556
SRR30357566	PACBIO_SMRT	2834287	comfortable	1	16722	4to1	never	7	12000	3000	12000	3000	20898.447	20612.744	1267440	0.4472	332200	2470000	174.91	no	NA	NA	NA	16722	0.0	no	2:23.44	5488584	0	comfortable/SRR30357566/4to1.never.s7
SRR30357566	PACBIO_SMRT	2834287	comfortable	1	16722	4to1	never	42	12000	3000	12000	3000	20852.135	21132.197	1229525	0.4338	333640	2450000	176.91	no	NA	NA	NA	16722	0.0	no	2:29.61	5007560	0	comfortable/SRR30357566/4to1.never.s42
SRR30357566	PACBIO_SMRT	2834287	comfortable	1	16722	4to1	never	4556	12000	3000	12000	3000	20862.2	20895.982	1251540	0.4416	328020	2460000	175.96	no	NA	NA	NA	16722	0.0	no	2:15.24	5684372	0	comfortable/SRR30357566/4to1.never.s4556
SRR30357566	PACBIO_SMRT	2834287	comfortable	1	16722	8to1	auto	7	13333	1667	13333	1667	20876.346	20561.059	1258619	0.4441	331020	2500000	193.99	no	15.33	NA	NA	16722	0.0	no	1:25.55	6026848	0	comfortable/SRR30357566/8to1.auto.s7
SRR30357566	PACBIO_SMRT	2834287	comfortable	1	16722	8to1	auto	42	13333	1667	13333	1667	20940.809	20603.309	1036940	0.3659	320870	2410000	194.49	yes	17.33	113	16705	16722	0.0	no	1:43.30	5914172	0	comfortable/SRR30357566/8to1.auto.s42
SRR30357566	PACBIO_SMRT	2834287	comfortable	1	16722	8to1	auto	4556	13333	1667	13333	1667	20811.219	21036.133	1004468	0.3544	337850	2400000	195.92	yes	18.33	113	16702	16722	0.0	no	2:47.25	5782728	0	comfortable/SRR30357566/8to1.auto.s4556
SRR30357566	PACBIO_SMRT	2834287	comfortable	1	16722	8to1	never	7	13333	1667	13333	1667	20876.346	20561.059	1258619	0.4441	331020	2500000	193.99	no	NA	NA	NA	16722	0.0	no	2:33.69	5960488	0	comfortable/SRR30357566/8to1.never.s7
SRR30357566	PACBIO_SMRT	2834287	comfortable	1	16722	8to1	never	42	13333	1667	13333	1667	20888.943	21061.75	1210004	0.4269	339110	2440000	196.41	no	NA	NA	NA	16722	0.0	no	1:27.22	5884976	0	comfortable/SRR30357566/8to1.never.s42
SRR30357566	PACBIO_SMRT	2834287	comfortable	1	16722	8to1	never	4556	13333	1667	13333	1667	20864.049	20908.21	1105058	0.3899	327750	2440000	195.57	no	NA	NA	NA	16722	0.0	no	1:29.37	6288144	0	comfortable/SRR30357566/8to1.never.s4556
SRR30357566	PACBIO_SMRT	2834287	comfortable	1	16722	more4to1	auto	7	20000	5000	13378	3344	20902.877	20642.443	1206855	0.4258	329350	2450000	195.16	no	15.33	NA	NA	16722	0.0	no	2:51.93	6128788	0	comfortable/SRR30357566/more4to1.auto.s7
SRR30357566	PACBIO_SMRT	2834287	comfortable	1	16722	more4to1	auto	42	20000	5000	13367	3341	20870.602	20824.559	1203575	0.4246	331540	2450000	195.70	yes	17.33	113	16708	16722	0.0	yes	2:47.71	6294500	0	comfortable/SRR30357566/more4to1.auto.s42
SRR30357566	PACBIO_SMRT	2834287	comfortable	1	16722	more4to1	auto	4556	20000	5000	13360	3339	20880.373	20808.77	1275021	0.4499	333120	2450000	195.57	yes	18.33	113	16699	16722	0.0	yes	2:53.92	6234300	0	comfortable/SRR30357566/more4to1.auto.s4556
SRR30357566	PACBIO_SMRT	2834287	comfortable	1	16722	more4to1	never	7	20000	5000	13378	3344	20902.877	20642.443	1206855	0.4258	329350	2450000	195.16	no	NA	NA	NA	16722	0.0	no	4:31.31	6402504	0	comfortable/SRR30357566/more4to1.never.s7
SRR30357566	PACBIO_SMRT	2834287	comfortable	1	16722	more4to1	never	42	20000	5000	13378	3344	20770.793	21170.86	1223317	0.4316	333370	2450000	197.03	no	NA	NA	NA	16722	0.0	no	2:53.82	5546216	0	comfortable/SRR30357566/more4to1.never.s42
SRR30357566	PACBIO_SMRT	2834287	comfortable	1	16722	more4to1	never	4556	20000	5000	13378	3344	20833.68	20919.275	1194556	0.4215	326580	2450000	196.14	no	NA	NA	NA	16722	0.0	no	2:46.59	6393712	0	comfortable/SRR30357566/more4to1.never.s4556
SRR30357567	PACBIO_SMRT	2897507	starved	6	7811	legacy	auto	7	2811	5000	2806	4989	21454.93	21411.904	484182	0.1671	166260	1910000	41.32	yes	19.67	52	7795	7811	0.0	yes	2:20.77	1225512	0	starved/SRR30357567/legacy.auto.s7
SRR30357567	PACBIO_SMRT	2897507	starved	6	7811	legacy	auto	42	2811	5000	2806	4991	21350.486	21466.795	483920	0.1670	167460	2050000	41.27	yes	21.33	52	7797	7811	0.0	yes	2:28.91	1214432	0	starved/SRR30357567/legacy.auto.s42
SRR30357567	PACBIO_SMRT	2897507	starved	6	7811	legacy	auto	4556	2811	5000	2807	4992	21412.541	21426.633	496944	0.1715	164300	2030000	41.31	yes	17.33	52	7799	7811	0.0	yes	2:21.65	1210184	0	starved/SRR30357567/legacy.auto.s4556
SRR30357567	PACBIO_SMRT	2897507	starved	6	7811	legacy	never	7	2811	5000	2811	5000	21410.225	21407.414	477473	0.1648	167800	2010000	41.35	no	NA	NA	NA	7811	0.0	no	2:23.68	1081740	0	starved/SRR30357567/legacy.never.s7
SRR30357567	PACBIO_SMRT	2897507	starved	6	7811	legacy	never	42	2811	5000	2811	5000	21396.412	21415.182	486325	0.1678	163060	2050000	41.34	no	NA	NA	NA	7811	0.0	no	2:24.64	1082244	0	starved/SRR30357567/legacy.never.s42
SRR30357567	PACBIO_SMRT	2897507	starved	6	7811	legacy	never	4556	2811	5000	2811	5000	21434.943	21393.518	488593	0.1686	164810	2060000	41.36	no	NA	NA	NA	7811	0.0	no	2:23.03	1069428	0	starved/SRR30357567/legacy.never.s4556
SRR30357567	PACBIO_SMRT	2897507	starved	6	7811	1to1	auto	7	3905	3906	3898	3897	21456.486	21398.29	488313	0.1685	170940	2100000	57.38	yes	19.67	52	7795	7811	0.0	yes	2:23.05	1621952	0	starved/SRR30357567/1to1.auto.s7
SRR30357567	PACBIO_SMRT	2897507	starved	6	7811	1to1	auto	42	3905	3906	3899	3898	21303.633	21546.271	486922	0.1680	168400	2060000	57.39	yes	21.33	52	7797	7811	0.0	yes	2:21.98	1744372	0	starved/SRR30357567/1to1.auto.s42
SRR30357567	PACBIO_SMRT	2897507	starved	6	7811	1to1	auto	4556	3905	3906	3900	3899	21418.479	21424.645	505533	0.1745	170180	2140000	57.40	yes	17.33	52	7799	7811	0.0	yes	2:19.46	1593400	0	starved/SRR30357567/1to1.auto.s4556
SRR30357567	PACBIO_SMRT	2897507	starved	6	7811	1to1	never	7	3905	3906	3905	3906	21479.95	21336.924	487829	0.1684	171000	2090000	57.44	no	NA	NA	NA	7811	0.0	no	2:19.66	1609712	0	starved/SRR30357567/1to1.never.s7
SRR30357567	PACBIO_SMRT	2897507	starved	6	7811	1to1	never	42	3905	3906	3905	3906	21449.424	21367.44	493417	0.1703	168740	2170000	57.44	no	NA	NA	NA	7811	0.0	no	2:24.02	1656532	0	starved/SRR30357567/1to1.never.s42
SRR30357567	PACBIO_SMRT	2897507	starved	6	7811	1to1	never	4556	3905	3906	3905	3906	21455.84	21361.023	490807	0.1694	166960	2100000	57.44	no	NA	NA	NA	7811	0.0	no	2:19.69	1584744	0	starved/SRR30357567/1to1.never.s4556
SRR30357567	PACBIO_SMRT	2897507	starved	6	7811	2to1	auto	7	5207	2604	5197	2598	21390.738	21500.717	511026	0.1764	189760	2230000	76.57	yes	19.67	52	7795	7811	0.0	yes	2:06.88	1985944	0	starved/SRR30357567/2to1.auto.s7
SRR30357567	PACBIO_SMRT	2897507	starved	6	7811	2to1	auto	42	5207	2604	5198	2599	21303.75	21667.314	513827	0.1773	185600	2190000	76.73	yes	21.33	52	7797	7811	0.0	yes	2:02.83	2030204	0	starved/SRR30357567/2to1.auto.s42
SRR30357567	PACBIO_SMRT	2897507	starved	6	7811	2to1	auto	4556	5207	2604	5200	2599	21442.283	21380.1	538768	0.1859	182390	2180000	76.49	yes	17.33	52	7799	7811	0.0	yes	2:09.34	1947304	0	starved/SRR30357567/2to1.auto.s4556
SRR30357567	PACBIO_SMRT	2897507	starved	6	7811	2to1	never	7	5207	2604	5207	2604	21464.307	21296.688	527969	0.1822	195710	2160000	76.49	no	NA	NA	NA	7811	0.0	no	2:00.54	2034620	0	starved/SRR30357567/2to1.never.s7
SRR30357567	PACBIO_SMRT	2897507	starved	6	7811	2to1	never	42	5207	2604	5207	2604	21424.854	21375.58	534459	0.1845	189930	2200000	76.56	no	NA	NA	NA	7811	0.0	no	1:59.58	1950396	0	starved/SRR30357567/2to1.never.s42
SRR30357567	PACBIO_SMRT	2897507	starved	6	7811	2to1	never	4556	5207	2604	5207	2604	21463.15	21298.998	492503	0.1700	188320	2170000	76.49	no	NA	NA	NA	7811	0.0	no	2:01.65	1904544	0	starved/SRR30357567/2to1.never.s4556
SRR30357567	PACBIO_SMRT	2897507	starved	6	7811	4to1	auto	7	6248	1563	6236	1559	21411.363	21491.504	768322	0.2652	227740	2350000	91.91	yes	19.67	52	7795	7811	0.0	yes	1:29.06	2320276	0	starved/SRR30357567/4to1.auto.s7
SRR30357567	PACBIO_SMRT	2897507	starved	6	7811	4to1	auto	42	6248	1563	6237	1560	21380.057	21604.377	807216	0.2786	227680	2340000	92.10	yes	21.33	52	7797	7811	0.0	yes	1:28.93	2369240	0	starved/SRR30357567/4to1.auto.s42
SRR30357567	PACBIO_SMRT	2897507	starved	6	7811	4to1	auto	4556	6248	1563	6239	1560	21385.723	21564.887	816469	0.2818	230230	2390000	92.05	yes	17.33	52	7799	7811	0.0	yes	1:29.96	2352560	0	starved/SRR30357567/4to1.auto.s4556
SRR30357567	PACBIO_SMRT	2897507	starved	6	7811	4to1	never	7	6248	1563	6248	1563	21456.953	21214.441	750855	0.2591	223770	2280000	91.58	no	NA	NA	NA	7811	0.0	no	1:26.82	2293036	0	starved/SRR30357567/4to1.never.s7
SRR30357567	PACBIO_SMRT	2897507	starved	6	7811	4to1	never	42	6248	1563	6248	1563	21396.363	21456.648	780712	0.2694	223900	2360000	91.98	no	NA	NA	NA	7811	0.0	no	1:27.10	2200768	0	starved/SRR30357567/4to1.never.s42
SRR30357567	PACBIO_SMRT	2897507	starved	6	7811	4to1	never	4556	6248	1563	6248	1563	21434.43	21304.475	649183	0.2240	229600	2270000	91.73	no	NA	NA	NA	7811	0.0	no	1:28.32	2322896	0	starved/SRR30357567/4to1.never.s4556
SRR30357567	PACBIO_SMRT	2897507	starved	6	7811	8to1	auto	7	6943	868	6929	866	21392.295	21708.207	793357	0.2738	234660	2340000	102.59	yes	19.67	52	7795	7811	0.0	yes	1:02.12	2567504	0	starved/SRR30357567/8to1.auto.s7
SRR30357567	PACBIO_SMRT	2897507	starved	6	7811	8to1	auto	42	6943	868	6931	866	21422	21448.443	741837	0.2560	232930	2330000	102.07	yes	21.33	52	7797	7811	0.0	yes	0:56.84	2509956	0	starved/SRR30357567/8to1.auto.s42
SRR30357567	PACBIO_SMRT	2897507	starved	6	7811	8to1	auto	4556	6943	868	6933	866	21404.736	21556.25	831590	0.2870	245980	2400000	102.32	yes	17.33	52	7799	7811	0.0	yes	0:59.48	2446476	0	starved/SRR30357567/8to1.auto.s4556
SRR30357567	PACBIO_SMRT	2897507	starved	6	7811	8to1	never	7	6943	868	6943	868	21440.445	21152.309	779819	0.2691	231500	2380000	101.58	no	NA	NA	NA	7811	0.0	no	0:56.07	2512452	0	starved/SRR30357567/8to1.never.s7
SRR30357567	PACBIO_SMRT	2897507	starved	6	7811	8to1	never	42	6943	868	6943	868	21406.17	21426.482	767199	0.2648	234490	2320000	102.16	no	NA	NA	NA	7811	0.0	no	0:55.66	2363692	0	starved/SRR30357567/8to1.never.s42
SRR30357567	PACBIO_SMRT	2897507	starved	6	7811	8to1	never	4556	6943	868	6943	868	21420.959	21308.184	674046	0.2326	234270	2390000	101.91	no	NA	NA	NA	7811	0.0	no	0:55.21	2573824	0	starved/SRR30357567/8to1.never.s4556
SRR30357567	PACBIO_SMRT	2897507	marginal	3	15621	legacy	auto	7	10621	5000	10602	4991	21329.52	21513.453	700586	0.2418	236030	2380000	156.03	yes	20.67	105	15593	15621	0.0	yes	8:58.65	4334020	0	marginal/SRR30357567/legacy.auto.s7
SRR30357567	PACBIO_SMRT	2897507	marginal	3	15621	legacy	auto	42	10621	5000	10604	4991	21364.27	21438.48	719219	0.2482	236320	2340000	155.92	yes	19.67	105	15595	15621	0.0	yes	6:57.48	4086504	0	marginal/SRR30357567/legacy.auto.s42
SRR30357567	PACBIO_SMRT	2897507	marginal	3	15621	legacy	auto	4556	10621	5000	10605	4991	21405.045	21349.934	675735	0.2332	231970	2410000	155.76	yes	19.67	105	15596	15621	0.0	yes	7:25.75	4164780	0	marginal/SRR30357567/legacy.auto.s4556
SRR30357567	PACBIO_SMRT	2897507	marginal	3	15621	legacy	never	7	10621	5000	10621	5000	21366.588	21383.037	746947	0.2578	234780	2420000	155.97	no	NA	NA	NA	15621	0.0	no	7:09.59	4075976	0	marginal/SRR30357567/legacy.never.s7
SRR30357567	PACBIO_SMRT	2897507	marginal	3	15621	legacy	never	42	10621	5000	10621	5000	21385.096	21343.723	764466	0.2638	235290	2380000	155.90	no	NA	NA	NA	15621	0.0	no	7:08.12	4186932	0	marginal/SRR30357567/legacy.never.s42
SRR30357567	PACBIO_SMRT	2897507	marginal	3	15621	legacy	never	4556	10621	5000	10621	5000	21287.268	21551.53	719866	0.2484	232580	2410000	156.30	no	NA	NA	NA	15621	0.0	no	7:11.13	3928196	0	marginal/SRR30357567/legacy.never.s4556
SRR30357567	PACBIO_SMRT	2897507	marginal	3	15621	1to1	auto	7	7810	7811	7797	7796	21258.977	21517.828	699818	0.2415	234860	2370000	114.57	yes	20.67	105	15593	15621	0.0	yes	8:28.55	3427112	0	marginal/SRR30357567/1to1.auto.s7
SRR30357567	PACBIO_SMRT	2897507	marginal	3	15621	1to1	auto	42	7810	7811	7798	7797	21340.125	21435.92	714812	0.2467	234050	2360000	114.59	yes	19.67	105	15595	15621	0.0	yes	8:24.83	3479840	0	marginal/SRR30357567/1to1.auto.s42
SRR30357567	PACBIO_SMRT	2897507	marginal	3	15621	1to1	auto	4556	7810	7811	7798	7798	21437.078	21337.738	696834	0.2405	233670	2360000	114.58	yes	19.67	105	15596	15621	0.0	yes	8:23.68	3367172	0	marginal/SRR30357567/1to1.auto.s4556
SRR30357567	PACBIO_SMRT	2897507	marginal	3	15621	1to1	never	7	7810	7811	7810	7811	21391.209	21352.498	730663	0.2522	231130	2340000	114.68	no	NA	NA	NA	15621	0.0	no	8:24.66	3380636	0	marginal/SRR30357567/1to1.never.s7
SRR30357567	PACBIO_SMRT	2897507	marginal	3	15621	1to1	never	42	7810	7811	7810	7811	21401.502	21342.207	758860	0.2619	229990	2320000	114.68	no	NA	NA	NA	15621	0.0	no	8:21.12	3377484	0	marginal/SRR30357567/1to1.never.s42
SRR30357567	PACBIO_SMRT	2897507	marginal	3	15621	1to1	never	4556	7810	7811	7810	7811	21244.338	21499.352	714335	0.2465	232010	2430000	114.68	no	NA	NA	NA	15621	0.0	no	8:24.20	3184484	0	marginal/SRR30357567/1to1.never.s4556
SRR30357567	PACBIO_SMRT	2897507	marginal	3	15621	2to1	auto	7	10414	5207	10396	5197	21325.553	21514.098	696228	0.2403	236390	2370000	152.99	yes	20.67	105	15593	15621	0.0	yes	7:28.60	4160392	0	marginal/SRR30357567/2to1.auto.s7
SRR30357567	PACBIO_SMRT	2897507	marginal	3	15621	2to1	auto	42	10414	5207	10397	5198	21365.834	21432.395	717774	0.2477	236710	2330000	152.86	yes	19.67	105	15595	15621	0.0	yes	7:27.70	4045076	0	marginal/SRR30357567/2to1.auto.s42
SRR30357567	PACBIO_SMRT	2897507	marginal	3	15621	2to1	auto	4556	10414	5207	10398	5198	21405.547	21351.121	674199	0.2327	233080	2410000	152.72	yes	19.67	105	15596	15621	0.0	yes	7:26.60	3851196	0	marginal/SRR30357567/2to1.auto.s4556
SRR30357567	PACBIO_SMRT	2897507	marginal	3	15621	2to1	never	7	10414	5207	10414	5207	21375.223	21365.113	747800	0.2581	234580	2440000	152.90	no	NA	NA	NA	15621	0.0	no	7:16.87	3907216	0	marginal/SRR30357567/2to1.never.s7
SRR30357567	PACBIO_SMRT	2897507	marginal	3	15621	2to1	never	42	10414	5207	10414	5207	21375.736	21364.084	763679	0.2636	234600	2380000	152.90	no	NA	NA	NA	15621	0.0	no	7:04.89	3913188	0	marginal/SRR30357567/2to1.never.s42
SRR30357567	PACBIO_SMRT	2897507	marginal	3	15621	2to1	never	4556	10414	5207	10414	5207	21283.367	21548.824	722895	0.2495	231870	2420000	153.23	no	NA	NA	NA	15621	0.0	no	7:31.09	4000048	0	marginal/SRR30357567/2to1.never.s4556
SRR30357567	PACBIO_SMRT	2897507	marginal	3	15621	4to1	auto	7	12496	3125	12474	3119	21366.297	21476.768	711584	0.2456	240530	2400000	183.59	yes	20.67	105	15593	15621	0.0	yes	5:13.54	4787064	0	marginal/SRR30357567/4to1.auto.s7
SRR30357567	PACBIO_SMRT	2897507	marginal	3	15621	4to1	auto	42	12496	3125	12476	3119	21365.652	21477.488	671199	0.2316	242160	2320000	183.62	yes	19.67	105	15595	15621	0.0	yes	5:17.96	4790944	0	marginal/SRR30357567/4to1.auto.s42
SRR30357567	PACBIO_SMRT	2897507	marginal	3	15621	4to1	auto	4556	12496	3125	12477	3119	21387.406	21387.418	669989	0.2312	233070	2360000	183.34	yes	19.67	105	15596	15621	0.0	yes	5:18.23	4597216	0	marginal/SRR30357567/4to1.auto.s4556
SRR30357567	PACBIO_SMRT	2897507	marginal	3	15621	4to1	never	7	12496	3125	12496	3125	21384.424	21321.586	755053	0.2606	237050	2480000	183.32	no	NA	NA	NA	15621	0.0	no	5:10.07	4488732	0	marginal/SRR30357567/4to1.never.s7
SRR30357567	PACBIO_SMRT	2897507	marginal	3	15621	4to1	never	42	12496	3125	12496	3125	21373.564	21365.006	790215	0.2727	242560	2430000	183.46	no	NA	NA	NA	15621	0.0	no	5:10.23	4634980	0	marginal/SRR30357567/4to1.never.s42
SRR30357567	PACBIO_SMRT	2897507	marginal	3	15621	4to1	never	4556	12496	3125	12496	3125	21339.191	21502.457	690565	0.2383	234750	2400000	183.90	no	NA	NA	NA	15621	0.0	no	5:20.44	4497828	0	marginal/SRR30357567/4to1.never.s4556
SRR30357567	PACBIO_SMRT	2897507	marginal	3	15621	8to1	auto	7	13885	1736	13861	1732	21387.71	21393.85	745197	0.2572	243310	2420000	203.71	yes	20.67	105	15593	15621	0.0	yes	3:33.81	5081860	0	marginal/SRR30357567/8to1.auto.s7
SRR30357567	PACBIO_SMRT	2897507	marginal	3	15621	8to1	auto	42	13885	1736	13862	1733	21361.893	21597.004	704244	0.2431	246430	2380000	204.57	yes	19.67	105	15595	15621	0.0	yes	3:21.12	4976336	0	marginal/SRR30357567/8to1.auto.s42
SRR30357567	PACBIO_SMRT	2897507	marginal	3	15621	8to1	auto	4556	13885	1736	13863	1733	21380.844	21439.932	674032	0.2326	235830	2340000	203.92	yes	19.67	105	15596	15621	0.0	yes	3:20.78	4847220	0	marginal/SRR30357567/8to1.auto.s4556
SRR30357567	PACBIO_SMRT	2897507	marginal	3	15621	8to1	never	7	13885	1736	13885	1736	21370.404	21383.434	753133	0.2599	240450	2480000	203.92	no	NA	NA	NA	15621	0.0	no	3:14.78	4768020	0	marginal/SRR30357567/8to1.never.s7
SRR30357567	PACBIO_SMRT	2897507	marginal	3	15621	8to1	never	42	13885	1736	13885	1736	21346.06	21578.156	805617	0.2780	245420	2470000	204.74	no	NA	NA	NA	15621	0.0	no	3:11.60	4627456	0	marginal/SRR30357567/8to1.never.s42
SRR30357567	PACBIO_SMRT	2897507	marginal	3	15621	8to1	never	4556	13885	1736	13885	1736	21360.494	21462.701	704570	0.2432	232360	2410000	204.26	no	NA	NA	NA	15621	0.0	no	3:18.77	4848740	0	marginal/SRR30357567/8to1.never.s4556
SRR30357567	PACBIO_SMRT	2897507	comfortable	1	46862	legacy	auto	7	10000	5000	10000	5000	21441.96	21378.72	729912	0.2519	235250	2400000	147.10	yes	22.33	317	46779	46862	0.0	no	4:27.38	5538248	0	comfortable/SRR30357567/legacy.auto.s7
SRR30357567	PACBIO_SMRT	2897507	comfortable	1	46862	legacy	auto	42	10000	5000	10000	5000	21325.219	21319.623	693889	0.2395	232580	2320000	146.49	yes	17.67	316	46776	46862	0.0	no	6:44.99	5578280	0	comfortable/SRR30357567/legacy.auto.s42
SRR30357567	PACBIO_SMRT	2897507	comfortable	1	46862	legacy	auto	4556	10000	5000	10000	5000	21342.6	21523.516	728535	0.2514	231140	2360000	147.25	yes	18.67	316	46784	46862	0.0	no	3:41.98	5490380	0	comfortable/SRR30357567/legacy.auto.s4556
SRR30357567	PACBIO_SMRT	2897507	comfortable	1	46862	legacy	never	7	10000	5000	10000	5000	21421.44	21231.605	763007	0.2633	232520	2420000	146.52	no	NA	NA	NA	46862	0.0	no	3:24.71	5494036	0	comfortable/SRR30357567/legacy.never.s7
SRR30357567	PACBIO_SMRT	2897507	comfortable	1	46862	legacy	never	42	10000	5000	10000	5000	21390.832	21102.688	723128	0.2496	232580	2390000	145.97	no	NA	NA	NA	46862	0.0	no	3:57.03	5281860	0	comfortable/SRR30357567/legacy.never.s42
SRR30357567	PACBIO_SMRT	2897507	comfortable	1	46862	legacy	never	4556	10000	5000	10000	5000	21365.494	21151.102	733100	0.2530	228010	2360000	146.05	no	NA	NA	NA	46862	0.0	no	3:50.41	5476268	0	comfortable/SRR30357567/legacy.never.s4556
SRR30357567	PACBIO_SMRT	2897507	comfortable	1	46862	1to1	auto	7	7500	7500	7500	7500	21447.598	21394.164	705603	0.2435	235980	2400000	110.38	yes	22.33	317	46779	46862	0.0	no	4:10.96	4301152	0	comfortable/SRR30357567/1to1.auto.s7
SRR30357567	PACBIO_SMRT	2897507	comfortable	1	46862	1to1	auto	42	7500	7500	7500	7500	21417.602	21229.107	691582	0.2387	230910	2280000	109.87	yes	17.67	316	46776	46862	0.0	no	4:38.55	4394572	0	comfortable/SRR30357567/1to1.auto.s42
SRR30357567	PACBIO_SMRT	2897507	comfortable	1	46862	1to1	auto	4556	7500	7500	7500	7500	21386.258	21419.553	701864	0.2422	229910	2340000	110.28	yes	18.67	316	46784	46862	0.0	no	7:33.98	4258896	0	comfortable/SRR30357567/1to1.auto.s4556
SRR30357567	PACBIO_SMRT	2897507	comfortable	1	46862	1to1	never	7	7500	7500	7500	7500	21493.225	21223.1	753242	0.2600	234120	2350000	110.05	no	NA	NA	NA	46862	0.0	no	5:13.86	4399792	0	comfortable/SRR30357567/1to1.never.s7
SRR30357567	PACBIO_SMRT	2897507	comfortable	1	46862	1to1	never	42	7500	7500	7500	7500	21400.734	21188.834	728035	0.2513	230890	2420000	109.73	no	NA	NA	NA	46862	0.0	no	4:00.86	4481136	0	comfortable/SRR30357567/1to1.never.s42
SRR30357567	PACBIO_SMRT	2897507	comfortable	1	46862	1to1	never	4556	7500	7500	7500	7500	21341.29	21246.771	700443	0.2417	226200	2320000	109.72	no	NA	NA	NA	46862	0.0	no	4:16.08	4680108	0	comfortable/SRR30357567/1to1.never.s4556
SRR30357567	PACBIO_SMRT	2897507	comfortable	1	46862	2to1	auto	7	10000	5000	10000	5000	21441.96	21378.72	729912	0.2519	235250	2400000	147.10	yes	22.33	317	46779	46862	0.0	no	3:40.79	5686544	0	comfortable/SRR30357567/2to1.auto.s7
SRR30357567	PACBIO_SMRT	2897507	comfortable	1	46862	2to1	auto	42	10000	5000	10000	5000	21325.219	21319.623	693889	0.2395	232580	2320000	146.49	yes	17.67	316	46776	46862	0.0	no	3:53.68	5542448	0	comfortable/SRR30357567/2to1.auto.s42
SRR30357567	PACBIO_SMRT	2897507	comfortable	1	46862	2to1	auto	4556	10000	5000	10000	5000	21342.6	21523.516	728535	0.2514	231140	2360000	147.25	yes	18.67	316	46784	46862	0.0	no	3:35.97	5361128	0	comfortable/SRR30357567/2to1.auto.s4556
SRR30357567	PACBIO_SMRT	2897507	comfortable	1	46862	2to1	never	7	10000	5000	10000	5000	21421.44	21231.605	763007	0.2633	232520	2420000	146.52	no	NA	NA	NA	46862	0.0	no	3:41.35	5434720	0	comfortable/SRR30357567/2to1.never.s7
SRR30357567	PACBIO_SMRT	2897507	comfortable	1	46862	2to1	never	42	10000	5000	10000	5000	21390.832	21102.688	723128	0.2496	232580	2390000	145.97	no	NA	NA	NA	46862	0.0	no	6:05.80	5392000	0	comfortable/SRR30357567/2to1.never.s42
SRR30357567	PACBIO_SMRT	2897507	comfortable	1	46862	2to1	never	4556	10000	5000	10000	5000	21365.494	21151.102	733100	0.2530	228010	2360000	146.05	no	NA	NA	NA	46862	0.0	no	3:35.75	5578224	0	comfortable/SRR30357567/2to1.never.s4556
SRR30357567	PACBIO_SMRT	2897507	comfortable	1	46862	4to1	auto	7	12000	3000	12000	3000	21413.021	21452.313	731740	0.2525	237970	2420000	176.70	yes	22.33	317	46779	46862	0.0	no	2:40.13	6084956	0	comfortable/SRR30357567/4to1.auto.s7
SRR30357567	PACBIO_SMRT	2897507	comfortable	1	46862	4to1	auto	42	12000	3000	12000	3000	21319.453	21338.959	692803	0.2391	232690	2230000	175.85	yes	17.67	316	46776	46862	0.0	no	2:51.60	5560212	0	comfortable/SRR30357567/4to1.auto.s42
SRR30357567	PACBIO_SMRT	2897507	comfortable	1	46862	4to1	auto	4556	12000	3000	12000	3000	21351.613	21608.074	723370	0.2497	232250	2340000	177.09	yes	18.67	316	46784	46862	0.0	no	2:43.91	6128700	0	comfortable/SRR30357567/4to1.auto.s4556
SRR30357567	PACBIO_SMRT	2897507	comfortable	1	46862	4to1	never	7	12000	3000	12000	3000	21406.725	21163.91	762449	0.2631	231350	2360000	175.48	no	NA	NA	NA	46862	0.0	no	2:58.59	5793332	0	comfortable/SRR30357567/4to1.never.s7
SRR30357567	PACBIO_SMRT	2897507	comfortable	1	46862	4to1	never	42	12000	3000	12000	3000	21329.746	21154.938	737755	0.2546	231510	2390000	175.13	no	NA	NA	NA	46862	0.0	no	2:36.56	5940320	0	comfortable/SRR30357567/4to1.never.s42
SRR30357567	PACBIO_SMRT	2897507	comfortable	1	46862	4to1	never	4556	12000	3000	12000	3000	21326.656	21163.525	767877	0.2650	229200	2390000	175.15	no	NA	NA	NA	46862	0.0	no	3:00.62	5958544	0	comfortable/SRR30357567/4to1.never.s4556
SRR30357567	PACBIO_SMRT	2897507	comfortable	1	46862	8to1	auto	7	13333	1667	13333	1667	21427.623	21366.951	726060	0.2506	234700	2410000	196.01	yes	22.33	317	46779	46862	0.0	no	6:09.89	6320940	0	comfortable/SRR30357567/8to1.auto.s7
SRR30357567	PACBIO_SMRT	2897507	comfortable	1	46862	8to1	auto	42	13333	1667	13333	1667	21314.38	21395.12	685820	0.2367	237070	2230000	195.61	yes	17.67	316	46776	46862	0.0	no	3:19.97	6405920	0	comfortable/SRR30357567/8to1.auto.s42
SRR30357567	PACBIO_SMRT	2897507	comfortable	1	46862	8to1	auto	4556	13333	1667	13333	1667	21379.432	21590.652	699407	0.2414	231240	2340000	196.81	yes	18.67	316	46784	46862	0.0	no	4:06.92	6138796	0	comfortable/SRR30357567/8to1.auto.s4556
SRR30357567	PACBIO_SMRT	2897507	comfortable	1	46862	8to1	never	7	13333	1667	13333	1667	21372.748	21241.508	745406	0.2573	230500	2380000	195.18	no	NA	NA	NA	46862	0.0	no	1:42.11	5928956	0	comfortable/SRR30357567/8to1.never.s7
SRR30357567	PACBIO_SMRT	2897507	comfortable	1	46862	8to1	never	42	13333	1667	13333	1667	21311.768	21158.953	746430	0.2576	232380	2440000	194.52	no	NA	NA	NA	46862	0.0	no	1:40.74	6285808	0	comfortable/SRR30357567/8to1.never.s42
SRR30357567	PACBIO_SMRT	2897507	comfortable	1	46862	8to1	never	4556	13333	1667	13333	1667	21283.465	21378.523	759554	0.2621	235950	2370000	195.40	no	NA	NA	NA	46862	0.0	no	1:55.44	6209968	0	comfortable/SRR30357567/8to1.never.s4556
SRR30357567	PACBIO_SMRT	2897507	comfortable	1	46862	more4to1	auto	7	20000	5000	20000	5000	21345.969	21369.184	728909	0.2516	248080	2330000	293.47	yes	22.33	317	46783	46862	0.0	no	7:21.67	7605768	0	comfortable/SRR30357567/more4to1.auto.s7
SRR30357567	PACBIO_SMRT	2897507	comfortable	1	46862	more4to1	auto	42	20000	5000	20000	5000	21323.533	21416.713	734482	0.2535	253900	2270000	293.64	yes	17.67	316	46783	46862	0.0	no	7:10.30	7734168	0	comfortable/SRR30357567/more4to1.auto.s42
SRR30357567	PACBIO_SMRT	2897507	comfortable	1	46862	more4to1	auto	4556	20000	5000	20000	5000	21364.36	21255.773	729403	0.2517	251720	2340000	292.81	yes	18.67	316	46778	46862	0.0	no	12:01.95	7527104	0	comfortable/SRR30357567/more4to1.auto.s4556
SRR30357567	PACBIO_SMRT	2897507	comfortable	1	46862	more4to1	never	7	20000	5000	20000	5000	21359.64	21231.605	769714	0.2656	244720	2410000	292.61	no	NA	NA	NA	46862	0.0	no	12:17.03	7429816	0	comfortable/SRR30357567/more4to1.never.s7
SRR30357567	PACBIO_SMRT	2897507	comfortable	1	46862	more4to1	never	42	20000	5000	20000	5000	21408.17	21102.688	750004	0.2588	244260	2410000	292.06	no	NA	NA	NA	46862	0.0	no	6:19.75	7433936	0	comfortable/SRR30357567/more4to1.never.s42
SRR30357567	PACBIO_SMRT	2897507	comfortable	1	46862	more4to1	never	4556	20000	5000	20000	5000	21324.475	21151.102	748519	0.2583	253980	2360000	291.81	no	NA	NA	NA	46862	0.0	no	6:33.67	7577392	0	comfortable/SRR30357567/more4to1.never.s4556
SRR30357568	PACBIO_SMRT	2759957	starved	6	7808	legacy	auto	7	2808	5000	2806	4994	21110.758	21320.723	531760	0.1927	210680	2210000	42.94	yes	16.00	55	7800	7808	0.0	yes	2:04.86	1096716	0	starved/SRR30357568/legacy.auto.s7
SRR30357568	PACBIO_SMRT	2759957	starved	6	7808	legacy	auto	42	2808	5000	2808	5000	21292.275	21203.9	532211	0.1928	210210	2290000	43.03	no	15.33	NA	NA	7808	0.0	no	2:05.01	1067784	0	starved/SRR30357568/legacy.auto.s42
SRR30357568	PACBIO_SMRT	2759957	starved	6	7808	legacy	auto	4556	2808	5000	2808	5000	21102.44	21310.514	518470	0.1879	217190	2130000	42.95	no	15.33	NA	NA	7808	0.0	no	2:02.29	1184064	0	starved/SRR30357568/legacy.auto.s4556
SRR30357568	PACBIO_SMRT	2759957	starved	6	7808	legacy	never	7	2808	5000	2808	5000	21083.934	21320.906	532886	0.1931	214590	2130000	42.94	no	NA	NA	NA	7808	0.0	no	1:58.89	1053852	0	starved/SRR30357568/legacy.never.s7
SRR30357568	PACBIO_SMRT	2759957	starved	6	7808	legacy	never	42	2808	5000	2808	5000	21292.275	21203.9	532211	0.1928	210210	2290000	43.03	no	NA	NA	NA	7808	0.0	no	2:02.24	1066100	0	starved/SRR30357568/legacy.never.s42
SRR30357568	PACBIO_SMRT	2759957	starved	6	7808	legacy	never	4556	2808	5000	2808	5000	21102.44	21310.514	518470	0.1879	217190	2130000	42.95	no	NA	NA	NA	7808	0.0	no	1:58.48	1167804	0	starved/SRR30357568/legacy.never.s4556
SRR30357568	PACBIO_SMRT	2759957	starved	6	7808	1to1	auto	7	3904	3904	3900	3900	21239.2	21251.178	538854	0.1952	210840	2220000	59.76	yes	16.00	55	7800	7808	0.0	yes	2:11.83	1402560	0	starved/SRR30357568/1to1.auto.s7
SRR30357568	PACBIO_SMRT	2759957	starved	6	7808	1to1	auto	42	3904	3904	3904	3904	21327.506	21143.861	538107	0.1950	210170	2330000	59.79	no	15.33	NA	NA	7808	0.0	no	2:10.33	1259496	0	starved/SRR30357568/1to1.auto.s42
SRR30357568	PACBIO_SMRT	2759957	starved	6	7808	1to1	auto	4556	3904	3904	3904	3904	21126.672	21344.695	517420	0.1875	213720	2260000	59.79	no	15.33	NA	NA	7808	0.0	no	2:10.47	1278368	0	starved/SRR30357568/1to1.auto.s4556
SRR30357568	PACBIO_SMRT	2759957	starved	6	7808	1to1	never	7	3904	3904	3904	3904	21195.93	21275.436	514304	0.1863	212590	2140000	59.79	no	NA	NA	NA	7808	0.0	no	2:10.31	1247560	0	starved/SRR30357568/1to1.never.s7
SRR30357568	PACBIO_SMRT	2759957	starved	6	7808	1to1	never	42	3904	3904	3904	3904	21327.506	21143.861	538107	0.1950	210170	2330000	59.79	no	NA	NA	NA	7808	0.0	no	2:10.05	1173012	0	starved/SRR30357568/1to1.never.s42
SRR30357568	PACBIO_SMRT	2759957	starved	6	7808	1to1	never	4556	3904	3904	3904	3904	21126.672	21344.695	517420	0.1875	213720	2260000	59.79	no	NA	NA	NA	7808	0.0	no	2:10.30	1202728	0	starved/SRR30357568/1to1.never.s4556
SRR30357568	PACBIO_SMRT	2759957	starved	6	7808	2to1	auto	7	5205	2603	5200	2600	21270.352	21194.861	592482	0.2147	220460	2310000	79.63	yes	16.00	55	7800	7808	0.0	yes	1:50.80	1849456	0	starved/SRR30357568/2to1.auto.s7
SRR30357568	PACBIO_SMRT	2759957	starved	6	7808	2to1	auto	42	5205	2603	5205	2603	21238.395	21230.264	535121	0.1939	216680	2350000	79.72	no	15.33	NA	NA	7808	0.0	no	2:46.94	1824816	0	starved/SRR30357568/2to1.auto.s42
SRR30357568	PACBIO_SMRT	2759957	starved	6	7808	2to1	auto	4556	5205	2603	5205	2603	21236.045	21234.96	533985	0.1935	217930	2360000	79.72	no	15.33	NA	NA	7808	0.0	no	1:50.39	1774480	0	starved/SRR30357568/2to1.auto.s4556
SRR30357568	PACBIO_SMRT	2759957	starved	6	7808	2to1	never	7	5205	2603	5205	2603	21257.396	21192.264	521105	0.1888	221920	2170000	79.68	no	NA	NA	NA	7808	0.0	no	1:54.00	1646628	0	starved/SRR30357568/2to1.never.s7
SRR30357568	PACBIO_SMRT	2759957	starved	6	7808	2to1	never	42	5205	2603	5205	2603	21238.395	21230.264	535121	0.1939	216680	2350000	79.72	no	NA	NA	NA	7808	0.0	no	1:53.10	1719296	0	starved/SRR30357568/2to1.never.s42
SRR30357568	PACBIO_SMRT	2759957	starved	6	7808	2to1	never	4556	5205	2603	5205	2603	21236.045	21234.96	533985	0.1935	217930	2360000	79.72	no	NA	NA	NA	7808	0.0	no	1:53.45	1810432	0	starved/SRR30357568/2to1.never.s4556
SRR30357568	PACBIO_SMRT	2759957	starved	6	7808	4to1	auto	7	6246	1562	6240	1560	21267.098	21157.55	634396	0.2299	253500	2350000	95.47	yes	16.00	55	7800	7808	0.0	yes	1:35.37	2186120	0	starved/SRR30357568/4to1.auto.s7
SRR30357568	PACBIO_SMRT	2759957	starved	6	7808	4to1	auto	42	6246	1562	6246	1562	21305.867	20955.037	662035	0.2399	253010	2360000	95.19	no	15.33	NA	NA	7808	0.0	no	1:21.61	2100912	0	starved/SRR30357568/4to1.auto.s42
SRR30357568	PACBIO_SMRT	2759957	starved	6	7808	4to1	auto	4556	6246	1562	6246	1562	21290.322	21017.2	667661	0.2419	249780	2380000	95.29	no	15.33	NA	NA	7808	0.0	no	1:30.06	2127872	0	starved/SRR30357568/4to1.auto.s4556
SRR30357568	PACBIO_SMRT	2759957	starved	6	7808	4to1	never	7	6246	1562	6246	1562	21270.281	21097.336	561238	0.2034	241450	2230000	95.43	no	NA	NA	NA	7808	0.0	no	1:25.85	2088380	0	starved/SRR30357568/4to1.never.s7
SRR30357568	PACBIO_SMRT	2759957	starved	6	7808	4to1	never	42	6246	1562	6246	1562	21305.867	20955.037	662035	0.2399	253010	2360000	95.19	no	NA	NA	NA	7808	0.0	no	1:18.71	2109636	0	starved/SRR30357568/4to1.never.s42
SRR30357568	PACBIO_SMRT	2759957	starved	6	7808	4to1	never	4556	6246	1562	6246	1562	21290.322	21017.2	667661	0.2419	249780	2380000	95.29	no	NA	NA	NA	7808	0.0	no	1:23.54	2115916	0	starved/SRR30357568/4to1.never.s4556
SRR30357568	PACBIO_SMRT	2759957	starved	6	7808	8to1	auto	7	6940	868	6933	867	21251.893	21191.584	788084	0.2855	258880	2430000	106.12	yes	16.00	55	7800	7808	0.0	yes	0:50.85	2342608	0	starved/SRR30357568/8to1.auto.s7
SRR30357568	PACBIO_SMRT	2759957	starved	6	7808	8to1	auto	42	6940	868	6940	868	21278.938	20889.852	775213	0.2809	256480	2400000	105.53	no	15.33	NA	NA	7808	0.0	no	0:49.56	2236904	0	starved/SRR30357568/8to1.auto.s42
SRR30357568	PACBIO_SMRT	2759957	starved	6	7808	8to1	auto	4556	6940	868	6940	868	21272.598	20940.55	724403	0.2625	251140	2400000	105.65	no	15.33	NA	NA	7808	0.0	no	0:49.79	2261020	0	starved/SRR30357568/8to1.auto.s4556
SRR30357568	PACBIO_SMRT	2759957	starved	6	7808	8to1	never	7	6940	868	6940	868	21255.586	21076.555	649353	0.2353	239680	2330000	105.95	no	NA	NA	NA	7808	0.0	no	0:59.21	2146716	0	starved/SRR30357568/8to1.never.s7
SRR30357568	PACBIO_SMRT	2759957	starved	6	7808	8to1	never	42	6940	868	6940	868	21278.938	20889.852	775213	0.2809	256480	2400000	105.53	no	NA	NA	NA	7808	0.0	no	0:59.46	2250680	0	starved/SRR30357568/8to1.never.s42
SRR30357568	PACBIO_SMRT	2759957	starved	6	7808	8to1	never	4556	6940	868	6940	868	21272.598	20940.55	724403	0.2625	251140	2400000	105.65	no	NA	NA	NA	7808	0.0	no	0:59.62	2230324	0	starved/SRR30357568/8to1.never.s4556
SRR30357568	PACBIO_SMRT	2759957	marginal	3	15616	legacy	auto	7	10616	5000	10616	5000	21284.984	21231.455	687382	0.2491	247470	2330000	162.77	no	15.33	NA	NA	15616	0.0	no	6:53.03	3972288	0	marginal/SRR30357568/legacy.auto.s7
SRR30357568	PACBIO_SMRT	2759957	marginal	3	15616	legacy	auto	42	10616	5000	10597	4990	21247.943	21359.758	662614	0.2401	248400	2320000	162.83	yes	19.33	111	15587	15616	0.0	yes	6:55.40	3958424	0	marginal/SRR30357568/legacy.auto.s42
SRR30357568	PACBIO_SMRT	2759957	marginal	3	15616	legacy	auto	4556	10616	5000	10597	4990	21398.18	21038.94	651067	0.2359	244690	2300000	162.18	yes	16.00	111	15587	15616	0.0	yes	6:55.54	4081668	0	marginal/SRR30357568/legacy.auto.s4556
SRR30357568	PACBIO_SMRT	2759957	marginal	3	15616	legacy	never	7	10616	5000	10616	5000	21284.984	21231.455	687382	0.2491	247470	2330000	162.77	no	NA	NA	NA	15616	0.0	no	7:40.93	4175708	0	marginal/SRR30357568/legacy.never.s7
SRR30357568	PACBIO_SMRT	2759957	marginal	3	15616	legacy	never	42	10616	5000	10616	5000	21311.514	21175.129	659618	0.2390	246080	2360000	162.66	no	NA	NA	NA	15616	0.0	no	7:45.60	3941488	0	marginal/SRR30357568/legacy.never.s42
SRR30357568	PACBIO_SMRT	2759957	marginal	3	15616	legacy	never	4556	10616	5000	10616	5000	21268.553	21266.34	677158	0.2454	250160	2330000	162.84	no	NA	NA	NA	15616	0.0	no	7:44.55	3859288	0	marginal/SRR30357568/legacy.never.s4556
SRR30357568	PACBIO_SMRT	2759957	marginal	3	15616	1to1	auto	7	7808	7808	7808	7808	21269.139	21266.55	678571	0.2459	245440	2270000	119.77	no	15.33	NA	NA	15616	0.0	no	9:01.44	3038520	0	marginal/SRR30357568/1to1.auto.s7
SRR30357568	PACBIO_SMRT	2759957	marginal	3	15616	1to1	auto	42	7808	7808	7794	7793	21275.422	21292.06	714317	0.2588	247700	2290000	119.65	yes	19.33	111	15587	15616	0.0	yes	8:02.51	3026056	0	marginal/SRR30357568/1to1.auto.s42
SRR30357568	PACBIO_SMRT	2759957	marginal	3	15616	1to1	auto	4556	7808	7808	7794	7793	21338.395	21227.945	621151	0.2251	247140	2260000	119.64	yes	16.00	111	15587	15616	0.0	yes	8:34.46	3083652	0	marginal/SRR30357568/1to1.auto.s4556
SRR30357568	PACBIO_SMRT	2759957	marginal	3	15616	1to1	never	7	7808	7808	7808	7808	21269.139	21266.55	678571	0.2459	245440	2270000	119.77	no	NA	NA	NA	15616	0.0	no	8:04.27	2835436	0	marginal/SRR30357568/1to1.never.s7
SRR30357568	PACBIO_SMRT	2759957	marginal	3	15616	1to1	never	42	7808	7808	7808	7808	21313.39	21222.299	615520	0.2230	244550	2300000	119.77	no	NA	NA	NA	15616	0.0	no	8:04.52	2946724	0	marginal/SRR30357568/1to1.never.s42
SRR30357568	PACBIO_SMRT	2759957	marginal	3	15616	1to1	never	4556	7808	7808	7808	7808	21273.256	21262.434	622883	0.2257	244620	2370000	119.77	no	NA	NA	NA	15616	0.0	no	8:04.78	2857640	0	marginal/SRR30357568/1to1.never.s4556
SRR30357568	PACBIO_SMRT	2759957	marginal	3	15616	2to1	auto	7	10410	5206	10410	5206	21288.143	21227.258	684650	0.2481	247310	2340000	159.61	no	15.33	NA	NA	15616	0.0	no	7:00.71	3834956	0	marginal/SRR30357568/2to1.auto.s7
SRR30357568	PACBIO_SMRT	2759957	marginal	3	15616	2to1	auto	42	10410	5206	10391	5196	21249.48	21352.256	657545	0.2382	248900	2310000	159.64	yes	19.33	111	15587	15616	0.0	yes	7:06.08	3976804	0	marginal/SRR30357568/2to1.auto.s42
SRR30357568	PACBIO_SMRT	2759957	marginal	3	15616	2to1	auto	4556	10410	5206	10391	5196	21399.055	21051.434	644105	0.2334	245390	2290000	159.07	yes	16.00	111	15587	15616	0.0	yes	7:02.16	4076016	0	marginal/SRR30357568/2to1.auto.s4556
SRR30357568	PACBIO_SMRT	2759957	marginal	3	15616	2to1	never	7	10410	5206	10410	5206	21288.143	21227.258	684650	0.2481	247310	2340000	159.61	no	NA	NA	NA	15616	0.0	no	7:02.88	3783516	0	marginal/SRR30357568/2to1.never.s7
SRR30357568	PACBIO_SMRT	2759957	marginal	3	15616	2to1	never	42	10410	5206	10410	5206	21297.68	21208.186	661845	0.2398	246100	2360000	159.57	no	NA	NA	NA	15616	0.0	no	7:07.18	3817452	0	marginal/SRR30357568/2to1.never.s42
SRR30357568	PACBIO_SMRT	2759957	marginal	3	15616	2to1	never	4556	10410	5206	10410	5206	21260.268	21282.998	693512	0.2513	251460	2340000	159.71	no	NA	NA	NA	15616	0.0	no	7:07.24	3778912	0	marginal/SRR30357568/2to1.never.s4556
SRR30357568	PACBIO_SMRT	2759957	marginal	3	15616	4to1	auto	7	12492	3124	12492	3124	21269.38	21261.701	729676	0.2644	251640	2340000	191.60	no	15.33	NA	NA	15616	0.0	no	5:28.91	4493084	0	marginal/SRR30357568/4to1.auto.s7
SRR30357568	PACBIO_SMRT	2759957	marginal	3	15616	4to1	auto	42	12492	3124	12469	3118	21294.523	21240.615	751348	0.2722	252860	2340000	191.27	yes	19.33	111	15587	15616	0.0	yes	5:22.60	4600308	0	marginal/SRR30357568/4to1.auto.s42
SRR30357568	PACBIO_SMRT	2759957	marginal	3	15616	4to1	auto	4556	12492	3124	12469	3118	21302.975	21203.986	696931	0.2525	250420	2300000	191.14	yes	16.00	111	15587	15616	0.0	yes	5:02.19	4675240	0	marginal/SRR30357568/4to1.auto.s4556
SRR30357568	PACBIO_SMRT	2759957	marginal	3	15616	4to1	never	7	12492	3124	12492	3124	21269.38	21261.701	729676	0.2644	251640	2340000	191.60	no	NA	NA	NA	15616	0.0	no	5:06.31	4392884	0	marginal/SRR30357568/4to1.never.s7
SRR30357568	PACBIO_SMRT	2759957	marginal	3	15616	4to1	never	42	12492	3124	12492	3124	21266.885	21271.69	730752	0.2648	253720	2350000	191.64	no	NA	NA	NA	15616	0.0	no	5:00.60	4655244	0	marginal/SRR30357568/4to1.never.s42
SRR30357568	PACBIO_SMRT	2759957	marginal	3	15616	4to1	never	4556	12492	3124	12492	3124	21274.805	21240.018	733560	0.2658	253030	2330000	191.53	no	NA	NA	NA	15616	0.0	no	5:56.71	4376104	0	marginal/SRR30357568/4to1.never.s4556
SRR30357568	PACBIO_SMRT	2759957	marginal	3	15616	8to1	auto	7	13880	1736	13880	1736	21264.855	21291.746	752864	0.2728	253700	2330000	213.02	no	15.33	NA	NA	15616	0.0	no	3:12.01	4718896	0	marginal/SRR30357568/8to1.auto.s7
SRR30357568	PACBIO_SMRT	2759957	marginal	3	15616	8to1	auto	42	13880	1736	13855	1732	21307.93	21090.227	767194	0.2780	249500	2340000	211.84	yes	19.33	111	15587	15616	0.0	yes	3:08.83	4794944	0	marginal/SRR30357568/8to1.auto.s42
SRR30357568	PACBIO_SMRT	2759957	marginal	3	15616	8to1	auto	4556	13880	1736	13855	1732	21275.53	21344.334	706022	0.2558	248030	2280000	212.95	yes	16.00	111	15587	15616	0.0	yes	3:11.43	4908440	0	marginal/SRR30357568/8to1.auto.s4556
SRR30357568	PACBIO_SMRT	2759957	marginal	3	15616	8to1	never	7	13880	1736	13880	1736	21264.855	21291.746	752864	0.2728	253700	2330000	213.02	no	NA	NA	NA	15616	0.0	no	3:09.43	4744788	0	marginal/SRR30357568/8to1.never.s7
SRR30357568	PACBIO_SMRT	2759957	marginal	3	15616	8to1	never	42	13880	1736	13880	1736	21267.652	21269.389	792448	0.2871	260610	2380000	212.92	no	NA	NA	NA	15616	0.0	no	5:47.28	4748980	0	marginal/SRR30357568/8to1.never.s42
SRR30357568	PACBIO_SMRT	2759957	marginal	3	15616	8to1	never	4556	13880	1736	13880	1736	21262.7	21308.986	824883	0.2989	254740	2430000	213.09	no	NA	NA	NA	15616	0.0	no	3:05.43	4754040	0	marginal/SRR30357568/8to1.never.s4556
SRR30357568	PACBIO_SMRT	2759957	comfortable	1	46847	legacy	auto	7	10000	5000	10000	5000	21313.45	21449.623	605926	0.2195	225740	2290000	154.22	yes	19.67	334	46768	46847	0.0	no	4:27.96	4957960	0	comfortable/SRR30357568/legacy.auto.s7
SRR30357568	PACBIO_SMRT	2759957	comfortable	1	46847	legacy	auto	42	10000	5000	10000	5000	21286.137	21326.02	747432	0.2708	244580	2340000	153.67	no	14.33	NA	NA	46847	0.0	no	4:37.07	5151080	0	comfortable/SRR30357568/legacy.auto.s42
SRR30357568	PACBIO_SMRT	2759957	comfortable	1	46847	legacy	auto	4556	10000	5000	10000	5000	21513.12	21302.795	607980	0.2203	230010	2260000	154.41	yes	20.00	335	46764	46847	0.0	no	4:29.59	4993088	0	comfortable/SRR30357568/legacy.auto.s4556
SRR30357568	PACBIO_SMRT	2759957	comfortable	1	46847	legacy	never	7	10000	5000	10000	5000	21354.37	21254.998	680772	0.2467	244040	2330000	153.66	no	NA	NA	NA	46847	0.0	no	3:19.37	5315664	0	comfortable/SRR30357568/legacy.never.s7
SRR30357568	PACBIO_SMRT	2759957	comfortable	1	46847	legacy	never	42	10000	5000	10000	5000	21286.137	21326.02	747432	0.2708	244580	2340000	153.67	no	NA	NA	NA	46847	0.0	no	4:31.74	4827236	0	comfortable/SRR30357568/legacy.never.s42
SRR30357568	PACBIO_SMRT	2759957	comfortable	1	46847	legacy	never	4556	10000	5000	10000	5000	21263.635	21329.615	752222	0.2725	241860	2320000	153.60	no	NA	NA	NA	46847	0.0	no	3:45.36	4973388	0	comfortable/SRR30357568/legacy.never.s4556
SRR30357568	PACBIO_SMRT	2759957	comfortable	1	46847	1to1	auto	7	7500	7500	7500	7500	21346.998	21370.684	620491	0.2248	226350	2320000	115.54	yes	19.67	334	46768	46847	0.0	no	4:13.35	3965344	0	comfortable/SRR30357568/1to1.auto.s7
SRR30357568	PACBIO_SMRT	2759957	comfortable	1	46847	1to1	auto	42	7500	7500	7500	7500	21234.129	21364.732	589797	0.2137	229240	2280000	115.22	no	14.33	NA	NA	46847	0.0	no	4:04.64	3875348	0	comfortable/SRR30357568/1to1.auto.s42
SRR30357568	PACBIO_SMRT	2759957	comfortable	1	46847	1to1	auto	4556	7500	7500	7500	7500	21535.723	21350.299	578628	0.2097	230050	2270000	116.00	yes	20.00	335	46764	46847	0.0	no	4:02.45	3888268	0	comfortable/SRR30357568/1to1.auto.s4556
SRR30357568	PACBIO_SMRT	2759957	comfortable	1	46847	1to1	never	7	7500	7500	7500	7500	21288.365	21354.125	640762	0.2322	239240	2280000	115.34	no	NA	NA	NA	46847	0.0	no	3:57.27	4042536	0	comfortable/SRR30357568/1to1.never.s7
SRR30357568	PACBIO_SMRT	2759957	comfortable	1	46847	1to1	never	42	7500	7500	7500	7500	21234.129	21364.732	589797	0.2137	229240	2280000	115.22	no	NA	NA	NA	46847	0.0	no	8:02.13	3904560	0	comfortable/SRR30357568/1to1.never.s42
SRR30357568	PACBIO_SMRT	2759957	comfortable	1	46847	1to1	never	4556	7500	7500	7500	7500	21216.578	21354.678	701812	0.2543	241890	2270000	115.14	no	NA	NA	NA	46847	0.0	no	3:52.94	3750712	0	comfortable/SRR30357568/1to1.never.s4556
SRR30357568	PACBIO_SMRT	2759957	comfortable	1	46847	2to1	auto	7	10000	5000	10000	5000	21313.45	21449.623	605926	0.2195	225740	2290000	154.22	yes	19.67	334	46768	46847	0.0	no	3:40.41	5037464	0	comfortable/SRR30357568/2to1.auto.s7
SRR30357568	PACBIO_SMRT	2759957	comfortable	1	46847	2to1	auto	42	10000	5000	10000	5000	21286.137	21326.02	747432	0.2708	244580	2340000	153.67	no	14.33	NA	NA	46847	0.0	no	3:30.23	5379916	0	comfortable/SRR30357568/2to1.auto.s42
SRR30357568	PACBIO_SMRT	2759957	comfortable	1	46847	2to1	auto	4556	10000	5000	10000	5000	21513.12	21302.795	607980	0.2203	230010	2260000	154.41	yes	20.00	335	46764	46847	0.0	no	3:35.03	4998212	0	comfortable/SRR30357568/2to1.auto.s4556
SRR30357568	PACBIO_SMRT	2759957	comfortable	1	46847	2to1	never	7	10000	5000	10000	5000	21354.37	21254.998	680772	0.2467	244040	2330000	153.66	no	NA	NA	NA	46847	0.0	no	4:10.46	5427372	0	comfortable/SRR30357568/2to1.never.s7
SRR30357568	PACBIO_SMRT	2759957	comfortable	1	46847	2to1	never	42	10000	5000	10000	5000	21286.137	21326.02	747432	0.2708	244580	2340000	153.67	no	NA	NA	NA	46847	0.0	no	3:55.28	4983708	0	comfortable/SRR30357568/2to1.never.s42
SRR30357568	PACBIO_SMRT	2759957	comfortable	1	46847	2to1	never	4556	10000	5000	10000	5000	21263.635	21329.615	752222	0.2725	241860	2320000	153.60	no	NA	NA	NA	46847	0.0	no	3:29.03	4732556	0	comfortable/SRR30357568/2to1.never.s4556
SRR30357568	PACBIO_SMRT	2759957	comfortable	1	46847	4to1	auto	7	12000	3000	12000	3000	21324.258	21497.176	675553	0.2448	239910	2370000	185.32	yes	19.67	334	46768	46847	0.0	no	4:56.27	5550728	0	comfortable/SRR30357568/4to1.auto.s7
SRR30357568	PACBIO_SMRT	2759957	comfortable	1	46847	4to1	auto	42	12000	3000	12000	3000	21300.145	21296.578	747092	0.2707	245650	2340000	184.34	no	14.33	NA	NA	46847	0.0	no	2:32.08	5609776	0	comfortable/SRR30357568/4to1.auto.s42
SRR30357568	PACBIO_SMRT	2759957	comfortable	1	46847	4to1	auto	4556	12000	3000	12000	3000	21515.22	21154.174	626302	0.2269	234550	2310000	184.66	yes	20.00	335	46764	46847	0.0	no	2:43.83	5706400	0	comfortable/SRR30357568/4to1.auto.s4556
SRR30357568	PACBIO_SMRT	2759957	comfortable	1	46847	4to1	never	7	12000	3000	12000	3000	21336.133	21261.695	712786	0.2583	242310	2350000	184.35	no	NA	NA	NA	46847	0.0	no	2:24.62	5867392	0	comfortable/SRR30357568/4to1.never.s7
SRR30357568	PACBIO_SMRT	2759957	comfortable	1	46847	4to1	never	42	12000	3000	12000	3000	21300.145	21296.578	747092	0.2707	245650	2340000	184.34	no	NA	NA	NA	46847	0.0	no	2:43.87	5718884	0	comfortable/SRR30357568/4to1.never.s42
SRR30357568	PACBIO_SMRT	2759957	comfortable	1	46847	4to1	never	4556	12000	3000	12000	3000	21283.814	21292.885	822956	0.2982	246770	2400000	184.25	no	NA	NA	NA	46847	0.0	no	2:30.68	5649876	0	comfortable/SRR30357568/4to1.never.s4556
SRR30357568	PACBIO_SMRT	2759957	comfortable	1	46847	8to1	auto	7	13333	1667	13333	1667	21359.31	21355.086	750081	0.2718	248860	2390000	205.39	yes	19.67	334	46768	46847	0.0	no	1:56.07	6058612	0	comfortable/SRR30357568/8to1.auto.s7
SRR30357568	PACBIO_SMRT	2759957	comfortable	1	46847	8to1	auto	42	13333	1667	13333	1667	21299.572	21298.299	895253	0.3244	248600	2450000	204.82	no	14.33	NA	NA	46847	0.0	no	1:42.64	6022504	0	comfortable/SRR30357568/8to1.auto.s42
SRR30357568	PACBIO_SMRT	2759957	comfortable	1	46847	8to1	auto	4556	13333	1667	13333	1667	21482.852	21124.375	700287	0.2537	247440	2310000	204.87	yes	20.00	335	46764	46847	0.0	no	1:58.84	6226368	0	comfortable/SRR30357568/8to1.auto.s4556
SRR30357568	PACBIO_SMRT	2759957	comfortable	1	46847	8to1	never	7	13333	1667	13333	1667	21321.027	21322.992	754533	0.2734	241520	2330000	205.05	no	NA	NA	NA	46847	0.0	no	1:40.65	6102180	0	comfortable/SRR30357568/8to1.never.s7
SRR30357568	PACBIO_SMRT	2759957	comfortable	1	46847	8to1	never	42	13333	1667	13333	1667	21299.572	21298.299	895253	0.3244	248600	2450000	204.82	no	NA	NA	NA	46847	0.0	no	1:37.84	6162216	0	comfortable/SRR30357568/8to1.never.s42
SRR30357568	PACBIO_SMRT	2759957	comfortable	1	46847	8to1	never	4556	13333	1667	13333	1667	21291.252	21240.652	839953	0.3043	249210	2380000	204.50	no	NA	NA	NA	46847	0.0	no	3:05.86	6285704	0	comfortable/SRR30357568/8to1.never.s4556
SRR30357568	PACBIO_SMRT	2759957	comfortable	1	46847	more4to1	auto	7	20000	5000	20000	5000	21422.154	21223.297	1060785	0.3843	320280	2460000	307.59	yes	19.67	334	46766	46847	0.0	no	6:23.04	7526140	0	comfortable/SRR30357568/more4to1.auto.s7
SRR30357568	PACBIO_SMRT	2759957	comfortable	1	46847	more4to1	auto	42	20000	5000	20000	5000	21334.146	21326.02	935477	0.3389	307150	2410000	307.69	no	14.33	NA	NA	46847	0.0	no	7:02.43	7458216	0	comfortable/SRR30357568/more4to1.auto.s42
SRR30357568	PACBIO_SMRT	2759957	comfortable	1	46847	more4to1	auto	4556	20000	5000	20000	5000	21324.615	21352.578	920558	0.3335	299350	2410000	307.82	yes	20.00	335	46763	46847	0.0	no	6:22.29	7678600	0	comfortable/SRR30357568/more4to1.auto.s4556
SRR30357568	PACBIO_SMRT	2759957	comfortable	1	46847	more4to1	never	7	20000	5000	20000	5000	21372.049	21254.998	1004285	0.3639	303300	2410000	307.45	no	NA	NA	NA	46847	0.0	no	6:17.44	7581172	0	comfortable/SRR30357568/more4to1.never.s7
SRR30357568	PACBIO_SMRT	2759957	comfortable	1	46847	more4to1	never	42	20000	5000	20000	5000	21334.146	21326.02	935477	0.3389	307150	2410000	307.69	no	NA	NA	NA	46847	0.0	no	6:49.67	7495892	0	comfortable/SRR30357568/more4to1.never.s42
SRR30357568	PACBIO_SMRT	2759957	comfortable	1	46847	more4to1	never	4556	20000	5000	20000	5000	21260.984	21329.615	914155	0.3312	294720	2450000	307.19	no	NA	NA	NA	46847	0.0	no	6:19.06	7614176	0	comfortable/SRR30357568/more4to1.never.s4556
SRR8618952	PACBIO_SMRT	4907789	starved	18	7563	legacy	auto	7	2563	5000	2563	5000	7392.498	7306.5615	5626349	1.1464	3000000	7040000	7.57	no	4.00	NA	NA	7563	5.90	no	0:02.27	308044	0	starved/SRR8618952/legacy.auto.s7
SRR8618952	PACBIO_SMRT	4907789	starved	18	7563	legacy	auto	42	2563	5000	2563	5000	7356.192	7325.172	5638946	1.1490	2820000	7160000	7.56	no	4.00	NA	NA	7563	6.14	no	0:03.51	345120	0	starved/SRR8618952/legacy.auto.s42
SRR8618952	PACBIO_SMRT	4907789	starved	18	7563	legacy	auto	4556	2563	5000	2563	5000	7182.492	7414.2104	5751212	1.1719	2870000	7070000	7.52	no	4.00	NA	NA	7563	6.06	no	0:03.12	347396	0	starved/SRR8618952/legacy.auto.s4556
SRR8618952	PACBIO_SMRT	4907789	starved	18	7563	legacy	never	7	2563	5000	2563	5000	7392.498	7306.5615	5626349	1.1464	3000000	7040000	7.57	no	NA	NA	NA	7563	5.90	no	0:02.41	292636	0	starved/SRR8618952/legacy.never.s7
SRR8618952	PACBIO_SMRT	4907789	starved	18	7563	legacy	never	42	2563	5000	2563	5000	7356.192	7325.172	5638946	1.1490	2820000	7160000	7.56	no	NA	NA	NA	7563	6.14	no	0:03.03	276812	0	starved/SRR8618952/legacy.never.s42
SRR8618952	PACBIO_SMRT	4907789	starved	18	7563	legacy	never	4556	2563	5000	2563	5000	7182.492	7414.2104	5751212	1.1719	2870000	7070000	7.52	no	NA	NA	NA	7563	6.06	no	0:01.81	287528	0	starved/SRR8618952/legacy.never.s4556
SRR8618952	PACBIO_SMRT	4907789	starved	18	7563	1to1	auto	7	3781	3782	3781	3782	7347.4976	7323.874	5831089	1.1881	3340000	6920000	11.15	no	4.00	NA	NA	7563	4.87	no	0:02.60	536132	0	starved/SRR8618952/1to1.auto.s7
SRR8618952	PACBIO_SMRT	4907789	starved	18	7563	1to1	auto	42	3781	3782	3781	3782	7371.6924	7299.6855	5704990	1.1624	3230000	6970000	11.15	no	4.00	NA	NA	7563	5.21	no	0:02.84	538128	0	starved/SRR8618952/1to1.auto.s42
SRR8618952	PACBIO_SMRT	4907789	starved	18	7563	1to1	auto	4556	3781	3782	3781	3782	7240.644	7430.699	5789728	1.1797	3260000	6910000	11.15	no	4.00	NA	NA	7563	5.45	no	0:02.59	531876	0	starved/SRR8618952/1to1.auto.s4556
SRR8618952	PACBIO_SMRT	4907789	starved	18	7563	1to1	never	7	3781	3782	3781	3782	7347.4976	7323.874	5831089	1.1881	3340000	6920000	11.15	no	NA	NA	NA	7563	4.87	no	0:03.17	527956	0	starved/SRR8618952/1to1.never.s7
SRR8618952	PACBIO_SMRT	4907789	starved	18	7563	1to1	never	42	3781	3782	3781	3782	7371.6924	7299.6855	5704990	1.1624	3230000	6970000	11.15	no	NA	NA	NA	7563	5.21	no	0:02.11	522040	0	starved/SRR8618952/1to1.never.s42
SRR8618952	PACBIO_SMRT	4907789	starved	18	7563	1to1	never	4556	3781	3782	3781	3782	7240.644	7430.699	5789728	1.1797	3260000	6910000	11.15	no	NA	NA	NA	7563	5.45	no	0:02.35	522144	0	starved/SRR8618952/1to1.never.s4556
SRR8618952	PACBIO_SMRT	4907789	starved	18	7563	2to1	auto	7	5042	2521	5042	2521	7319.4385	7368.1763	5825354	1.1870	3510000	6900000	14.88	no	4.00	NA	NA	7563	4.52	no	0:02.15	596764	0	starved/SRR8618952/2to1.auto.s7
SRR8618952	PACBIO_SMRT	4907789	starved	18	7563	2to1	auto	42	5042	2521	5042	2521	7359.282	7288.489	5864556	1.1949	3500000	6930000	14.84	no	4.00	NA	NA	7563	5.00	no	0:02.35	597764	0	starved/SRR8618952/2to1.auto.s42
SRR8618952	PACBIO_SMRT	4907789	starved	18	7563	2to1	auto	4556	5042	2521	5042	2521	7283.794	7439.4653	5867400	1.1955	3390000	6870000	14.92	no	4.00	NA	NA	7563	5.00	no	0:02.13	594556	0	starved/SRR8618952/2to1.auto.s4556
SRR8618952	PACBIO_SMRT	4907789	starved	18	7563	2to1	never	7	5042	2521	5042	2521	7319.4385	7368.1763	5825354	1.1870	3510000	6900000	14.88	no	NA	NA	NA	7563	4.52	no	0:02.16	574340	0	starved/SRR8618952/2to1.never.s7
SRR8618952	PACBIO_SMRT	4907789	starved	18	7563	2to1	never	42	5042	2521	5042	2521	7359.282	7288.489	5864556	1.1949	3500000	6930000	14.84	no	NA	NA	NA	7563	5.00	no	0:01.96	583000	0	starved/SRR8618952/2to1.never.s42
SRR8618952	PACBIO_SMRT	4907789	starved	18	7563	2to1	never	4556	5042	2521	5042	2521	7283.794	7439.4653	5867400	1.1955	3390000	6870000	14.92	no	NA	NA	NA	7563	5.00	no	0:02.34	614748	0	starved/SRR8618952/2to1.never.s4556
SRR8618952	PACBIO_SMRT	4907789	starved	18	7563	4to1	auto	7	6050	1513	6050	1513	7324.6045	7379.989	5912762	1.2048	3670000	6920000	17.88	no	4.00	NA	NA	7563	4.76	no	0:02.05	619120	0	starved/SRR8618952/4to1.auto.s7
SRR8618952	PACBIO_SMRT	4907789	starved	18	7563	4to1	auto	42	6050	1513	6050	1513	7348.7056	7283.6167	5889156	1.2000	3580000	6910000	17.79	no	4.00	NA	NA	7563	5.02	no	0:02.20	622476	0	starved/SRR8618952/4to1.auto.s42
SRR8618952	PACBIO_SMRT	4907789	starved	18	7563	4to1	auto	4556	6050	1513	6050	1513	7307.948	7446.589	5835224	1.1890	3540000	6860000	17.94	no	4.00	NA	NA	7563	4.82	no	0:02.05	616120	0	starved/SRR8618952/4to1.auto.s4556
SRR8618952	PACBIO_SMRT	4907789	starved	18	7563	4to1	never	7	6050	1513	6050	1513	7324.6045	7379.989	5912762	1.2048	3670000	6920000	17.88	no	NA	NA	NA	7563	4.76	no	0:02.09	592424	0	starved/SRR8618952/4to1.never.s7
SRR8618952	PACBIO_SMRT	4907789	starved	18	7563	4to1	never	42	6050	1513	6050	1513	7348.7056	7283.6167	5889156	1.2000	3580000	6910000	17.79	no	NA	NA	NA	7563	5.02	no	0:02.53	624224	0	starved/SRR8618952/4to1.never.s42
SRR8618952	PACBIO_SMRT	4907789	starved	18	7563	4to1	never	4556	6050	1513	6050	1513	7307.948	7446.589	5835224	1.1890	3540000	6860000	17.94	no	NA	NA	NA	7563	4.82	no	0:02.14	596308	0	starved/SRR8618952/4to1.never.s4556
SRR8618952	PACBIO_SMRT	4907789	starved	18	7563	8to1	auto	7	6722	841	6722	841	7326.8604	7406.2104	6140961	1.2513	3790000	7030000	19.91	no	4.00	NA	NA	7563	4.40	no	0:02.06	701116	0	starved/SRR8618952/8to1.auto.s7
SRR8618952	PACBIO_SMRT	4907789	starved	18	7563	8to1	auto	42	6722	841	6722	841	7350.889	7214.1533	6001446	1.2228	3580000	6940000	19.68	no	4.00	NA	NA	7563	3.57	no	0:02.06	734448	0	starved/SRR8618952/8to1.auto.s42
SRR8618952	PACBIO_SMRT	4907789	starved	18	7563	8to1	auto	4556	6722	841	6722	841	7312.433	7521.528	5826266	1.1871	3660000	6880000	20.04	no	4.00	NA	NA	7563	4.99	no	0:02.01	726504	0	starved/SRR8618952/8to1.auto.s4556
SRR8618952	PACBIO_SMRT	4907789	starved	18	7563	8to1	never	7	6722	841	6722	841	7326.8604	7406.2104	6140961	1.2513	3790000	7030000	19.91	no	NA	NA	NA	7563	4.40	no	0:01.93	705652	0	starved/SRR8618952/8to1.never.s7
SRR8618952	PACBIO_SMRT	4907789	starved	18	7563	8to1	never	42	6722	841	6722	841	7350.889	7214.1533	6001446	1.2228	3580000	6940000	19.68	no	NA	NA	NA	7563	3.57	no	0:02.15	716904	0	starved/SRR8618952/8to1.never.s42
SRR8618952	PACBIO_SMRT	4907789	starved	18	7563	8to1	never	4556	6722	841	6722	841	7312.433	7521.528	5826266	1.1871	3660000	6880000	20.04	no	NA	NA	NA	7563	4.99	no	0:02.01	687160	0	starved/SRR8618952/8to1.never.s4556
SRR8618952	PACBIO_SMRT	4907789	marginal	9	15126	legacy	auto	7	10126	5000	10126	5000	7259.9604	7441.5903	5875648	1.1972	3940000	6790000	29.92	no	4.00	NA	NA	15126	3.62	no	0:04.61	1148100	0	marginal/SRR8618952/legacy.auto.s7
SRR8618952	PACBIO_SMRT	4907789	marginal	9	15126	legacy	auto	42	10126	5000	10126	5000	7314.903	7330.322	5950081	1.2124	3930000	6820000	29.81	no	4.00	NA	NA	15126	3.96	no	0:05.33	1164860	0	marginal/SRR8618952/legacy.auto.s42
SRR8618952	PACBIO_SMRT	4907789	marginal	9	15126	legacy	auto	4556	10126	5000	10126	5000	7332.1084	7295.4766	5910124	1.2042	3910000	6710000	29.77	no	4.00	NA	NA	15126	4.26	no	0:04.50	1149852	0	marginal/SRR8618952/legacy.auto.s4556
SRR8618952	PACBIO_SMRT	4907789	marginal	9	15126	legacy	never	7	10126	5000	10126	5000	7259.9604	7441.5903	5875648	1.1972	3940000	6790000	29.92	no	NA	NA	NA	15126	3.62	no	0:05.08	1112512	0	marginal/SRR8618952/legacy.never.s7
SRR8618952	PACBIO_SMRT	4907789	marginal	9	15126	legacy	never	42	10126	5000	10126	5000	7314.903	7330.322	5950081	1.2124	3930000	6820000	29.81	no	NA	NA	NA	15126	3.96	no	0:05.41	1139132	0	marginal/SRR8618952/legacy.never.s42
SRR8618952	PACBIO_SMRT	4907789	marginal	9	15126	legacy	never	4556	10126	5000	10126	5000	7332.1084	7295.4766	5910124	1.2042	3910000	6710000	29.77	no	NA	NA	NA	15126	4.26	no	0:04.50	1138328	0	marginal/SRR8618952/legacy.never.s4556
SRR8618952	PACBIO_SMRT	4907789	marginal	9	15126	1to1	auto	7	7563	7563	7563	7563	7265.0527	7374.947	5809584	1.1837	3850000	6780000	22.25	no	4.00	NA	NA	15126	3.89	no	0:05.06	1016300	0	marginal/SRR8618952/1to1.auto.s7
SRR8618952	PACBIO_SMRT	4907789	marginal	9	15126	1to1	auto	42	7563	7563	7563	7563	7336.363	7303.6367	5850236	1.1920	3810000	6780000	22.25	no	4.00	NA	NA	15126	4.24	no	0:04.96	1020508	0	marginal/SRR8618952/1to1.auto.s42
SRR8618952	PACBIO_SMRT	4907789	marginal	9	15126	1to1	auto	4556	7563	7563	7563	7563	7305.348	7334.6514	5853574	1.1927	3790000	6740000	22.25	no	4.00	NA	NA	15126	4.20	no	0:05.01	1017480	0	marginal/SRR8618952/1to1.auto.s4556
SRR8618952	PACBIO_SMRT	4907789	marginal	9	15126	1to1	never	7	7563	7563	7563	7563	7265.0527	7374.947	5809584	1.1837	3850000	6780000	22.25	no	NA	NA	NA	15126	3.89	no	0:04.79	978676	0	marginal/SRR8618952/1to1.never.s7
SRR8618952	PACBIO_SMRT	4907789	marginal	9	15126	1to1	never	42	7563	7563	7563	7563	7336.363	7303.6367	5850236	1.1920	3810000	6780000	22.25	no	NA	NA	NA	15126	4.24	no	0:04.91	995092	0	marginal/SRR8618952/1to1.never.s42
SRR8618952	PACBIO_SMRT	4907789	marginal	9	15126	1to1	never	4556	7563	7563	7563	7563	7305.348	7334.6514	5853574	1.1927	3790000	6740000	22.25	no	NA	NA	NA	15126	4.20	no	0:08.45	1017508	0	marginal/SRR8618952/1to1.never.s4556
SRR8618952	PACBIO_SMRT	4907789	marginal	9	15126	2to1	auto	7	10084	5042	10084	5042	7258.095	7443.8096	5879872	1.1981	3940000	6780000	29.80	no	4.00	NA	NA	15126	3.63	no	0:05.34	1151720	0	marginal/SRR8618952/2to1.auto.s7
SRR8618952	PACBIO_SMRT	4907789	marginal	9	15126	2to1	auto	42	10084	5042	10084	5042	7316.99	7326.018	5947149	1.2118	3940000	6840000	29.68	no	4.00	NA	NA	15126	3.95	no	0:04.70	1146480	0	marginal/SRR8618952/2to1.auto.s42
SRR8618952	PACBIO_SMRT	4907789	marginal	9	15126	2to1	auto	4556	10084	5042	10084	5042	7329.5327	7300.9336	5910560	1.2043	3900000	6720000	29.65	no	4.00	NA	NA	15126	4.24	no	0:04.72	1151316	0	marginal/SRR8618952/2to1.auto.s4556
SRR8618952	PACBIO_SMRT	4907789	marginal	9	15126	2to1	never	7	10084	5042	10084	5042	7258.095	7443.8096	5879872	1.1981	3940000	6780000	29.80	no	NA	NA	NA	15126	3.63	no	0:04.62	1119716	0	marginal/SRR8618952/2to1.never.s7
SRR8618952	PACBIO_SMRT	4907789	marginal	9	15126	2to1	never	42	10084	5042	10084	5042	7316.99	7326.018	5947149	1.2118	3940000	6840000	29.68	no	NA	NA	NA	15126	3.95	no	0:04.59	1125104	0	marginal/SRR8618952/2to1.never.s42
SRR8618952	PACBIO_SMRT	4907789	marginal	9	15126	2to1	never	4556	10084	5042	10084	5042	7329.5327	7300.9336	5910560	1.2043	3900000	6720000	29.65	no	NA	NA	NA	15126	4.24	no	0:04.61	1125180	0	marginal/SRR8618952/2to1.never.s4556
SRR8618952	PACBIO_SMRT	4907789	marginal	9	15126	4to1	auto	7	12100	3026	12100	3026	7291.987	7432.0146	5971703	1.2168	4050000	6760000	35.81	no	4.00	NA	NA	15126	3.34	no	0:04.11	1217196	0	marginal/SRR8618952/4to1.auto.s7
SRR8618952	PACBIO_SMRT	4907789	marginal	9	15126	4to1	auto	42	12100	3026	12100	3026	7318.476	7326.093	6005494	1.2237	4070000	6800000	35.62	no	4.00	NA	NA	15126	3.77	no	0:04.02	1215640	0	marginal/SRR8618952/4to1.auto.s42
SRR8618952	PACBIO_SMRT	4907789	marginal	9	15126	4to1	auto	4556	12100	3026	12100	3026	7335.9497	7256.219	5898986	1.2020	3950000	6670000	35.49	no	4.00	NA	NA	15126	4.43	no	0:04.11	1220020	0	marginal/SRR8618952/4to1.auto.s4556
SRR8618952	PACBIO_SMRT	4907789	marginal	9	15126	4to1	never	7	12100	3026	12100	3026	7291.987	7432.0146	5971703	1.2168	4050000	6760000	35.81	no	NA	NA	NA	15126	3.34	no	0:03.92	1183724	0	marginal/SRR8618952/4to1.never.s7
SRR8618952	PACBIO_SMRT	4907789	marginal	9	15126	4to1	never	42	12100	3026	12100	3026	7318.476	7326.093	6005494	1.2237	4070000	6800000	35.62	no	NA	NA	NA	15126	3.77	no	0:04.12	1183340	0	marginal/SRR8618952/4to1.never.s42
SRR8618952	PACBIO_SMRT	4907789	marginal	9	15126	4to1	never	4556	12100	3026	12100	3026	7335.9497	7256.219	5898986	1.2020	3950000	6670000	35.49	no	NA	NA	NA	15126	4.43	no	0:04.13	1181036	0	marginal/SRR8618952/4to1.never.s4556
SRR8618952	PACBIO_SMRT	4907789	marginal	9	15126	8to1	auto	7	13445	1681	13445	1681	7308.5625	7411.477	5933316	1.2090	4090000	6710000	39.78	no	4.00	NA	NA	15126	3.27	no	0:04.68	1320716	0	marginal/SRR8618952/8to1.auto.s7
SRR8618952	PACBIO_SMRT	4907789	marginal	9	15126	8to1	auto	42	13445	1681	13445	1681	7323.0386	7295.6904	6094422	1.2418	4170000	6840000	39.50	no	4.00	NA	NA	15126	3.63	no	0:04.53	1357328	0	marginal/SRR8618952/8to1.auto.s42
SRR8618952	PACBIO_SMRT	4907789	marginal	9	15126	8to1	auto	4556	13445	1681	13445	1681	7328.327	7253.3945	5901888	1.2026	4010000	6670000	39.40	no	4.00	NA	NA	15126	4.05	no	0:04.68	1394708	0	marginal/SRR8618952/8to1.auto.s4556
SRR8618952	PACBIO_SMRT	4907789	marginal	9	15126	8to1	never	7	13445	1681	13445	1681	7308.5625	7411.477	5933316	1.2090	4090000	6710000	39.78	no	NA	NA	NA	15126	3.27	no	0:03.90	1309236	0	marginal/SRR8618952/8to1.never.s7
SRR8618952	PACBIO_SMRT	4907789	marginal	9	15126	8to1	never	42	13445	1681	13445	1681	7323.0386	7295.6904	6094422	1.2418	4170000	6840000	39.50	no	NA	NA	NA	15126	3.63	no	0:03.59	1334084	0	marginal/SRR8618952/8to1.never.s42
SRR8618952	PACBIO_SMRT	4907789	marginal	9	15126	8to1	never	4556	13445	1681	13445	1681	7328.327	7253.3945	5901888	1.2026	4010000	6670000	39.40	no	NA	NA	NA	15126	4.05	no	0:03.85	1286124	0	marginal/SRR8618952/8to1.never.s4556
SRR8618952	PACBIO_SMRT	4907789	comfortable	1	136128	legacy	auto	7	10000	5000	10000	5000	7311.645	7427.4063	5876042	1.1973	3880000	6760000	29.63	no	6.00	NA	NA	136128	3.80	no	0:07.11	1239456	0	comfortable/SRR8618952/legacy.auto.s7
SRR8618952	PACBIO_SMRT	4907789	comfortable	1	136128	legacy	auto	42	10000	5000	10000	5000	7282.2354	7436.596	5825357	1.1870	3720000	6700000	29.59	no	5.00	NA	NA	136128	4.02	no	0:07.18	1225536	0	comfortable/SRR8618952/legacy.auto.s42
SRR8618952	PACBIO_SMRT	4907789	comfortable	1	136128	legacy	auto	4556	10000	5000	10000	5000	7330.707	7485.8257	5890324	1.2002	3800000	6770000	29.78	no	6.00	NA	NA	136128	3.52	no	0:07.55	1280288	0	comfortable/SRR8618952/legacy.auto.s4556
SRR8618952	PACBIO_SMRT	4907789	comfortable	1	136128	legacy	never	7	10000	5000	10000	5000	7311.645	7427.4063	5876042	1.1973	3880000	6760000	29.63	no	NA	NA	NA	136128	3.80	no	0:07.35	1223140	0	comfortable/SRR8618952/legacy.never.s7
SRR8618952	PACBIO_SMRT	4907789	comfortable	1	136128	legacy	never	42	10000	5000	10000	5000	7282.2354	7436.596	5825357	1.1870	3720000	6700000	29.59	no	NA	NA	NA	136128	4.02	no	0:06.57	1200896	0	comfortable/SRR8618952/legacy.never.s42
SRR8618952	PACBIO_SMRT	4907789	comfortable	1	136128	legacy	never	4556	10000	5000	10000	5000	7330.707	7485.8257	5890324	1.2002	3800000	6770000	29.78	no	NA	NA	NA	136128	3.52	no	0:06.64	1155416	0	comfortable/SRR8618952/legacy.never.s4556
SRR8618952	PACBIO_SMRT	4907789	comfortable	1	136128	1to1	auto	7	7500	7500	7500	7500	7324.794	7375.67	5788870	1.1795	3790000	6710000	22.16	no	6.00	NA	NA	136128	4.35	no	0:06.72	1089996	0	comfortable/SRR8618952/1to1.auto.s7
SRR8618952	PACBIO_SMRT	4907789	comfortable	1	136128	1to1	auto	42	7500	7500	7500	7500	7275.8984	7391.4785	5794886	1.1808	3550000	6780000	22.11	no	5.00	NA	NA	136128	4.24	no	0:08.50	1114824	0	comfortable/SRR8618952/1to1.auto.s42
SRR8618952	PACBIO_SMRT	4907789	comfortable	1	136128	1to1	auto	4556	7500	7500	7500	7500	7329.0625	7435.764	5814298	1.1847	3620000	6830000	22.26	no	6.00	NA	NA	136128	4.19	no	0:07.52	1115532	0	comfortable/SRR8618952/1to1.auto.s4556
SRR8618952	PACBIO_SMRT	4907789	comfortable	1	136128	1to1	never	7	7500	7500	7500	7500	7324.794	7375.67	5788870	1.1795	3790000	6710000	22.16	no	NA	NA	NA	136128	4.35	no	0:06.75	1059832	0	comfortable/SRR8618952/1to1.never.s7
SRR8618952	PACBIO_SMRT	4907789	comfortable	1	136128	1to1	never	42	7500	7500	7500	7500	7275.8984	7391.4785	5794886	1.1808	3550000	6780000	22.11	no	NA	NA	NA	136128	4.24	no	0:06.69	1057256	0	comfortable/SRR8618952/1to1.never.s42
SRR8618952	PACBIO_SMRT	4907789	comfortable	1	136128	1to1	never	4556	7500	7500	7500	7500	7329.0625	7435.764	5814298	1.1847	3620000	6830000	22.26	no	NA	NA	NA	136128	4.19	no	0:06.77	1066156	0	comfortable/SRR8618952/1to1.never.s4556
SRR8618952	PACBIO_SMRT	4907789	comfortable	1	136128	2to1	auto	7	10000	5000	10000	5000	7311.645	7427.4063	5876042	1.1973	3880000	6760000	29.63	no	6.00	NA	NA	136128	3.80	no	0:06.87	1227816	0	comfortable/SRR8618952/2to1.auto.s7
SRR8618952	PACBIO_SMRT	4907789	comfortable	1	136128	2to1	auto	42	10000	5000	10000	5000	7282.2354	7436.596	5825357	1.1870	3720000	6700000	29.59	no	5.00	NA	NA	136128	4.02	no	0:07.25	1236624	0	comfortable/SRR8618952/2to1.auto.s42
SRR8618952	PACBIO_SMRT	4907789	comfortable	1	136128	2to1	auto	4556	10000	5000	10000	5000	7330.707	7485.8257	5890324	1.2002	3800000	6770000	29.78	no	6.00	NA	NA	136128	3.52	no	0:07.22	1220572	0	comfortable/SRR8618952/2to1.auto.s4556
SRR8618952	PACBIO_SMRT	4907789	comfortable	1	136128	2to1	never	7	10000	5000	10000	5000	7311.645	7427.4063	5876042	1.1973	3880000	6760000	29.63	no	NA	NA	NA	136128	3.80	no	0:06.58	1201912	0	comfortable/SRR8618952/2to1.never.s7
SRR8618952	PACBIO_SMRT	4907789	comfortable	1	136128	2to1	never	42	10000	5000	10000	5000	7282.2354	7436.596	5825357	1.1870	3720000	6700000	29.59	no	NA	NA	NA	136128	4.02	no	0:06.55	1204972	0	comfortable/SRR8618952/2to1.never.s42
SRR8618952	PACBIO_SMRT	4907789	comfortable	1	136128	2to1	never	4556	10000	5000	10000	5000	7330.707	7485.8257	5890324	1.2002	3800000	6770000	29.78	no	NA	NA	NA	136128	3.52	no	0:06.53	1205804	0	comfortable/SRR8618952/2to1.never.s4556
SRR8618952	PACBIO_SMRT	4907789	comfortable	1	136128	4to1	auto	7	12000	3000	12000	3000	7322.5005	7461.157	5931058	1.2085	3950000	6770000	35.66	no	6.00	NA	NA	136128	3.57	no	0:06.56	1297756	0	comfortable/SRR8618952/4to1.auto.s7
SRR8618952	PACBIO_SMRT	4907789	comfortable	1	136128	4to1	auto	42	12000	3000	12000	3000	7321.576	7382.138	5891570	1.2005	3810000	6760000	35.47	no	5.00	NA	NA	136128	3.70	no	0:08.80	1349404	0	comfortable/SRR8618952/4to1.auto.s42
SRR8618952	PACBIO_SMRT	4907789	comfortable	1	136128	4to1	auto	4556	12000	3000	12000	3000	7365.966	7448.2026	5853563	1.1927	3840000	6700000	35.74	no	6.00	NA	NA	136128	3.17	no	0:06.52	1302012	0	comfortable/SRR8618952/4to1.auto.s4556
SRR8618952	PACBIO_SMRT	4907789	comfortable	1	136128	4to1	never	7	12000	3000	12000	3000	7322.5005	7461.157	5931058	1.2085	3950000	6770000	35.66	no	NA	NA	NA	136128	3.57	no	0:07.59	1320236	0	comfortable/SRR8618952/4to1.never.s7
SRR8618952	PACBIO_SMRT	4907789	comfortable	1	136128	4to1	never	42	12000	3000	12000	3000	7321.576	7382.138	5891570	1.2005	3810000	6760000	35.47	no	NA	NA	NA	136128	3.70	no	0:06.69	1267756	0	comfortable/SRR8618952/4to1.never.s42
SRR8618952	PACBIO_SMRT	4907789	comfortable	1	136128	4to1	never	4556	12000	3000	12000	3000	7365.966	7448.2026	5853563	1.1927	3840000	6700000	35.74	no	NA	NA	NA	136128	3.17	no	0:06.26	1278664	0	comfortable/SRR8618952/4to1.never.s4556
SRR8618952	PACBIO_SMRT	4907789	comfortable	1	136128	8to1	auto	7	13333	1667	13333	1667	7352.196	7334.5254	5982410	1.2190	4020000	6810000	39.36	no	6.00	NA	NA	136128	3.24	no	0:07.25	1443096	0	comfortable/SRR8618952/8to1.auto.s7
SRR8618952	PACBIO_SMRT	4907789	comfortable	1	136128	8to1	auto	42	13333	1667	13333	1667	7328.8545	7372.3525	5967357	1.2159	3930000	6850000	39.40	no	5.00	NA	NA	136128	3.18	no	0:06.85	1368440	0	comfortable/SRR8618952/8to1.auto.s42
SRR8618952	PACBIO_SMRT	4907789	comfortable	1	136128	8to1	auto	4556	13333	1667	13333	1667	7385.809	7355.2515	5918146	1.2059	3760000	6720000	39.51	no	6.00	NA	NA	136128	3.30	no	0:06.51	1478340	0	comfortable/SRR8618952/8to1.auto.s4556
SRR8618952	PACBIO_SMRT	4907789	comfortable	1	136128	8to1	never	7	13333	1667	13333	1667	7352.196	7334.5254	5982410	1.2190	4020000	6810000	39.36	no	NA	NA	NA	136128	3.24	no	0:06.39	1397548	0	comfortable/SRR8618952/8to1.never.s7
SRR8618952	PACBIO_SMRT	4907789	comfortable	1	136128	8to1	never	42	13333	1667	13333	1667	7328.8545	7372.3525	5967357	1.2159	3930000	6850000	39.40	no	NA	NA	NA	136128	3.18	no	0:06.67	1427060	0	comfortable/SRR8618952/8to1.never.s42
SRR8618952	PACBIO_SMRT	4907789	comfortable	1	136128	8to1	never	4556	13333	1667	13333	1667	7385.809	7355.2515	5918146	1.2059	3760000	6720000	39.51	no	NA	NA	NA	136128	3.30	no	0:06.62	1420136	0	comfortable/SRR8618952/8to1.never.s4556
SRR8618952	PACBIO_SMRT	4907789	comfortable	1	136128	more4to1	auto	7	20000	5000	20000	5000	7347.039	7427.4063	5922986	1.2069	4140000	6730000	59.40	no	6.00	NA	NA	136128	3.44	no	0:09.42	2428452	0	comfortable/SRR8618952/more4to1.auto.s7
SRR8618952	PACBIO_SMRT	4907789	comfortable	1	136128	more4to1	auto	42	20000	5000	20000	5000	7275.781	7436.596	5892202	1.2006	4070000	6760000	59.14	no	5.00	NA	NA	136128	3.64	no	0:09.65	2410756	0	comfortable/SRR8618952/more4to1.auto.s42
SRR8618952	PACBIO_SMRT	4907789	comfortable	1	136128	more4to1	auto	4556	20000	5000	20000	5000	7329.615	7485.8257	5896884	1.2015	4180000	6670000	59.56	no	6.00	NA	NA	136128	3.10	no	0:09.95	2420924	0	comfortable/SRR8618952/more4to1.auto.s4556
SRR8618952	PACBIO_SMRT	4907789	comfortable	1	136128	more4to1	never	7	20000	5000	20000	5000	7347.039	7427.4063	5922986	1.2069	4140000	6730000	59.40	no	NA	NA	NA	136128	3.44	no	0:09.64	2400840	0	comfortable/SRR8618952/more4to1.never.s7
SRR8618952	PACBIO_SMRT	4907789	comfortable	1	136128	more4to1	never	42	20000	5000	20000	5000	7275.781	7436.596	5892202	1.2006	4070000	6760000	59.14	no	NA	NA	NA	136128	3.64	no	0:08.88	2385044	0	comfortable/SRR8618952/more4to1.never.s42
SRR8618952	PACBIO_SMRT	4907789	comfortable	1	136128	more4to1	never	4556	20000	5000	20000	5000	7329.615	7485.8257	5896884	1.2015	4180000	6670000	59.56	no	NA	NA	NA	136128	3.10	no	0:08.73	2391996	0	comfortable/SRR8618952/more4to1.never.s4556
