run	platform	truth_bp	internal_match_frac	skew_verdict	normalization_engaged	auto_fires	auto_ratio	v030_ratio	never_ratio	norm_ratio	filter_always_ratio	v030_wall_s	never_wall_s	norm_wall_s	filter_always_wall_s	filter_auto_wall_s	v030_rss_kb	never_rss_kb	norm_rss_kb	filter_always_rss_kb	filter_auto_rss_kb
DRR072240	PACBIO_SMRT	2877864	0.6750	not detected	no	no	5.6712	5.6712	5.6712	5.6712	12.8935	11.06	11.04	11.14	10.94	11.40	911680	910560	926536	929216	923448
DRR126367	PACBIO_SMRT	3320462	0.2660	not detected	no	no	1.3522	1.3522	1.3522	1.3522	1.7554	6.41	6.02	6.20	6.37	6.73	1121000	1117644	1149220	1139896	1146548
DRR126418	PACBIO_SMRT	3138474	0.3220	not detected	no	no	1.4378	1.4378	1.4378	1.4378	1.9998	6.58	6.36	6.48	6.51	6.58	1004780	1008880	1024544	1020448	1024540
DRR126420	PACBIO_SMRT	3171737	0.3280	not detected	no	no	1.3856	1.3856	1.3856	1.3856	1.9430	4.66	4.58	4.64	4.66	4.71	1025908	1020944	1045972	1043656	1045868
DRR140496	PACBIO_SMRT	6191129	0.5000	not detected	no	no	2.0380	2.0380	2.0380	2.0380	3.5991	7.91	8.06	8.43	7.93	8.25	1065348	1051596	1078568	1091584	1082628
DRR148418	PACBIO_SMRT	4852135	0.4610	not detected	no	no	1.7374	1.7374	1.7374	1.7374	2.8245	18.24	19.81	19.70	19.20	19.45	1193072	1199976	1222704	1224688	1226672
DRR154116	OXFORD_NANOPORE	2096423	0.5050	not detected	no	no	1.2570	1.2570	1.2570	1.2570	2.1047	8.74	9.18	9.28	9.25	10.28	487916	507628	513348	547612	502884
DRR157860	PACBIO_SMRT	5307994	0.3440	not detected	no	no	1.6919	1.6919	1.6919	1.6919	2.4719	7.31	7.17	8.54	7.73	7.70	1185536	1192876	1206844	1222344	1225464
DRR161250	OXFORD_NANOPORE	6225779	0.2440	not detected	no	no	1.1214	1.1214	1.1214	1.1214	1.4285	17.26	17.71	17.64	17.96	17.79	1158632	1158644	1176620	1178668	1180332
DRR161253	OXFORD_NANOPORE	4458926	0.2550	not detected	no	no	1.1103	1.1103	1.1103	1.1103	1.4347	15.87	15.74	16.07	16.24	16.14	908244	910528	932276	930752	933080
DRR161254	OXFORD_NANOPORE	5657388	0.2690	not detected	no	no	1.1532	1.1532	1.1532	1.1532	1.5291	18.30	21.95	19.28	19.82	18.95	1189644	1185772	1226580	1242632	1215336
DRR161255	OXFORD_NANOPORE	6301681	0.2590	not detected	no	no	1.1223	1.1223	1.1223	1.1223	1.4571	17.57	15.92	17.96	17.97	17.94	1169404	1158456	1201852	1179784	1195780
DRR161257	OXFORD_NANOPORE	4566186	0.2440	not detected	no	no	1.1105	1.1105	1.1105	1.1105	1.4442	16.26	16.46	16.91	16.41	16.67	858332	863588	879964	881056	881152
DRR161260	OXFORD_NANOPORE	5788994	0.2560	not detected	no	no	1.1317	1.1317	1.1317	1.1317	1.4967	15.59	17.41	17.88	16.26	15.93	901356	921348	922152	952848	923996
DRR161262	OXFORD_NANOPORE	5318517	0.2050	not detected	no	no	1.0932	1.0932	1.0932	1.0932	1.3548	17.49	17.42	17.64	17.72	17.60	1110324	1114604	1129164	1137236	1130120
DRR161264	OXFORD_NANOPORE	5929171	0.2880	not detected	no	no	1.1101	1.1101	1.1101	1.1101	1.4372	10.80	10.91	10.97	10.95	10.66	858040	854312	875520	873900	868544
DRR161266	OXFORD_NANOPORE	5979623	0.3050	not detected	no	no	1.1831	1.1831	1.1831	1.1831	1.6392	16.39	16.64	16.84	16.98	16.76	893868	890004	914124	914124	917072
DRR161268	OXFORD_NANOPORE	6008916	0.2780	not detected	no	no	1.1268	1.1268	1.1268	1.1268	1.4879	15.17	15.22	15.41	15.52	15.42	926344	923428	945624	945884	945552
DRR161269	OXFORD_NANOPORE	5732362	0.2290	not detected	no	no	1.0753	1.0753	1.0753	1.0753	1.3400	12.81	12.84	13.10	13.07	13.10	1125272	1120132	1144308	1142256	1145840
DRR161273	OXFORD_NANOPORE	5940375	0.2450	not detected	no	no	1.1440	1.1440	1.1440	1.1440	1.4681	15.18	15.18	15.50	15.45	15.48	1040844	1039040	1062032	1060272	1064040
DRR161274	OXFORD_NANOPORE	5876557	0.2450	not detected	no	no	1.1052	1.1052	1.1052	1.1052	1.3976	15.44	15.50	15.92	15.57	15.94	1107624	1108492	1139824	1135172	1132856
DRR161276	OXFORD_NANOPORE	6237139	0.2580	not detected	no	no	1.0972	1.0972	1.0972	1.0972	1.4181	17.00	17.01	17.51	17.53	17.39	1116272	1111936	1129764	1125648	1129932
DRR161277	OXFORD_NANOPORE	6219859	0.1850	not detected	no	no	1.0807	1.0807	1.0807	1.0807	1.2868	16.63	16.54	16.76	16.75	16.78	1183196	1186244	1211840	1213420	1211068
DRR161282	OXFORD_NANOPORE	6585921	0.2260	not detected	no	no	1.0935	1.0935	1.0935	1.0935	1.3570	12.18	12.25	12.43	12.37	12.31	1155896	1157160	1178268	1176072	1173872
DRR161284	OXFORD_NANOPORE	6042466	0.2310	not detected	no	no	1.0910	1.0910	1.0910	1.0910	1.3400	16.97	17.02	17.21	17.29	17.39	1187036	1183996	1209888	1210524	1205508
DRR161286	OXFORD_NANOPORE	5531300	0.2550	not detected	no	no	1.1437	1.1437	1.1437	1.1437	1.5280	16.23	15.89	16.39	16.37	16.77	1107628	1108176	1130988	1125004	1130500
DRR161287	OXFORD_NANOPORE	4577045	0.2240	not detected	no	no	1.1007	1.1007	1.1007	1.1007	1.3916	18.34	18.27	18.63	18.34	18.60	1107004	1107580	1127928	1125476	1125248
DRR161289	OXFORD_NANOPORE	6085955	0.2110	not detected	no	no	1.0885	1.0885	1.0885	1.0885	1.3415	18.31	18.05	18.74	18.95	18.96	1142816	1150960	1169404	1169144	1169020
DRR161292	OXFORD_NANOPORE	5579510	0.2340	not detected	no	no	1.1196	1.1196	1.1196	1.1196	1.4330	12.10	12.18	12.27	12.18	12.23	1115140	1113520	1139516	1140640	1135272
DRR161301	OXFORD_NANOPORE	5696751	0.2840	not detected	no	no	1.1779	1.1779	1.1779	1.1779	1.6337	14.99	15.02	15.24	15.41	15.32	1049972	1048432	1073508	1075284	1076884
DRR161302	OXFORD_NANOPORE	4828255	0.3730	not detected	no	no	1.0890	1.0890	1.0890	1.0890	1.4318	10.85	10.84	11.06	10.97	11.03	983164	983276	1003564	1007464	1006476
DRR164908	OXFORD_NANOPORE	2870544	0.3430	not detected	no	no	1.1199	1.1199	1.1199	1.1199	1.4032	9.57	9.92	10.02	10.02	10.05	734520	745240	754352	754620	752604
DRR164909	OXFORD_NANOPORE	2361227	0.2850	not detected	no	no	1.2060	1.2060	1.2060	1.2060	1.5394	8.20	8.14	8.27	8.30	8.35	605496	608928	626908	624376	629704
DRR164910	OXFORD_NANOPORE	2490107	0.4170	not detected	no	no	1.3798	1.3798	1.3798	1.3798	1.9110	7.00	7.21	7.19	7.13	8.30	466060	478012	512392	500268	488908
DRR164912	OXFORD_NANOPORE	2290729	0.2130	not detected	no	no	1.0378	1.0378	1.0378	1.0378	1.2543	12.83	13.25	11.68	14.50	11.98	489740	497576	521520	521208	490388
DRR164913	OXFORD_NANOPORE	2604381	0.1750	not detected	no	no	1.0031	1.0031	1.0031	1.0031	1.1536	20.05	20.42	20.59	20.36	20.45	918800	918936	941488	948140	950108
DRR164914	OXFORD_NANOPORE	2337418	0.3310	not detected	no	no	1.2105	1.2105	1.2105	1.2105	1.7209	10.75	10.22	10.52	11.95	11.30	294160	336728	368056	352508	359412
DRR174575	OXFORD_NANOPORE	5655563	0.3250	not detected	no	no	1.0429	1.0429	1.0429	1.0429	1.3263	17.91	17.90	18.28	18.22	18.34	863640	860536	882988	880280	881828
DRR174804	PACBIO_SMRT	4768325	0.3380	not detected	no	no	1.7138	1.7138	1.7138	1.7138	2.4596	5.88	5.74	5.79	5.88	5.79	1207928	1214512	1234184	1234884	1227544
DRR174806	PACBIO_SMRT	4811855	0.2510	not detected	no	no	1.2780	1.2780	1.2780	1.2780	1.6429	10.18	10.48	10.73	10.31	10.38	1897620	1898768	1923516	1923288	1920624
DRR174808	PACBIO_SMRT	4770723	0.2480	not detected	no	no	1.2942	1.2942	1.2942	1.2942	1.6829	10.18	13.13	10.90	13.24	13.36	1932900	2012952	1980644	2032140	2032420
DRR174985	PACBIO_SMRT	2579134	0.1940	not detected	no	no	1.2545	1.2545	1.2545	1.2545	1.5138	7.37	7.38	7.75	7.67	7.69	975116	981708	997596	1001052	998976
DRR177331	OXFORD_NANOPORE	2652264	0.3120	not detected	no	no	1.0826	1.0826	1.0826	1.0826	1.3396	30.24	30.40	30.49	30.58	30.70	1868060	1815136	1849876	1796092	1873204
DRR179484	PACBIO_SMRT	3301347	0.2220	not detected	no	no	1.1420	1.1420	1.1420	1.1420	1.3445	12.39	12.15	12.14	12.37	12.39	2179664	2185360	2213968	2205288	2209888
DRR179485	PACBIO_SMRT	2962376	0.1950	not detected	no	no	1.1589	1.1589	1.1589	1.1589	1.3455	11.17	11.16	11.32	11.13	11.25	2187600	2190176	2220724	2211080	2212876
DRR179488	PACBIO_SMRT	3302129	0.2160	not detected	no	no	1.1348	1.1348	1.1348	1.1348	1.3258	14.54	14.67	14.61	14.60	14.29	2297072	2301280	2325844	2326316	2326676
DRR180484	OXFORD_NANOPORE	4018824	0.0940	not detected	no	no	1.0032	1.0032	1.0032	1.0032	1.0748	23.45	23.21	23.34	23.72	23.45	1201380	1246532	1242016	1244344	1282496
DRR180486	OXFORD_NANOPORE	5199498	0.2570	not detected	no	no	0.9961	0.9961	0.9961	0.9961	1.1221	35.94	34.82	51.16	52.93	51.25	1819768	1812704	1782044	1837960	1837492
DRR180575	PACBIO_SMRT	2957206	0.3750	not detected	no	no	1.7496	1.7496	1.7496	1.7496	2.7018	5.95	5.82	5.87	5.81	5.80	1187332	1188504	1209460	1208712	1209740
DRR180676	OXFORD_NANOPORE	4229996	0.3150	not detected	no	no	1.2740	1.2740	1.2740	1.2740	1.7294	12.33	12.10	12.84	12.75	12.67	277084	255388	280668	286496	284860
DRR184353	OXFORD_NANOPORE	2169490	0.3920	not detected	no	no	1.2146	1.2146	1.2146	1.2146	1.5768	13.88	13.84	14.07	14.01	14.33	1059364	1089708	1073172	1061332	1086956
DRR187482	OXFORD_NANOPORE	4737839	0.1650	not detected	no	no	1.0390	1.0390	1.0390	1.0390	1.1571	13.23	13.27	13.74	13.54	13.62	521324	517376	535904	536544	540308
DRR187571	OXFORD_NANOPORE	2754388	0.3420	not detected	no	no	1.1455	1.1455	1.1455	1.1455	1.5352	14.48	15.82	12.95	15.69	13.81	933872	945584	913008	971664	953392
DRR189760	PACBIO_SMRT	4950731	0.5480	not detected	no	no	2.3952	2.3952	2.3952	2.3952	4.6585	17.50	17.46	18.06	18.24	18.24	1415896	1412644	1435564	1432556	1430916
DRR198111	PACBIO_SMRT	2878459	0.2190	not detected	no	no	1.0796	1.0796	1.0796	1.0796	1.1862	106.52	104.71	103.94	104.19	104.59	2646508	2632632	2721260	2618108	2598132
DRR202929	OXFORD_NANOPORE	7982451	0.1220	not detected	no	no	1.0069	1.0069	1.0069	1.0069	1.0955	17.59	17.53	18.06	18.07	17.94	1189752	1195852	1223312	1217120	1220696
DRR203156	OXFORD_NANOPORE	2072807	0.2260	not detected	no	no	1.0297	1.0297	1.0297	1.0297	1.2018	13.95	13.56	13.85	13.93	14.08	572420	577876	602620	603116	618664
DRR204804	OXFORD_NANOPORE	841695	0.5990	detected	yes	no	1.5110	1.2153	1.2153	1.5110	3.4499	32.28	32.33	34.31	33.76	34.33	975480	939328	1043692	1061828	966240
DRR205605	OXFORD_NANOPORE	4706935	0.2660	not detected	no	no	1.3441	1.3441	1.3441	1.3441	1.7093	10.80	10.95	11.00	10.99	11.05	1179044	1180868	1205088	1202152	1204444
DRR206394	OXFORD_NANOPORE	5736485	0.2370	not detected	no	no	1.0260	1.0260	1.0260	1.0260	1.1428	20.09	20.28	20.54	20.44	20.41	978832	983016	992952	1000728	996872
DRR206400	OXFORD_NANOPORE	5808629	0.2950	not detected	no	no	1.1052	1.1052	1.1052	1.1052	1.3165	14.64	14.38	15.87	14.70	14.94	513448	512720	546280	565632	558448
DRR206401	OXFORD_NANOPORE	5675722	0.2620	not detected	no	no	1.0341	1.0341	1.0341	1.0341	1.1456	20.15	20.93	20.23	20.02	19.97	960392	940804	1007220	989856	996620
DRR207366	OXFORD_NANOPORE	3924221	0.4790	detected	yes	no	1.0063	0.8990	0.8990	1.0063	1.2910	62.75	63.48	36.85	36.67	37.05	2654176	2708400	1833284	1877196	1864764
DRR207436	OXFORD_NANOPORE	6089454	0.2500	not detected	no	no	1.2771	1.2771	1.2771	1.2771	1.6174	11.28	11.56	11.72	11.62	11.62	460728	471360	508976	485656	488548
DRR207928	PACBIO_SMRT	2908404	0.2480	not detected	no	no	1.2089	1.2089	1.2089	1.2089	1.5068	13.64	13.55	13.62	13.71	13.51	2099440	2094876	2122980	2128936	2127604
DRR213976	OXFORD_NANOPORE	3927137	0.7050	detected	yes	no	0.7535	0.4312	0.4312	0.7535	1.1036	81.49	81.26	70.71	70.36	69.99	3341992	3255968	2532716	2574512	2602156
DRR218311	PACBIO_SMRT	3095585	0.2480	not detected	no	no	1.2553	1.2593	1.2553	1.2553	1.5371	5.04	4.78	4.91	4.80	4.86	587784	1103636	1126008	1126916	1129012
DRR218419	OXFORD_NANOPORE	2157617	0.2230	not detected	no	no	1.0430	1.0430	1.0430	1.0430	1.2012	19.38	19.10	19.40	19.28	19.39	797740	778556	821696	820372	819724
DRR218421	OXFORD_NANOPORE	2178238	0.2750	not detected	no	no	1.0146	1.0146	1.0146	1.0146	1.1801	21.19	22.19	23.50	24.04	21.44	901712	870500	891548	864220	882592
DRR228291	PACBIO_SMRT	9470940	0.4410	not detected	no	no	1.7258	1.7258	1.7258	1.7258	2.7006	16.49	16.44	16.88	16.79	16.86	2052620	2055716	2078436	2074540	2074672
DRR228292	PACBIO_SMRT	11246397	0.4610	not detected	no	no	1.9890	1.9890	1.9890	1.9890	3.0911	16.08	16.21	16.66	16.35	16.34	2039804	2037104	2059756	2063992	2065304
DRR239359	OXFORD_NANOPORE	2158609	0.6550	not detected	no	no	1.3953	1.3953	1.3953	1.3953	2.8831	6.48	6.42	6.56	6.53	6.58	295620	296968	317868	317740	315764
DRR239360	OXFORD_NANOPORE	2111518	0.6120	not detected	no	no	1.4209	1.4209	1.4209	1.4209	2.7705	5.38	6.37	6.25	6.03	5.60	325160	334108	364840	370668	322644
DRR241428	PACBIO_SMRT	3693126	0.4850	not detected	no	no	1.7892	1.7892	1.7892	1.7892	3.0901	16.72	16.68	16.62	16.36	16.72	1373644	1374680	1368816	1363912	1358868
DRR248582	PACBIO_SMRT	9216772	0.4740	not detected	no	no	1.9019	1.9019	1.9019	1.9019	3.1321	14.92	15.01	15.25	15.39	15.25	1181284	1180592	1201928	1200740	1204180
DRR252636	OXFORD_NANOPORE	5381024	0.3020	not detected	no	no	0.9653	0.9653	0.9653	0.9653	1.1874	19.60	19.71	27.29	26.96	27.06	1214856	1205500	1334896	1327516	1332840
DRR252637	OXFORD_NANOPORE	5469393	0.3000	not detected	no	no	0.9709	0.9709	0.9709	0.9709	1.1947	28.91	29.48	30.04	29.69	29.82	1345424	1420976	1447168	1375720	1414436
DRR252638	OXFORD_NANOPORE	5073921	0.3030	not detected	no	no	0.9980	0.9980	0.9980	0.9980	1.2106	22.28	22.00	22.38	21.78	22.12	1304292	1311956	1324476	1325920	1330260
DRR257742	OXFORD_NANOPORE	2750811	0.1300	not detected	no	no	0.9967	0.9967	0.9967	0.9967	1.0788	24.09	23.74	23.92	24.27	24.22	1022420	989052	1003292	1026160	1029400
DRR257743	OXFORD_NANOPORE	2751556	0.1300	not detected	no	no	0.9846	0.9846	0.9846	0.9846	1.0620	26.61	27.21	27.18	32.22	27.39	1028872	1022116	1010028	1048416	1010412
DRR258632	OXFORD_NANOPORE	2863321	0.3510	not detected	no	no	1.1111	1.1111	1.1111	1.1111	1.5388	13.62	13.45	13.80	14.03	14.00	690624	682916	714636	710480	708424
DRR258751	OXFORD_NANOPORE	3567646	0.1800	not detected	no	no	1.0461	1.0461	1.0461	1.0461	1.1984	15.17	15.12	15.43	15.44	15.38	919940	942896	970276	977088	975840
DRR259339	OXFORD_NANOPORE	4936681	0.2150	not detected	no	no	1.0444	1.0444	1.0444	1.0444	1.2257	14.09	14.10	14.27	14.23	14.19	940040	916808	948836	951572	955188
DRR261204	OXFORD_NANOPORE	4406941	0.6020	not detected	no	no	1.2596	1.2596	1.2596	1.2596	2.2606	12.70	12.58	13.06	13.29	13.36	272768	265812	279260	282124	279388
DRR261205	OXFORD_NANOPORE	4418245	0.5960	not detected	no	no	1.2548	1.2548	1.2548	1.2548	2.2480	11.13	11.18	11.45	11.43	11.54	272580	274008	282800	286916	281004
DRR276529	OXFORD_NANOPORE	2927356	0.1510	not detected	no	no	1.0013	1.0013	1.0013	1.0013	1.0652	30.75	30.65	30.59	30.54	30.33	892152	878936	926940	935780	910688
DRR276531	OXFORD_NANOPORE	6411763	0.2150	not detected	no	no	1.1003	1.1003	1.1003	1.1003	1.2822	16.62	16.69	16.72	17.02	16.83	1038004	1042588	1028592	1030276	1066816
DRR276630	OXFORD_NANOPORE	5720643	0.2620	not detected	no	no	1.0915	1.0915	1.0915	1.0915	1.2630	33.47	35.78	36.56	33.69	57.16	1808188	1849660	1867940	1877032	1888264
DRR283417	OXFORD_NANOPORE	5091405	0.5820	not detected	no	no	1.3148	1.3148	1.3148	1.3148	2.3676	10.18	10.73	10.60	10.90	10.62	318388	298560	334240	338624	342384
DRR286071	OXFORD_NANOPORE	3399245	0.1560	not detected	no	no	1.0438	1.0438	1.0438	1.0438	1.1357	15.06	15.26	15.29	15.29	15.19	972668	965856	991300	994780	988876
DRR287515	OXFORD_NANOPORE	2831391	0.1550	not detected	no	no	1.1302	1.1302	1.1302	1.1302	1.3154	8.00	7.94	8.72	8.43	8.62	286108	267908	298280	313128	285536
DRR295877	OXFORD_NANOPORE	4799506	0.3120	not detected	no	no	1.0700	1.0700	1.0700	1.0700	1.3432	15.01	15.16	15.42	15.47	15.56	828808	825700	854052	851284	841252
DRR296284	PACBIO_SMRT	6732290	0.2120	not detected	no	no	0.9387	0.9387	0.9387	0.9387	1.0026	39.35	38.88	38.81	39.34	39.50	1206404	1210240	1221256	1226400	1181820
DRR300286	OXFORD_NANOPORE	2781077	0.2060	not detected	no	no	1.0294	1.0294	1.0294	1.0294	1.1780	39.38	39.51	39.21	39.47	39.82	1649548	1604100	1595912	1606708	1606548
DRR307107	PACBIO_SMRT	2727503	0.3160	not detected	no	no	1.2036	1.2036	1.2036	1.2036	1.5164	15.92	15.96	16.27	16.12	16.37	2178972	2176440	2205624	2208012	2206572
DRR307112	PACBIO_SMRT	3812179	0.2390	not detected	no	no	1.3034	1.3034	1.3034	1.3034	1.6282	15.18	14.60	14.68	14.35	14.49	2211108	2214780	2234100	2237980	2243064
DRR307121	PACBIO_SMRT	3608085	0.3250	not detected	no	no	1.2862	1.2852	1.2862	1.2862	1.6638	10.99	10.74	10.79	10.52	10.61	2047056	2058308	2085288	2084720	2087196
DRR307122	PACBIO_SMRT	3608087	0.2260	not detected	no	no	1.0965	1.0965	1.0965	1.0965	1.2519	21.62	21.86	22.27	22.23	22.24	2359564	2366064	2393472	2397300	2395700
DRR307155	PACBIO_SMRT	4117255	0.2440	not detected	no	no	1.2163	1.2163	1.2163	1.2163	1.4766	12.74	12.67	13.05	13.05	12.95	2184104	2188192	2212648	2219668	2213496
DRR307162	PACBIO_SMRT	2686623	0.2910	not detected	no	no	1.2732	1.2840	1.2732	1.2732	1.6069	8.38	7.47	7.64	6.95	7.99	825632	1151980	1231468	1203652	1221080
DRR311297	OXFORD_NANOPORE	2116070	0.3420	not detected	no	no	1.2723	1.2723	1.2723	1.2723	1.7680	17.81	17.81	18.45	18.03	18.09	599252	610068	643804	620800	632912
DRR313296	OXFORD_NANOPORE	2197308	0.3550	not detected	no	no	1.1246	1.1246	1.1246	1.1246	1.4687	24.37	23.64	23.80	23.38	23.72	913524	918936	934436	915268	931560
DRR328211	OXFORD_NANOPORE	4951975	0.1680	not detected	no	no	0.9808	0.9808	0.9808	0.9808	1.0683	20.79	30.32	31.21	21.89	21.17	1335444	1282904	1318028	1240432	1266140
DRR328964	OXFORD_NANOPORE	6063247	0.2810	not detected	no	no	1.0709	1.0709	1.0709	1.0709	1.2943	17.81	17.83	17.98	18.10	18.27	1124780	1121620	1142704	1145716	1141824
DRR328966	OXFORD_NANOPORE	6064587	0.2500	not detected	no	no	0.9950	0.9950	0.9950	0.9950	1.1465	22.70	22.90	23.02	23.23	22.95	1670936	1671068	1676324	1689492	1689472
DRR328968	OXFORD_NANOPORE	6057347	0.2890	not detected	no	no	1.0364	1.0364	1.0364	1.0364	1.2348	19.71	21.80	21.18	20.28	19.98	1188148	1192172	1213852	1286356	1232700
DRR328970	OXFORD_NANOPORE	6030782	0.2570	not detected	no	no	1.0151	1.0151	1.0151	1.0151	1.1818	22.58	22.34	22.36	22.32	22.48	1625964	1639108	1654696	1650600	1662392
DRR331382	PACBIO_SMRT	4604912	0.5690	not detected	no	no	2.2422	2.2422	2.2422	2.2422	4.3830	22.14	22.17	25.71	26.50	23.21	2322436	2298208	2336136	2386868	2430760
DRR331672	PACBIO_SMRT	2687455	0.4360	not detected	no	no	2.7872	2.7872	2.7872	2.7872	4.5015	16.34	16.61	16.78	16.61	16.86	583136	583888	595924	595636	631144
DRR331673	PACBIO_SMRT	2687455	0.4270	not detected	no	no	2.4778	2.4778	2.4778	2.4778	3.9247	13.89	13.82	14.08	14.48	14.13	585004	585744	604332	599940	601336
DRR331674	PACBIO_SMRT	2687455	0.4150	not detected	no	no	2.2841	2.2841	2.2841	2.2841	3.6528	15.31	15.54	15.75	15.66	15.53	583212	581328	599004	598180	599264
DRR331675	PACBIO_SMRT	2687455	0.4190	not detected	no	no	2.2538	2.2538	2.2538	2.2538	3.5656	15.25	15.46	15.45	15.67	15.57	577108	577376	631252	598440	601996
DRR331676	PACBIO_SMRT	2687455	0.3910	not detected	no	no	1.9513	1.9513	1.9513	1.9513	3.0103	14.15	13.82	14.16	14.29	14.24	589200	576676	586264	596512	589820
DRR331677	PACBIO_SMRT	2687455	0.3840	not detected	no	no	1.8878	1.8878	1.8878	1.8878	2.8949	14.92	15.37	15.80	15.49	15.65	570888	570728	588736	589404	591180
DRR331678	PACBIO_SMRT	2687455	0.3810	not detected	no	no	1.8988	1.8988	1.8988	1.8988	2.8742	13.92	13.55	14.12	14.24	14.21	576808	577836	598228	600076	610672
DRR331679	PACBIO_SMRT	2687455	0.3890	not detected	no	no	1.8548	1.8548	1.8548	1.8548	2.8232	14.64	14.72	15.08	15.04	15.18	572584	568496	592052	592048	583852
DRR332829	OXFORD_NANOPORE	2115310	0.2780	detected	yes	no	1.0397	0.9518	0.9518	1.0397	1.2390	33.22	33.56	35.55	36.02	35.96	1089792	1141908	1281584	1313352	1284784
DRR346609	OXFORD_NANOPORE	3816932	0.2340	not detected	no	no	1.0137	1.0137	1.0137	1.0137	1.1874	17.96	18.04	18.36	18.00	18.16	476936	480008	497804	503476	500216
DRR346622	OXFORD_NANOPORE	2423923	0.3720	detected	yes	no	1.0444	0.9771	0.9771	1.0444	1.3878	15.65	15.69	23.53	23.75	23.73	425992	444084	502616	475884	496980
DRR346624	OXFORD_NANOPORE	3892282	0.3430	not detected	no	no	1.0244	1.0244	1.0244	1.0244	1.1787	20.75	20.63	21.10	21.45	21.44	773544	793848	811912	829496	831772
DRR346902	PACBIO_SMRT	3598496	0.0500	not detected	no	no	0.9631	0.9631	0.9631	0.9631	0.9747	35.55	36.91	35.31	35.83	35.59	908200	907248	909012	915952	906020
DRR376827	PACBIO_SMRT	6034532	0.1910	not detected	no	no	1.1688	1.1688	1.1688	1.1688	1.3478	10.40	10.49	10.50	10.58	10.63	1562176	1563060	1587840	1588560	1583848
DRR378333	PACBIO_SMRT	5050229	0.5230	not detected	no	no	2.1049	2.1049	2.1049	2.1049	3.8938	17.20	17.30	17.89	17.92	18.12	2008812	2010496	2035376	2030640	2029016
DRR379710	PACBIO_SMRT	6768296	0.5810	not detected	no	no	4.6352	4.6352	4.6352	4.6352	8.1242	16.92	16.28	17.47	16.68	17.39	1020664	1099844	1104792	1111444	1107952
DRR381751	OXFORD_NANOPORE	5630853	0.4350	not detected	no	no	0.9391	0.9391	0.9391	0.9391	1.0982	34.82	34.70	34.79	34.79	34.72	1810768	1814368	1884196	1832528	1888480
DRR381752	OXFORD_NANOPORE	5571929	0.4900	not detected	no	no	0.9797	0.9797	0.9797	0.9797	1.1581	22.40	22.19	22.41	22.64	22.53	1275200	1245220	1280200	1280440	1286656
DRR381753	OXFORD_NANOPORE	5524294	0.4170	not detected	no	no	0.9273	0.9273	0.9273	0.9273	1.0605	40.31	39.55	39.40	39.75	39.55	2021664	2025352	1984268	2028032	2024992
DRR381755	OXFORD_NANOPORE	5526458	0.4340	not detected	no	no	0.9539	0.9539	0.9539	0.9539	1.1130	30.36	30.31	30.55	30.17	30.71	1876932	1873984	1834640	1896864	1904416
DRR381756	OXFORD_NANOPORE	5582377	0.4170	not detected	no	no	0.9983	0.9983	0.9983	0.9983	1.1708	35.38	35.09	35.06	35.00	35.26	1639312	1600364	1661012	1648704	1654516
DRR381758	OXFORD_NANOPORE	5545203	0.3960	not detected	no	no	1.0078	1.0078	1.0078	1.0078	1.2487	19.04	18.82	18.67	18.81	18.69	1669812	1632220	1698008	1696040	1679780
DRR381759	OXFORD_NANOPORE	5731303	0.4250	not detected	no	no	0.9191	0.9191	0.9191	0.9191	1.1022	30.94	31.13	31.93	32.47	32.34	1249044	1261936	1272228	1265924	1235512
DRR381761	OXFORD_NANOPORE	5449642	0.3950	not detected	no	no	0.9567	0.9567	0.9567	0.9567	1.1212	31.37	30.82	31.08	31.71	31.21	1750672	1751172	1770796	1777764	1776112
DRR381762	OXFORD_NANOPORE	5407703	0.3590	not detected	no	no	1.0084	1.0084	1.0084	1.0084	1.1900	27.60	27.74	26.81	26.37	29.64	1134100	1140388	1187712	1138836	1158988
DRR381763	OXFORD_NANOPORE	5627247	0.3830	not detected	no	no	0.9312	0.9312	0.9312	0.9312	1.0736	37.31	37.09	37.40	36.73	37.21	1680988	1634436	1651012	1707840	1700440
DRR381764	OXFORD_NANOPORE	5489831	0.3900	not detected	no	no	0.9625	0.9625	0.9625	0.9625	1.1273	28.15	28.24	28.57	28.38	28.45	1775388	1725252	1797768	1798072	1783116
DRR381765	OXFORD_NANOPORE	5553625	0.4050	not detected	no	no	0.9582	0.9582	0.9582	0.9582	1.1571	20.37	20.05	20.03	19.67	19.88	1089064	1070548	1117640	1055728	1154688
DRR385322	OXFORD_NANOPORE	5385758	0.1950	not detected	no	no	0.9161	0.9161	0.9161	0.9161	0.9722	24.19	24.33	24.44	24.35	24.40	1161468	1164888	1185644	1185472	1190848
DRR396223	PACBIO_SMRT	5914097	0.2160	not detected	no	no	1.1548	1.1548	1.1548	1.1548	1.3858	10.11	10.33	10.59	11.34	10.58	1341280	1339332	1361288	1397008	1396316
DRR396380	OXFORD_NANOPORE	4943131	0.1430	not detected	no	no	0.9042	0.9042	0.9042	0.9042	0.9658	26.43	26.27	26.73	27.37	26.86	1415816	1437364	1419636	1462696	1463348
DRR397251	OXFORD_NANOPORE	4818874	0.2460	detected	yes	no	1.0291	1.0945	1.0945	1.0291	1.1502	21.67	21.67	22.09	22.56	22.11	1374104	1412596	1088772	1062596	1057916
DRR402772	OXFORD_NANOPORE	5423024	0.3890	not detected	no	no	1.1782	1.1782	1.1782	1.1782	1.6464	13.96	14.24	14.49	14.45	14.44	582520	598280	612460	614272	616608
DRR403240	OXFORD_NANOPORE	5021947	0.2810	detected	yes	no	0.9879	1.0461	1.0461	0.9879	1.1714	58.44	57.12	46.51	46.82	46.59	1262828	1243596	1319604	1314652	1181368
DRR403244	PACBIO_SMRT	3403863	0.1260	not detected	no	no	0.9822	0.9822	0.9822	0.9822	1.0113	60.71	61.75	61.96	62.07	62.16	1322756	1299896	1354108	1361880	1322348
DRR403326	PACBIO_SMRT	3762062	0.0840	not detected	no	no	0.9685	0.9685	0.9685	0.9685	0.9958	28.50	34.47	45.97	27.73	27.96	891268	931684	969560	964996	955084
DRR403997	PACBIO_SMRT	2896423	0.3560	not detected	no	no	1.7063	1.7063	1.7063	1.7063	2.4321	6.54	6.61	6.99	6.71	6.81	1102452	1098476	1123408	1128568	1131340
DRR403998	PACBIO_SMRT	2839476	0.3380	not detected	no	no	1.1887	1.1887	1.1887	1.1887	1.7968	9.59	9.71	9.82	10.67	10.06	1134516	1133276	1161444	1155352	1158260
DRR403999	PACBIO_SMRT	2818420	0.3590	not detected	no	no	1.7803	1.7803	1.7803	1.7803	2.5380	4.93	5.29	5.21	4.87	5.49	934992	935476	954776	957640	958128
DRR404003	PACBIO_SMRT	2853704	0.3390	not detected	no	no	1.7068	1.7068	1.7068	1.7068	2.5080	7.65	7.60	7.97	7.91	7.96	1111380	1106632	1136568	1139460	1136224
DRR409419	PACBIO_SMRT	6168102	0.2930	not detected	no	no	1.5066	1.5066	1.5066	1.5066	2.0070	7.56	7.62	8.22	9.79	8.91	792820	787044	869048	863344	853368
DRR412797	OXFORD_NANOPORE	6272366	0.6360	not detected	no	no	1.3503	1.3503	1.3503	1.3503	3.3413	15.70	15.63	16.05	16.27	16.15	458932	458032	479452	466804	480876
DRR412801	OXFORD_NANOPORE	7431165	0.2660	not detected	no	no	1.0407	1.0407	1.0407	1.0407	1.2515	25.72	25.71	26.01	25.80	25.81	1108784	1133736	1123172	1141348	1166944
DRR412803	OXFORD_NANOPORE	6134265	0.3590	not detected	no	no	1.2089	1.2089	1.2089	1.2089	1.6794	15.43	16.14	15.95	15.80	15.35	314860	336204	362844	362720	361656
DRR413267	PACBIO_SMRT	1868546	0.0480	not detected	no	no	1.0101	1.0101	1.0101	1.0101	1.0190	246.23	238.25	233.74	232.03	231.97	2358660	2298124	2313708	2314212	2295740
DRR413434	PACBIO_SMRT	2594181	0.0440	not detected	no	no	0.9932	0.9932	0.9932	0.9932	1.0036	121.70	119.10	120.21	118.22	116.80	1743028	1835140	1817412	1799956	1783936
DRR413435	PACBIO_SMRT	2773381	0.0390	not detected	no	no	0.9840	0.9877	0.9840	0.9840	0.9970	136.70	133.00	135.65	132.81	133.40	1947196	1954396	1898464	1903232	1943400
DRR420784	OXFORD_NANOPORE	5501810	0.2050	not detected	no	no	1.0554	1.0554	1.0554	1.0554	1.2772	16.63	16.67	19.59	17.18	19.76	522612	526944	550244	551804	517848
DRR420786	OXFORD_NANOPORE	5351204	0.2740	not detected	no	no	1.1179	1.1179	1.1179	1.1179	1.4037	18.21	18.34	19.06	19.03	19.07	583724	583996	597656	596800	597504
DRR424510	OXFORD_NANOPORE	5922257	0.4970	not detected	no	no	0.9179	0.9179	0.9179	0.9179	1.0722	42.22	41.75	42.72	42.03	41.97	1646660	1657752	1604840	1659312	1658144
DRR424511	OXFORD_NANOPORE	5809914	0.4920	not detected	no	no	0.9036	0.9036	0.9036	0.9036	1.0931	50.94	39.07	44.91	41.04	41.94	1503740	1457116	1466996	1464568	1484556
DRR424517	OXFORD_NANOPORE	6107920	0.5490	not detected	no	no	0.8760	0.8760	0.8760	0.8760	1.0663	45.49	45.46	45.81	45.62	45.81	1779080	1890612	1882448	1898656	1867868
DRR424518	OXFORD_NANOPORE	5882574	0.4800	not detected	no	no	0.9023	0.9023	0.9023	0.9023	1.0605	40.80	40.01	40.39	40.11	39.90	1635596	1575704	1628544	1630032	1660924
DRR424728	OXFORD_NANOPORE	1195152	0.5160	detected	yes	no	1.0864	1.1029	1.1029	1.0864	2.4357	143.80	135.74	12.19	12.32	12.54	2574744	2583888	548140	537740	542144
DRR424729	OXFORD_NANOPORE	1195152	0.2650	detected	yes	no	0.9938	0.8656	0.8656	0.9938	1.1452	105.02	98.04	49.35	51.57	74.12	2528272	2566400	1408108	1191588	1373796
DRR438598	OXFORD_NANOPORE	5464897	0.2930	not detected	no	no	1.0685	1.0685	1.0685	1.0685	1.3489	8.82	9.09	9.01	8.77	8.83	898092	898172	931552	894452	890708
DRR439537	OXFORD_NANOPORE	6054104	0.2940	not detected	no	no	1.0274	1.0274	1.0274	1.0274	1.2621	9.86	9.80	9.78	9.97	9.91	866176	870292	886992	884760	883364
DRR451308	OXFORD_NANOPORE	4113600	0.2610	not detected	no	no	1.0685	1.0685	1.0685	1.0685	1.3382	21.91	21.66	21.54	21.64	16.40	918120	943504	973016	938616	954120
DRR454390	OXFORD_NANOPORE	4489222	0.2720	not detected	no	no	1.1176	1.1176	1.1176	1.1176	1.3842	19.63	19.47	20.19	19.78	19.87	563460	561964	583480	581212	581216
DRR457762	OXFORD_NANOPORE	2804089	0.1230	not detected	no	no	1.0155	1.0155	1.0155	1.0155	1.1026	13.41	13.14	13.45	13.34	13.41	209876	215472	218044	218052	215996
DRR463739	OXFORD_NANOPORE	4475395	0.0900	not detected	no	no	0.9526	0.9526	0.9526	0.9526	0.9836	190.23	190.83	188.97	189.98	189.38	4143840	4127656	4182188	4176640	4175984
DRR465249	OXFORD_NANOPORE	2050376	0.3780	not detected	no	no	1.0690	1.0690	1.0690	1.0690	1.3267	36.12	36.63	36.43	36.20	36.52	1127188	1180524	1142416	1140820	1176724
DRR465255	OXFORD_NANOPORE	2066045	0.4410	detected	yes	no	1.1468	1.0543	1.0543	1.1468	1.6062	18.83	18.75	24.26	24.42	24.28	765220	756544	767748	725044	745876
DRR465265	OXFORD_NANOPORE	2066045	0.3540	not detected	no	no	1.0288	1.0288	1.0288	1.0288	1.3264	27.95	26.99	33.25	33.49	34.87	965008	976448	946308	992048	986476
DRR482528	OXFORD_NANOPORE	1634766	0.1490	not detected	no	no	0.9968	0.9922	0.9968	0.9968	1.0823	35.69	32.22	32.05	32.79	31.47	956368	1172976	1183164	1189292	1147244
DRR482530	OXFORD_NANOPORE	1781408	0.2460	not detected	no	no	1.0168	1.0168	1.0168	1.0168	1.2990	12.11	12.33	11.83	11.78	11.87	641796	643296	667316	666396	666564
DRR482533	OXFORD_NANOPORE	1770410	0.1890	not detected	no	no	1.0047	0.9526	1.0047	1.0047	1.1395	4.42	10.35	9.62	11.54	9.58	116124	581604	591088	604196	588288
DRR482539	OXFORD_NANOPORE	1755387	0.1510	not detected	no	no	1.0163	0.9978	1.0163	1.0163	1.1484	8.70	9.36	9.46	9.56	9.41	366404	835108	854056	819680	849940
DRR482540	OXFORD_NANOPORE	1777664	0.1660	not detected	no	no	1.0209	1.0089	1.0209	1.0209	1.1640	7.76	8.79	8.58	9.26	8.64	350300	655024	699964	682580	700044
DRR482541	OXFORD_NANOPORE	1677003	0.1500	not detected	no	no	1.0312	0.9804	1.0312	1.0312	1.1565	2.93	6.71	6.88	6.86	6.85	103292	595140	600700	623404	591856
DRR482546	OXFORD_NANOPORE	1655063	0.1570	not detected	no	no	1.0150	1.0150	1.0150	1.0150	1.1309	16.58	15.12	15.02	15.02	15.11	537748	924508	913584	938032	916200
DRR482548	OXFORD_NANOPORE	1752046	0.1690	not detected	no	no	1.0285	1.0260	1.0285	1.0285	1.1581	56.97	41.15	41.65	40.97	69.24	1315128	1369152	1388776	1406616	1408772
DRR482549	OXFORD_NANOPORE	1640912	0.1490	not detected	no	no	1.0154	1.0154	1.0154	1.0154	1.1059	64.72	64.79	64.96	64.90	66.09	1720960	1757388	1779456	1786556	1770384
DRR482551	OXFORD_NANOPORE	1821325	0.1610	not detected	no	no	0.9939	0.9915	0.9939	0.9939	1.1398	20.23	18.56	18.89	19.39	18.98	919036	957168	943840	956728	956588
DRR482554	OXFORD_NANOPORE	1678366	0.1710	not detected	no	no	0.9868	0.9868	0.9868	0.9868	1.1469	30.36	30.15	29.65	29.75	29.28	1051364	1087044	1059020	1110256	1105172
DRR482557	OXFORD_NANOPORE	1817972	0.1980	not detected	no	no	1.0270	1.0271	1.0270	1.0270	1.2358	12.03	11.83	11.86	11.66	11.94	780764	819336	836800	813688	843092
DRR482559	OXFORD_NANOPORE	1693323	0.2290	not detected	no	no	1.0414	1.0403	1.0414	1.0414	1.2145	29.59	30.08	29.37	29.17	29.30	1102048	1106912	1141664	1096932	1142268
DRR482560	OXFORD_NANOPORE	1642684	0.4330	not detected	no	no	1.1477	1.1477	1.1477	1.1477	1.7121	6.68	6.57	6.64	6.62	6.62	483292	483552	492360	494472	492684
DRR482562	OXFORD_NANOPORE	1728674	0.1610	not detected	no	no	1.0108	1.0108	1.0108	1.0108	1.1753	22.84	22.62	23.01	23.23	23.22	943692	943812	967440	959964	960076
DRR482569	OXFORD_NANOPORE	1654288	0.3040	not detected	no	no	1.0839	1.0839	1.0839	1.0839	1.3592	23.33	23.25	23.28	23.02	23.18	898008	929796	918968	951152	924376
DRR482572	OXFORD_NANOPORE	1720098	0.1900	not detected	no	no	0.9725	0.9578	0.9725	0.9725	1.0827	33.21	30.63	30.73	30.76	30.28	698936	1103880	1159648	1128468	1159092
DRR482574	OXFORD_NANOPORE	1659717	0.1380	not detected	no	no	1.0134	0.9867	1.0134	1.0134	1.0960	25.19	27.50	26.85	27.62	28.42	487688	1107668	1134844	1158632	1196868
DRR482580	OXFORD_NANOPORE	1789392	0.1880	not detected	no	no	0.9595	0.9595	0.9595	0.9595	1.1267	26.84	26.56	26.53	26.24	26.69	1092608	1099788	1101716	1101300	1069028
DRR482585	OXFORD_NANOPORE	1670990	0.2370	not detected	no	no	1.0466	1.0466	1.0466	1.0466	1.2361	32.94	33.31	33.13	35.85	56.40	1082256	1118432	1133248	1132024	1118080
DRR482590	OXFORD_NANOPORE	1629728	0.1580	not detected	no	no	1.0011	0.9989	1.0011	1.0011	1.1097	38.62	37.45	39.41	37.54	38.26	1141008	1194444	1278680	1192160	1194192
DRR488392	PACBIO_SMRT	6050184	0.0800	not detected	no	no	0.9654	0.9668	0.9654	0.9654	1.0051	21.00	20.03	20.32	20.31	20.25	861960	872248	889792	890248	894708
DRR490216	PACBIO_SMRT	5125506	0.2240	not detected	no	no	0.9255	0.9255	0.9255	0.9255	0.9711	47.47	46.34	47.05	47.18	46.23	1303036	1303076	1334060	1328584	1334620
DRR491367	PACBIO_SMRT	2213206	0.0990	not detected	no	no	0.9503	0.9377	0.9503	0.9503	0.9873	18.31	23.62	22.97	23.14	23.03	230012	703212	733264	731032	730080
DRR492952	OXFORD_NANOPORE	5507507	0.2510	not detected	no	no	1.0338	1.0338	1.0338	1.0338	1.2509	16.93	16.86	17.11	17.13	17.09	910480	909236	909324	921612	920960
DRR492953	OXFORD_NANOPORE	5507508	0.2680	not detected	no	no	1.0294	1.0294	1.0294	1.0294	1.2427	27.99	28.15	27.45	21.03	27.42	967336	1001124	977612	1016804	1009296
DRR492954	OXFORD_NANOPORE	5654881	0.2810	not detected	no	no	1.0597	1.0597	1.0597	1.0597	1.2394	36.22	40.82	41.92	38.92	37.47	1156132	1146128	1182680	1219436	1216292
DRR492955	OXFORD_NANOPORE	5548378	0.3110	not detected	no	no	1.0808	1.0808	1.0808	1.0808	1.2371	47.77	47.50	47.87	47.79	48.23	2766064	2719512	2768476	2775840	2738880
DRR505221	OXFORD_NANOPORE	4696213	0.1560	not detected	no	no	0.9398	0.9398	0.9398	0.9398	0.9824	20.90	20.54	20.87	21.12	21.28	1018036	988232	1010368	1031708	1032076
DRR506547	PACBIO_SMRT	9922990	0.2760	not detected	no	no	0.8930	0.8930	0.8930	0.8930	1.0311	24.19	24.35	24.59	24.47	24.51	1001480	1008348	1018420	984264	1019124
DRR508925	OXFORD_NANOPORE	4773722	0.1200	not detected	no	no	1.0278	1.0278	1.0278	1.0278	1.1088	39.00	38.67	41.84	41.35	42.01	1486624	1476980	1473292	1513824	1483812
DRR511540	OXFORD_NANOPORE	2852436	0.6400	not detected	no	no	1.1480	1.1480	1.1480	1.1480	2.0614	17.22	17.28	18.07	17.55	18.79	616648	600920	641340	649584	607384
DRR513091	OXFORD_NANOPORE	5746956	0.5160	not detected	no	no	1.0842	1.0842	1.0842	1.0842	1.5197	8.75	8.06	7.92	7.70	7.99	765352	748056	794632	764736	750208
DRR513096	OXFORD_NANOPORE	5521407	0.1630	not detected	no	no	1.0018	1.0018	1.0018	1.0018	1.1332	21.33	21.29	21.44	21.61	21.65	1151604	1150712	1182052	1192880	1187404
DRR513694	PACBIO_SMRT	10833180	0.4130	not detected	no	no	0.7998	0.7998	0.7998	0.7998	0.9838	40.71	43.92	38.42	62.25	46.83	1339428	1353728	1298652	1364056	1422848
DRR513997	OXFORD_NANOPORE	2593422	0.7370	detected	yes	no	1.5433	1.1640	1.1640	1.5433	3.4234	14.42	15.97	26.27	25.42	25.56	288364	290560	360900	357628	361688
DRR514775	PACBIO_SMRT	3122901	0.3460	not detected	no	no	1.2148	1.2148	1.2148	1.2148	1.4933	11.49	11.89	14.91	12.71	13.44	1392252	1419324	1444132	1477224	1462260
DRR514873	PACBIO_SMRT	3793644	0.1070	not detected	no	no	0.9815	0.9815	0.9815	0.9815	1.0035	88.57	86.45	85.16	85.29	87.12	1549324	1545416	1567036	1509884	1513656
DRR514962	PACBIO_SMRT	5219685	0.1910	not detected	no	no	0.9625	0.9625	0.9625	0.9625	1.0070	53.61	52.34	52.29	52.39	52.59	1263832	1261084	1272324	1231760	1274316
DRR514964	PACBIO_SMRT	4591558	0.1140	not detected	no	no	0.9409	0.9409	0.9409	0.9409	0.9891	53.10	51.44	51.68	52.46	52.63	1505588	1489796	1468316	1510484	1502328
DRR514966	PACBIO_SMRT	4253521	0.1530	not detected	no	no	0.9571	0.9571	0.9571	0.9571	0.9917	56.16	58.28	89.31	52.75	58.06	1171232	1200648	1219540	1229944	1188464
DRR515422	OXFORD_NANOPORE	2853896	0.2190	not detected	no	no	1.0584	1.0584	1.0584	1.0584	1.2106	10.70	10.22	10.42	10.54	10.31	385024	385024	404964	401184	403000
DRR546153	PACBIO_SMRT	4219519	0.2590	not detected	no	no	0.9323	0.9323	0.9323	0.9323	0.9873	38.55	36.44	37.04	36.85	36.66	1158364	1129724	1199636	1187260	1152292
DRR546398	PACBIO_SMRT	5370016	0.0940	not detected	no	no	0.9650	0.9650	0.9650	0.9650	0.9919	23.39	22.18	22.19	22.30	22.64	875856	872196	891420	894756	888348
DRR546667	PACBIO_SMRT	3591470	0.2130	not detected	no	no	0.8624	0.8624	0.8624	0.8624	1.0479	35.70	35.57	36.03	35.30	35.09	887824	879916	943664	925256	926944
DRR567738	PACBIO_SMRT	3920899	0.1910	not detected	no	no	0.9293	0.9293	0.9293	0.9293	0.9782	75.57	73.13	73.31	73.31	73.44	1711928	1687044	1680372	1693912	1678592
DRR567791	OXFORD_NANOPORE	6398572	0.1010	not detected	no	no	0.9783	0.9783	0.9783	0.9783	1.0505	18.22	18.06	18.32	18.23	18.25	955108	988900	998064	1000648	979868
DRR568656	PACBIO_SMRT	3846721	0.0810	not detected	no	no	0.9797	0.9797	0.9797	0.9797	1.0205	22.06	22.11	20.92	20.91	21.50	779304	781160	819324	815036	813640
ERR10359830	OXFORD_NANOPORE	2799887	0.2970	not detected	no	no	0.9506	0.9506	0.9506	0.9506	1.1093	54.84	54.73	53.95	54.97	55.36	1407100	1415272	1429740	1461236	1477588
ERR10359903	OXFORD_NANOPORE	2290161	0.4000	not detected	no	no	1.0267	1.0267	1.0267	1.0267	1.3806	19.90	19.79	20.08	20.85	20.94	631440	630756	662088	666424	652476
ERR10360290	OXFORD_NANOPORE	2542510	0.2920	detected	yes	no	0.9775	0.9137	0.9137	0.9775	1.1409	83.76	83.60	82.05	78.32	81.52	1798168	1850020	2205036	1947964	2182728
ERR10360381	OXFORD_NANOPORE	2444274	0.2670	not detected	no	no	0.9297	0.9297	0.9297	0.9297	1.0524	163.48	102.87	103.71	101.55	105.22	1923496	1881248	2016136	1957896	1994780
ERR10367348	OXFORD_NANOPORE	5768986	0.3050	not detected	no	no	1.0032	1.0032	1.0032	1.0032	1.1020	14.99	15.03	15.26	15.64	15.37	977820	1006996	1019456	986444	1016372
ERR10367379	OXFORD_NANOPORE	5419864	0.3360	not detected	no	no	0.9983	0.9951	0.9983	0.9983	1.2086	17.28	15.27	15.67	15.47	15.67	900848	1074592	1079436	1089848	1095236
ERR10513163	OXFORD_NANOPORE	2946483	0.1100	not detected	no	no	0.9684	0.9616	0.9684	0.9684	0.9898	200.14	176.63	180.15	175.00	174.77	2211156	2565344	2693020	2614588	2688320
ERR10762505	OXFORD_NANOPORE	6034252	0.3340	not detected	no	no	1.1307	1.1307	1.1307	1.1307	1.2786	15.54	15.00	15.51	16.11	15.68	344032	312852	338376	361132	358988
ERR10846345	OXFORD_NANOPORE	5647759	0.2840	not detected	no	no	0.9479	0.9479	0.9479	0.9479	1.1416	26.98	27.00	27.95	27.78	27.91	1750808	1704176	1720144	1764332	1712676
ERR11011593	OXFORD_NANOPORE	4663684	0.2680	not detected	no	no	0.9677	0.9677	0.9677	0.9677	1.0830	29.54	29.41	30.16	30.26	29.85	1121920	1126220	1154992	1163796	1154468
ERR11749495	OXFORD_NANOPORE	5425457	0.2070	not detected	no	no	0.9801	0.9801	0.9801	0.9801	1.0812	12.38	12.79	12.79	12.90	12.87	790912	795672	841020	812592	808044
ERR11749503	OXFORD_NANOPORE	5142398	0.5270	detected	yes	no	1.1859	1.0832	1.0832	1.1859	1.7810	18.49	18.54	22.50	22.68	22.76	338416	327440	629176	629664	630280
ERR11843499	OXFORD_NANOPORE	5224726	0.3440	not detected	no	no	1.4277	1.4277	1.4277	1.4277	1.8345	6.33	6.33	6.52	6.57	6.59	241496	249696	256188	244792	252980
ERR11843500	OXFORD_NANOPORE	5453374	0.3510	not detected	no	no	1.4627	1.4627	1.4627	1.4627	1.8896	5.83	5.82	5.97	5.88	5.94	269784	267052	279056	269676	274720
ERR11843501	OXFORD_NANOPORE	4341397	0.3570	not detected	no	no	1.5814	1.5814	1.5814	1.5814	2.1574	5.08	5.11	5.26	5.27	5.24	170408	171652	190576	187196	187956
ERR11843502	OXFORD_NANOPORE	4794172	0.3370	not detected	no	no	1.4314	1.4314	1.4314	1.4314	1.9351	5.72	5.66	5.85	5.92	5.92	274020	276256	284488	284492	288588
ERR12041378	OXFORD_NANOPORE	4468467	0.4860	not detected	no	no	1.0245	1.0245	1.0245	1.0245	1.4970	17.98	18.02	18.20	17.93	18.02	561996	561996	587276	587284	585476
ERR12041384	OXFORD_NANOPORE	2401490	0.3150	detected	yes	no	1.0020	0.9916	0.9916	1.0020	1.1659	117.69	115.49	111.97	112.09	112.87	2379412	2273392	2413660	2275912	2278352
ERR12041388	OXFORD_NANOPORE	5662787	0.2990	not detected	no	no	0.9897	0.9897	0.9897	0.9897	1.1554	46.47	47.03	46.66	47.44	47.05	1656768	1604792	1683392	1683100	1687000
ERR12075675	OXFORD_NANOPORE	5102716	0.6190	detected	yes	no	0.9892	1.0214	1.0214	0.9892	1.5997	17.68	17.73	27.69	27.75	27.74	518712	503940	614604	605216	608044
ERR12075676	OXFORD_NANOPORE	2587876	0.5470	not detected	no	no	1.0144	1.0144	1.0144	1.0144	1.5793	27.55	25.72	31.70	31.46	25.96	715284	715288	795360	813968	758744
ERR12075677	OXFORD_NANOPORE	4895951	0.3460	not detected	no	no	1.0027	1.0027	1.0027	1.0027	1.2289	43.60	43.83	43.91	44.74	44.05	1614576	1612124	1629740	1639076	1632296
ERR12075678	OXFORD_NANOPORE	2185688	0.6310	detected	yes	no	1.0884	1.0718	1.0718	1.0884	2.0456	16.58	15.89	30.52	27.78	34.94	314408	315196	371848	376220	382660
ERR12308179	OXFORD_NANOPORE	4658079	0.1520	not detected	no	no	1.0264	1.0264	1.0264	1.0264	1.1078	23.00	22.91	22.99	23.45	23.34	798064	785360	821528	814340	810256
ERR12321267	OXFORD_NANOPORE	4658079	0.2520	not detected	no	no	1.0490	1.0490	1.0490	1.0490	1.2667	26.08	25.68	26.00	25.89	26.36	804160	782688	813232	807784	817056
ERR13600299	OXFORD_NANOPORE	5605568	0.2760	not detected	no	no	0.9935	0.9935	0.9935	0.9935	1.0794	47.80	48.27	47.55	48.86	47.95	1824436	1894336	1854572	1828076	1870444
ERR13600311	OXFORD_NANOPORE	5606091	0.2310	not detected	no	no	0.9630	0.9630	0.9630	0.9630	1.0329	80.89	78.23	78.97	78.37	78.58	2467388	2465488	2455776	2446168	2471608
ERR13600315	OXFORD_NANOPORE	5306834	0.2040	not detected	no	no	0.9537	0.9537	0.9537	0.9537	1.0310	268.71	149.29	187.17	245.44	264.32	3620244	3548280	3622040	3677016	3684000
ERR13600320	OXFORD_NANOPORE	5430337	0.1830	not detected	no	no	0.9462	0.9462	0.9462	0.9462	1.0162	101.36	101.86	100.69	101.03	100.39	3082312	3105808	3062896	3099940	3106952
ERR13600327	OXFORD_NANOPORE	5190314	0.1590	not detected	no	no	0.9831	0.9831	0.9831	0.9831	1.0522	28.98	28.61	29.25	29.15	28.83	1177492	1185940	1311836	1310796	1312828
ERR13600329	OXFORD_NANOPORE	5134070	0.2230	not detected	no	no	0.9852	0.9852	0.9852	0.9852	1.0884	154.74	152.95	153.11	156.26	154.85	3739472	3880700	3854856	3784328	3848916
ERR13600333	OXFORD_NANOPORE	5476043	0.2090	not detected	no	no	0.9340	0.9340	0.9340	0.9340	1.0080	179.27	185.34	184.65	175.80	173.45	4260760	4253648	4322192	4289644	4374736
ERR13600334	OXFORD_NANOPORE	5351084	0.1970	not detected	no	no	0.9372	0.9372	0.9372	0.9372	0.9945	86.43	86.55	85.06	87.58	87.00	2435072	2428524	2423380	2432732	2468232
ERR13600335	OXFORD_NANOPORE	5482177	0.2010	not detected	no	no	0.9661	0.9661	0.9661	0.9661	1.0516	89.17	87.83	88.56	88.01	87.75	2587976	2775808	2631932	2604952	2620856
ERR13600341	OXFORD_NANOPORE	5105113	0.1650	not detected	no	no	0.9407	0.9407	0.9407	0.9407	1.0016	173.46	174.96	169.95	169.05	167.95	3642900	3768668	3664644	3762720	3637432
ERR13600342	OXFORD_NANOPORE	5406955	0.2130	not detected	no	no	0.9566	0.9500	0.9566	0.9566	1.0328	57.09	50.33	50.65	49.47	49.89	1776472	2066968	2059564	2066732	2020068
ERR13600343	OXFORD_NANOPORE	5351251	0.1650	not detected	no	no	0.9505	0.9505	0.9505	0.9505	1.0133	69.99	69.46	70.38	70.76	69.35	2051920	1978812	2047888	2011400	2051792
ERR13600344	OXFORD_NANOPORE	5351057	0.2140	not detected	no	no	0.9286	0.9286	0.9286	0.9286	1.0295	91.54	93.38	89.04	91.01	92.81	2644028	2714392	2597208	2653952	2714164
ERR13600346	OXFORD_NANOPORE	5473829	0.1860	not detected	no	no	0.9756	0.9756	0.9756	0.9756	1.0579	17.51	17.26	17.13	16.91	16.97	1065272	1085424	1088072	1093168	1097056
ERR13600351	OXFORD_NANOPORE	5542103	0.1810	not detected	no	no	0.9396	0.9396	0.9396	0.9396	1.0055	93.19	92.74	92.84	91.68	93.51	2552840	2640688	2873260	2932720	2904572
ERR13600356	OXFORD_NANOPORE	5471593	0.1790	not detected	no	no	0.9691	0.9689	0.9691	0.9691	1.0392	41.06	39.20	38.58	38.53	38.23	1667936	1709992	1735624	1729136	1727520
ERR13600361	OXFORD_NANOPORE	5384784	0.1760	not detected	no	no	0.9662	0.9662	0.9662	0.9662	1.0450	67.88	67.27	66.98	66.05	66.39	2194464	2169012	2247820	2247368	2125704
ERR13600362	OXFORD_NANOPORE	5699850	0.2740	not detected	no	no	0.9574	0.9574	0.9574	0.9574	1.0286	126.94	124.42	125.27	124.63	124.22	3589664	3566652	3524924	3622440	3430564
ERR13600365	OXFORD_NANOPORE	5412914	0.2030	not detected	no	no	0.9591	0.9591	0.9591	0.9591	1.0292	65.76	64.82	116.44	67.21	67.36	2073888	2137236	2209548	2165112	2131532
ERR13600367	OXFORD_NANOPORE	5540302	0.2090	not detected	no	no	0.9711	0.9711	0.9711	0.9711	1.0634	35.94	35.73	36.17	35.93	36.02	1464080	1464476	1504936	1504824	1504568
ERR13600371	OXFORD_NANOPORE	5618962	0.2200	not detected	no	no	0.9713	0.9749	0.9713	0.9713	1.0577	31.69	30.27	30.54	30.65	30.33	1460952	1588492	1614252	1609416	1604324
ERR13600376	OXFORD_NANOPORE	5382252	0.2510	not detected	no	no	0.9361	0.9361	0.9361	0.9361	1.0600	44.02	44.36	44.41	43.42	44.27	1719216	1730276	1761396	1682716	1773444
ERR13600378	OXFORD_NANOPORE	5368913	0.1540	not detected	no	no	0.9735	0.9735	0.9735	0.9735	1.0562	12.36	12.24	12.43	12.21	12.29	869320	867996	927620	924300	923180
ERR4658342	OXFORD_NANOPORE	2951169	0.1070	not detected	no	no	1.0224	1.0224	1.0224	1.0224	1.1084	11.67	11.80	12.00	11.87	11.99	900724	898820	922944	921004	926292
ERR4658343	OXFORD_NANOPORE	3038549	0.0910	not detected	no	no	1.0189	1.0189	1.0189	1.0189	1.0903	8.60	9.13	8.87	9.14	8.27	670276	655940	676272	667316	711632
SRR10013755	PACBIO_SMRT	4954714	0.3190	not detected	no	no	1.3608	1.3608	1.3608	1.3608	1.8392	16.27	16.24	16.40	16.03	16.14	1170912	1169196	1190488	1191056	1192728
SRR10019385	PACBIO_SMRT	7324898	0.5330	not detected	no	no	2.8361	2.8361	2.8361	2.8361	4.9945	17.59	18.73	20.73	19.82	19.68	1150612	1144792	1200648	1202880	1202224
SRR10051055	OXFORD_NANOPORE	2522703	0.3140	not detected	no	no	1.0072	1.0072	1.0072	1.0072	1.1926	27.89	27.61	27.71	27.54	28.08	1089400	1077348	1149348	1147072	1147612
SRR10063223	OXFORD_NANOPORE	5867608	0.3180	not detected	no	no	1.0289	1.0289	1.0289	1.0289	1.2802	15.13	15.37	15.66	15.54	15.45	941424	948056	975896	979516	974760
SRR10064710	OXFORD_NANOPORE	3649547	0.2110	not detected	no	no	1.0309	1.0309	1.0309	1.0309	1.2039	18.36	17.67	27.34	22.13	18.25	1316752	1316988	1361872	1370512	1406064
SRR10064714	OXFORD_NANOPORE	4299846	0.2190	not detected	no	no	1.0283	1.0283	1.0283	1.0283	1.2257	22.73	22.73	23.10	22.79	22.82	1165104	1170680	1192984	1194204	1203208
SRR10064716	OXFORD_NANOPORE	6316887	0.3330	not detected	no	no	1.0224	1.0224	1.0224	1.0224	1.2244	19.09	18.97	18.63	19.08	18.91	1226264	1243252	1272748	1237428	1238728
SRR10064720	OXFORD_NANOPORE	7308448	0.1950	not detected	no	no	1.0124	1.0124	1.0124	1.0124	1.1766	17.95	18.14	18.04	17.67	17.96	1338872	1365152	1362172	1372388	1369816
SRR10064722	OXFORD_NANOPORE	6466929	0.2650	not detected	no	no	1.0676	1.0676	1.0676	1.0676	1.2775	11.71	11.92	11.88	11.98	12.09	1195280	1193260	1215076	1217612	1218576
SRR10064723	OXFORD_NANOPORE	7308410	0.2120	not detected	no	no	1.0268	1.0268	1.0268	1.0268	1.2108	12.46	12.54	12.59	13.06	12.62	1216696	1219248	1247184	1246692	1243712
SRR10064731	OXFORD_NANOPORE	4539645	0.2660	not detected	no	no	1.0120	1.0120	1.0120	1.0120	1.2117	17.09	16.90	17.16	17.14	17.23	1039368	1030796	1053020	1057588	1065220
SRR10064740	OXFORD_NANOPORE	6109947	0.2960	not detected	no	no	0.9977	0.9977	0.9977	0.9977	1.1584	17.84	18.18	18.21	18.18	18.28	1574832	1576992	1596136	1590892	1604632
SRR10070368	PACBIO_SMRT	6846621	0.3100	not detected	no	no	1.5431	1.5431	1.5431	1.5431	2.1127	7.24	7.20	7.48	7.44	7.57	989552	985072	1004396	1009244	1008044
SRR10078297	PACBIO_SMRT	7618936	0.3280	not detected	no	no	1.7176	1.7176	1.7176	1.7176	2.4081	7.47	7.37	7.80	7.48	7.40	1048424	1052436	1070320	1072436	1069544
SRR10140034	PACBIO_SMRT	2846871	0.2770	not detected	no	no	1.2609	1.2609	1.2609	1.2609	1.5890	18.83	18.35	18.89	18.71	18.72	1656228	1657832	1680108	1684908	1678952
SRR10162491	OXFORD_NANOPORE	1767432	0.2580	not detected	no	no	1.0118	1.0118	1.0118	1.0118	1.1788	30.54	30.36	31.18	30.93	31.15	1348268	1346504	1378884	1374444	1381188
SRR10173075	OXFORD_NANOPORE	3885710	0.3380	not detected	no	no	1.0678	1.0678	1.0678	1.0678	1.3526	11.93	11.94	12.17	12.02	12.07	1151384	1149072	1170560	1175288	1174164
SRR10173077	OXFORD_NANOPORE	3885710	0.3390	not detected	no	no	1.0908	1.0777	1.0908	1.0908	1.4052	2.97	3.06	3.16	3.18	3.17	279204	592948	607896	595116	602984
SRR10238991	OXFORD_NANOPORE	2096943	0.4980	detected	yes	no	1.4257	1.4553	1.4553	1.4257	1.9513	19.83	16.16	22.58	28.31	19.24	1214948	1217880	1364076	1250532	1246840
SRR10259774	OXFORD_NANOPORE	4614086	0.2590	not detected	no	no	1.0456	1.0456	1.0456	1.0456	1.2096	24.88	25.02	25.06	24.99	25.05	2483416	2489264	2505792	2513888	2517404
SRR10259776	OXFORD_NANOPORE	4807288	0.4520	not detected	no	no	1.0453	1.0190	1.0453	1.0453	1.5124	11.20	10.89	10.53	10.38	11.07	673768	1213760	1188228	1183216	1198188
SRR10259778	OXFORD_NANOPORE	4848320	0.2590	detected	yes	no	0.4383	0.1052	0.1052	0.4383	1.6604	168.52	168.99	108.70	190.66	104.41	3920816	3702548	3916228	3884764	3626252
SRR10259780	OXFORD_NANOPORE	4759144	0.4190	not detected	no	no	1.0945	1.0945	1.0945	1.0945	1.5178	25.61	25.69	25.41	25.71	25.92	1750672	1742636	1799608	1804836	1802764
SRR10259782	OXFORD_NANOPORE	4783760	0.5610	detected	yes	no	1.1518	1.1472	1.1472	1.1518	1.9148	9.60	9.56	11.72	11.75	11.77	618904	619464	717020	718828	713556
SRR10259784	OXFORD_NANOPORE	4806721	0.2920	not detected	no	no	1.0486	1.0486	1.0486	1.0486	1.2386	25.77	25.72	26.25	26.01	26.22	2294548	2292072	2248912	2297832	2295860
SRR10278956	OXFORD_NANOPORE	5943629	0.1310	not detected	no	no	1.0183	1.0183	1.0183	1.0183	1.1110	12.57	15.61	13.53	11.93	12.03	995968	995364	1019880	970264	988380
SRR10297953	OXFORD_NANOPORE	4264018	0.1470	not detected	no	no	1.0291	1.0291	1.0291	1.0291	1.1564	16.23	16.56	16.58	16.46	16.40	988708	988328	1000932	1007476	997112
SRR10297959	OXFORD_NANOPORE	3806748	0.1700	not detected	no	no	1.0123	1.0123	1.0123	1.0123	1.1636	11.50	11.42	11.46	11.50	11.48	904724	907364	904720	930092	928268
SRR10297961	OXFORD_NANOPORE	5889290	0.1530	not detected	no	no	1.1197	1.1197	1.1197	1.1197	1.2646	51.78	49.82	32.14	51.55	32.11	1906864	1826548	1864368	1928692	1940220
SRR10297966	OXFORD_NANOPORE	5298761	0.1520	not detected	no	no	1.0162	1.0162	1.0162	1.0162	1.1470	14.39	14.39	14.35	14.11	14.34	1000532	999836	976448	1000484	976052
SRR10297968	OXFORD_NANOPORE	4501013	0.1730	detected	yes	no	1.0412	1.1789	1.1789	1.0412	1.1733	70.07	71.29	23.96	24.52	24.64	2313192	2318052	1061184	1045380	1051248
SRR10297973	OXFORD_NANOPORE	5880604	0.1830	not detected	no	no	1.0344	1.0344	1.0344	1.0344	1.1624	14.47	14.31	14.24	14.09	14.18	971648	966900	976112	959084	984172
SRR10297975	OXFORD_NANOPORE	5298227	0.1580	not detected	no	no	1.0255	1.0255	1.0255	1.0255	1.1611	15.48	15.36	15.33	15.57	15.51	987164	982924	1000720	997952	995876
SRR10297977	OXFORD_NANOPORE	4297624	0.1750	not detected	no	no	1.0579	1.0579	1.0579	1.0579	1.2038	17.00	17.21	17.68	17.54	17.44	1028684	1018052	985204	1019936	1015548
SRR10297980	OXFORD_NANOPORE	4033062	0.1670	not detected	no	no	1.0064	1.0064	1.0064	1.0064	1.1302	17.10	16.99	17.19	17.25	17.47	907324	875900	914484	893780	909604
SRR10297981	OXFORD_NANOPORE	4788766	0.1580	not detected	no	no	1.0078	1.0078	1.0078	1.0078	1.0811	29.09	28.94	28.77	31.12	34.74	1631064	1602156	1585276	1686288	1611972
SRR10297982	OXFORD_NANOPORE	4313266	0.1490	not detected	no	no	1.0202	1.0202	1.0202	1.0202	1.1589	13.05	13.21	13.06	12.94	12.95	947680	924120	945964	964012	965436
SRR10297990	OXFORD_NANOPORE	3971051	0.1370	not detected	no	no	1.0386	1.0386	1.0386	1.0386	1.1698	13.86	13.81	14.12	13.92	14.10	962432	966364	1006028	1006424	1015824
SRR10297997	OXFORD_NANOPORE	4039579	0.1680	not detected	no	no	1.0246	1.0246	1.0246	1.0246	1.1520	25.47	25.24	26.12	25.98	26.52	1128960	1130632	1101200	1102584	1152492
SRR10297999	OXFORD_NANOPORE	4087834	0.3140	not detected	no	no	0.8815	0.8815	0.8815	0.8815	1.1270	7.02	7.49	7.24	7.29	7.53	550980	572932	572704	572704	576124
SRR10298003	OXFORD_NANOPORE	3340253	0.1380	not detected	no	no	1.0318	1.0318	1.0318	1.0318	1.1664	14.32	14.33	14.29	14.30	14.58	912836	882616	931864	896844	919068
SRR10336613	OXFORD_NANOPORE	2922148	0.1410	not detected	no	no	0.9866	0.9857	0.9866	0.9866	1.1048	18.73	17.97	19.04	19.89	18.09	1193204	1154648	1199284	1203332	1167472
SRR10336614	OXFORD_NANOPORE	2939732	0.1100	not detected	no	no	0.9752	0.9752	0.9752	0.9752	1.0498	24.17	24.01	23.19	24.01	23.44	1309576	1309072	1334416	1382420	1343444
SRR10336615	OXFORD_NANOPORE	2939733	0.1050	not detected	no	no	0.9707	0.9707	0.9707	0.9707	1.0489	22.36	22.55	23.30	22.54	22.73	1131496	1082424	1106608	1141508	1113208
SRR10336616	OXFORD_NANOPORE	2939729	0.1090	not detected	no	no	0.9694	0.9694	0.9694	0.9694	1.0513	21.91	21.72	22.49	21.78	21.65	1127564	1085152	1116832	1118592	1114864
SRR10336617	OXFORD_NANOPORE	2939705	0.1150	not detected	no	no	0.9670	0.9670	0.9670	0.9670	1.0419	19.55	19.88	19.75	19.77	19.54	1139928	1105756	1098268	1151884	1145840
SRR10337242	OXFORD_NANOPORE	4806605	0.1260	not detected	no	no	0.9808	0.9808	0.9808	0.9808	1.0483	36.92	37.16	37.03	36.67	36.56	1943256	1945416	1963100	1899852	1899424
SRR10337247	OXFORD_NANOPORE	4459473	0.1530	not detected	no	no	0.9675	0.9675	0.9675	0.9675	1.0679	23.55	23.14	23.46	23.46	23.41	1649196	1652732	1640892	1672576	1653324
SRR10340795	OXFORD_NANOPORE	6326501	0.1400	not detected	no	no	0.9372	0.9372	0.9372	0.9372	1.0063	37.14	37.14	37.11	36.17	36.76	2008392	2009524	2019240	1973684	2018212
SRR10340798	OXFORD_NANOPORE	4917491	0.1430	not detected	no	no	0.9699	0.9699	0.9699	0.9699	1.0570	35.91	36.16	36.81	37.06	36.37	1932968	1933472	1966120	1897472	1963364
SRR10340799	OXFORD_NANOPORE	5645678	0.3670	not detected	no	no	0.8605	0.8605	0.8605	0.8605	1.1420	18.40	17.77	21.14	17.33	17.79	1273120	1268312	1352372	1292516	1293692
SRR10340800	OXFORD_NANOPORE	4581781	0.1510	not detected	no	no	0.9951	0.9951	0.9951	0.9951	1.0610	25.00	25.82	25.44	25.05	25.04	1772400	1777288	1796084	1792952	1801284
SRR10340801	OXFORD_NANOPORE	5220569	0.1590	not detected	no	no	0.9550	0.9550	0.9550	0.9550	1.0127	35.59	35.19	34.99	34.97	35.09	2041196	2032744	2063128	2068100	2067972
SRR10340802	OXFORD_NANOPORE	5536651	0.1470	not detected	no	no	0.9606	0.9606	0.9606	0.9606	1.0185	33.18	33.07	33.40	33.12	33.67	2074108	2089184	2109884	2106012	2112752
SRR10340803	OXFORD_NANOPORE	4949027	0.8080	detected	yes	yes	1.0711	0.7547	0.7960	0.8340	1.0711	19.18	16.35	14.79	15.14	15.33	1007784	1270572	1200196	1251952	1258920
SRR10345480	OXFORD_NANOPORE	5144090	0.1430	not detected	no	no	0.9794	0.9750	0.9794	0.9794	1.0639	13.09	11.77	12.85	13.91	12.67	1243412	1197556	1274108	1207616	1267768
SRR10353548	OXFORD_NANOPORE	2269994	0.2540	detected	yes	no	1.0274	0.0167	0.0167	1.0274	1.1517	143.64	142.98	23.42	23.58	23.74	847148	849264	612532	621520	636240
SRR10386880	OXFORD_NANOPORE	2675479	0.2260	not detected	no	no	1.3002	1.3002	1.3002	1.3002	1.6586	3.56	3.52	3.63	3.53	3.49	534576	536044	556352	558820	558868
SRR10388020	OXFORD_NANOPORE	2218399	0.2660	detected	yes	no	1.0433	0.3508	0.3508	1.0433	1.1804	119.61	120.00	23.71	26.66	28.81	861176	795472	594884	590596	589980
SRR10390692	OXFORD_NANOPORE	4063468	0.1080	not detected	no	no	1.0316	1.0316	1.0316	1.0316	1.1133	25.66	25.17	25.27	25.48	25.36	1065076	1065412	1039336	1034860	1035316
SRR10390693	OXFORD_NANOPORE	4299726	0.1750	not detected	no	no	1.1085	1.1085	1.1085	1.1085	1.2595	13.67	13.61	14.07	13.87	14.06	525648	520048	528988	544224	524672
SRR10390695	OXFORD_NANOPORE	4299727	0.1700	not detected	no	no	1.0824	1.0824	1.0824	1.0824	1.2196	14.87	15.34	15.86	16.00	15.78	552204	528412	578152	588600	572908
SRR10390697	OXFORD_NANOPORE	4083248	0.1800	not detected	no	no	1.0897	1.0897	1.0897	1.0897	1.2423	18.63	18.70	18.88	19.09	19.14	841188	845984	838452	862008	867912
SRR10390703	OXFORD_NANOPORE	4275601	0.1510	not detected	no	no	1.0813	1.0813	1.0813	1.0813	1.2080	14.36	14.33	14.57	14.57	14.61	616560	584636	627160	609752	608460
SRR10390705	OXFORD_NANOPORE	4225362	0.1410	not detected	no	no	1.0465	1.0465	1.0465	1.0465	1.1606	13.98	14.00	14.36	14.39	15.46	587392	585556	597940	598128	600972
SRR10390706	OXFORD_NANOPORE	4156459	0.1380	not detected	no	no	1.0682	1.0682	1.0682	1.0682	1.1721	22.40	22.58	22.57	22.30	22.37	1021812	1012016	998444	1029940	1010528
SRR10405212	PACBIO_SMRT	4528123	0.1110	not detected	no	no	1.0041	1.0041	1.0041	1.0041	1.0371	9.81	9.79	9.80	9.94	9.91	561080	563056	585420	585420	582880
SRR10411457	PACBIO_SMRT	5533130	0.3170	not detected	no	no	1.3316	1.3316	1.3316	1.3316	1.8357	5.40	5.45	5.65	5.67	5.63	593720	591244	617896	621216	617840
SRR10428552	PACBIO_SMRT	5037217	0.2710	not detected	no	no	1.4783	1.4783	1.4783	1.4783	1.9761	8.54	9.45	10.51	10.25	10.36	1149940	1211460	1193232	1210956	1208464
SRR10436012	OXFORD_NANOPORE	5877726	0.2090	not detected	no	no	1.0904	1.0904	1.0904	1.0904	1.3048	8.53	8.47	8.63	8.79	8.62	922080	929196	935544	940840	938504
SRR10436014	OXFORD_NANOPORE	5879168	0.2250	not detected	no	no	1.1093	1.1093	1.1093	1.1093	1.3497	7.60	7.57	7.94	7.64	7.79	849984	859584	864168	872460	869056
SRR10441470	OXFORD_NANOPORE	4203861	0.1860	not detected	no	no	1.0274	1.0274	1.0274	1.0274	1.1826	18.29	18.38	18.35	18.46	18.38	1594888	1596788	1579028	1621412	1572444
SRR10504699	OXFORD_NANOPORE	5161232	0.2720	not detected	no	no	0.9874	0.9874	0.9874	0.9874	1.1570	30.80	31.19	31.57	31.71	31.91	1822008	1828892	1848704	1846964	1850460
SRR10507067	PACBIO_SMRT	1832173	0.8160	not detected	no	yes	8.5927	2.1438	2.1438	2.1438	8.5927	29.53	31.03	39.23	29.19	29.83	2047860	2070284	2079716	2113136	2094476
SRR10520608	PACBIO_SMRT	5647778	0.6530	not detected	no	no	1.5389	1.5389	1.5389	1.5389	2.9500	19.75	19.82	19.97	19.73	20.05	2799892	2785912	2847424	2850244	2848760
SRR10523785	OXFORD_NANOPORE	5045617	0.5310	detected	yes	no	1.0033	1.0207	1.0207	1.0033	1.1533	22.30	22.26	34.34	30.41	33.91	1012656	1062696	1123616	1098920	1109524
SRR10523787	OXFORD_NANOPORE	4731476	0.1110	not detected	no	no	1.0150	1.0150	1.0150	1.0150	1.0859	21.31	21.33	21.99	21.70	21.54	1246816	1211096	1279616	1291772	1239740
SRR10523788	OXFORD_NANOPORE	4683671	0.1120	not detected	no	no	1.0128	1.0128	1.0128	1.0128	1.0901	19.95	25.21	26.71	20.73	21.15	1154460	1146928	1163376	1201876	1186780
SRR10539275	OXFORD_NANOPORE	2746973	0.2460	not detected	no	no	0.9861	0.9861	0.9861	0.9861	1.1407	42.60	37.71	45.87	53.76	38.03	1660160	1750580	1806548	1809580	1798088
SRR10609644	OXFORD_NANOPORE	3035657	0.3640	not detected	no	no	1.1077	1.1077	1.1077	1.1077	1.5491	23.29	22.98	23.49	23.54	23.50	824308	864304	890364	883440	895628
SRR10609646	OXFORD_NANOPORE	3036451	0.3210	not detected	no	no	1.0761	1.0761	1.0761	1.0761	1.4331	18.48	18.52	18.82	18.80	18.92	874244	875576	876092	890776	883764
SRR10609650	OXFORD_NANOPORE	3085162	0.3730	not detected	no	no	1.0679	1.0679	1.0679	1.0679	1.5429	16.26	16.35	16.36	16.74	16.57	792520	788084	802468	804172	816304
SRR10613303	PACBIO_SMRT	4321452	0.4430	not detected	no	no	1.7170	1.7170	1.7170	1.7170	2.6173	10.13	9.87	10.16	12.37	9.76	1173268	1150424	1157836	1198552	1172088
SRR10662281	PACBIO_SMRT	5370228	0.3090	not detected	no	no	1.5966	1.5966	1.5966	1.5966	2.1367	16.23	16.12	15.78	15.76	16.44	1047044	1046672	1066616	1063128	1068064
SRR10672466	PACBIO_SMRT	3674400	0.3410	not detected	no	no	1.4074	1.4074	1.4074	1.4074	1.9393	8.64	8.62	8.94	8.89	8.94	1247888	1243720	1313772	1311036	1312624
SRR10672468	PACBIO_SMRT	3396816	0.3040	not detected	no	no	1.4326	1.4326	1.4326	1.4326	1.9100	11.48	12.03	12.38	12.56	12.28	1226472	1257344	1273688	1311560	1288924
SRR10672473	PACBIO_SMRT	3669945	0.4070	not detected	no	no	2.1868	2.1868	2.1868	2.1868	3.4854	13.89	13.84	13.97	14.38	14.29	960220	963820	986284	985248	986120
SRR10686562	OXFORD_NANOPORE	5794831	0.1720	not detected	no	no	1.0152	1.0152	1.0152	1.0152	1.0823	19.50	19.20	19.61	19.58	19.67	1220540	1206576	1248760	1224280	1243412
SRR10695014	PACBIO_SMRT	4684771	0.1750	not detected	no	no	1.1086	1.1086	1.1086	1.1086	1.2440	10.70	10.61	11.01	10.81	10.84	1195968	1197128	1220484	1227812	1223228
SRR10725519	OXFORD_NANOPORE	2744548	0.2180	not detected	no	no	0.9699	0.9699	0.9699	0.9699	1.0950	48.80	48.65	48.81	49.10	48.76	1852796	1775036	1857420	1851804	1845592
SRR10728566	PACBIO_SMRT	7075587	0.3520	not detected	no	no	1.5210	1.5210	1.5210	1.5210	2.3202	5.37	5.29	5.53	5.66	5.60	1023932	1026336	1046996	1047000	1044964
SRR10728904	OXFORD_NANOPORE	5776319	0.3860	not detected	no	no	1.0490	1.0490	1.0490	1.0490	1.3641	7.85	8.20	8.77	7.99	8.72	846644	899564	899836	884596	914472
SRR10741801	PACBIO_SMRT	2939729	0.3300	not detected	no	no	1.4929	1.4929	1.4929	1.4929	2.1383	5.63	5.51	5.75	5.65	5.76	1011300	1011208	1033524	1034628	1033016
SRR10743286	PACBIO_SMRT	1677515	0.2950	not detected	no	no	1.0788	1.0788	1.0788	1.0788	1.3199	16.32	16.64	17.06	16.99	17.09	1342204	1349720	1376632	1365108	1359672
SRR10752810	PACBIO_SMRT	2187612	0.4160	not detected	no	no	2.0328	2.0328	2.0328	2.0328	3.1601	7.27	7.29	7.72	7.49	7.73	996760	1004972	1017084	1024572	1021232
SRR10752811	PACBIO_SMRT	1983159	0.3650	not detected	no	no	1.6321	1.6321	1.6321	1.6321	2.4747	8.00	7.70	7.94	8.10	7.97	1123792	1114548	1143764	1140408	1143520
SRR10752812	PACBIO_SMRT	2349358	0.4180	not detected	no	no	2.0037	2.0037	2.0037	2.0037	3.3577	6.08	6.12	6.41	6.21	6.44	586052	574720	606208	598176	599888
SRR10766199	PACBIO_SMRT	5176451	0.1860	not detected	no	no	1.2944	1.2944	1.2944	1.2944	1.5084	8.55	8.43	8.78	8.81	8.81	1198944	1193908	1219644	1225320	1221072
SRR10803141	PACBIO_SMRT	3539411	0.4210	not detected	no	no	1.8174	1.8174	1.8174	1.8174	2.9093	10.54	10.41	10.44	10.63	10.52	1105848	1110356	1133196	1128164	1129296
SRR10803142	PACBIO_SMRT	3539411	0.4330	not detected	no	no	1.8826	1.8826	1.8826	1.8826	3.0665	12.23	10.56	12.07	10.50	11.87	1168620	1187548	1182444	1199788	1126224
SRR10803143	PACBIO_SMRT	3539411	0.4200	not detected	no	no	1.8530	1.8530	1.8530	1.8530	2.9850	11.39	9.67	10.04	9.86	12.01	1098560	1114540	1178604	1133292	1217304
SRR10810416	OXFORD_NANOPORE	3378310	0.2350	not detected	no	no	1.0171	1.0171	1.0171	1.0171	1.2214	12.98	12.82	12.79	13.29	12.91	1172048	1146628	1181688	1201520	1090664
SRR10820824	OXFORD_NANOPORE	5232477	0.6360	not detected	no	no	1.4565	1.4565	1.4565	1.4565	3.2560	4.32	4.33	4.36	4.36	4.41	597172	606696	619744	610256	618268
SRR10831793	PACBIO_SMRT	1656288	0.5300	not detected	no	no	3.5041	3.5041	3.5041	3.5041	5.5510	5.44	5.10	5.30	5.29	5.62	538900	539896	560364	560824	558492
SRR10851446	PACBIO_SMRT	4530564	0.2520	not detected	no	no	1.2396	1.2396	1.2396	1.2396	1.5178	8.77	8.67	9.87	9.03	9.08	1153160	1157084	1182464	1174624	1178452
SRR10861747	OXFORD_NANOPORE	2211092	0.2130	detected	yes	no	0.9773	0.0192	0.0192	0.9773	1.0594	273.72	275.77	33.03	32.92	32.99	1427076	1403868	916368	884224	921388
SRR10861751	OXFORD_NANOPORE	2220590	0.2220	detected	yes	no	0.9909	0.0179	0.0179	0.9909	1.0799	324.54	321.84	26.63	26.31	26.70	1991132	1964372	955156	959012	988984
SRR10882607	PACBIO_SMRT	5417742	0.3160	not detected	no	no	1.5059	1.5059	1.5059	1.5059	2.0757	7.09	7.26	7.40	7.56	7.24	1134208	1137420	1165988	1166960	1164392
SRR10882862	OXFORD_NANOPORE	2904316	0.2980	not detected	no	no	1.0507	1.0507	1.0507	1.0507	1.2664	53.84	43.60	42.05	51.84	45.46	1154876	1117268	1182176	1234784	1192584
SRR10882871	OXFORD_NANOPORE	2771208	0.2890	not detected	no	no	1.0543	1.0543	1.0543	1.0543	1.3016	23.86	24.18	23.43	23.37	23.43	1002996	1042060	1030896	1042756	1050600
SRR10882880	OXFORD_NANOPORE	2790390	0.2330	not detected	no	no	0.9999	0.9999	0.9999	0.9999	1.1304	41.90	41.58	41.51	42.54	41.92	1838500	1842868	1877700	1862764	1874712
SRR10882888	OXFORD_NANOPORE	2747791	0.2520	not detected	no	no	1.0303	1.0303	1.0303	1.0303	1.2014	31.87	31.44	32.17	31.85	32.08	1152216	1107992	1103884	1158044	1153396
SRR10882894	OXFORD_NANOPORE	2823974	0.2570	not detected	no	no	1.0327	1.0327	1.0327	1.0327	1.2052	46.36	34.18	32.92	33.39	32.96	1184472	1181832	1171172	1223800	1183744
SRR10882896	OXFORD_NANOPORE	2800216	0.3000	not detected	no	no	1.0832	1.0832	1.0832	1.0832	1.3310	14.87	13.84	14.38	14.98	14.18	910656	934852	997596	939848	953864
SRR10912284	OXFORD_NANOPORE	4162637	0.2910	not detected	no	no	1.1307	1.1307	1.1307	1.1307	1.4684	8.81	8.79	8.88	8.90	8.85	629912	610088	648764	652020	650404
SRR10912288	OXFORD_NANOPORE	3628592	0.2920	not detected	no	no	1.1640	1.1640	1.1640	1.1640	1.5145	6.17	6.23	6.28	6.28	6.33	636276	626532	652528	640844	647452
SRR10912290	OXFORD_NANOPORE	3597743	0.4470	not detected	no	no	1.3737	1.3737	1.3737	1.3737	2.1716	6.38	6.37	6.21	6.10	6.33	370916	368244	391560	376836	385680
SRR10912303	OXFORD_NANOPORE	4612414	0.4660	not detected	no	no	1.4091	1.4091	1.4091	1.4091	2.1846	2.01	1.96	2.03	2.04	2.03	307584	307076	336156	336140	336620
SRR10912305	OXFORD_NANOPORE	3214120	0.2990	not detected	no	no	1.1562	1.1562	1.1562	1.1562	1.4814	9.13	9.22	10.48	10.66	9.36	688940	736428	715104	748308	752240
SRR10912906	PACBIO_SMRT	5338743	0.6090	not detected	no	no	2.4571	2.4571	2.4571	2.4571	5.2572	17.75	17.43	17.93	17.17	16.97	1166828	1142644	1173768	1207404	1210112
SRR10958851	OXFORD_NANOPORE	3564999	0.4200	not detected	no	no	1.2900	1.2900	1.2900	1.2900	1.9618	7.51	7.51	7.59	7.56	7.69	565988	572208	588140	587768	587748
SRR10968456	OXFORD_NANOPORE	3985392	0.1610	not detected	no	no	1.0099	1.0099	1.0099	1.0099	1.1160	12.03	12.20	12.40	12.37	12.48	695604	689812	673212	672764	672828
SRR10968457	OXFORD_NANOPORE	2568766	0.1860	not detected	no	no	1.0219	1.0219	1.0219	1.0219	1.1410	8.25	8.26	8.49	8.43	8.36	252328	252780	274756	270964	276980
SRR10969384	OXFORD_NANOPORE	8653730	0.4280	not detected	no	no	1.0347	1.0347	1.0347	1.0347	1.3292	15.60	15.59	15.61	15.72	15.71	1088296	1091132	1112036	1104972	1111180
SRR10973936	OXFORD_NANOPORE	2896994	0.3220	not detected	no	no	0.9902	0.9902	0.9902	0.9902	1.0838	23.40	26.30	23.25	21.76	24.40	1035708	1042216	1050588	1046908	1063540
SRR11038960	OXFORD_NANOPORE	5234237	0.3050	not detected	no	no	1.0754	1.0754	1.0754	1.0754	1.3905	13.99	14.05	14.66	14.69	14.73	596120	598164	620040	617728	623152
SRR11038962	OXFORD_NANOPORE	4910586	0.2160	not detected	no	no	1.0025	1.0025	1.0025	1.0025	1.1180	33.75	34.31	34.72	34.47	34.42	1862180	1870772	1894028	1870196	1869036
SRR11038983	OXFORD_NANOPORE	4827947	0.2550	not detected	no	no	0.9683	0.9683	0.9683	0.9683	1.0891	28.27	27.42	28.58	34.83	27.16	1713292	1661576	1735868	1732412	1676076
SRR11061015	OXFORD_NANOPORE	3591816	0.3470	not detected	no	no	1.0269	1.0269	1.0269	1.0269	1.2245	46.99	48.38	57.53	54.24	51.03	2184820	2221068	2181164	2215144	2178252
SRR11067105	OXFORD_NANOPORE	4251700	0.3400	not detected	no	no	1.2572	1.2572	1.2572	1.2572	1.5337	13.00	12.75	12.96	13.10	12.89	1188220	1181516	1211208	1205288	1208088
SRR11069766	OXFORD_NANOPORE	3962631	0.4030	not detected	no	no	1.2055	1.2055	1.2055	1.2055	1.6238	14.02	14.07	14.63	14.29	14.36	618596	623668	645056	642504	642196
SRR11070451	OXFORD_NANOPORE	4120823	0.3810	not detected	no	no	1.0655	1.0655	1.0655	1.0655	1.3318	25.30	25.27	25.10	25.99	33.62	1242576	1283240	1261328	1267848	1265624
SRR11078307	PACBIO_SMRT	6818519	0.2750	not detected	no	no	1.5304	1.5304	1.5304	1.5304	2.0170	7.95	7.94	9.01	9.11	8.16	1039008	1091624	1119064	1082752	1070804
SRR11091770	PACBIO_SMRT	2332391	0.4580	not detected	no	no	1.4296	1.4296	1.4296	1.4296	2.1194	12.27	10.66	11.27	11.23	11.88	299416	303900	338872	335924	338000
SRR11096308	OXFORD_NANOPORE	4073650	0.1570	detected	yes	no	0.9777	0.9785	0.9785	0.9777	1.0546	21.74	21.23	18.60	18.83	18.99	1086020	1079152	1291268	1296360	1305244
SRR11096309	OXFORD_NANOPORE	4065371	0.3510	not detected	no	no	1.0250	1.0250	1.0250	1.0250	1.3244	17.63	19.17	18.13	18.06	17.77	875832	910056	904732	919872	898968
SRR11096311	OXFORD_NANOPORE	4094766	0.3710	not detected	no	no	1.0151	1.0151	1.0151	1.0151	1.3501	14.34	14.35	14.68	14.72	14.70	874908	868948	887544	882140	871044
SRR11096313	OXFORD_NANOPORE	4062813	0.2880	not detected	no	no	0.9566	0.9566	0.9566	0.9566	1.1755	22.65	22.54	22.75	22.71	22.72	1199548	1247928	1279520	1273352	1271444
SRR11108582	OXFORD_NANOPORE	1912310	0.0690	not detected	no	no	1.0081	1.0081	1.0081	1.0081	1.0525	22.69	24.01	23.45	23.80	23.84	948072	944104	990580	1002564	987752
SRR11110294	OXFORD_NANOPORE	5349947	0.1280	not detected	no	no	1.0076	1.0076	1.0076	1.0076	1.0751	24.64	25.56	25.57	25.19	25.35	1723444	1725420	1742728	1748268	1743924
SRR11140579	PACBIO_SMRT	4591950	0.3000	not detected	no	no	1.2879	1.2879	1.2879	1.2879	1.7499	8.19	8.31	8.35	8.46	8.34	1209584	1243816	1268148	1247700	1268288
SRR11140580	PACBIO_SMRT	4432553	0.3520	not detected	no	no	1.3655	1.3655	1.3655	1.3655	2.0088	7.45	7.41	7.63	7.56	7.57	1184984	1188928	1212496	1213544	1209736
SRR11140588	PACBIO_SMRT	4585350	0.3010	not detected	no	no	1.2652	1.2652	1.2652	1.2652	1.6945	8.88	8.91	9.17	8.98	8.81	1215544	1215544	1235912	1235728	1240904
SRR11176972	OXFORD_NANOPORE	3980230	0.2910	not detected	no	no	1.0424	1.0447	1.0424	1.0424	1.3148	10.96	11.39	11.06	10.79	10.91	1154324	1177748	1190224	1194784	1199276
SRR11179864	PACBIO_SMRT	4957773	0.3660	not detected	no	no	1.7670	1.7670	1.7670	1.7670	2.6633	7.01	7.12	7.37	7.59	7.50	600252	608376	630608	642972	634568
SRR11179865	OXFORD_NANOPORE	4957773	0.5340	not detected	no	no	1.9521	1.9521	1.9521	1.9521	3.3292	4.08	4.33	4.27	4.39	4.10	307256	335732	351784	350244	353036
SRR11179866	OXFORD_NANOPORE	4957773	0.3640	not detected	no	no	1.1522	1.1522	1.1522	1.1522	1.5616	14.41	14.67	14.56	14.73	14.71	632612	633020	656012	662392	662500
SRR11193092	OXFORD_NANOPORE	8848153	0.3450	not detected	no	no	1.0300	1.0300	1.0300	1.0300	1.2320	21.71	23.19	23.87	24.60	18.52	1658420	1680620	1640380	1688520	1700192
SRR11193104	OXFORD_NANOPORE	9323419	0.4430	not detected	no	no	1.1354	1.1354	1.1354	1.1354	1.5955	14.54	15.24	17.13	16.83	17.40	721836	721824	727508	748172	766584
SRR11211679	OXFORD_NANOPORE	6009800	0.1760	not detected	no	no	1.0458	1.0458	1.0458	1.0458	1.1914	16.17	16.20	16.50	16.79	16.72	1158736	1156204	1177016	1177276	1172800
SRR11212804	PACBIO_SMRT	5561850	0.1550	not detected	no	no	1.1075	1.1075	1.1075	1.1075	1.2372	8.91	8.90	9.11	9.01	9.13	1205948	1211612	1236720	1236068	1237652
SRR11215186	PACBIO_SMRT	1318700	0.2680	not detected	no	no	1.2668	1.2668	1.2668	1.2668	1.5914	16.01	16.14	16.34	16.35	16.32	1497996	1499332	1524336	1524540	1518800
SRR11215567	OXFORD_NANOPORE	4996832	0.1860	not detected	no	no	0.9982	1.0012	0.9982	0.9982	1.1275	15.00	14.81	15.16	14.69	14.71	1652240	1661696	1680988	1681248	1673596
SRR11215569	OXFORD_NANOPORE	5130533	0.2650	not detected	no	no	1.0742	1.0813	1.0742	1.0742	1.3695	3.14	3.64	3.71	3.48	3.55	289084	596312	623824	617680	617676
SRR11215570	OXFORD_NANOPORE	4911078	0.3010	not detected	no	no	1.1511	1.1527	1.1511	1.1511	1.4965	2.36	2.71	2.79	2.85	2.85	266820	572188	595716	601192	600712
SRR11248242	PACBIO_SMRT	6517592	0.1930	not detected	no	no	1.2086	1.2086	1.2086	1.2086	1.4098	10.02	11.59	13.51	13.42	13.82	1157792	1239120	1214412	1194524	1249704
SRR11248247	PACBIO_SMRT	6286188	0.2260	not detected	no	no	1.2640	1.2640	1.2640	1.2640	1.5102	8.52	8.25	8.40	8.48	8.58	1160404	1159972	1192088	1187728	1193884
SRR11248338	PACBIO_SMRT	7957748	0.1770	not detected	no	no	1.2158	1.2158	1.2158	1.2158	1.4123	9.68	9.47	10.54	9.53	9.92	1160764	1152348	1238676	1158020	1158936
SRR11248995	OXFORD_NANOPORE	5748078	0.3590	not detected	no	no	1.1866	1.1866	1.1866	1.1866	1.6378	15.83	16.41	18.66	17.72	18.28	1072424	1056036	1084636	1092696	1086248
SRR11249001	OXFORD_NANOPORE	5761802	0.3040	not detected	no	no	1.1707	1.1707	1.1707	1.1707	1.5344	16.18	18.62	16.85	19.54	17.87	1074940	1107404	1142552	1150760	1078192
SRR11252625	OXFORD_NANOPORE	5301911	0.4890	not detected	no	no	0.9862	0.9862	0.9862	0.9862	1.3610	30.30	30.21	29.91	30.43	30.25	1980692	1979816	2005848	2006864	2003128
SRR11268100	OXFORD_NANOPORE	6275136	0.3550	not detected	no	no	0.8336	0.8257	0.8336	0.8336	1.0658	300.97	295.74	267.49	193.87	265.07	5964784	6409644	6271924	6429728	6420516
SRR11278929	OXFORD_NANOPORE	6266737	0.3690	not detected	no	no	0.8284	0.8327	0.8284	0.8284	1.0934	181.32	169.85	170.27	170.30	167.25	5766472	6453688	6269112	6405488	6187660
SRR11278930	OXFORD_NANOPORE	6288998	0.3600	not detected	no	no	0.8395	0.8311	0.8395	0.8395	1.0597	195.70	177.78	179.73	182.00	180.48	5873916	6230504	6466768	6449972	6491156
SRR11280748	OXFORD_NANOPORE	4313277	0.2480	not detected	no	no	1.1722	1.1722	1.1722	1.1722	1.3828	15.04	14.92	15.28	15.13	15.24	612864	605648	635808	634804	629204
SRR11288494	PACBIO_SMRT	3938593	0.9740	not detected	no	yes	78.5460	5.4322	5.4322	5.4322	78.5460	50.48	48.68	47.23	54.63	54.26	3758300	3713164	3797392	3829960	3815756
SRR11290117	PACBIO_SMRT	6536046	0.3740	not detected	no	no	1.3706	1.3706	1.3706	1.3706	1.9293	19.84	20.14	20.55	20.27	20.54	1581752	1586504	1608200	1611932	1613812
SRR11290118	PACBIO_SMRT	6277301	0.4420	not detected	no	no	1.6947	1.6947	1.6947	1.6947	2.7457	16.90	16.20	17.10	17.14	17.22	1187104	1185792	1215792	1214232	1215444
SRR11290119	PACBIO_SMRT	6892015	0.5670	not detected	no	no	3.7238	3.7238	3.7238	3.7238	7.2354	17.51	17.39	18.01	17.67	17.70	2009268	2017372	2040512	2035484	2034924
SRR11306710	PACBIO_SMRT	4832009	0.4390	not detected	no	no	1.4846	1.4846	1.4846	1.4846	2.5031	12.45	12.13	12.55	12.41	12.54	1702552	1698536	1731344	1727308	1729068
SRR11317973	PACBIO_SMRT	5004825	0.4150	not detected	no	no	1.9638	1.9638	1.9638	1.9638	3.1744	5.58	5.62	6.05	6.07	5.98	542820	551556	566412	568636	562504
SRR11321271	OXFORD_NANOPORE	2371107	0.3760	not detected	no	no	1.2220	1.2220	1.2220	1.2220	1.6737	14.75	14.89	15.65	15.29	15.43	609552	605240	639528	620728	632284
SRR11321336	OXFORD_NANOPORE	4118995	0.4350	not detected	no	no	1.1429	1.1429	1.1429	1.1429	1.5320	11.74	11.29	11.83	11.83	11.49	925240	897756	920532	893256	909284
SRR11362850	OXFORD_NANOPORE	7675262	0.1880	not detected	no	no	0.8759	0.8759	0.8759	0.8759	0.9680	36.96	37.73	37.79	36.98	36.81	2125172	2055320	2094860	2148680	2151976
SRR11365219	PACBIO_SMRT	4934027	0.3180	not detected	no	no	1.5680	1.5680	1.5680	1.5680	2.2181	5.78	5.82	6.08	6.07	6.11	982668	986708	1006640	1009184	1005996
SRR11425847	OXFORD_NANOPORE	4847360	0.3190	not detected	no	no	1.0234	1.0218	1.0234	1.0234	1.2818	15.71	14.90	14.55	14.64	14.75	1183648	1324752	1328216	1339880	1302660
SRR11425849	OXFORD_NANOPORE	4829486	0.3020	not detected	no	no	1.0109	1.0109	1.0109	1.0109	1.2859	8.89	9.37	9.46	8.91	9.31	857028	890160	912420	884648	886884
SRR11425851	OXFORD_NANOPORE	4848540	0.2910	not detected	no	no	1.0277	1.0277	1.0277	1.0277	1.2875	8.73	8.54	8.89	8.86	9.03	880032	880352	905216	900524	905100
SRR11425853	OXFORD_NANOPORE	4839384	0.2640	not detected	no	no	1.0173	1.0173	1.0173	1.0173	1.2069	14.66	14.62	14.78	14.55	14.75	1259332	1213384	1310804	1310480	1310312
SRR11425855	OXFORD_NANOPORE	4797988	0.2810	not detected	no	no	1.0565	1.0565	1.0565	1.0565	1.2994	11.16	10.87	11.08	11.11	11.24	1195080	1149608	1178584	1218936	1217556
SRR11425858	OXFORD_NANOPORE	4859063	0.2590	not detected	no	no	1.0342	1.0326	1.0342	1.0342	1.2186	16.05	15.08	15.23	15.17	15.17	1264260	1384988	1399712	1399288	1375984
SRR11451958	PACBIO_SMRT	6902589	0.5370	not detected	no	no	2.6281	2.6281	2.6281	2.6281	4.6863	15.91	16.02	16.08	16.05	16.05	1222204	1220880	1236532	1236600	1235180
SRR11457987	OXFORD_NANOPORE	4978047	0.4340	not detected	no	no	1.3374	1.3374	1.3374	1.3374	1.9864	7.89	7.74	8.07	7.93	7.90	1063208	1064556	1096348	1078548	1078460
SRR11457989	OXFORD_NANOPORE	4978088	0.4590	not detected	no	no	1.2049	1.2049	1.2049	1.2049	1.8942	7.18	7.03	7.26	7.15	7.31	1136432	1137408	1159336	1160096	1157976
SRR11461817	OXFORD_NANOPORE	9860181	0.1370	not detected	no	no	0.9745	0.9745	0.9745	0.9745	1.0722	18.91	18.66	22.22	19.05	19.10	1064296	1121336	1122700	1134376	1070788
SRR11462379	PACBIO_SMRT	9116672	0.3950	not detected	no	no	1.4684	1.4684	1.4684	1.4684	2.1566	16.62	16.43	16.69	16.78	16.68	1640648	1640020	1666008	1665960	1666824
SRR11483168	OXFORD_NANOPORE	6010585	0.6770	not detected	no	no	1.4500	1.4500	1.4500	1.4500	2.7852	11.86	11.92	12.43	12.28	12.32	273248	281420	282172	285340	285456
SRR11483170	OXFORD_NANOPORE	5155009	0.4440	not detected	no	no	1.5487	1.5487	1.5487	1.5487	2.1439	13.22	13.27	13.48	13.78	13.86	721176	729680	752484	753388	744936
SRR11483196	OXFORD_NANOPORE	5823634	0.5670	not detected	no	no	2.0639	2.0639	2.0639	2.0639	3.1627	11.81	11.33	12.12	12.92	12.94	634404	594964	671144	662196	665352
SRR11483199	OXFORD_NANOPORE	5034577	0.4870	not detected	no	no	1.6259	1.6259	1.6259	1.6259	2.4588	13.75	12.70	14.36	14.05	13.87	609624	616772	649228	648132	664232
SRR11483657	OXFORD_NANOPORE	4642566	0.4520	not detected	no	no	1.1517	1.1517	1.1517	1.1517	1.5858	5.31	5.75	5.50	5.51	5.72	596252	601520	624592	629520	631264
SRR11485268	OXFORD_NANOPORE	5146159	0.4400	not detected	no	no	0.9342	0.9342	0.9342	0.9342	1.4118	10.66	10.88	10.98	11.61	10.93	1194516	1197408	1222848	1225976	1228888
SRR11507283	PACBIO_SMRT	6288195	0.1820	not detected	no	no	1.2036	1.2036	1.2036	1.2036	1.4003	7.84	7.84	8.25	8.16	8.19	1161944	1165452	1183352	1186828	1183388
SRR11513892	PACBIO_SMRT	5353174	0.3490	not detected	no	no	1.7732	1.7732	1.7732	1.7732	2.6221	6.28	6.28	6.64	6.68	6.64	731896	733156	750408	752336	755924
SRR11513901	PACBIO_SMRT	5139892	0.1740	not detected	no	no	1.1869	1.1869	1.1869	1.1869	1.3980	7.02	6.96	7.15	7.33	7.54	645628	650336	658424	661504	664200
SRR11513908	PACBIO_SMRT	4860289	0.3230	not detected	no	no	1.8274	1.8274	1.8274	1.8274	2.5328	7.38	7.29	7.63	7.63	7.58	734468	725656	755328	757004	758672
SRR11536936	OXFORD_NANOPORE	5527237	0.7930	not detected	no	no	1.9521	1.9521	1.9521	1.9521	3.4055	12.48	12.65	12.61	12.60	12.64	158912	153576	161764	161576	158044
SRR11553454	PACBIO_SMRT	5357194	0.1430	not detected	no	no	1.0922	1.0922	1.0922	1.0922	1.2338	6.20	6.24	6.33	6.39	6.45	1049208	1054196	1078700	1080088	1082844
SRR11553455	PACBIO_SMRT	5357194	0.1470	not detected	no	no	1.0401	1.0401	1.0401	1.0401	1.1790	5.66	5.68	5.73	5.83	5.80	1102676	1110936	1130688	1132348	1128152
SRR11559465	OXFORD_NANOPORE	1941174	0.1070	not detected	no	no	1.1149	1.1149	1.1149	1.1149	1.2171	6.76	6.80	6.77	6.72	6.65	531292	529652	554948	556120	549052
SRR11579119	OXFORD_NANOPORE	6530403	0.3020	not detected	no	no	1.1988	1.1988	1.1988	1.1988	1.4788	15.42	15.70	16.04	16.08	16.04	1036932	1037104	1024300	1041020	1046104
SRR11579120	OXFORD_NANOPORE	6530403	0.4030	not detected	no	no	1.2969	1.2969	1.2969	1.2969	1.7725	13.38	13.44	13.80	13.91	13.79	581048	583308	600252	600952	603212
SRR11613597	OXFORD_NANOPORE	5306277	0.2120	not detected	no	no	1.0970	1.0970	1.0970	1.0970	1.2356	8.25	8.21	8.26	8.36	8.28	1015700	1004728	1042452	1039104	1039484
SRR11653777	OXFORD_NANOPORE	6509129	0.1220	not detected	no	no	1.0663	1.0663	1.0663	1.0663	1.1647	15.12	15.20	15.70	15.36	15.55	710112	709580	710560	711040	708148
SRR11653778	OXFORD_NANOPORE	6003863	0.1340	not detected	no	no	0.9901	0.9901	0.9901	0.9901	1.0644	19.19	19.04	19.31	19.42	19.28	955156	960248	978192	983632	980324
SRR11653779	OXFORD_NANOPORE	6003946	0.1390	not detected	no	no	1.0027	1.0027	1.0027	1.0027	1.0832	16.90	17.19	17.74	17.50	17.56	815364	822252	831716	834976	833380
SRR11653780	OXFORD_NANOPORE	6471780	0.0860	not detected	no	no	1.0264	1.0264	1.0264	1.0264	1.1030	11.79	11.69	12.24	11.84	12.19	629396	601452	642016	621500	640544
SRR11653781	OXFORD_NANOPORE	7300098	0.1070	not detected	no	no	0.9932	0.9932	0.9932	0.9932	1.0641	14.30	14.30	14.55	14.51	14.58	750356	745860	768836	766012	770892
SRR11653786	OXFORD_NANOPORE	7105297	0.1050	not detected	no	no	1.0335	1.0335	1.0335	1.0335	1.1252	12.56	12.62	12.98	12.97	13.02	585208	577508	600748	599596	598944
SRR11653787	OXFORD_NANOPORE	7105260	0.0970	not detected	no	no	1.0227	1.0227	1.0227	1.0227	1.1093	8.19	7.96	9.67	8.13	8.22	621820	592372	622800	655620	617292
SRR11687566	OXFORD_NANOPORE	4591696	0.3650	detected	yes	no	1.2605	1.1706	1.2542	1.2605	1.4393	3.95	3.07	2.64	2.68	2.62	292396	438800	458624	487896	462136
SRR11747307	OXFORD_NANOPORE	2028901	0.3110	not detected	no	no	1.0144	1.0144	1.0144	1.0144	1.3136	12.36	12.52	12.48	12.48	12.60	710884	707472	725600	714740	727020
SRR11747671	OXFORD_NANOPORE	2002415	0.4130	not detected	no	no	1.0530	1.0530	1.0530	1.0530	1.5354	6.11	6.11	6.18	6.16	6.21	474160	471712	504284	490300	502848
SRR11747673	OXFORD_NANOPORE	2051359	0.0950	not detected	no	no	0.9524	0.9524	0.9524	0.9524	1.0324	17.41	17.45	17.70	17.71	17.57	548508	547584	554724	564144	563508
SRR11773625	OXFORD_NANOPORE	7118658	0.1290	not detected	no	no	1.0802	1.0802	1.0802	1.0802	1.1773	68.17	68.40	67.40	66.90	68.19	3773688	3624984	3761412	3777764	3649892
SRR11778447	PACBIO_SMRT	5704030	0.3570	not detected	no	no	1.4617	1.4617	1.4617	1.4617	2.0429	19.04	18.47	18.79	18.91	21.35	2002576	1993872	2041992	2113732	2023820
SRR11809904	OXFORD_NANOPORE	3834012	0.1670	not detected	no	no	0.9745	0.9745	0.9745	0.9745	1.1112	27.95	22.65	25.76	23.20	27.46	1391500	1456028	1441516	1418720	1433424
SRR11853262	OXFORD_NANOPORE	2139666	0.5450	not detected	no	no	1.2363	1.2363	1.2363	1.2363	2.3714	5.41	5.64	6.08	5.81	5.80	432868	457020	496700	477392	468224
SRR11858646	OXFORD_NANOPORE	4713964	0.1790	not detected	no	no	1.1817	1.1817	1.1817	1.1817	1.3434	14.90	15.11	15.25	15.24	15.77	633688	634992	665916	665444	670740
SRR11880653	PACBIO_SMRT	6357750	0.4080	not detected	no	no	1.5137	1.5137	1.5137	1.5137	2.0503	7.17	7.12	7.52	7.39	7.39	1135112	1137272	1161192	1162744	1164540
SRR11901803	OXFORD_NANOPORE	750518	0.3500	not detected	no	no	1.1050	1.1050	1.1050	1.1050	1.5267	28.34	27.56	28.80	29.60	28.52	1106552	1072708	1064460	1103100	1056384
SRR11901804	OXFORD_NANOPORE	681374	0.3090	not detected	no	no	1.0924	1.0924	1.0924	1.0924	1.3936	87.77	55.32	55.06	54.99	54.62	1794568	1808532	1799652	1789908	1720924
SRR11901806	OXFORD_NANOPORE	700135	0.3270	not detected	no	no	1.0899	1.0899	1.0899	1.0899	1.4111	69.09	74.70	75.54	69.88	69.79	2024008	2003412	2026016	2017940	1967768
SRR11901832	OXFORD_NANOPORE	780024	0.4220	not detected	no	no	1.3677	1.3677	1.3677	1.3677	2.0596	8.28	8.23	8.32	8.29	8.26	691388	693032	741216	725680	727644
SRR11905711	OXFORD_NANOPORE	4938634	0.1690	not detected	no	no	1.0078	1.0078	1.0078	1.0078	1.0718	29.56	29.33	29.39	29.22	29.49	1500564	1504236	1548932	1564636	1563660
SRR11909877	OXFORD_NANOPORE	4779842	0.1340	not detected	no	no	1.0224	1.0224	1.0224	1.0224	1.0975	20.22	19.77	19.62	19.75	20.11	1108620	1144384	1093016	1096348	1088368
SRR11909885	OXFORD_NANOPORE	5276672	0.1530	not detected	no	no	1.0338	1.0338	1.0338	1.0338	1.1200	17.26	17.61	17.69	17.54	17.72	1055516	1061736	1079560	1082012	1083208
SRR11951435	OXFORD_NANOPORE	5713496	0.3300	not detected	no	no	1.1435	1.1435	1.1435	1.1435	1.4409	17.27	17.20	17.29	17.29	17.45	1131000	1131720	1152552	1143236	1149260
SRR11969189	OXFORD_NANOPORE	6791021	0.4020	not detected	no	no	1.3499	1.3499	1.3499	1.3499	1.9412	13.20	12.99	13.27	13.20	13.34	539012	541244	559072	558044	553664
SRR11977808	PACBIO_SMRT	3820375	0.2090	not detected	no	no	0.9673	0.9438	0.9673	0.9673	1.0155	17.55	16.84	16.89	16.96	16.99	446128	778140	803016	799368	802416
SRR12020159	PACBIO_SMRT	2585348	0.2120	not detected	no	no	1.2282	1.2282	1.2282	1.2282	1.4223	10.24	10.21	10.36	10.37	10.32	1151248	1154504	1171956	1171948	1176048
SRR12032899	OXFORD_NANOPORE	5549910	0.3320	not detected	no	no	0.9469	0.9469	0.9469	0.9469	1.0715	21.72	21.80	21.81	22.18	22.10	1691812	1654772	1712884	1711584	1673428
SRR12042540	PACBIO_SMRT	4810361	0.2860	not detected	no	no	1.4540	1.4540	1.4540	1.4540	1.9071	7.19	7.24	7.30	7.22	7.39	841524	843888	867288	868220	870620
SRR12066800	PACBIO_SMRT	6820876	0.4490	not detected	no	no	2.0827	2.0827	2.0827	2.0827	3.4304	7.10	7.96	7.40	8.71	7.92	880804	898396	882344	944916	928696
SRR12073574	PACBIO_SMRT	6321947	0.3310	not detected	no	no	1.6241	1.6241	1.6241	1.6241	2.3954	5.50	5.45	5.76	5.72	5.73	596948	596948	616088	611992	616084
SRR12073575	PACBIO_SMRT	6321947	0.3860	not detected	no	no	2.0049	2.0049	2.0049	2.0049	3.1590	6.81	7.15	7.42	7.42	7.45	799788	800300	818344	812616	823696
SRR12135868	PACBIO_SMRT	8473046	0.6760	not detected	no	no	7.8393	7.8393	7.8393	7.8393	14.9827	19.23	19.37	19.68	19.83	19.81	2285472	2295620	2333960	2330776	2360272
SRR12135869	OXFORD_NANOPORE	8473046	0.4470	not detected	no	no	0.9983	0.9983	0.9983	0.9983	1.3376	32.93	33.04	33.11	38.14	32.37	2606352	2555688	2651768	2687892	2594512
SRR12147485	PACBIO_SMRT	3849224	0.3580	not detected	no	no	1.3326	1.3326	1.3326	1.3326	1.8545	19.52	19.25	19.44	19.75	19.48	2029664	2036096	2062680	2058392	2061532
SRR12158098	PACBIO_SMRT	4980968	0.4070	not detected	no	no	1.5744	1.5744	1.5744	1.5744	2.4230	18.06	17.45	17.56	18.00	17.89	1169724	1162844	1191888	1186156	1185724
SRR12158100	PACBIO_SMRT	5077082	0.4050	not detected	no	no	1.5821	1.5821	1.5821	1.5821	2.4323	17.87	18.08	18.60	18.84	18.80	1198876	1173476	1255068	1223668	1254676
SRR12160981	OXFORD_NANOPORE	5352820	0.2440	not detected	no	no	1.0627	1.0627	1.0627	1.0627	1.2277	35.99	34.37	29.65	37.53	38.00	1390448	1374544	1414688	1406520	1427692
SRR12165703	OXFORD_NANOPORE	1627620	0.3760	not detected	no	no	1.1359	1.1359	1.1359	1.1359	1.6503	8.63	8.57	8.90	8.61	8.66	457828	470124	493312	489404	487668
SRR12165704	OXFORD_NANOPORE	1627624	0.3290	not detected	no	no	1.1056	1.1056	1.1056	1.1056	1.5114	11.24	11.25	11.44	11.50	11.36	542476	540440	560852	560848	560852
SRR12165705	OXFORD_NANOPORE	1627622	0.3570	not detected	no	no	1.1238	1.1238	1.1238	1.1238	1.5675	9.89	9.85	9.95	9.90	9.96	526472	526832	542600	542820	542828
SRR12165706	OXFORD_NANOPORE	1627623	0.3690	not detected	no	no	1.1309	1.1309	1.1309	1.1309	1.6018	8.17	8.40	8.37	8.41	8.25	502848	502452	522596	522596	522596
SRR12211926	PACBIO_SMRT	3963437	0.4730	not detected	no	no	2.3466	2.3466	2.3466	2.3466	3.9568	15.29	15.44	15.66	15.58	15.64	1179872	1182568	1204028	1197668	1203032
SRR12214315	OXFORD_NANOPORE	6499247	0.1800	not detected	no	no	0.9657	0.9657	0.9657	0.9657	1.0388	17.21	17.11	17.11	16.73	16.92	1034040	1030424	1087188	1102512	1057676
SRR12247512	OXFORD_NANOPORE	4734159	0.1210	not detected	no	no	1.0114	1.0114	1.0114	1.0114	1.0735	26.25	26.05	26.66	27.48	26.80	1225028	1226112	1210680	1199424	1190928
SRR12247514	OXFORD_NANOPORE	6236239	0.1530	not detected	no	no	1.0560	1.0560	1.0560	1.0560	1.1628	7.92	7.86	8.06	7.81	7.97	830804	830004	850472	850556	856180
SRR12247516	OXFORD_NANOPORE	6236453	0.1580	not detected	no	no	1.0674	1.0674	1.0674	1.0674	1.1733	8.12	8.32	8.37	8.45	8.31	850752	872216	883288	888308	888248
SRR12247526	OXFORD_NANOPORE	4956050	0.1070	not detected	no	no	1.0296	1.0296	1.0296	1.0296	1.1124	23.47	23.00	17.81	17.98	21.85	916604	916932	934848	913228	937920
SRR12247539	OXFORD_NANOPORE	5040939	0.1500	not detected	no	no	1.1354	1.1354	1.1354	1.1354	1.2806	11.30	11.42	11.58	11.64	11.79	732852	729180	757960	760684	758676
SRR12247545	OXFORD_NANOPORE	4852323	0.0950	not detected	no	no	1.0385	1.0385	1.0385	1.0385	1.1100	19.49	19.43	19.70	19.87	19.58	907304	919268	938988	900704	933144
SRR12247548	OXFORD_NANOPORE	5149681	0.1170	not detected	no	no	1.0444	1.0444	1.0444	1.0444	1.1406	12.44	12.36	12.56	12.52	12.79	881344	885128	904944	901992	903096
SRR12247564	OXFORD_NANOPORE	4873383	0.3310	not detected	no	no	1.0902	1.0902	1.0902	1.0902	1.4273	14.14	14.02	14.26	14.17	14.48	616148	620676	635472	635292	636796
SRR12247594	OXFORD_NANOPORE	4811688	0.0850	not detected	no	no	0.9974	0.9974	0.9974	0.9974	1.0540	19.70	19.44	19.62	19.37	19.88	973300	939400	996136	995788	993868
SRR12247681	OXFORD_NANOPORE	5067008	0.2060	detected	yes	no	1.1101	0.9398	0.9398	1.1101	1.2263	29.91	29.30	37.05	33.94	37.84	574272	595536	670120	627228	743424
SRR12247701	OXFORD_NANOPORE	5062122	0.1920	detected	yes	no	1.1292	1.2044	1.2044	1.1292	1.2577	7.43	7.84	10.16	9.69	10.63	674912	672420	757664	765004	764904
SRR12247704	OXFORD_NANOPORE	5284469	0.1730	not detected	no	no	1.0889	1.0889	1.0889	1.0889	1.2224	6.23	5.73	6.19	7.96	6.18	635840	608212	644464	660640	641372
SRR12247705	OXFORD_NANOPORE	5284470	0.1720	not detected	no	no	1.0672	1.0672	1.0672	1.0672	1.1887	7.32	7.28	7.28	7.54	7.31	683100	685916	713760	715368	703280
SRR12247712	OXFORD_NANOPORE	4948386	0.1440	not detected	no	no	1.1056	1.1056	1.1056	1.1056	1.2364	8.23	8.20	9.02	11.38	11.66	774444	771268	783596	813020	796544
SRR12247721	OXFORD_NANOPORE	4893505	0.1090	not detected	no	no	1.0252	1.0252	1.0252	1.0252	1.1073	13.80	13.76	14.04	14.00	13.89	580444	578316	600656	581632	583824
SRR12247731	OXFORD_NANOPORE	5222894	0.1620	not detected	no	no	1.0422	1.0422	1.0422	1.0422	1.1170	20.00	26.04	19.67	20.19	21.03	1119064	1116664	1119644	1102560	1198184
SRR12247737	OXFORD_NANOPORE	4687823	0.0880	not detected	no	no	1.0164	1.0164	1.0164	1.0164	1.0592	31.84	33.77	32.83	32.65	32.61	1614028	1616464	1671820	1597520	1667388
SRR12247743	OXFORD_NANOPORE	4700814	0.1200	not detected	no	no	1.0903	1.0903	1.0903	1.0903	1.1901	12.49	12.28	12.43	12.34	12.31	1045644	1045552	1067192	1027556	1027572
SRR12247756	OXFORD_NANOPORE	4780041	0.2070	detected	yes	no	1.0560	1.0275	1.0275	1.0560	1.1431	21.77	21.40	17.94	17.71	17.85	708684	712008	907476	893824	910040
SRR12247758	OXFORD_NANOPORE	4809559	0.1050	not detected	no	no	1.0509	1.0509	1.0509	1.0509	1.1133	17.25	17.15	17.43	17.44	17.18	804772	812040	828492	807928	830904
SRR12280256	OXFORD_NANOPORE	5374479	0.1110	not detected	no	no	0.9747	0.9747	0.9747	0.9747	1.0289	18.99	18.92	19.36	19.52	19.46	974716	966916	994728	1031520	1033920
SRR12280257	OXFORD_NANOPORE	5374479	0.1220	not detected	no	no	0.9932	0.9932	0.9932	0.9932	1.0809	10.91	10.62	9.97	10.74	10.50	1132204	1204008	1141300	1147264	1206372
SRR12280475	OXFORD_NANOPORE	6337561	0.1360	not detected	no	no	0.9584	0.9584	0.9584	0.9584	1.0164	29.61	29.89	30.14	30.05	29.84	1806736	1821096	1811352	1845460	1782776
SRR12280476	OXFORD_NANOPORE	6337561	0.1280	not detected	no	no	0.9716	0.9716	0.9716	0.9716	1.0293	18.72	18.68	18.73	18.92	18.84	1654320	1649944	1682276	1673412	1685444
SRR12282614	OXFORD_NANOPORE	6112257	0.2520	not detected	no	no	1.0321	1.0321	1.0321	1.0321	1.2075	20.12	26.43	28.54	29.20	28.67	1750088	1727080	1767692	1779972	1722348
SRR12298352	PACBIO_SMRT	5309420	0.3910	not detected	no	no	1.4797	1.4797	1.4797	1.4797	2.1247	17.50	17.57	18.01	17.75	18.16	1167500	1165424	1191944	1188372	1187980
SRR12298376	OXFORD_NANOPORE	6043975	0.3250	not detected	no	no	1.1737	1.1737	1.1737	1.1737	1.3310	17.50	17.61	22.34	17.80	22.15	1068352	1050608	1139084	1073140	1068208
SRR12298378	OXFORD_NANOPORE	6091660	0.2710	detected	yes	no	1.1437	1.1889	1.1889	1.1437	1.2907	21.10	20.82	26.92	25.99	26.12	851960	856992	1094376	1098468	1097872
SRR12298422	OXFORD_NANOPORE	5374500	0.3810	not detected	no	no	1.1966	1.1966	1.1966	1.1966	1.4057	12.64	12.70	12.58	12.87	12.47	1151116	1139180	1156280	1186404	1155764
SRR12298423	OXFORD_NANOPORE	4915705	0.2380	not detected	no	no	1.2145	1.2145	1.2145	1.2145	1.3802	15.98	15.86	16.18	15.94	16.06	1145608	1144624	1159868	1156276	1173556
SRR12298437	OXFORD_NANOPORE	4904566	0.2150	not detected	no	no	1.1482	1.1482	1.1482	1.1482	1.3181	14.73	15.02	15.18	14.97	15.04	1052876	1065024	1084528	1087108	1087916
SRR12298445	OXFORD_NANOPORE	5568728	0.3230	not detected	no	no	1.2199	1.2199	1.2199	1.2199	1.3817	15.05	15.08	15.58	15.65	15.41	1035908	1026784	1052372	1059592	1042876
SRR12298448	PACBIO_SMRT	5566305	0.3380	not detected	no	no	1.4128	1.4128	1.4128	1.4128	1.8821	15.37	15.47	15.78	15.68	15.82	1179120	1175884	1193840	1198328	1197508
SRR12298467	OXFORD_NANOPORE	4652007	0.1150	not detected	no	no	1.0540	1.0540	1.0540	1.0540	1.1381	23.06	29.39	24.68	29.97	29.89	1015156	1032756	1038676	1068532	1084564
SRR12298472	OXFORD_NANOPORE	4652001	0.1370	not detected	no	no	1.0878	1.0878	1.0878	1.0878	1.2095	15.90	15.90	16.28	15.94	16.08	861108	864496	871092	874336	888700
SRR12298476	OXFORD_NANOPORE	4991577	0.1540	not detected	no	no	1.1116	1.1116	1.1116	1.1116	1.2661	15.09	15.45	15.61	15.75	15.54	675756	690284	714216	705228	709200
SRR12298477	OXFORD_NANOPORE	4992648	0.1490	not detected	no	no	1.1076	1.1076	1.1076	1.1076	1.2309	17.00	17.14	17.23	17.63	17.51	1123808	1116832	1144204	1158704	1150464
SRR12298485	OXFORD_NANOPORE	5059614	0.3680	detected	yes	no	1.2279	1.2470	1.2470	1.2279	1.4603	16.01	16.10	25.59	25.51	25.44	776176	774268	952924	953924	953716
SRR12298508	OXFORD_NANOPORE	6236062	0.2730	not detected	no	no	1.2193	1.2193	1.2193	1.2193	1.6432	7.23	7.27	7.31	7.32	7.35	583064	579744	605816	604492	598796
SRR12298531	OXFORD_NANOPORE	4637518	0.1540	not detected	no	no	1.1003	1.1003	1.1003	1.1003	1.2454	13.31	13.37	13.66	13.55	13.48	596592	598108	629452	629820	629440
SRR12298612	OXFORD_NANOPORE	5580368	0.2980	detected	yes	no	1.1011	0.9855	0.9855	1.1011	1.2376	23.43	23.46	16.04	22.45	16.54	1105784	1131512	1019096	1055264	1049184
SRR12298664	OXFORD_NANOPORE	6332934	0.2590	detected	yes	no	1.0373	1.0862	1.0862	1.0373	1.1564	23.61	23.41	32.65	29.57	34.28	811996	860020	1044292	1022920	1011972
SRR12298670	OXFORD_NANOPORE	4887958	0.1230	not detected	no	no	1.0854	1.0854	1.0854	1.0854	1.1751	10.44	10.56	10.55	10.62	10.60	928572	922216	944584	945184	941156
SRR12298691	OXFORD_NANOPORE	5170324	0.2600	detected	yes	no	1.2206	1.2692	1.2692	1.2206	1.3672	31.53	32.26	41.64	38.43	34.52	892644	899296	1185820	1082652	1041708
SRR12298706	OXFORD_NANOPORE	5238808	0.1650	not detected	no	no	1.1501	1.1501	1.1501	1.1501	1.3359	14.76	14.74	15.36	15.37	15.24	564308	564216	589120	585404	584520
SRR12298707	OXFORD_NANOPORE	5018130	0.1490	not detected	no	no	1.1421	1.1421	1.1421	1.1421	1.2804	15.38	15.58	16.07	15.69	15.87	609812	610396	648748	657572	654512
SRR12298723	OXFORD_NANOPORE	5414996	0.2840	not detected	no	no	1.0547	1.0547	1.0547	1.0547	1.3048	10.66	10.54	10.70	10.61	10.64	1228344	1202284	1252416	1246944	1253180
SRR12298735	OXFORD_NANOPORE	4981985	0.2320	not detected	no	no	1.0379	1.0379	1.0379	1.0379	1.1649	37.13	37.55	37.39	37.36	37.35	2195460	2271424	2292568	2241440	2306816
SRR12298810	OXFORD_NANOPORE	5640008	0.3230	not detected	no	no	1.1418	1.1418	1.1418	1.1418	1.2587	19.24	19.50	19.74	19.70	19.69	1170316	1153688	1203792	1196212	1199040
SRR12298818	OXFORD_NANOPORE	5234715	0.1560	not detected	no	no	1.0841	1.0841	1.0841	1.0841	1.2154	16.95	17.17	17.36	17.53	17.61	1153652	1156856	1177832	1181244	1173808
SRR12298845	OXFORD_NANOPORE	4382172	0.1570	not detected	no	no	1.1691	1.1691	1.1691	1.1691	1.3369	10.92	10.92	11.13	10.96	11.06	594040	594700	615584	614100	614124
SRR12298990	OXFORD_NANOPORE	4946286	0.1080	not detected	no	no	1.0519	1.0519	1.0519	1.0519	1.1226	15.16	15.17	15.54	15.44	15.43	602928	613472	623636	643792	621780
SRR12298997	OXFORD_NANOPORE	4888717	0.1560	not detected	no	no	1.1100	1.1100	1.1100	1.1100	1.2540	4.73	4.69	4.66	4.71	4.73	596812	595876	609692	617732	616508
SRR12299048	OXFORD_NANOPORE	5377148	0.2350	not detected	no	no	1.0958	1.0958	1.0958	1.0958	1.1848	17.05	17.72	17.46	17.74	17.28	935292	930596	996404	992036	984444
SRR12299051	OXFORD_NANOPORE	4987558	0.2860	detected	yes	no	1.1712	1.0260	1.0260	1.1712	1.2834	38.54	38.15	22.06	22.10	22.21	714896	723300	903728	920980	822012
SRR12299058	OXFORD_NANOPORE	5175883	0.2810	detected	yes	no	1.0485	0.8086	0.8086	1.0485	1.1522	16.29	16.44	22.05	22.16	22.04	738732	740396	989436	990184	1006092
SRR12299098	OXFORD_NANOPORE	4843970	0.1720	not detected	no	no	1.1775	1.1775	1.1775	1.1775	1.4019	14.25	14.38	14.61	14.72	14.82	590188	597256	609876	614456	610924
SRR12299115	OXFORD_NANOPORE	4828684	0.2200	not detected	no	no	1.3064	1.3064	1.3064	1.3064	1.6285	8.63	8.60	8.74	8.82	8.85	586136	582564	605136	605164	600364
SRR12299137	OXFORD_NANOPORE	5495884	0.1500	not detected	no	no	1.0013	1.0013	1.0013	1.0013	1.0707	21.10	21.35	21.73	21.89	21.63	1016068	1012376	1025616	1040492	1000396
SRR12299142	OXFORD_NANOPORE	5521511	0.2680	detected	yes	no	1.0817	1.0930	1.0930	1.0817	1.1943	23.42	23.36	22.36	22.12	22.53	846076	865008	966288	931648	962196
SRR12299175	OXFORD_NANOPORE	5673126	0.1610	not detected	no	no	1.0412	1.0412	1.0412	1.0412	1.1059	18.78	20.34	19.97	19.23	20.13	1321664	1363880	1372960	1304416	1310488
SRR12328710	OXFORD_NANOPORE	4208122	0.2980	not detected	no	no	1.0459	1.0459	1.0459	1.0459	1.1033	18.53	18.64	18.62	18.96	18.79	1076724	1069916	1100948	1102160	1095240
SRR12328712	OXFORD_NANOPORE	3816508	0.2000	not detected	no	no	1.0733	1.0733	1.0733	1.0733	1.2741	10.20	10.20	10.32	10.38	10.25	884468	887296	927768	903936	904036
SRR12328713	OXFORD_NANOPORE	3810320	0.1420	not detected	no	no	1.0307	1.0307	1.0307	1.0307	1.1421	10.10	10.02	10.02	10.00	9.82	992940	993600	1026248	1028540	1027532
SRR12329010	OXFORD_NANOPORE	5227144	0.5290	not detected	no	no	1.0277	1.0275	1.0277	1.0277	1.2594	5.64	5.55	5.62	5.64	5.59	617772	636312	651584	648468	652292
SRR12339180	PACBIO_SMRT	5049889	0.1190	not detected	no	no	0.9938	0.9938	0.9938	0.9938	1.0323	17.64	17.49	17.34	17.51	17.61	770056	771140	829300	788356	793052
SRR12342986	OXFORD_NANOPORE	5295190	0.3320	not detected	no	no	1.0385	1.0385	1.0385	1.0385	1.3257	17.47	17.02	17.21	17.16	17.22	1040684	1058888	1068076	1067736	1068908
SRR12342988	OXFORD_NANOPORE	4774395	0.2950	not detected	no	no	1.0559	1.0559	1.0559	1.0559	1.3204	19.51	19.97	20.29	19.87	19.99	1110884	1099204	1134656	1134868	1132800
SRR12343853	OXFORD_NANOPORE	2741087	0.2090	not detected	no	no	0.9544	0.9579	0.9544	0.9544	1.0011	30.69	28.20	27.80	27.52	27.95	698044	1116392	1121880	1122336	1120272
SRR12343854	OXFORD_NANOPORE	2743582	0.2040	not detected	no	no	0.9704	0.9636	0.9704	0.9704	1.0377	29.63	26.23	26.28	25.65	25.42	957044	1102912	1066652	1075796	1099760
SRR12343942	OXFORD_NANOPORE	2816536	0.1260	not detected	no	no	0.9603	0.9612	0.9603	0.9603	1.0003	34.62	32.37	32.29	32.46	32.42	1119640	1406496	1430068	1433984	1436108
SRR12343949	OXFORD_NANOPORE	2768180	0.1050	not detected	no	no	0.9774	0.9748	0.9774	0.9774	1.0095	36.00	33.01	32.88	33.20	32.60	1120456	1406364	1428472	1450244	1433140
SRR12343955	OXFORD_NANOPORE	2791157	0.1140	not detected	no	no	0.9312	0.9253	0.9312	0.9312	0.9780	36.86	34.49	34.86	34.51	35.10	1073876	1417616	1435916	1434304	1425824
SRR12343957	OXFORD_NANOPORE	2800541	0.1380	not detected	no	no	0.9827	0.9864	0.9827	0.9827	1.0269	36.98	35.17	35.38	35.99	35.59	1144196	1403672	1413588	1403024	1433132
SRR12343960	OXFORD_NANOPORE	2735271	0.0990	not detected	no	no	0.9833	0.9894	0.9833	0.9833	1.0131	36.26	32.58	32.80	32.97	32.74	1049772	1425456	1441916	1442200	1450220
SRR12343965	OXFORD_NANOPORE	2723848	0.1300	not detected	no	no	0.9519	0.9548	0.9519	0.9519	0.9935	39.50	37.56	37.05	36.47	36.93	1073044	1401668	1418816	1411384	1426436
SRR12343973	OXFORD_NANOPORE	2717651	0.1420	not detected	no	no	0.9780	0.9780	0.9780	0.9780	1.0383	28.62	28.61	28.48	28.66	29.30	1147856	1148340	1165860	1169664	1164628
SRR12343978	OXFORD_NANOPORE	2797313	0.1440	not detected	no	no	0.9632	0.9634	0.9632	0.9632	1.0050	41.01	38.68	38.37	38.29	37.76	1097752	1420084	1418908	1382952	1401004
SRR12343982	OXFORD_NANOPORE	2739777	0.1170	not detected	no	no	0.9783	0.9734	0.9783	0.9783	1.0238	36.95	35.30	35.97	35.41	35.77	1309156	1378400	1417740	1399404	1439600
SRR12343987	OXFORD_NANOPORE	2801757	0.1580	not detected	no	no	0.9922	0.9961	0.9922	0.9922	1.0417	33.48	33.48	31.45	35.77	34.55	1005952	1145280	1143644	1097644	1126116
SRR12343988	OXFORD_NANOPORE	2810143	0.0990	not detected	no	no	0.9689	0.9642	0.9689	0.9689	1.0037	33.39	30.19	30.32	30.07	29.92	1091956	1479504	1550604	1499236	1499680
SRR12343990	OXFORD_NANOPORE	2909026	0.1730	not detected	no	no	0.9065	0.9143	0.9065	0.9065	0.9788	37.16	36.56	35.79	36.10	36.60	931592	1483724	1509720	1512568	1471140
SRR12343994	OXFORD_NANOPORE	2736151	0.1510	not detected	no	no	0.9731	0.9649	0.9731	0.9731	1.0215	32.20	29.39	29.33	30.18	29.64	1010676	1127196	1104500	1106848	1135460
SRR12344005	OXFORD_NANOPORE	2779091	0.1640	not detected	no	no	0.9747	0.9671	0.9747	0.9747	1.0371	32.27	33.85	30.23	30.40	31.22	977624	1160608	1146864	1154128	1124144
SRR12344009	OXFORD_NANOPORE	2769434	0.1610	not detected	no	no	0.9644	0.9644	0.9644	0.9644	1.0345	15.72	15.49	15.84	15.70	15.73	903488	872976	889988	920804	893116
SRR12344012	OXFORD_NANOPORE	2735946	0.1440	not detected	no	no	0.9482	0.9414	0.9482	0.9482	0.9991	38.99	35.33	34.95	34.57	34.99	1052260	1150356	1173152	1115376	1177352
SRR12344015	OXFORD_NANOPORE	2743409	0.2450	not detected	no	no	0.9488	0.9433	0.9488	0.9488	1.0396	24.26	22.15	21.82	21.62	22.01	883412	1070240	1089448	1091812	1040516
SRR12356814	OXFORD_NANOPORE	6775260	0.2920	not detected	no	no	1.1521	1.1521	1.1521	1.1521	1.5640	7.85	7.97	8.23	8.20	8.22	578736	580732	591820	592872	594116
SRR12367305	PACBIO_SMRT	10375238	0.5760	not detected	no	no	2.6956	2.6956	2.6956	2.6956	5.0731	18.66	18.50	19.08	18.95	18.80	2054724	2051864	2069620	2074372	2075156
SRR12367307	OXFORD_NANOPORE	10375238	0.2190	detected	yes	no	1.0160	1.0252	1.0252	1.0160	1.1434	17.79	17.37	27.28	26.71	27.08	855856	857556	981256	982832	983060
SRR12390689	PACBIO_SMRT	4934017	0.2830	not detected	no	no	1.5201	1.5201	1.5201	1.5201	2.0425	7.48	7.45	7.79	7.83	7.77	1091740	1099888	1125836	1121056	1117480
SRR12390701	PACBIO_SMRT	5387171	0.2590	not detected	no	no	1.4174	1.4174	1.4174	1.4174	1.8148	7.96	7.51	7.67	8.94	8.09	1171104	1167220	1136520	1213696	1238864
SRR12395855	OXFORD_NANOPORE	3918289	0.1640	not detected	no	no	0.8699	0.8699	0.8699	0.8699	0.9646	22.90	23.41	24.04	23.66	23.78	932308	929992	919828	950876	945016
SRR12396136	PACBIO_SMRT	3918289	0.3290	not detected	no	no	1.4368	1.4368	1.4368	1.4368	1.9436	7.79	7.89	8.04	8.35	8.18	1050304	1045420	1072920	1072572	1079248
SRR12464724	OXFORD_NANOPORE	5842465	0.2460	not detected	no	no	0.9730	0.9734	0.9730	0.9730	1.0853	59.97	55.18	55.59	54.85	55.95	2393432	2762988	2831576	2821144	2814156
SRR12492388	OXFORD_NANOPORE	5627653	0.2240	not detected	no	no	1.0639	1.0639	1.0639	1.0639	1.2294	10.67	11.65	9.30	10.86	9.28	640516	628996	647628	658404	653968
SRR12492393	OXFORD_NANOPORE	5406561	0.2670	not detected	no	no	1.0720	1.0720	1.0720	1.0720	1.2416	8.57	8.61	8.72	8.82	8.69	574696	574900	591384	591324	592112
SRR12492394	OXFORD_NANOPORE	5969148	0.2650	not detected	no	no	1.2089	1.2089	1.2089	1.2089	1.4877	5.41	5.33	5.53	5.50	5.57	601244	599932	627420	614612	623968
SRR12492395	OXFORD_NANOPORE	5543425	0.2600	not detected	no	no	1.3083	1.3083	1.3083	1.3083	1.6307	12.93	12.61	13.07	13.47	12.98	522908	524200	549108	595452	546340
SRR12492530	OXFORD_NANOPORE	5730426	0.2340	detected	yes	no	1.2566	1.3945	1.3945	1.2566	1.5552	3.55	3.57	5.00	5.14	5.09	542912	542920	607208	692908	660396
SRR12492531	OXFORD_NANOPORE	5305481	0.2080	not detected	no	no	1.0480	1.0480	1.0480	1.0480	1.2180	5.80	5.52	5.90	5.92	5.72	582016	574476	590876	598272	597380
SRR12492532	OXFORD_NANOPORE	5226758	0.2830	not detected	no	no	1.1193	1.1193	1.1193	1.1193	1.3498	13.57	13.67	13.82	13.88	13.85	604984	593760	614736	607724	603488
SRR12492533	OXFORD_NANOPORE	5481241	0.3010	not detected	no	no	1.1034	1.1034	1.1034	1.1034	1.2936	17.01	16.62	17.40	17.62	17.36	621040	604456	633700	631604	636372
SRR12502384	OXFORD_NANOPORE	3475666	0.4480	not detected	no	no	0.9449	0.9449	0.9449	0.9449	1.4050	27.23	26.84	27.10	26.85	26.94	1122036	1080336	1086456	1092976	1075996
SRR12507228	OXFORD_NANOPORE	1804582	0.3480	not detected	no	no	1.2061	1.2061	1.2061	1.2061	1.6551	9.67	9.84	10.51	9.96	10.66	848492	835460	841840	853388	862644
SRR12507229	PACBIO_SMRT	1804582	0.3220	not detected	no	no	1.3554	1.3554	1.3554	1.3554	1.8175	28.38	20.64	21.46	28.20	22.41	1630604	1635516	1702788	1693268	1694040
SRR12507231	OXFORD_NANOPORE	1863075	0.4800	not detected	no	no	1.3309	1.3309	1.3309	1.3309	1.9607	7.50	7.40	7.46	7.46	7.53	672452	662872	678616	669300	696476
SRR12507232	PACBIO_SMRT	1863075	0.3710	not detected	no	no	1.4019	1.4019	1.4019	1.4019	1.9166	23.23	23.21	23.72	23.37	24.04	1647384	1651264	1675428	1673776	1677016
SRR12562769	OXFORD_NANOPORE	2335429	0.2970	not detected	no	no	1.2320	1.2304	1.2320	1.2320	1.6445	6.44	6.01	5.96	6.08	6.02	1068064	1131364	1141220	1158848	1142736
SRR12563834	PACBIO_SMRT	5213616	0.3420	not detected	no	no	1.3751	1.3751	1.3751	1.3751	1.8170	11.49	11.66	11.76	11.68	11.80	2040580	2039688	2063740	2061392	2064288
SRR12607128	PACBIO_SMRT	2933059	0.3590	not detected	no	no	1.2570	1.2570	1.2570	1.2570	1.5702	10.29	10.46	10.86	11.08	11.65	1200816	1195216	1227380	1217720	1226304
SRR12615804	OXFORD_NANOPORE	2062281	0.2020	detected	yes	no	1.0670	1.0561	1.0561	1.0670	1.3134	18.08	17.68	23.14	23.17	23.24	571740	573788	584528	636000	594792
SRR12616185	OXFORD_NANOPORE	2045304	0.1750	not detected	no	no	1.0468	1.0468	1.0468	1.0468	1.2088	24.10	24.11	24.25	24.17	24.41	734300	754804	780512	772264	772692
SRR12619349	OXFORD_NANOPORE	2011542	0.3500	not detected	no	no	1.0344	1.0344	1.0344	1.0344	1.3128	43.04	43.02	42.58	42.93	43.16	1133576	1131288	1097988	1117612	1146512
SRR12622389	OXFORD_NANOPORE	2277197	0.3030	not detected	no	no	1.1490	1.1490	1.1490	1.1490	1.4243	13.67	14.44	15.37	12.41	13.19	941532	951048	929128	960208	958120
SRR12622390	OXFORD_NANOPORE	2277197	0.2930	not detected	no	no	1.1812	1.1812	1.1812	1.1812	1.4798	10.13	10.27	10.49	10.52	10.37	902604	871752	907092	888692	904960
SRR12622391	OXFORD_NANOPORE	2277198	0.3790	not detected	no	no	1.2888	1.2888	1.2888	1.2888	1.7286	4.72	4.67	4.73	4.77	4.77	604356	602812	623792	630264	623448
SRR12622397	OXFORD_NANOPORE	2277198	0.2720	not detected	no	no	1.1270	1.1270	1.1270	1.1270	1.3812	17.74	18.03	17.89	17.73	17.32	1275396	1267288	1291284	1291152	1262236
SRR12622398	OXFORD_NANOPORE	2277198	0.3500	not detected	no	no	1.2085	1.2085	1.2085	1.2085	1.6442	4.98	5.05	5.03	5.00	5.01	610652	611640	617424	617112	622972
SRR12622399	OXFORD_NANOPORE	2277198	0.2620	not detected	no	no	1.1261	1.1261	1.1261	1.1261	1.3421	23.06	23.03	22.91	25.19	23.83	1614696	1657120	1675544	1646008	1678992
SRR12622400	OXFORD_NANOPORE	2277198	0.3330	not detected	no	no	1.2198	1.2198	1.2198	1.2198	1.5890	6.76	6.90	8.10	7.36	6.70	682900	684868	705760	705748	717736
SRR12622555	PACBIO_SMRT	3922746	0.3620	not detected	no	no	1.8957	1.8957	1.8957	1.8957	2.8999	5.42	5.40	5.54	5.68	5.63	586248	590232	608072	604804	607056
SRR12628169	OXFORD_NANOPORE	5746424	0.1870	not detected	no	no	1.0511	1.0511	1.0511	1.0511	1.1500	20.09	20.35	20.71	20.56	20.75	1188780	1189312	1195436	1207860	1210716
SRR12695182	OXFORD_NANOPORE	2957228	0.1100	not detected	no	no	1.0405	1.0405	1.0405	1.0405	1.1344	17.87	17.82	18.38	18.25	18.31	806256	787048	823628	822672	824160
SRR12697331	OXFORD_NANOPORE	7367353	0.2420	not detected	no	no	0.9765	0.9765	0.9765	0.9765	1.1100	26.38	26.08	26.36	26.34	26.38	1991120	1994472	2017824	2023728	2016572
SRR12697332	OXFORD_NANOPORE	6870625	0.1920	not detected	no	no	1.0169	1.0169	1.0169	1.0169	1.1398	24.21	23.58	24.00	24.21	23.49	1639972	1630796	1666228	1657300	1661136
SRR12697334	OXFORD_NANOPORE	7240218	0.2490	not detected	no	no	0.9700	0.9700	0.9700	0.9700	1.1150	24.54	24.66	25.03	24.92	25.07	1833368	1859288	1879080	1881120	1855408
SRR12704060	PACBIO_SMRT	5185050	0.2670	not detected	no	no	1.3335	1.3335	1.3335	1.3335	1.7482	6.33	6.47	6.64	6.61	6.63	591444	593816	609148	608104	612944
SRR12704061	PACBIO_SMRT	6093178	0.2530	not detected	no	no	1.2908	1.2908	1.2908	1.2908	1.6712	5.57	5.65	5.77	5.92	5.77	597556	594728	614444	617188	613144
SRR12713672	OXFORD_NANOPORE	4187797	0.4650	not detected	no	no	1.3794	1.3794	1.3794	1.3794	2.1019	12.08	12.13	12.65	12.56	12.52	146212	146516	145808	149904	151952
SRR12720144	OXFORD_NANOPORE	3013505	0.2150	not detected	no	no	1.0255	1.0255	1.0255	1.0255	1.1337	38.65	38.48	38.58	38.76	39.03	2302396	2325000	2359468	2358240	2336908
SRR12739076	PACBIO_SMRT	3077465	0.5250	not detected	no	no	2.1265	2.1265	2.1265	2.1265	3.9003	11.63	11.71	11.67	11.62	11.69	1190136	1198472	1218248	1221704	1218960
SRR12739077	PACBIO_SMRT	3077465	0.5430	not detected	no	no	2.3274	2.3274	2.3274	2.3274	4.2459	14.62	15.10	15.38	13.07	15.10	1193520	1224952	1226004	1264704	1254584
SRR12739078	PACBIO_SMRT	3077465	0.5340	not detected	no	no	2.1339	2.1339	2.1339	2.1339	3.9007	16.10	16.35	16.02	15.40	15.96	1197384	1211476	1228264	1251072	1265292
SRR12765273	OXFORD_NANOPORE	2958807	0.2070	not detected	no	no	1.0941	1.0941	1.0941	1.0941	1.3333	5.69	5.70	5.80	5.83	5.80	605780	599620	632892	629680	631312
SRR12799752	OXFORD_NANOPORE	2496734	0.2040	not detected	no	no	1.0083	1.0083	1.0083	1.0083	1.1231	40.54	40.42	40.56	39.37	40.08	2066096	2091044	2092884	2072692	2018876
SRR12800422	PACBIO_SMRT	891641	0.6190	not detected	no	no	1.4693	1.4693	1.4693	1.4693	2.6262	12.74	12.62	12.68	12.70	12.68	1207988	1212788	1248236	1241736	1242584
SRR12801728	OXFORD_NANOPORE	4399032	0.3560	not detected	no	no	1.1328	1.1328	1.1328	1.1328	1.4907	18.77	18.84	19.09	19.36	19.18	855644	826352	863984	868220	869624
SRR12804324	OXFORD_NANOPORE	2093987	0.6690	not detected	no	no	1.5569	1.5569	1.5569	1.5569	5.0971	10.16	10.15	10.48	10.29	10.41	579328	584188	598356	598692	601264
SRR12805687	OXFORD_NANOPORE	2018144	0.3110	not detected	no	no	1.5038	1.5038	1.5038	1.5038	2.0326	8.68	8.54	8.60	8.82	8.84	838928	837824	860212	854068	865760
SRR12805693	OXFORD_NANOPORE	2022727	0.5060	not detected	no	no	1.5090	1.5090	1.5090	1.5090	2.6824	5.20	5.19	5.25	5.24	5.26	594328	585472	610752	610496	613212
SRR12811577	PACBIO_SMRT	5896689	0.3930	not detected	no	no	2.0633	2.0633	2.0633	2.0633	3.1236	7.56	6.62	7.07	6.91	6.83	1016400	1021488	1067204	1049640	1036996
SRR12811583	PACBIO_SMRT	5825322	0.4650	not detected	no	no	3.4335	3.4335	3.4335	3.4335	5.4198	4.93	4.89	5.03	5.08	4.98	779292	728884	815460	814092	799472
SRR12811588	PACBIO_SMRT	5515915	0.4560	not detected	no	no	3.2701	3.2701	3.2701	3.2701	5.3723	4.54	4.52	4.58	5.02	4.89	874356	942456	879000	943340	960056
SRR12811598	PACBIO_SMRT	5624921	0.3620	not detected	no	no	1.7795	1.7795	1.7795	1.7795	2.6891	6.41	6.42	6.76	6.70	6.68	964664	978272	991460	996592	994644
SRR12824648	OXFORD_NANOPORE	3020299	0.2390	not detected	no	no	0.9974	0.9974	0.9974	0.9974	1.1255	41.71	41.79	42.25	42.59	42.39	2404660	2410020	2408420	2413844	2363724
SRR12824650	OXFORD_NANOPORE	2799835	0.1760	not detected	no	no	1.0078	1.0078	1.0078	1.0078	1.0954	43.72	43.24	44.44	44.57	45.12	2396560	2401360	2371000	2436448	2407928
SRR12825098	OXFORD_NANOPORE	5015190	0.4540	detected	yes	no	0.9683	0.9390	0.9390	0.9683	1.1163	38.22	38.97	43.53	43.08	42.40	1863128	1865856	2047496	2046404	2049068
SRR12825305	OXFORD_NANOPORE	1775624	0.1960	not detected	no	no	0.9948	0.9948	0.9948	0.9948	1.1320	51.67	51.85	52.20	52.08	52.53	1939944	2009712	2009432	2003916	2004224
SRR12825849	PACBIO_SMRT	2132299	0.2280	not detected	no	no	1.3437	1.3437	1.3437	1.3437	1.6221	9.11	8.89	9.07	9.16	9.28	1116748	1121952	1144836	1144880	1142200
SRR12825855	PACBIO_SMRT	3152123	0.2540	not detected	no	no	1.4132	1.4132	1.4132	1.4132	1.7902	7.47	7.60	8.35	8.99	10.21	1101796	1120924	1162072	1151692	1166968
SRR12825871	OXFORD_NANOPORE	6306352	0.6970	not detected	no	no	1.3740	1.3740	1.3740	1.3740	3.6824	13.31	13.01	14.38	14.25	13.85	610664	609376	596720	622980	625108
SRR12825879	PACBIO_SMRT	4647315	0.1670	not detected	no	no	1.1527	1.1527	1.1527	1.1527	1.3120	9.49	9.36	9.91	10.00	9.86	1172932	1167872	1188964	1188964	1193060
SRR12825882	PACBIO_SMRT	2075758	0.1940	not detected	no	no	1.2234	1.2234	1.2234	1.2234	1.4411	8.79	8.84	9.05	9.11	9.19	1123808	1125856	1147412	1152300	1153004
SRR12881567	OXFORD_NANOPORE	1728764	0.6970	detected	yes	no	1.5705	1.2937	1.2937	1.5705	2.3925	16.39	16.17	15.31	15.11	15.02	749052	780620	984800	966932	983144
SRR12881568	OXFORD_NANOPORE	1728764	0.5740	detected	yes	no	0.9833	0.9748	0.9748	0.9833	1.2704	15.07	14.89	16.24	16.25	16.27	658620	654572	769552	753124	721092
SRR12883149	OXFORD_NANOPORE	3562720	0.3140	not detected	no	no	0.9393	0.9393	0.9393	0.9393	1.0453	42.85	43.55	43.47	42.16	42.77	2021360	2015956	2043128	2045172	2047960
SRR12905381	OXFORD_NANOPORE	7189892	0.3440	not detected	no	no	1.0807	1.0807	1.0807	1.0807	1.4651	6.13	6.06	6.30	6.41	6.31	568820	569340	591368	590412	597096
SRR12919160	OXFORD_NANOPORE	8085095	0.2770	not detected	no	no	1.3939	1.3939	1.3939	1.3939	1.7569	14.46	14.73	15.17	15.35	15.33	1137684	1142372	1170556	1170964	1163060
SRR12921566	OXFORD_NANOPORE	1702402	0.1580	not detected	no	no	1.0544	1.0544	1.0544	1.0544	1.1722	13.13	13.42	13.58	13.81	13.67	504184	528800	523944	521872	540844
SRR12921573	OXFORD_NANOPORE	1706438	0.1490	not detected	no	no	1.0030	1.0030	1.0030	1.0030	1.0835	8.96	9.31	10.53	9.17	9.13	603068	631016	678796	694228	714852
SRR12921574	OXFORD_NANOPORE	1662107	0.3310	not detected	no	no	1.1108	1.1146	1.1108	1.1108	1.3727	7.83	8.42	7.07	10.46	7.07	506700	551296	608284	599132	568508
SRR12921575	OXFORD_NANOPORE	1734736	0.1630	not detected	no	no	1.0417	1.0417	1.0417	1.0417	1.1420	13.24	13.24	13.40	13.62	13.56	631500	646432	662812	666032	683440
SRR12933777	PACBIO_SMRT	2479638	0.3990	not detected	no	no	0.8727	0.8727	0.8727	0.8727	1.3944	1.07	1.06	1.06	1.07	1.08	167520	163432	177728	177728	177728
SRR12933779	PACBIO_SMRT	2479638	0.1910	not detected	no	no	1.1913	1.1913	1.1913	1.1913	1.3831	8.85	8.78	9.80	9.23	8.84	1054888	1063824	1157172	1119204	1067676
SRR12934924	PACBIO_SMRT	5200450	0.2510	not detected	no	no	1.4045	1.4045	1.4045	1.4045	1.7973	5.23	5.15	5.42	5.45	5.46	541116	542724	562800	564320	564036
SRR12934927	PACBIO_SMRT	4593248	0.3040	not detected	no	no	1.4292	1.4292	1.4292	1.4292	1.8659	5.30	5.20	5.55	5.45	5.45	577124	572780	596484	592524	591264
SRR12935942	OXFORD_NANOPORE	9137078	0.2400	not detected	no	no	1.0532	1.0532	1.0532	1.0532	1.2122	9.55	9.33	9.57	9.46	9.52	889212	891364	913524	919640	918856
SRR12935945	OXFORD_NANOPORE	8489442	0.2700	not detected	no	no	1.0993	1.0993	1.0993	1.0993	1.3034	9.68	9.77	9.95	10.27	10.12	585152	582356	606988	606272	604272
SRR12935947	OXFORD_NANOPORE	8312872	0.2850	not detected	no	no	1.1321	1.1321	1.1321	1.1321	1.3829	8.44	8.41	8.76	8.70	8.38	541572	541740	559512	562368	558400
SRR12935953	OXFORD_NANOPORE	8358211	0.8410	not detected	no	yes	4.4520	1.7547	1.7547	1.7547	4.4520	10.53	10.36	10.83	10.70	10.85	333444	339428	364828	362776	366876
SRR12935955	OXFORD_NANOPORE	10772313	0.8730	not detected	no	yes	3.1687	1.6063	1.6063	1.6063	3.1687	13.25	13.31	13.79	13.69	13.85	285944	285944	310136	306036	310132
SRR12935957	OXFORD_NANOPORE	8798068	0.8730	not detected	no	yes	4.4635	2.2252	2.2252	2.2252	4.4635	11.56	11.44	11.47	11.72	11.81	291716	289872	307484	317188	317064
SRR12935959	OXFORD_NANOPORE	8795756	0.8090	not detected	no	yes	3.6702	2.2956	2.2956	2.2956	3.6702	5.98	5.93	6.14	6.12	6.30	273224	273176	279912	267072	275172
SRR12935970	OXFORD_NANOPORE	8514676	0.7340	not detected	no	no	2.3737	2.3737	2.3737	2.3737	3.8475	7.02	7.38	7.42	7.33	7.21	289568	305428	307892	326100	303644
SRR12935974	OXFORD_NANOPORE	9195219	0.7420	not detected	no	no	2.0063	2.0063	2.0063	2.0063	3.1745	6.99	7.19	7.00	7.09	7.05	230848	245308	242812	239620	234136
SRR12935990	OXFORD_NANOPORE	8543891	0.7790	not detected	no	no	1.8511	1.8511	1.8511	1.8511	3.4134	14.55	14.41	14.99	15.09	14.95	286672	289504	321500	310900	326564
SRR12936005	OXFORD_NANOPORE	8663238	0.8240	not detected	no	yes	2.6429	1.7280	1.7280	1.7280	2.6429	10.43	10.49	10.80	10.70	10.67	200664	216724	204444	209384	203868
SRR12936016	OXFORD_NANOPORE	8094900	0.7440	not detected	no	no	1.8416	1.8416	1.8416	1.8416	3.5873	8.30	9.01	8.86	8.74	9.04	289496	307096	326900	315432	326672
SRR12936022	OXFORD_NANOPORE	7471060	0.6970	not detected	no	no	2.3233	2.3233	2.3233	2.3233	3.5130	2.02	2.04	2.06	2.03	2.06	276548	276568	275864	276164	278224
SRR12936035	OXFORD_NANOPORE	9494728	0.5440	not detected	no	no	1.9155	1.9155	1.9155	1.9155	2.9490	4.06	4.18	4.03	4.13	4.34	543748	589168	554060	557824	572784
SRR12936660	PACBIO_SMRT	2904831	0.2410	not detected	no	no	1.2299	1.2299	1.2299	1.2299	1.4660	9.94	9.93	10.21	10.18	10.17	1159924	1155604	1182968	1187824	1179340
SRR12937579	OXFORD_NANOPORE	4032448	0.1220	not detected	no	no	0.9946	0.9946	0.9946	0.9946	1.0609	15.17	15.29	15.39	15.60	15.51	924548	957400	973760	943872	977924
SRR12937956	PACBIO_SMRT	2583917	0.3200	not detected	no	no	1.7552	1.7552	1.7552	1.7552	2.4751	5.38	5.39	5.61	5.62	5.67	1009776	1009556	1026900	1026296	1028372
SRR12937959	PACBIO_SMRT	5484374	0.2600	not detected	no	no	1.4270	1.4270	1.4270	1.4270	1.8125	8.31	9.53	9.24	8.86	8.99	1129452	1189016	1183416	1160192	1198668
SRR12938614	PACBIO_SMRT	5275260	0.2140	not detected	no	no	1.3170	1.3170	1.3170	1.3170	1.6005	9.39	8.89	9.29	9.32	9.36	1159884	1149196	1178756	1178536	1186668
SRR12938618	PACBIO_SMRT	2669288	0.2900	not detected	no	no	1.5018	1.5018	1.5018	1.5018	1.9722	8.36	8.35	8.65	8.64	8.70	1136300	1139476	1162720	1160136	1164580
SRR12938891	PACBIO_SMRT	2634722	0.2690	not detected	no	no	1.4576	1.4576	1.4576	1.4576	1.7878	10.91	10.97	11.71	11.18	11.05	1165096	1157660	1224964	1186788	1191552
SRR12938913	PACBIO_SMRT	2556308	0.2440	not detected	no	no	1.3340	1.3340	1.3340	1.3340	1.6170	11.57	11.21	12.41	12.21	11.99	1219848	1175744	1233124	1257540	1196044
SRR12938915	PACBIO_SMRT	2543530	0.2630	not detected	no	no	1.2987	1.2987	1.2987	1.2987	1.5838	10.25	10.40	10.51	10.31	10.51	1170372	1172428	1190068	1193520	1193520
SRR12938961	PACBIO_SMRT	3026517	0.3000	not detected	no	no	1.3213	1.3213	1.3213	1.3213	1.6780	8.26	8.27	8.57	8.83	8.63	1109712	1108968	1131184	1125032	1127084
SRR12951179	OXFORD_NANOPORE	3984955	0.6490	not detected	no	no	0.9535	0.9535	0.9535	0.9535	2.0416	12.70	11.88	15.01	12.43	12.31	612208	649336	658244	642480	664276
SRR12951264	OXFORD_NANOPORE	4299254	0.3640	not detected	no	no	1.2493	1.2493	1.2493	1.2493	1.7046	14.06	14.90	17.04	15.99	17.31	734272	736080	769772	766744	768676
SRR12953601	PACBIO_SMRT	4745224	0.4550	not detected	no	no	1.9770	1.9770	1.9770	1.9770	3.3293	19.03	19.11	19.32	19.25	19.25	2013132	2020336	2038900	2033520	2047924
SRR12970172	PACBIO_SMRT	3712988	0.3140	not detected	no	no	1.3530	1.3530	1.3530	1.3530	1.8388	12.19	12.15	12.42	12.40	12.39	1652036	1655228	1682096	1684604	1681480
SRR12970238	PACBIO_SMRT	3982951	0.3670	not detected	no	no	1.5141	1.5141	1.5141	1.5141	2.2640	16.55	16.06	17.04	16.48	16.48	1750028	1742332	1776852	1762460	1760900
SRR12970287	PACBIO_SMRT	3520443	0.4490	not detected	no	no	1.5225	1.5225	1.5225	1.5225	2.4621	11.01	11.20	11.24	11.09	11.06	1627012	1632680	1662212	1655088	1657320
SRR12975746	PACBIO_SMRT	3267287	0.1430	not detected	no	no	1.1942	1.1942	1.1942	1.1942	1.3423	14.47	14.67	14.51	14.87	14.70	1667000	1666176	1699172	1694508	1698668
SRR12995612	OXFORD_NANOPORE	6950092	0.1480	not detected	no	no	0.9815	0.9815	0.9815	0.9815	1.0703	23.59	23.75	24.04	23.90	24.20	1701996	1706932	1716368	1672884	1724740
SRR12995722	OXFORD_NANOPORE	2140969	0.4700	not detected	no	no	1.2461	1.2461	1.2461	1.2461	2.0000	5.87	5.96	5.68	6.02	5.92	411368	394668	427724	420480	430236
SRR12995723	OXFORD_NANOPORE	2040445	0.5380	not detected	no	no	1.3861	1.3861	1.3861	1.3861	2.3357	3.60	3.59	3.67	3.64	3.60	326140	324084	348768	349404	348328
SRR12995724	OXFORD_NANOPORE	2044877	0.3900	not detected	no	no	1.1174	1.1174	1.1174	1.1174	1.5985	7.75	7.77	7.83	7.91	7.76	588384	590836	611964	603776	607868
SRR12995728	OXFORD_NANOPORE	2154778	0.4300	not detected	no	no	1.1687	1.1826	1.1687	1.1687	1.7218	3.92	3.81	3.78	3.72	3.86	447552	522704	507340	520404	544648
SRR13009132	OXFORD_NANOPORE	2726177	0.7130	detected	yes	no	0.4813	0.6607	0.6607	0.4813	1.1172	439.24	434.95	67.30	66.87	67.61	5372656	5257388	2158448	2202616	2196292
SRR13014004	OXFORD_NANOPORE	3364212	0.2380	not detected	no	no	0.9634	0.9634	0.9634	0.9634	1.1321	228.13	228.46	235.95	231.69	233.90	5328208	5314396	5347964	5209816	5214036
SRR13014167	PACBIO_SMRT	2297680	0.3530	not detected	no	no	1.5642	1.5642	1.5642	1.5642	2.2991	18.70	16.54	16.73	17.88	19.63	1183612	1174252	1188272	1195144	1233968
SRR13051579	OXFORD_NANOPORE	2654961	0.3510	detected	yes	no	0.9133	0.8606	0.8606	0.9133	1.1256	128.84	127.11	113.19	113.78	114.93	4172080	4177644	3996900	3998156	4012364
SRR13067349	OXFORD_NANOPORE	7401610	0.2070	not detected	no	no	1.0173	1.0173	1.0173	1.0173	1.1450	33.44	33.98	34.30	34.39	34.58	2129208	2137992	2153716	2083248	2160928
SRR13067350	OXFORD_NANOPORE	7622528	0.1820	not detected	no	no	1.0109	1.0109	1.0109	1.0109	1.1355	30.92	30.87	31.00	31.26	31.14	1976732	1971676	2001272	1936232	1993568
SRR13106728	OXFORD_NANOPORE	4940458	0.1010	not detected	no	no	1.0170	1.0232	1.0170	1.0170	1.0782	20.90	19.14	19.56	19.18	19.13	1281588	1701132	1729364	1732024	1730824
SRR13148778	OXFORD_NANOPORE	1011807	0.2730	detected	yes	no	1.0419	1.0028	1.0028	1.0419	1.2768	34.65	34.57	33.31	33.29	33.46	1014072	1024264	1008712	1032568	1019280
SRR13170267	OXFORD_NANOPORE	3290672	0.7960	not detected	no	no	1.0950	1.0950	1.0950	1.0950	4.1690	16.73	16.87	17.10	17.04	17.07	1281976	1313268	1321524	1326120	1322872
SRR13181161	PACBIO_SMRT	2474943	0.1860	not detected	no	no	1.2679	1.2679	1.2679	1.2679	1.5017	7.11	7.12	7.38	7.38	7.49	948856	944948	967064	969264	972000
SRR13181163	PACBIO_SMRT	2823217	0.2130	not detected	no	no	1.2657	1.2657	1.2657	1.2657	1.5032	7.31	7.18	7.46	7.39	7.31	940812	940284	958016	961688	962316
SRR13181232	PACBIO_SMRT	2886678	0.2200	not detected	no	no	1.2621	1.2621	1.2621	1.2621	1.5205	7.95	8.10	8.26	8.40	8.48	912244	908104	929152	929020	928308
SRR13181256	PACBIO_SMRT	2446807	0.1990	not detected	no	no	1.2845	1.2845	1.2845	1.2845	1.5427	8.93	8.99	9.06	9.12	9.30	1125120	1112020	1136532	1143976	1139400
SRR13181480	PACBIO_SMRT	2493537	0.2770	not detected	no	no	1.2838	1.2838	1.2838	1.2838	1.6068	7.55	7.66	8.14	8.37	8.95	1095772	1102896	1151324	1124008	1134532
SRR13181598	PACBIO_SMRT	2093459	0.1830	not detected	no	no	1.1789	1.1789	1.1789	1.1789	1.3643	10.81	10.88	11.09	11.04	11.30	1159048	1155808	1182168	1179828	1176716
SRR13181644	PACBIO_SMRT	2652865	0.2590	not detected	no	no	1.2678	1.2678	1.2678	1.2678	1.5369	9.86	9.72	10.23	10.04	10.13	1160240	1160240	1183116	1183724	1183728
SRR13181648	PACBIO_SMRT	8031696	0.3170	not detected	no	no	1.6988	1.6988	1.6988	1.6988	2.2206	4.81	5.10	5.36	5.09	5.31	323208	327740	354096	343336	354248
SRR13181652	PACBIO_SMRT	8053224	0.2900	not detected	no	no	1.7741	1.7741	1.7741	1.7741	2.3286	5.24	5.12	5.27	5.44	5.31	548072	551024	574256	574908	574496
SRR13181654	PACBIO_SMRT	8082614	0.3510	not detected	no	no	1.9213	1.9213	1.9213	1.9213	2.3226	4.40	4.40	4.85	4.98	5.05	232268	224420	234792	236008	232060
SRR13181655	PACBIO_SMRT	8084048	0.3480	not detected	no	no	2.0172	2.0172	2.0172	2.0172	2.3671	4.21	4.21	4.52	4.50	4.57	271288	269244	274576	267556	269592
SRR13181968	PACBIO_SMRT	3928855	0.2090	not detected	no	no	1.2751	1.2751	1.2751	1.2751	1.5253	6.85	6.82	7.09	7.18	7.11	945180	946208	966928	966068	969840
SRR13181987	PACBIO_SMRT	4570957	0.1870	not detected	no	no	1.2249	1.2249	1.2249	1.2249	1.4399	7.59	7.85	7.76	7.68	8.25	1137724	1101912	1140292	1139384	1182656
SRR13182350	PACBIO_SMRT	3619096	0.3000	not detected	no	no	1.3155	1.3155	1.3155	1.3155	1.6813	9.07	8.86	8.97	10.69	10.33	1187196	1147500	1188884	1162372	1189736
SRR13182352	PACBIO_SMRT	4813143	0.2870	not detected	no	no	1.2802	1.2802	1.2802	1.2802	1.5941	8.51	8.55	8.88	8.87	9.12	1104552	1111392	1129752	1127712	1132520
SRR13182360	PACBIO_SMRT	6613968	0.2350	not detected	no	no	1.2697	1.2697	1.2697	1.2697	1.5482	7.89	8.44	8.86	10.23	8.54	1048584	1073168	1123916	1086524	1060224
SRR13182422	PACBIO_SMRT	4812038	0.2170	not detected	no	no	1.2436	1.2436	1.2436	1.2436	1.5028	9.05	8.84	8.81	8.75	8.65	1026352	1025400	1044000	1114824	1050060
SRR13182559	PACBIO_SMRT	9798102	0.2890	not detected	no	no	1.3932	1.3932	1.3932	1.3932	1.7978	6.34	6.33	6.65	6.68	6.61	999576	1001180	1024556	1020692	1023524
SRR13182589	PACBIO_SMRT	2774993	0.2350	not detected	no	no	1.2014	1.2014	1.2014	1.2014	1.4436	7.73	7.69	7.91	7.99	8.05	1052292	1049032	1076112	1072796	1081088
SRR13182691	PACBIO_SMRT	5058561	0.2560	not detected	no	no	1.1751	1.1751	1.1751	1.1751	1.4542	10.15	9.83	10.22	10.66	11.21	1196792	1189552	1258884	1252224	1275636
SRR13183063	PACBIO_SMRT	6409097	0.2830	not detected	no	no	1.2764	1.2764	1.2764	1.2764	1.5789	5.25	5.27	5.37	5.39	5.39	1105828	1104656	1126856	1130068	1129004
SRR13183064	PACBIO_SMRT	6409097	0.3170	not detected	no	no	0.3016	0.3016	0.3016	0.3016	0.4343	1.86	1.53	1.98	1.99	1.45	307040	307088	323064	330884	327992
SRR13183065	PACBIO_SMRT	6409097	0.2570	not detected	no	no	1.1970	1.1970	1.1970	1.1970	1.4320	7.96	7.87	8.18	8.10	8.12	1140040	1130036	1158148	1155748	1156780
SRR13183067	PACBIO_SMRT	4808040	0.3600	not detected	no	no	0.3797	0.3797	0.3797	0.3797	0.6288	1.08	1.05	1.13	1.14	1.12	158432	174824	169984	174080	174080
SRR13183068	PACBIO_SMRT	4808040	0.2430	not detected	no	no	1.2056	1.2056	1.2056	1.2056	1.4481	8.55	8.51	8.90	8.58	8.79	1134968	1155368	1194196	1162460	1152840
SRR13183069	PACBIO_SMRT	4808040	0.2550	not detected	no	no	1.2265	1.2265	1.2265	1.2265	1.5113	5.05	5.14	5.16	5.09	5.04	1101952	1104716	1124008	1131132	1128376
SRR13183070	PACBIO_SMRT	4808040	0.2850	not detected	no	no	1.2956	1.2956	1.2956	1.2956	1.6267	5.61	5.57	5.66	5.67	5.54	1111616	1112976	1139072	1134584	1134012
SRR13183072	PACBIO_SMRT	4808040	0.2630	not detected	no	no	1.1927	1.1927	1.1927	1.1927	1.5105	5.25	5.79	5.39	5.69	6.13	588116	629532	656192	629840	657332
SRR13183073	PACBIO_SMRT	4808040	0.3290	not detected	no	no	1.7300	1.7300	1.7300	1.7300	2.3532	5.75	5.56	5.81	5.94	6.05	547028	496832	539552	552460	559160
SRR13195542	PACBIO_SMRT	3202093	0.4410	not detected	no	no	1.9239	1.9239	1.9239	1.9239	2.9320	4.08	4.10	4.14	4.19	4.14	583240	586892	599416	603084	603444
SRR13206615	OXFORD_NANOPORE	3858501	0.3430	not detected	no	no	0.9709	0.9709	0.9709	0.9709	1.2560	42.41	41.86	52.18	41.99	57.30	1927824	1873852	1986428	1888876	1967268
SRR13213119	OXFORD_NANOPORE	3433913	0.6840	not detected	no	no	1.4397	1.4397	1.4397	1.4397	4.4259	9.38	9.63	9.50	9.42	9.72	591656	607804	627168	631636	626468
SRR13232968	OXFORD_NANOPORE	2605463	0.2070	not detected	no	no	0.9978	0.9978	0.9978	0.9978	1.1026	10.00	10.76	10.08	10.83	10.14	640736	664912	654964	704368	634900
SRR13238532	PACBIO_SMRT	3038845	0.2440	not detected	no	no	1.2727	1.2727	1.2727	1.2727	1.5370	7.97	7.96	8.01	8.05	8.19	1149828	1141340	1162060	1156524	1161008
SRR13238693	OXFORD_NANOPORE	5457289	0.2810	not detected	no	no	1.0736	1.0736	1.0736	1.0736	1.3451	15.03	15.20	15.45	15.30	15.40	885012	906296	930516	908856	931580
SRR13243581	OXFORD_NANOPORE	3176084	0.6160	not detected	no	no	0.9759	0.9759	0.9759	0.9759	1.4506	8.87	8.95	8.91	8.78	8.92	831012	832060	844180	854676	848360
SRR13249531	OXFORD_NANOPORE	4309805	0.3010	not detected	no	no	1.1335	1.1335	1.1335	1.1335	1.4216	20.31	20.15	20.84	20.95	20.73	1311352	1315564	1303496	1288276	1276468
SRR13249533	OXFORD_NANOPORE	5198760	0.2260	not detected	no	no	1.0345	1.0345	1.0345	1.0345	1.1817	6.80	6.92	6.93	7.00	7.02	572704	571204	573576	593540	572384
SRR13258485	OXFORD_NANOPORE	3095810	0.6850	not detected	no	no	1.1412	1.1412	1.1412	1.1412	2.1621	9.00	8.98	9.09	9.11	9.17	604576	596012	621016	609876	616164
SRR13260924	OXFORD_NANOPORE	7832041	0.1500	not detected	no	no	1.1231	1.1231	1.1231	1.1231	1.2925	8.20	8.18	8.50	8.71	8.72	590772	576396	604276	610424	609296
SRR13289773	OXFORD_NANOPORE	2482394	0.3820	not detected	no	no	1.0850	1.0850	1.0850	1.0850	1.4051	24.00	24.36	24.53	24.47	24.99	1239148	1248564	1269944	1249436	1231968
SRR13295144	OXFORD_NANOPORE	6144893	0.2590	not detected	no	no	0.9678	0.9678	0.9678	0.9678	1.0296	39.92	40.83	39.98	41.16	40.64	2144852	2192048	2189796	2192828	2155172
SRR13295147	OXFORD_NANOPORE	6419483	0.3740	not detected	no	no	1.0496	1.0496	1.0496	1.0496	1.1419	14.82	15.00	15.16	17.65	18.04	509108	508160	535132	541384	542432
SRR13348937	OXFORD_NANOPORE	5685062	0.2920	not detected	no	no	1.1152	1.1152	1.1152	1.1152	1.3633	14.30	14.36	14.72	14.62	14.69	837948	843656	864676	866040	861044
SRR13348939	OXFORD_NANOPORE	5676463	0.2600	not detected	no	no	1.1051	1.1051	1.1051	1.1051	1.3399	13.01	13.06	13.38	13.41	13.53	736860	736860	755748	759836	759844
SRR13348942	OXFORD_NANOPORE	5391123	0.2620	not detected	no	no	1.0976	1.0976	1.0976	1.0976	1.3200	17.76	17.79	13.08	17.74	11.24	1184732	1186436	1241588	1230072	1206836
SRR13355265	PACBIO_SMRT	5282528	0.3170	not detected	no	no	1.1987	1.1987	1.1987	1.1987	1.4264	12.55	15.99	13.30	11.57	14.90	1579452	1578000	1647800	1599480	1631556
SRR13365414	PACBIO_SMRT	8193177	0.3170	not detected	no	no	1.2604	1.2604	1.2604	1.2604	1.7101	17.93	18.28	18.53	18.50	18.67	1700772	1700236	1724924	1728232	1728948
SRR13443114	PACBIO_SMRT	2871334	0.1630	not detected	no	no	1.1745	1.1745	1.1745	1.1745	1.3480	9.85	9.84	10.04	9.98	9.94	1171908	1176972	1191180	1195564	1197436
SRR13447360	PACBIO_SMRT	2886896	0.1700	not detected	no	no	1.1776	1.1776	1.1776	1.1776	1.3496	9.56	9.73	9.72	9.39	9.48	1179140	1172136	1197464	1198736	1194648
SRR13449989	PACBIO_SMRT	2901393	0.1600	not detected	no	no	1.1862	1.1862	1.1862	1.1862	1.3515	11.99	11.84	12.13	11.99	11.91	1188872	1192856	1236288	1222352	1217776
SRR13495179	OXFORD_NANOPORE	9073954	0.2610	not detected	no	no	1.0481	1.0481	1.0481	1.0481	1.2764	6.16	5.80	5.94	5.87	5.82	747468	729264	748008	751636	753300
SRR13496244	OXFORD_NANOPORE	6423694	0.6470	detected	yes	no	0.9206	0.8907	0.8907	0.9206	1.1769	18.27	17.73	26.67	36.91	34.06	964780	948688	1097368	1136592	1105104
SRR13500706	OXFORD_NANOPORE	2222653	0.3360	not detected	no	no	0.9841	0.9841	0.9841	0.9841	1.1269	62.77	62.39	63.22	71.67	62.72	2117000	2173748	2143640	2139184	2136088
SRR13601331	OXFORD_NANOPORE	5186229	0.1830	not detected	no	no	1.0643	1.0643	1.0643	1.0643	1.2217	18.26	18.08	21.06	20.18	21.60	907636	884812	882644	922092	934872
SRR13624705	OXFORD_NANOPORE	6407559	0.3470	not detected	no	no	1.0308	1.0308	1.0308	1.0308	1.3315	21.14	19.35	22.24	19.44	21.63	927304	951708	947812	942636	959012
SRR13642592	PACBIO_SMRT	10410654	0.5290	not detected	no	no	1.1984	1.1984	1.1984	1.1984	1.5894	9.17	9.23	9.39	9.05	9.45	1216904	1218096	1234904	1227472	1275408
SRR13668413	PACBIO_SMRT	5758155	0.3140	not detected	no	no	1.2486	1.2486	1.2486	1.2486	1.5577	7.42	7.86	7.87	7.97	9.12	964796	950872	975964	1061376	1059232
SRR13668427	PACBIO_SMRT	5557539	0.2310	not detected	no	no	1.2618	1.2618	1.2618	1.2618	1.5403	7.58	7.68	7.86	7.98	7.90	1026704	1029208	1053676	1053316	1054692
SRR13668439	PACBIO_SMRT	5488143	0.1830	not detected	no	no	1.1601	1.1601	1.1601	1.1601	1.3552	8.30	8.54	8.41	8.29	9.62	1123744	1178484	1132896	1143528	1203836
SRR13670000	PACBIO_SMRT	5082423	0.2430	not detected	no	no	1.1929	1.1929	1.1929	1.1929	1.4280	9.49	9.55	9.76	9.55	9.63	1178256	1178448	1210680	1209020	1204488
SRR13670059	OXFORD_NANOPORE	2481998	0.7390	not detected	no	no	1.5898	1.5898	1.5898	1.5898	3.1290	1.43	1.45	1.46	1.53	1.56	225752	233560	234360	245016	254012
SRR13670061	OXFORD_NANOPORE	2431961	0.7140	not detected	no	no	1.3543	1.3543	1.3543	1.3543	2.5306	9.58	9.77	9.95	10.04	10.06	313728	320652	328100	325680	340592
SRR13670131	PACBIO_SMRT	5346695	0.2390	not detected	no	no	1.1461	1.1461	1.1461	1.1461	1.3449	9.36	9.34	9.68	9.55	9.76	1196056	1192288	1225920	1224552	1224316
SRR13670628	PACBIO_SMRT	5590265	0.2240	not detected	no	no	1.1403	1.1403	1.1403	1.1403	1.3334	10.25	10.18	10.55	10.48	10.57	1183632	1180820	1209404	1210760	1209356
SRR13672888	PACBIO_SMRT	5168953	0.2180	not detected	no	no	1.1363	1.1363	1.1363	1.1363	1.3072	11.24	11.08	11.50	11.50	11.60	1246488	1238296	1265172	1267072	1265820
SRR13674228	PACBIO_SMRT	5278156	0.1760	not detected	no	no	1.1860	1.1860	1.1860	1.1860	1.3673	8.53	8.54	8.77	8.73	8.74	1126312	1125736	1143820	1148020	1144200
SRR13674234	PACBIO_SMRT	5271331	0.2450	not detected	no	no	1.3505	1.3505	1.3505	1.3505	1.6750	6.79	6.88	7.05	6.97	7.01	1033760	1030328	1058024	1056808	1056228
SRR13674408	PACBIO_SMRT	3373067	0.2690	not detected	no	no	1.3707	1.3707	1.3707	1.3707	1.7759	6.69	6.65	7.03	6.89	6.98	606460	600812	619748	615560	623784
SRR13674440	PACBIO_SMRT	1981414	0.2100	not detected	no	no	1.2448	1.2448	1.2448	1.2448	1.4903	8.17	8.24	8.55	8.41	8.53	761992	764768	781872	777840	783600
SRR13674457	PACBIO_SMRT	4105080	0.3210	not detected	no	no	1.2740	1.2740	1.2740	1.2740	1.6111	6.88	6.77	7.04	7.26	7.14	816976	816984	840148	835756	834824
SRR13674459	PACBIO_SMRT	4105436	0.2400	not detected	no	no	1.2189	1.2189	1.2189	1.2189	1.5090	8.51	8.54	8.73	8.74	8.92	1131120	1127268	1149484	1155372	1155760
SRR13674460	PACBIO_SMRT	4105604	0.3600	not detected	no	no	1.4990	1.4990	1.4990	1.4990	2.0377	6.92	6.60	6.70	6.59	6.69	642760	643152	629744	634668	632096
SRR13674462	PACBIO_SMRT	4105067	0.3610	not detected	no	no	1.4324	1.4324	1.4324	1.4324	1.9756	7.78	8.11	10.10	10.20	8.01	639232	680396	695780	685404	664396
SRR13674464	PACBIO_SMRT	4104031	0.3640	not detected	no	no	1.5040	1.5040	1.5040	1.5040	2.0740	6.55	7.00	6.80	6.89	7.21	604176	612252	628736	629632	632584
SRR13679345	OXFORD_NANOPORE	1988065	0.1450	not detected	no	no	1.0055	1.0055	1.0055	1.0055	1.0577	16.77	16.46	16.78	17.27	17.02	870988	867004	911512	888480	912696
SRR13684572	OXFORD_NANOPORE	5990776	0.3990	not detected	no	no	1.2270	1.2270	1.2270	1.2270	1.7683	13.63	13.66	14.32	14.33	14.51	631288	639616	694248	700816	697152
SRR13684636	OXFORD_NANOPORE	5235458	0.5000	not detected	no	no	1.5543	1.5543	1.5543	1.5543	2.4902	8.04	7.93	8.23	8.14	8.24	528980	525844	550984	545520	546224
SRR13706186	OXFORD_NANOPORE	5821889	0.3680	not detected	no	no	1.1004	1.1004	1.1004	1.1004	1.4009	6.11	6.03	6.14	6.19	6.16	147964	150500	161672	167632	160216
SRR13734254	OXFORD_NANOPORE	4993755	0.3720	not detected	no	no	1.0046	1.0046	1.0046	1.0046	1.2185	65.99	66.28	67.54	66.89	68.60	2256516	2337632	2362796	2359748	2273672
SRR13758474	OXFORD_NANOPORE	3300602	0.1070	not detected	no	no	1.0813	1.0813	1.0813	1.0813	1.1835	5.73	5.52	5.54	5.63	5.64	480844	462972	472492	473212	470164
SRR13759105	OXFORD_NANOPORE	5194957	0.4030	not detected	no	no	1.3668	1.3668	1.3668	1.3668	2.0211	4.43	4.34	4.43	4.39	4.47	293164	296144	315392	313348	313348
SRR13759106	OXFORD_NANOPORE	5194957	0.3760	not detected	no	no	1.3421	1.3421	1.3421	1.3421	1.9024	13.26	13.60	13.59	13.89	13.70	318688	316628	356620	353060	351560
SRR13775335	OXFORD_NANOPORE	7266754	0.3660	not detected	no	no	1.1810	1.1810	1.1810	1.1810	1.6421	13.69	13.96	14.11	14.30	14.20	606596	605144	641952	638988	635980
SRR13781387	OXFORD_NANOPORE	5755538	0.1440	not detected	no	no	1.0447	1.0447	1.0447	1.0447	1.1776	14.45	14.54	14.96	15.63	15.96	861464	881876	952112	948424	938924
SRR13837247	PACBIO_SMRT	4131713	0.1160	not detected	no	no	0.9822	0.9822	0.9822	0.9822	1.0004	33.92	32.72	32.70	32.92	33.01	918784	970652	992204	994064	978036
SRR13950234	OXFORD_NANOPORE	5506261	0.4350	not detected	no	no	1.0268	1.0268	1.0268	1.0268	1.3869	21.40	21.00	21.44	20.99	21.31	946472	905668	942304	944436	963656
SRR13950235	OXFORD_NANOPORE	5506561	0.3540	not detected	no	no	1.0507	1.0507	1.0507	1.0507	1.2852	37.89	38.24	38.10	37.71	38.34	1909364	1928072	1869352	1920760	1942256
SRR13950237	OXFORD_NANOPORE	5506152	0.3860	not detected	no	no	1.0252	1.0252	1.0252	1.0252	1.2956	25.08	24.55	24.63	25.02	24.75	1249316	1251640	1303704	1284464	1282904
SRR13950244	OXFORD_NANOPORE	5324563	0.6270	not detected	no	no	1.2036	1.2036	1.2036	1.2036	2.0002	6.34	6.16	7.71	6.37	6.33	513080	513216	547756	538872	535068
SRR13950255	OXFORD_NANOPORE	5505637	0.5520	not detected	no	no	1.1004	1.0845	1.1004	1.1004	1.6581	7.19	6.94	6.82	6.96	7.10	408660	560480	572956	580904	598564
SRR13950258	OXFORD_NANOPORE	5505780	0.3130	not detected	no	no	1.0249	1.0249	1.0249	1.0249	1.2304	21.24	20.98	21.03	20.94	21.08	1155816	1155192	1168792	1160200	1151908
SRR13950259	OXFORD_NANOPORE	5501188	0.3510	not detected	no	no	0.9871	0.9871	0.9871	0.9871	1.2233	22.79	22.22	22.39	22.41	22.49	1167992	1179192	1181220	1139820	1186420
SRR13950262	OXFORD_NANOPORE	5506524	0.3710	not detected	no	no	1.0534	1.0534	1.0534	1.0534	1.3382	21.92	21.63	21.73	22.04	21.81	1011168	1064932	1071428	1038160	1079500
SRR13950267	OXFORD_NANOPORE	5504459	0.4780	not detected	no	no	1.0575	1.0575	1.0575	1.0575	1.4915	11.13	11.12	11.08	10.94	11.06	571880	558480	572008	583428	572048
SRR13950269	OXFORD_NANOPORE	5483579	0.4430	not detected	no	no	1.0706	1.0706	1.0706	1.0706	1.4421	13.88	14.04	14.12	14.27	14.06	866624	845992	898192	873968	903872
SRR13950270	OXFORD_NANOPORE	5505497	0.4240	not detected	no	no	1.0710	1.0710	1.0710	1.0710	1.3922	18.08	18.17	17.80	17.78	17.52	1029928	1063492	1089156	1076044	1062960
SRR13950271	OXFORD_NANOPORE	5506528	0.4800	not detected	no	no	1.0071	0.5438	1.0071	1.0071	1.3036	1.98	3.80	3.93	3.87	4.08	81456	500600	521332	512740	510432
SRR13950272	OXFORD_NANOPORE	5505142	0.3510	not detected	no	no	0.9839	0.9607	0.9839	0.9839	1.2168	6.13	9.20	9.28	9.28	9.34	192520	844800	867420	849316	834944
SRR13950274	OXFORD_NANOPORE	5323525	0.3410	not detected	no	no	0.9947	0.9947	0.9947	0.9947	1.2174	23.53	23.30	23.34	22.97	22.68	1117556	1113136	1191692	1222316	1226784
SRR13950275	OXFORD_NANOPORE	5505898	0.3750	not detected	no	no	1.0161	1.0161	1.0161	1.0161	1.2934	25.52	25.21	26.04	42.22	25.58	1236360	1150820	1265552	1208516	1245564
SRR13950277	OXFORD_NANOPORE	5506783	0.6240	not detected	no	no	1.0758	1.0758	1.0758	1.0758	1.8172	5.52	5.52	5.55	5.41	5.26	511920	513956	539864	572604	544024
SRR13988657	OXFORD_NANOPORE	8773899	0.1750	not detected	no	no	1.0608	1.0608	1.0608	1.0608	1.2486	5.90	5.66	5.81	5.66	5.61	864980	863852	885084	882704	885884
SRR13994224	OXFORD_NANOPORE	2514993	0.3230	not detected	no	no	0.9607	0.9607	0.9607	0.9607	1.0948	113.41	115.05	114.76	116.47	116.21	2540400	2549808	2575228	2576048	2560116
SRR13997396	OXFORD_NANOPORE	6557255	0.5490	not detected	no	no	1.4345	1.4345	1.4345	1.4345	2.1567	8.97	8.96	9.19	9.13	9.19	576184	572324	592876	595504	591176
SRR13997403	OXFORD_NANOPORE	6359424	0.2390	not detected	no	no	1.0286	1.0112	1.0286	1.0286	1.2362	6.68	6.82	6.97	6.96	7.01	616752	1111396	1144672	1140624	1140624
SRR13997408	OXFORD_NANOPORE	6052372	0.4050	not detected	no	no	1.8903	1.9124	1.8903	1.8903	3.0153	6.02	6.36	5.77	5.69	5.79	603740	1120880	1152752	1136424	1148208
SRR13997411	OXFORD_NANOPORE	6660163	0.5400	not detected	no	no	1.3804	1.3804	1.3804	1.3804	2.0281	9.12	9.23	9.19	9.23	9.35	588472	588456	609420	609432	608900
SRR13997413	OXFORD_NANOPORE	6660338	0.4940	not detected	no	no	1.1917	1.1917	1.1917	1.1917	1.7016	6.11	6.11	6.21	6.19	6.25	883116	882388	900668	902624	904644
SRR13997416	OXFORD_NANOPORE	6172967	0.3910	not detected	no	no	1.0716	1.0716	1.0716	1.0716	1.2215	7.80	7.78	7.77	7.78	7.76	988316	994868	1007288	1013036	1016720
SRR13997540	OXFORD_NANOPORE	6704238	0.2410	not detected	no	no	1.0464	1.0464	1.0464	1.0464	1.2711	15.98	16.32	16.60	16.49	16.61	1157376	1174504	1185760	1184544	1181228
SRR14069006	PACBIO_SMRT	11399526	0.5930	not detected	no	no	1.1556	1.1556	1.1556	1.1556	1.5982	6.64	6.61	6.97	6.87	6.80	942492	902000	930904	980812	938504
SRR14069081	PACBIO_SMRT	11474152	0.5760	not detected	no	no	1.1977	1.1977	1.1977	1.1977	1.6392	5.97	5.96	6.29	6.27	6.23	584096	586600	610316	605060	608048
SRR14069623	PACBIO_SMRT	8753169	0.2890	not detected	no	no	1.1537	1.1537	1.1537	1.1537	1.4044	9.55	9.52	8.23	9.75	8.03	1152092	1168128	1178096	1199776	1133448
SRR14074355	OXFORD_NANOPORE	3316585	0.4580	not detected	no	no	1.3760	1.3760	1.3760	1.3760	1.4680	7.82	7.80	7.87	7.90	7.87	73740	80736	86544	85636	82052
SRR14074357	OXFORD_NANOPORE	1999512	0.1730	not detected	no	no	1.0102	1.0102	1.0102	1.0102	1.0958	159.68	157.91	158.71	159.48	159.93	3052712	3056204	3070672	3018020	3041064
SRR14075991	PACBIO_SMRT	11609901	0.3800	not detected	no	no	1.4883	1.4883	1.4883	1.4883	2.1726	23.93	21.24	26.15	21.03	21.22	1805984	1812900	1841532	1777576	1787720
SRR14103433	PACBIO_SMRT	5329607	0.2790	not detected	no	no	1.0571	1.0571	1.0571	1.0571	1.2295	12.33	12.34	12.73	12.82	12.66	2003792	2003416	2029524	2028104	2031304
SRR14108820	PACBIO_SMRT	5024671	0.2400	not detected	no	no	1.2239	1.2239	1.2239	1.2239	1.4945	8.42	8.39	8.53	8.62	8.65	1186524	1186076	1207568	1206084	1209868
SRR14108825	PACBIO_SMRT	5114786	0.2090	not detected	no	no	1.1794	1.1794	1.1794	1.1794	1.3883	8.07	7.68	8.02	7.98	8.45	1125668	1124556	1151480	1157740	1151712
SRR14108827	PACBIO_SMRT	5120965	0.2210	not detected	no	no	1.2048	1.2048	1.2048	1.2048	1.4168	7.47	7.41	7.72	7.72	7.73	1124744	1125756	1154544	1153220	1153512
SRR14139163	OXFORD_NANOPORE	5447405	0.5100	not detected	no	no	1.2971	1.2971	1.2971	1.2971	2.0936	12.50	12.48	12.82	12.83	13.05	470556	468780	473560	476972	491084
SRR14140347	PACBIO_SMRT	4434434	0.1680	not detected	no	no	1.1704	1.1704	1.1704	1.1704	1.3490	10.60	10.69	10.95	11.05	11.18	1196864	1205252	1222840	1224704	1225572
SRR14173251	OXFORD_NANOPORE	5649484	0.1920	not detected	no	no	0.9715	0.9715	0.9715	0.9715	1.0495	150.09	146.77	147.06	154.89	149.50	5120924	4979688	5188896	5068324	5012920
SRR14181225	PACBIO_SMRT	4301978	0.6250	not detected	no	no	2.6407	2.6407	2.6407	2.6407	4.6393	3.80	3.82	3.88	3.97	3.97	1060424	1062800	1089468	1090296	1089420
SRR14230911	OXFORD_NANOPORE	2114033	0.1590	not detected	no	no	1.1676	1.1676	1.1676	1.1676	1.3045	6.20	6.23	6.28	6.29	6.30	456308	452584	497880	507100	500956
SRR14230912	OXFORD_NANOPORE	2056769	0.1590	not detected	no	no	1.1311	1.1311	1.1311	1.1311	1.2569	12.48	11.15	11.83	11.44	11.45	507720	514072	540144	551132	532596
SRR14230917	OXFORD_NANOPORE	2136182	0.1610	not detected	no	no	1.2082	1.2082	1.2082	1.2082	1.3823	5.60	5.67	5.69	5.45	6.00	412052	407496	442280	442664	462092
SRR14230918	OXFORD_NANOPORE	2136182	0.1890	not detected	no	no	1.2720	1.2720	1.2720	1.2720	1.4628	4.32	4.40	4.47	4.51	4.42	316140	316144	350332	361940	351560
SRR14230919	OXFORD_NANOPORE	2099536	0.1570	not detected	no	no	1.1176	1.1176	1.1176	1.1176	1.2434	12.65	12.81	13.16	13.19	13.14	600144	597780	624024	622012	602304
SRR14230920	OXFORD_NANOPORE	2090429	0.1880	not detected	no	no	1.0579	1.0513	1.0579	1.0579	1.2184	4.94	4.44	4.50	4.45	4.46	337332	459308	494228	498272	497972
SRR14230921	OXFORD_NANOPORE	2117704	0.1680	not detected	no	no	1.0966	1.0966	1.0966	1.0966	1.2138	11.58	11.46	11.49	11.50	11.66	601512	628716	678576	680132	680740
SRR14230922	OXFORD_NANOPORE	2101534	0.1660	not detected	no	no	1.1395	1.1395	1.1395	1.1395	1.2636	8.36	8.39	8.50	8.47	8.53	530496	531100	537220	552108	552980
SRR14230960	OXFORD_NANOPORE	2075620	0.1150	not detected	no	no	1.0167	1.0167	1.0167	1.0167	1.0770	42.73	43.27	43.29	43.72	43.82	1772764	1759508	1760936	1760208	1781652
SRR14230963	OXFORD_NANOPORE	2137402	0.1110	not detected	no	no	1.0080	1.0080	1.0080	1.0080	1.0673	40.32	40.78	41.12	41.68	41.38	1716348	1664036	1720756	1676268	1678044
SRR14230973	OXFORD_NANOPORE	2097492	0.1680	not detected	no	no	1.1088	1.1088	1.1088	1.1088	1.2210	12.18	12.19	12.28	12.25	12.39	613908	640948	636024	675104	666428
SRR14230976	OXFORD_NANOPORE	2100561	0.1150	not detected	no	no	1.0060	1.0060	1.0060	1.0060	1.0576	34.35	33.43	34.32	33.23	33.78	1047544	1107872	1171732	1129048	1148224
SRR14230984	OXFORD_NANOPORE	2140995	0.1200	not detected	no	no	1.0035	1.0035	1.0035	1.0035	1.0583	41.17	45.45	45.17	41.29	42.05	1170344	1179364	1212724	1185424	1185328
SRR14294771	PACBIO_SMRT	1931655	0.1710	not detected	no	no	0.9170	0.9105	0.9170	0.9170	0.9969	30.25	26.33	26.18	26.44	26.07	465612	649060	674792	675648	674356
SRR14294773	PACBIO_SMRT	1935288	0.1720	not detected	no	no	0.9652	0.9652	0.9652	0.9652	1.0217	46.39	45.26	45.19	44.34	46.25	979212	1021880	1009888	1029656	1053372
SRR14294776	PACBIO_SMRT	1963796	0.1690	not detected	no	no	0.9437	0.9419	0.9437	0.9437	0.9952	45.43	43.58	42.83	43.47	43.53	969692	980892	1008808	1033276	1028436
SRR14294777	PACBIO_SMRT	1931655	0.1620	not detected	no	no	0.9364	0.9322	0.9364	0.9364	1.0287	49.58	47.51	46.94	47.59	47.82	996784	1001920	1020988	1015300	1034736
SRR14294779	PACBIO_SMRT	1935288	0.2220	not detected	no	no	1.2258	1.2258	1.2258	1.2258	1.5101	8.54	8.32	8.72	8.53	8.57	859264	844192	876984	847756	852884
SRR14294782	PACBIO_SMRT	1963796	0.2250	not detected	no	no	1.2111	1.2111	1.2111	1.2111	1.5146	8.04	8.13	8.61	8.54	8.80	804960	796764	825136	814476	827048
SRR14294783	PACBIO_SMRT	1931655	0.2210	not detected	no	no	1.2016	1.2016	1.2016	1.2016	1.4956	12.30	9.48	10.57	9.54	9.46	1011176	999088	1022068	1025996	1013256
SRR14294785	PACBIO_SMRT	1935288	0.1880	not detected	no	no	0.9401	0.9367	0.9401	0.9401	0.9888	47.68	44.00	43.64	43.46	43.36	840388	860480	841920	844828	877972
SRR14294788	PACBIO_SMRT	1963796	0.1780	not detected	no	no	0.9100	0.9093	0.9100	0.9100	0.9672	39.00	23.84	23.73	24.67	38.34	464444	617636	634780	634776	634780
SRR14294789	PACBIO_SMRT	1955459	0.1620	not detected	no	no	0.9533	0.9533	0.9533	0.9533	1.0131	30.93	30.90	30.96	30.35	30.72	747192	747188	786300	786808	786928
SRR14318404	PACBIO_SMRT	9796466	0.2060	not detected	no	no	1.1923	1.1923	1.1923	1.1923	1.4358	7.79	7.80	8.21	7.76	7.96	1212928	1220884	1246176	1248272	1246224
SRR14417043	PACBIO_SMRT	5000591	0.2370	not detected	no	no	1.2441	1.2441	1.2441	1.2441	1.5684	10.15	10.12	10.48	10.50	10.51	1938832	1926552	1954080	1947952	1945896
SRR14419376	PACBIO_SMRT	5509697	0.4410	not detected	no	no	1.3032	1.3032	1.3032	1.3032	1.9627	20.76	20.58	21.82	21.30	21.31	2068652	2065040	2089720	2098600	2092756
SRR14419378	PACBIO_SMRT	5634629	0.3960	not detected	no	no	1.1323	1.1323	1.1323	1.1323	1.4408	20.10	19.58	20.24	19.93	20.54	2165416	2169520	2191080	2203604	2191540
SRR14419384	PACBIO_SMRT	5639358	0.5170	not detected	no	no	1.4748	1.4748	1.4748	1.4748	2.5839	18.00	18.35	18.54	18.45	18.13	2043192	2047636	2065144	2066964	2063612
SRR14419388	PACBIO_SMRT	5555594	0.5280	not detected	no	no	1.5389	1.5389	1.5389	1.5389	2.6410	21.23	21.03	21.42	21.74	21.09	2210952	2214436	2270700	2205852	2215376
SRR14455658	OXFORD_NANOPORE	9635564	0.1650	not detected	no	no	0.9531	0.9531	0.9531	0.9531	1.0262	25.20	25.10	25.51	25.40	25.48	1093404	1087904	1199132	1154256	1201276
SRR14458708	PACBIO_SMRT	9359382	0.2230	not detected	no	no	1.2653	1.2653	1.2653	1.2653	1.5732	5.63	5.77	6.05	6.07	6.10	661592	659548	684824	680100	686492
SRR14480597	OXFORD_NANOPORE	2246389	0.1400	not detected	no	no	0.8935	0.8935	0.8935	0.8935	1.0128	15.37	15.68	15.71	16.15	16.47	877868	889452	919824	886656	923364
SRR14506983	OXFORD_NANOPORE	6592641	0.4530	not detected	no	no	1.0376	1.0376	1.0376	1.0376	1.5633	5.77	5.73	5.79	5.65	5.87	830748	833220	856756	850388	854380
SRR14619782	PACBIO_SMRT	2915057	0.2720	not detected	no	no	1.3861	1.3861	1.3861	1.3861	1.7961	10.84	9.89	10.29	10.58	10.40	1571524	1567764	1591356	1592944	1590972
SRR14621278	PACBIO_SMRT	2901641	0.2730	not detected	no	no	1.3923	1.3923	1.3923	1.3923	1.8032	9.08	9.06	9.21	9.45	9.39	1624616	1620584	1646408	1641400	1644748
SRR14621967	PACBIO_SMRT	2912948	0.2690	not detected	no	no	1.3557	1.3557	1.3557	1.3557	1.7317	9.14	8.95	9.35	9.52	9.37	1642348	1637860	1667656	1667532	1666212
SRR14640385	OXFORD_NANOPORE	6481491	0.1360	not detected	no	no	1.0472	1.0472	1.0472	1.0472	1.1461	14.47	14.68	14.82	14.86	14.79	940220	940676	954944	958708	956236
SRR14684522	OXFORD_NANOPORE	5896793	0.5040	not detected	no	no	1.1507	1.1507	1.1507	1.1507	2.2734	16.59	16.71	16.81	16.87	16.85	642740	638976	705616	705300	690432
SRR14684523	OXFORD_NANOPORE	6188426	0.6880	not detected	no	no	1.2917	1.2917	1.2917	1.2917	3.7755	14.38	14.42	14.70	14.61	14.65	614864	612428	633920	631204	635748
SRR14684526	OXFORD_NANOPORE	6384123	0.2650	detected	yes	no	0.9943	0.9204	0.9204	0.9943	1.1615	16.85	16.87	22.58	22.57	22.50	716280	690208	722500	712236	717752
SRR14684527	OXFORD_NANOPORE	5978719	0.3060	not detected	no	no	1.0635	1.0635	1.0635	1.0635	1.2384	25.59	25.59	25.70	25.63	25.76	1214504	1230284	1319892	1278528	1317156
SRR14684528	OXFORD_NANOPORE	5080097	0.2590	not detected	no	no	1.0661	1.0661	1.0661	1.0661	1.2874	11.11	11.13	11.61	11.35	11.18	872952	874204	904028	875232	894196
SRR14684531	OXFORD_NANOPORE	5019735	0.2960	not detected	no	no	1.0308	1.0308	1.0308	1.0308	1.1678	32.07	32.00	32.45	33.58	32.34	1222704	1209532	1264416	1224192	1283392
SRR14684532	OXFORD_NANOPORE	5191848	0.2810	not detected	no	no	1.1047	1.1047	1.1047	1.1047	1.3010	18.72	18.47	19.37	18.99	19.12	937216	943768	946804	927388	950360
SRR14684533	OXFORD_NANOPORE	5471029	0.3120	detected	yes	no	1.0760	1.0687	1.0687	1.0760	1.3274	18.88	19.00	29.54	29.97	29.68	653464	662304	802340	808112	809536
SRR14693196	PACBIO_SMRT	5405563	0.2760	not detected	no	no	1.4847	1.4847	1.4847	1.4847	2.0010	5.87	5.83	6.00	5.94	5.95	599720	589064	620764	640700	627356
SRR14693198	PACBIO_SMRT	5346370	0.2930	not detected	no	no	1.4856	1.4856	1.4856	1.4856	2.0396	5.97	6.07	6.33	6.23	6.19	590272	592888	620040	619868	615216
SRR14721505	OXFORD_NANOPORE	3364113	0.1510	not detected	no	no	1.0347	1.0347	1.0347	1.0347	1.1716	81.20	82.85	83.74	83.95	82.56	2643032	2615684	2598208	2523576	2578596
SRR14757211	PACBIO_SMRT	2719233	0.1890	not detected	no	no	1.1791	1.1791	1.1791	1.1791	1.4173	8.53	8.54	8.97	8.98	8.87	796444	799220	818156	819036	817228
SRR14757212	PACBIO_SMRT	2719235	0.2030	not detected	no	no	1.1805	1.1805	1.1805	1.1805	1.4440	7.84	7.44	7.89	10.18	9.77	797992	787428	828164	829460	833704
SRR14757213	PACBIO_SMRT	2719166	0.2210	not detected	no	no	1.2301	1.2301	1.2301	1.2301	1.5026	7.89	8.03	9.60	8.18	8.26	669488	639084	706152	676588	688972
SRR14757215	PACBIO_SMRT	2766978	0.1880	not detected	no	no	1.1853	1.1853	1.1853	1.1853	1.4467	7.97	7.52	8.15	7.52	8.69	753980	758640	788088	770684	774328
SRR14757216	PACBIO_SMRT	2766976	0.1900	not detected	no	no	1.1684	1.1684	1.1684	1.1684	1.4144	8.33	7.22	7.61	8.40	7.97	820496	770984	793428	823880	808292
SRR14757217	PACBIO_SMRT	2766976	0.1930	not detected	no	no	1.2064	1.2064	1.2064	1.2064	1.4470	10.41	7.88	8.23	8.12	8.30	761016	771272	737236	748816	755416
SRR14757218	PACBIO_SMRT	2766978	0.1950	not detected	no	no	1.1701	1.1701	1.1701	1.1701	1.4234	7.20	7.19	7.47	7.62	8.13	748620	742848	767972	765872	769940
SRR14757219	PACBIO_SMRT	2766975	0.1920	not detected	no	no	1.1460	1.1460	1.1460	1.1460	1.3784	6.09	6.16	6.45	6.38	6.43	670376	670376	693136	692176	697228
SRR14757220	PACBIO_SMRT	2766975	0.1940	not detected	no	no	1.1904	1.1904	1.1904	1.1904	1.4577	7.60	8.01	7.87	7.84	7.58	696736	688040	698036	750992	694376
SRR14757221	PACBIO_SMRT	2766990	0.2000	not detected	no	no	1.2124	1.2124	1.2124	1.2124	1.4660	6.61	6.72	6.97	6.93	6.88	636004	632940	653904	653676	654360
SRR14757222	PACBIO_SMRT	2766976	0.1920	not detected	no	no	1.1883	1.1883	1.1883	1.1883	1.4404	6.82	7.11	7.79	7.02	7.20	766576	774284	797104	776392	793384
SRR14757224	PACBIO_SMRT	2766976	0.1970	not detected	no	no	1.2157	1.2157	1.2157	1.2157	1.4584	7.78	7.69	8.05	8.01	8.07	774316	774272	790476	793444	789912
SRR14766790	OXFORD_NANOPORE	6551245	0.0830	not detected	no	no	0.9916	0.9916	0.9916	0.9916	1.0432	14.60	14.63	15.38	18.87	14.48	740908	726980	685488	721936	728532
SRR14766796	OXFORD_NANOPORE	5607668	0.1600	not detected	no	no	1.0208	1.0208	1.0208	1.0208	1.1321	6.67	6.48	6.45	6.39	6.28	619400	635552	603380	643096	609620
SRR14766797	OXFORD_NANOPORE	7026924	0.2980	not detected	no	no	1.3134	1.3134	1.3134	1.3134	1.6986	17.01	17.41	19.93	20.88	16.82	1178580	1150452	1225916	1168116	1217512
SRR14766802	OXFORD_NANOPORE	5046521	0.0940	not detected	no	no	1.0046	1.0046	1.0046	1.0046	1.0655	22.73	19.37	20.33	21.06	20.58	916468	890224	902412	928128	910732
SRR14766804	OXFORD_NANOPORE	5393636	0.1250	not detected	no	no	1.0296	1.0296	1.0296	1.0296	1.1253	16.97	16.89	17.59	17.69	17.39	897536	901224	972872	933756	919112
SRR14766806	OXFORD_NANOPORE	6630739	0.1420	not detected	no	no	1.0187	1.0187	1.0187	1.0187	1.1258	16.27	18.41	18.68	16.41	18.70	922580	919760	964504	905512	947216
SRR14766807	OXFORD_NANOPORE	6573451	0.1280	not detected	no	no	1.0446	1.0446	1.0446	1.0446	1.1392	10.49	11.44	11.40	10.95	14.41	1138956	1186292	1178500	1152216	1196516
SRR14766808	OXFORD_NANOPORE	5758328	0.1270	not detected	no	no	0.9922	0.9922	0.9922	0.9922	1.0696	9.93	9.86	12.86	10.38	10.08	832208	837552	897880	862016	872680
SRR14766809	OXFORD_NANOPORE	6147080	0.1740	not detected	no	no	0.9920	0.9920	0.9920	0.9920	1.0838	9.93	9.74	9.60	9.70	9.72	876192	870508	877884	893504	896096
SRR14766813	OXFORD_NANOPORE	5987104	0.2190	not detected	no	no	0.9497	0.9497	0.9497	0.9497	1.0366	17.68	17.80	18.15	17.70	18.28	928220	950044	970752	971244	964248
SRR14766814	OXFORD_NANOPORE	6879672	0.1000	not detected	no	no	1.0000	1.0000	1.0000	1.0000	1.0967	6.13	5.94	6.19	6.15	6.19	615760	606868	643140	650064	648404
SRR14766826	OXFORD_NANOPORE	6621778	0.1220	not detected	no	no	0.9979	0.9979	0.9979	0.9979	1.0949	15.22	15.07	15.48	15.60	15.26	999800	1003616	1025404	1025952	1017312
SRR14766831	OXFORD_NANOPORE	6045338	0.1120	not detected	no	no	1.0086	1.0086	1.0086	1.0086	1.1002	12.59	12.51	12.50	12.94	12.43	1126732	1130068	1152148	1140796	1154116
SRR14766833	OXFORD_NANOPORE	6073514	0.1200	not detected	no	no	1.0003	1.0003	1.0003	1.0003	1.0859	15.71	15.80	16.00	15.71	16.06	783608	782216	792744	794100	808460
SRR14766834	OXFORD_NANOPORE	6054205	0.0960	not detected	no	no	1.0036	1.0036	1.0036	1.0036	1.0708	6.67	5.63	6.49	8.48	5.61	499412	498992	548148	528152	521148
SRR14766839	OXFORD_NANOPORE	6307666	0.1190	not detected	no	no	1.0119	1.0119	1.0119	1.0119	1.1120	17.78	17.02	17.94	17.88	22.08	1021316	1009632	1092376	1093940	1111176
SRR14766841	OXFORD_NANOPORE	6240195	0.1090	not detected	no	no	1.0736	1.0736	1.0736	1.0736	1.1406	15.15	15.07	15.30	15.36	15.33	647000	649888	705348	710256	695940
SRR14766842	OXFORD_NANOPORE	6107031	0.1320	not detected	no	no	1.0222	1.0222	1.0222	1.0222	1.1185	15.39	14.66	14.93	15.00	15.54	838120	840060	859768	861716	858040
SRR14804996	OXFORD_NANOPORE	5191720	0.1890	not detected	no	no	1.1044	1.1044	1.1044	1.1044	1.2236	9.91	9.26	9.24	9.17	9.39	640452	628052	671864	645772	688652
SRR14844078	OXFORD_NANOPORE	5527654	0.1210	not detected	no	no	1.0433	1.0433	1.0433	1.0433	1.1657	4.82	4.85	4.84	4.80	4.83	588192	586192	610356	606168	608484
SRR14844080	OXFORD_NANOPORE	6228218	0.2170	not detected	no	no	1.1557	1.1557	1.1557	1.1557	1.4591	9.31	8.38	8.38	8.44	8.32	939840	932956	954584	954744	956756
SRR14852514	OXFORD_NANOPORE	3917947	0.1650	not detected	no	no	1.0021	1.0021	1.0021	1.0021	1.0881	20.12	19.87	19.91	20.06	20.15	1291228	1282648	1267780	1226132	1293076
SRR14852537	OXFORD_NANOPORE	4061599	0.1710	not detected	no	no	0.9970	0.9970	0.9970	0.9970	1.0784	37.66	38.06	37.46	38.62	38.26	1820568	1822484	1834564	1844640	1787368
SRR14852546	OXFORD_NANOPORE	4091717	0.1720	not detected	no	no	0.9709	0.9709	0.9709	0.9709	1.0767	32.94	33.54	33.71	33.69	33.48	1858156	1868524	1868284	1813964	1858400
SRR14862582	OXFORD_NANOPORE	4160315	0.1680	not detected	no	no	0.9780	0.9780	0.9780	0.9780	1.0715	39.30	39.46	39.93	40.44	39.65	1778972	1774600	1846840	1789076	1791408
SRR14867659	PACBIO_SMRT	2206600	0.4280	not detected	no	no	1.4025	1.4025	1.4025	1.4025	2.0822	19.07	18.85	19.35	19.71	19.58	1166144	1172384	1191672	1195088	1197748
SRR14873908	OXFORD_NANOPORE	4793405	0.3140	not detected	no	no	1.1403	1.1403	1.1403	1.1403	1.4700	9.09	8.97	9.34	9.52	8.84	1102040	1131052	1145772	1131320	1125192
SRR14933397	OXFORD_NANOPORE	2801457	0.5750	detected	yes	no	1.3571	1.3211	1.3211	1.3571	2.5337	10.81	10.75	15.58	15.50	15.63	246164	246660	267828	265140	265212
SRR14996184	OXFORD_NANOPORE	6788275	0.1940	not detected	no	no	0.9737	0.9737	0.9737	0.9737	1.0717	23.05	22.30	25.59	23.68	23.75	1707812	1711852	1700808	1760800	1748460
SRR14996193	OXFORD_NANOPORE	7050019	0.1690	not detected	no	no	0.9762	0.9762	0.9762	0.9762	1.0724	26.31	25.69	26.35	25.66	26.36	1730808	1735092	1751636	1702160	1756572
SRR14996195	OXFORD_NANOPORE	6588245	0.2060	not detected	no	no	0.9822	0.9822	0.9822	0.9822	1.0770	27.49	27.28	28.62	27.54	27.45	1908276	1832088	1919844	1853316	1855380
SRR15006049	OXFORD_NANOPORE	1564967	0.5770	detected	yes	no	1.1100	1.1234	1.1234	1.1100	1.4345	229.98	227.23	14.72	14.41	15.00	3284932	3281208	666236	633720	699884
SRR15006050	OXFORD_NANOPORE	1282705	0.2250	detected	yes	no	1.1622	1.0851	1.0851	1.1622	1.2942	70.52	68.32	51.54	52.26	51.86	1640684	1615392	1390648	1393136	1413348
SRR15006051	OXFORD_NANOPORE	1599772	0.5800	detected	yes	no	1.1100	0.9486	0.9486	1.1100	1.4996	77.38	74.36	35.45	35.89	35.77	1658884	1666352	1221372	1200924	1190636
SRR15006052	OXFORD_NANOPORE	1868579	0.4580	detected	yes	no	0.8809	0.3646	0.3646	0.8809	0.9542	374.59	379.29	103.90	91.06	76.52	2914392	2828584	1500208	1527332	1513796
SRR15006054	OXFORD_NANOPORE	1579967	0.4840	detected	yes	no	1.0187	0.9718	0.9718	1.0187	1.3716	82.17	81.92	12.61	12.53	12.71	2041644	2252664	719584	704684	727548
SRR15006055	OXFORD_NANOPORE	1498568	0.3730	detected	yes	no	1.0547	0.9570	0.9570	1.0547	1.3339	122.97	122.43	67.97	68.28	67.75	2424404	2448304	2188780	2097984	2236244
SRR15032814	PACBIO_SMRT	2174189	0.2440	not detected	no	no	1.0301	1.0301	1.0301	1.0301	1.2080	22.07	22.23	23.16	23.04	23.15	2281260	2272520	2302624	2312264	2311412
SRR15032816	PACBIO_SMRT	2234079	0.2530	not detected	no	no	1.0194	1.0194	1.0194	1.0194	1.1889	24.18	24.14	24.70	24.45	24.66	2345316	2337076	2394592	2378708	2395384
SRR15032817	PACBIO_SMRT	2177032	0.2540	not detected	no	no	1.0474	1.0474	1.0474	1.0474	1.2142	26.94	26.77	26.95	26.85	26.78	2343312	2341152	2383256	2377948	2381772
SRR15070654	PACBIO_SMRT	3838032	0.2000	not detected	no	no	1.2505	1.2505	1.2505	1.2505	1.4477	9.39	9.27	9.54	9.32	9.54	1174308	1176864	1199368	1205324	1198264
SRR15070656	PACBIO_SMRT	3980134	0.2210	not detected	no	no	1.2277	1.2277	1.2277	1.2277	1.4278	8.78	8.69	8.98	9.17	9.19	1191652	1193736	1210768	1216508	1216516
SRR15075397	PACBIO_SMRT	5021319	0.2460	not detected	no	no	1.1914	1.1914	1.1914	1.1914	1.4957	8.59	8.62	8.79	8.49	8.69	1254944	1250380	1279936	1284704	1279148
SRR15075399	PACBIO_SMRT	2510261	0.2330	not detected	no	no	1.1517	1.1517	1.1517	1.1517	1.3605	13.33	13.33	13.70	13.50	13.51	1615616	1617012	1643432	1646788	1643160
SRR15075400	PACBIO_SMRT	2881812	0.2300	not detected	no	no	1.1668	1.1668	1.1668	1.1668	1.3698	17.18	16.40	14.68	20.99	18.57	1654312	1666792	1677532	1707780	1721068
SRR15075449	PACBIO_SMRT	5602625	0.2610	not detected	no	no	1.1583	1.1583	1.1583	1.1583	1.3901	10.85	10.49	10.97	10.89	11.12	1936368	1939036	1965524	1966320	1962552
SRR15075454	PACBIO_SMRT	4915930	0.1830	not detected	no	no	1.1730	1.1730	1.1730	1.1730	1.3575	11.45	11.60	11.89	12.05	11.77	1889612	1887028	1924652	1917388	1923060
SRR15075462	PACBIO_SMRT	4782529	0.1840	not detected	no	no	1.1820	1.1820	1.1820	1.1820	1.3823	13.10	13.59	13.31	14.14	13.00	1748760	1772856	1834428	1819416	1779468
SRR15076203	PACBIO_SMRT	5281764	0.1880	not detected	no	no	1.1645	1.1645	1.1645	1.1645	1.3715	11.45	11.50	11.79	11.80	11.82	1755544	1760636	1794784	1792756	1795340
SRR15076260	PACBIO_SMRT	4543156	0.1790	not detected	no	no	1.1732	1.1732	1.1732	1.1732	1.3516	11.78	11.71	11.85	12.06	12.02	1709352	1707844	1737656	1742156	1737696
SRR15076386	PACBIO_SMRT	2019345	0.2070	not detected	no	no	1.2251	1.2251	1.2251	1.2251	1.4437	14.04	13.94	14.25	14.41	14.54	1541968	1538428	1574436	1575060	1571964
SRR15076581	PACBIO_SMRT	4922539	0.2980	not detected	no	no	1.3538	1.3538	1.3538	1.3538	1.7627	6.83	6.86	7.18	7.28	7.30	1043856	1046096	1070160	1069800	1070580
SRR15076584	PACBIO_SMRT	4539453	0.2800	not detected	no	no	1.3981	1.3981	1.3981	1.3981	1.8107	7.04	6.94	7.40	7.43	7.47	1052640	1056220	1077200	1074452	1079212
SRR15076596	PACBIO_SMRT	4493834	0.3060	not detected	no	no	1.6328	1.6328	1.6328	1.6328	2.2094	6.18	6.42	6.58	6.76	6.63	593432	594668	607776	615336	600192
SRR15076597	PACBIO_SMRT	4346429	0.3280	not detected	no	no	1.4848	1.4848	1.4848	1.4848	2.0333	5.76	5.78	6.04	5.98	5.98	1001968	1000476	1027128	1027904	1028644
SRR15076623	PACBIO_SMRT	4454045	0.2780	not detected	no	no	1.4003	1.4003	1.4003	1.4003	1.8144	8.32	9.32	8.34	10.16	10.37	1156784	1126940	1133480	1177732	1145924
SRR15076625	PACBIO_SMRT	4614193	0.2560	not detected	no	no	1.3659	1.3659	1.3659	1.3659	1.7410	8.81	9.32	10.33	11.50	10.10	1116152	1123268	1220632	1218140	1134572
SRR15076628	PACBIO_SMRT	4645825	0.3670	not detected	no	no	1.3364	1.3364	1.3364	1.3364	1.7219	8.26	8.38	8.63	8.55	8.53	1136848	1135884	1163936	1154628	1159808
SRR15076629	PACBIO_SMRT	4518831	0.2760	not detected	no	no	1.3651	1.3651	1.3651	1.3651	1.7381	8.97	8.68	9.03	9.29	9.47	1176756	1137596	1154624	1167376	1223380
SRR15076632	PACBIO_SMRT	4701520	0.2970	not detected	no	no	1.3510	1.3510	1.3510	1.3510	1.7376	7.46	7.55	7.83	7.72	7.88	1139800	1131900	1155568	1161368	1162452
SRR15079688	PACBIO_SMRT	4819779	0.2510	not detected	no	no	1.3792	1.3792	1.3792	1.3792	1.7396	7.52	7.48	7.75	7.73	7.75	1105560	1099420	1125896	1124392	1126436
SRR15079691	PACBIO_SMRT	4793224	0.2330	not detected	no	no	1.3222	1.3222	1.3222	1.3222	1.6317	7.97	7.94	8.34	8.46	8.27	1175652	1180688	1214564	1201236	1199524
SRR15079693	PACBIO_SMRT	4844434	0.2900	not detected	no	no	1.4578	1.4578	1.4578	1.4578	1.9321	6.81	6.83	6.99	6.92	6.97	1025432	1021632	1047400	1051124	1047560
SRR15079695	PACBIO_SMRT	4738672	0.3100	not detected	no	no	1.4288	1.4288	1.4288	1.4288	1.8372	7.58	7.78	8.23	8.32	8.40	1055548	1062648	1089744	1082812	1087536
SRR15079697	PACBIO_SMRT	4377952	0.3250	not detected	no	no	1.5456	1.5456	1.5456	1.5456	2.1717	6.27	6.21	6.46	6.54	6.56	611792	613992	644216	643832	643292
SRR15079699	PACBIO_SMRT	4510294	0.2590	not detected	no	no	1.4043	1.4043	1.4043	1.4043	1.8002	8.99	8.98	9.33	9.33	9.26	1104056	1104312	1129980	1124292	1137988
SRR15079701	PACBIO_SMRT	4588770	0.2410	not detected	no	no	1.3077	1.3077	1.3077	1.3077	1.6252	11.08	11.44	10.93	11.30	15.54	1219836	1183956	1293348	1288512	1264500
SRR15083976	OXFORD_NANOPORE	4921682	0.0860	not detected	no	no	0.9856	0.9856	0.9856	0.9856	1.0326	33.65	32.90	32.92	32.71	33.02	2055192	1982208	2081396	2083820	2004556
SRR15083977	OXFORD_NANOPORE	4615841	0.0940	not detected	no	no	1.0147	1.0147	1.0147	1.0147	1.0833	24.42	24.58	25.12	24.55	24.67	1941276	1875780	1951384	1963672	1958160
SRR15083979	OXFORD_NANOPORE	5843246	0.1210	not detected	no	no	0.9932	0.9940	0.9932	0.9932	1.0541	13.16	12.03	12.70	14.55	12.69	818648	1354104	1459832	1393552	1429624
SRR15095813	OXFORD_NANOPORE	2516803	0.4960	detected	yes	no	0.9759	0.8914	0.8914	0.9759	1.2134	15.84	15.62	21.43	21.74	21.54	586916	601032	584264	586292	590032
SRR15135847	OXFORD_NANOPORE	5960991	0.4960	not detected	no	no	1.0258	1.0258	1.0258	1.0258	1.5844	24.72	25.59	24.63	19.23	24.78	962892	935988	990364	966040	1014488
SRR15136871	OXFORD_NANOPORE	5772816	0.4580	not detected	no	no	1.0493	1.0493	1.0493	1.0493	1.5630	19.31	19.56	19.54	19.66	19.60	966772	977488	997888	1019720	1024016
SRR15139186	PACBIO_SMRT	5800740	0.2140	not detected	no	no	1.2345	1.2345	1.2345	1.2345	1.4781	8.77	9.12	9.22	9.04	9.17	1110120	1103284	1144928	1130268	1137672
SRR15140980	PACBIO_SMRT	8538927	0.2140	not detected	no	no	1.2264	1.2264	1.2264	1.2264	1.4781	11.77	9.41	11.16	9.06	9.74	1126236	1145348	1183988	1157696	1160824
SRR15143041	OXFORD_NANOPORE	6260102	0.2070	not detected	no	no	0.9889	0.9889	0.9889	0.9889	1.1334	28.09	22.64	29.95	24.69	32.35	1043300	1093452	1096652	1069700	1105148
SRR15157810	OXFORD_NANOPORE	6245940	0.1990	not detected	no	no	0.9839	0.9839	0.9839	0.9839	1.1287	24.09	31.91	30.88	25.75	23.77	1612248	1607060	1540004	1586248	1595276
SRR15171166	OXFORD_NANOPORE	3869542	0.1520	not detected	no	no	1.0556	1.0556	1.0556	1.0556	1.1639	21.44	21.31	21.63	21.94	21.71	899184	900216	923076	920496	920436
SRR15171167	OXFORD_NANOPORE	2857445	0.0710	not detected	no	no	1.0201	1.0201	1.0201	1.0201	1.0633	37.48	37.81	37.90	38.73	38.25	1226104	1232432	1254584	1254048	1252308
SRR15171168	OXFORD_NANOPORE	2780015	0.0890	not detected	no	no	1.0166	1.0166	1.0166	1.0166	1.0692	26.52	26.26	26.80	26.39	26.63	969608	971056	955744	989992	991428
SRR15171169	OXFORD_NANOPORE	2305309	0.1300	not detected	no	no	1.0425	1.0425	1.0425	1.0425	1.1176	31.04	31.19	31.60	31.13	31.16	1132016	1094212	1132592	1115564	1100040
SRR15171257	PACBIO_SMRT	6931886	0.2250	not detected	no	no	1.2016	1.2016	1.2016	1.2016	1.4518	6.57	6.47	6.81	6.77	6.73	1043592	1047952	1065284	1070196	1068236
SRR15171258	OXFORD_NANOPORE	3244954	0.1810	not detected	no	no	1.0694	1.0694	1.0694	1.0694	1.2011	19.20	19.26	19.71	19.47	19.76	643100	657816	695576	704592	700460
SRR15171260	OXFORD_NANOPORE	3649956	0.2220	not detected	no	no	0.9886	0.9886	0.9886	0.9886	1.0833	32.97	32.91	33.19	33.25	33.52	1035064	985684	1056604	1007928	1050208
SRR15171261	OXFORD_NANOPORE	2733858	0.2420	not detected	no	no	0.9694	0.9694	0.9694	0.9694	1.0770	16.74	17.21	17.29	17.05	17.21	503808	510200	525856	527912	523500
SRR15171269	OXFORD_NANOPORE	4749455	0.2690	not detected	no	no	0.9550	0.9550	0.9550	0.9550	1.0358	46.98	46.60	46.99	46.50	47.32	1549736	1608528	1622996	1624268	1623172
SRR15171274	OXFORD_NANOPORE	1965422	0.1890	not detected	no	no	1.0051	1.0051	1.0051	1.0051	1.0665	30.20	30.75	30.68	30.50	30.65	960412	1009088	1017316	1005892	1018372
SRR15171275	OXFORD_NANOPORE	2856089	0.1360	not detected	no	no	1.0494	1.0494	1.0494	1.0494	1.1496	15.56	15.74	15.35	15.51	15.69	461828	460764	470952	480880	476536
SRR15171278	OXFORD_NANOPORE	2919963	0.1810	not detected	no	no	1.0089	1.0089	1.0089	1.0089	1.0997	16.12	16.09	16.28	16.28	16.34	742928	744440	764640	760764	768396
SRR15171279	OXFORD_NANOPORE	3188304	0.2690	not detected	no	no	1.0913	1.0913	1.0913	1.0913	1.3169	18.89	19.05	18.90	19.30	19.09	870212	865300	859140	864048	866244
SRR15171281	OXFORD_NANOPORE	3373066	0.1740	not detected	no	no	1.0199	1.0199	1.0199	1.0199	1.1424	17.06	17.19	16.91	16.91	16.88	505372	507976	519180	519184	525136
SRR15171282	OXFORD_NANOPORE	2460746	0.1210	not detected	no	no	1.0151	1.0151	1.0151	1.0151	1.0901	27.71	27.40	27.47	26.63	27.33	969584	937852	960892	986168	958776
SRR15171293	OXFORD_NANOPORE	4813254	0.3190	not detected	no	no	0.9489	0.9489	0.9489	0.9489	1.0602	33.17	33.21	33.47	33.96	33.60	1682960	1732316	1752352	1751636	1707460
SRR15171294	OXFORD_NANOPORE	4577574	0.1770	not detected	no	no	1.0619	1.0619	1.0619	1.0619	1.2012	4.85	4.83	4.92	4.92	5.01	561588	563524	583484	584988	563096
SRR15171296	OXFORD_NANOPORE	4685728	0.3520	not detected	no	no	0.9441	0.9441	0.9441	0.9441	1.1644	16.77	16.96	17.35	17.40	17.32	721556	722560	747040	752592	751816
SRR15171297	OXFORD_NANOPORE	3732965	0.1920	not detected	no	no	0.9630	0.9630	0.9630	0.9630	1.0779	10.44	10.60	10.78	10.67	10.49	552956	550908	579644	578508	571256
SRR15171300	OXFORD_NANOPORE	4629452	0.1170	not detected	no	no	1.0145	1.0145	1.0145	1.0145	1.0896	24.95	24.66	24.53	23.95	24.26	1012872	982000	1034740	1032660	1004168
SRR15171302	OXFORD_NANOPORE	4007931	0.1860	not detected	no	no	0.9944	0.9944	0.9944	0.9944	1.0790	38.01	40.76	37.61	37.43	37.44	1728012	1745760	1810072	1692024	1773852
SRR15171313	OXFORD_NANOPORE	6472384	0.1740	not detected	no	no	1.0076	1.0076	1.0076	1.0076	1.0893	26.46	24.93	25.38	25.80	27.13	1248356	1363428	1268436	1329624	1317424
SRR15171318	OXFORD_NANOPORE	4206509	0.1150	not detected	no	no	1.0378	1.0378	1.0378	1.0378	1.1413	18.17	16.78	22.06	18.42	17.19	616016	621660	700532	718516	665044
SRR15171323	OXFORD_NANOPORE	4570799	0.1360	not detected	no	no	0.9991	0.9991	0.9991	0.9991	1.0600	58.06	48.28	51.97	48.22	49.19	1796160	1813244	1786456	1797916	1791656
SRR15171326	OXFORD_NANOPORE	3809618	0.2160	not detected	no	no	1.0018	1.0018	1.0018	1.0018	1.0951	19.25	19.51	23.67	24.41	26.05	863956	923744	933736	911588	911956
SRR15173281	OXFORD_NANOPORE	4357928	0.2240	not detected	no	no	0.9702	0.9755	0.9702	0.9702	1.0372	10.35	9.79	9.97	10.18	10.11	872552	1037104	1045992	1045024	1030796
SRR15195250	PACBIO_SMRT	2311508	0.2380	not detected	no	no	1.0456	1.0456	1.0456	1.0456	1.2302	21.18	21.01	21.28	21.35	21.17	2285772	2289504	2316732	2325148	2328460
SRR15212457	OXFORD_NANOPORE	4829815	0.1370	not detected	no	no	1.1043	1.1043	1.1043	1.1043	1.2099	12.41	12.57	12.65	12.32	12.64	732368	752508	754176	773652	768616
SRR15216001	OXFORD_NANOPORE	4739655	0.3330	not detected	no	no	1.1660	1.1660	1.1660	1.1660	1.6213	5.23	5.14	5.29	5.22	5.28	601868	597332	622884	615296	625440
SRR15244009	PACBIO_SMRT	4778271	0.1930	not detected	no	no	1.2993	1.2993	1.2993	1.2993	1.5842	6.69	6.74	7.11	7.08	7.03	630760	628468	648840	641388	655656
SRR15283797	OXFORD_NANOPORE	5540606	0.5060	not detected	no	no	1.2187	1.2187	1.2187	1.2187	1.7738	4.55	4.51	4.56	4.58	4.60	605184	601856	633976	629320	639428
SRR15283805	OXFORD_NANOPORE	4932104	0.3680	not detected	no	no	1.0694	1.0729	1.0694	1.0694	1.3941	6.50	6.44	7.46	6.72	6.71	672612	775368	773668	793700	781248
SRR15291770	PACBIO_SMRT	4944441	0.2060	not detected	no	no	1.0684	1.0684	1.0684	1.0684	1.2446	9.94	8.30	9.18	9.82	9.19	1189736	1166360	1183908	1191712	1193544
SRR15291771	PACBIO_SMRT	4944083	0.2180	not detected	no	no	1.1547	1.1547	1.1547	1.1547	1.3666	10.19	9.94	10.35	11.33	11.86	1159100	1170676	1220708	1260608	1239272
SRR15310574	OXFORD_NANOPORE	6544928	0.1650	not detected	no	no	0.9976	0.9976	0.9976	0.9976	1.1676	9.52	9.68	9.73	9.68	9.66	926408	921160	945296	942488	945316
SRR15323158	OXFORD_NANOPORE	3566216	0.4430	not detected	no	no	1.1216	1.1216	1.1216	1.1216	1.6099	4.69	4.61	4.68	4.79	4.91	583084	582720	603764	607192	602224
SRR15342210	OXFORD_NANOPORE	5560418	0.2210	not detected	no	no	1.0547	1.0547	1.0547	1.0547	1.2307	18.67	18.68	18.87	18.95	18.88	1693168	1695008	1711628	1709016	1705132
SRR15371362	OXFORD_NANOPORE	1439615	0.1650	not detected	no	no	1.0926	1.0926	1.0926	1.0926	1.2252	23.34	23.29	23.65	23.85	24.14	599800	597756	620744	623604	623724
SRR15372744	OXFORD_NANOPORE	6607534	0.0730	not detected	no	no	0.9986	0.9986	0.9986	0.9986	1.0424	15.51	15.18	18.38	15.57	15.47	772168	758496	832200	821276	817800
SRR15390434	PACBIO_SMRT	4791764	0.3650	not detected	no	no	1.0710	1.0710	1.0710	1.0710	1.2692	9.68	9.96	10.06	9.76	9.96	1183320	1182792	1217756	1220288	1215052
SRR15390484	PACBIO_SMRT	5028051	0.5760	not detected	no	no	1.1200	1.1200	1.1200	1.1200	1.4935	9.35	9.36	9.62	9.49	9.40	1155060	1161700	1186960	1182748	1187660
SRR15403666	OXFORD_NANOPORE	5171893	0.4700	not detected	no	no	1.4026	1.4026	1.4026	1.4026	2.2195	4.26	4.38	4.40	4.49	4.79	295412	309984	314704	333680	331608
SRR15428981	OXFORD_NANOPORE	3450610	0.2600	not detected	no	no	1.1373	1.1373	1.1373	1.1373	1.4155	21.41	21.41	21.78	22.50	21.69	1248444	1237072	1217024	1289784	1211356
SRR15429008	OXFORD_NANOPORE	3390518	0.3020	not detected	no	no	1.1280	1.1280	1.1280	1.1280	1.5339	15.73	15.77	16.06	16.13	16.07	877452	869264	891204	893248	895028
SRR15460238	OXFORD_NANOPORE	4961663	0.1760	not detected	no	no	0.9798	0.9798	0.9798	0.9798	1.0787	43.69	44.12	43.53	44.51	43.07	1872456	1872244	1834088	1881812	1893836
SRR15507454	OXFORD_NANOPORE	2253850	0.1020	not detected	no	no	1.0487	1.0481	1.0487	1.0487	1.1270	13.75	13.15	13.22	13.24	13.25	655352	948528	1009488	1013620	1010096
SRR15521836	PACBIO_SMRT	5374479	0.3750	not detected	no	no	1.9475	1.9475	1.9475	1.9475	3.0609	5.53	5.85	6.39	5.99	6.00	592968	595420	616168	609304	609688
SRR15521837	PACBIO_SMRT	6935738	0.3350	not detected	no	no	1.6237	1.6237	1.6237	1.6237	2.3874	5.89	5.55	5.76	5.76	5.80	581776	581496	599756	599076	599736
SRR15521842	PACBIO_SMRT	6352228	0.3790	not detected	no	no	1.8038	1.8038	1.8038	1.8038	2.7435	5.41	5.66	5.65	5.61	5.62	640412	639944	666256	667384	660056
SRR15521844	PACBIO_SMRT	6337561	0.3580	not detected	no	no	1.8692	1.8692	1.8692	1.8692	2.7218	5.81	5.89	6.17	6.17	6.24	763804	769272	783596	792568	792736
SRR15521845	PACBIO_SMRT	5307048	0.3600	not detected	no	no	1.8944	1.8944	1.8944	1.8944	2.8150	6.91	7.11	7.39	7.37	7.26	735128	714172	760584	766260	749720
SRR15530284	PACBIO_SMRT	6128315	0.4000	not detected	no	no	1.8781	1.8781	1.8781	1.8781	2.8695	14.85	14.64	15.09	15.30	15.23	1591568	1593968	1607472	1610460	1621432
SRR15540408	PACBIO_SMRT	5608872	0.8460	not detected	no	yes	16.8999	5.5855	5.5855	5.5855	16.8999	16.10	16.95	17.39	17.29	17.58	1732100	1759392	1769452	1765616	1780816
SRR15540421	PACBIO_SMRT	5504345	0.7510	not detected	no	no	3.7648	3.7648	3.7648	3.7648	9.8143	15.24	15.20	15.58	15.68	15.56	1958524	1959188	1982396	1979576	1978944
SRR15560883	OXFORD_NANOPORE	4942431	0.2470	not detected	no	no	1.2655	1.2655	1.2655	1.2655	1.5579	3.13	3.12	3.14	3.15	3.19	586320	583108	602208	600284	599800
SRR15600651	PACBIO_SMRT	5620975	0.3670	not detected	no	no	1.1852	1.1852	1.1852	1.1852	1.4904	18.93	18.63	18.42	24.70	19.20	2036480	2055876	2054024	2103052	2052116
SRR15616890	PACBIO_SMRT	8841474	0.4960	not detected	no	no	1.7751	1.7751	1.7751	1.7751	3.0644	17.77	17.82	18.55	18.19	18.04	2103096	2105008	2126968	2138504	2142592
SRR15634573	OXFORD_NANOPORE	9346321	0.1750	not detected	no	no	0.9419	0.9419	0.9419	0.9419	1.0271	38.04	38.31	38.18	38.46	38.56	2092480	2016808	2031568	2111380	2032036
SRR15647452	OXFORD_NANOPORE	6353853	0.2720	not detected	no	no	0.9361	0.9361	0.9361	0.9361	1.0412	18.57	18.49	18.49	18.89	18.93	879112	873912	908852	875524	903060
SRR15655205	OXFORD_NANOPORE	4541259	0.4140	not detected	no	no	0.9598	0.9598	0.9598	0.9598	1.0676	24.84	25.24	25.43	25.67	25.67	1024232	1014180	1019884	1007612	998876
SRR15665316	OXFORD_NANOPORE	6550644	0.1960	not detected	no	no	1.0196	1.0196	1.0196	1.0196	1.1441	23.56	23.06	15.68	15.54	16.01	1019748	968356	972204	968620	982852
SRR15674629	OXFORD_NANOPORE	5582682	0.4580	not detected	no	no	1.0468	1.0468	1.0468	1.0468	1.4511	14.21	14.15	14.54	14.61	14.52	610464	611444	633840	629524	633764
SRR15674694	PACBIO_SMRT	2098200	0.2510	not detected	no	no	1.2964	1.2964	1.2964	1.2964	1.6290	6.13	6.22	6.49	6.34	6.35	834204	832392	849668	856884	855552
SRR15683785	OXFORD_NANOPORE	6255857	0.1580	not detected	no	no	1.0769	1.0769	1.0769	1.0769	1.1883	20.90	20.80	22.73	20.81	22.43	1608712	1653032	1609096	1653052	1665492
SRR15683928	PACBIO_SMRT	7749151	0.2350	not detected	no	no	1.2219	1.2219	1.2219	1.2219	1.5026	8.29	8.09	8.40	8.54	8.43	1133860	1141616	1166480	1198156	1173400
SRR15719825	OXFORD_NANOPORE	7751039	0.3920	not detected	no	no	1.0489	1.0489	1.0489	1.0489	1.3714	19.26	19.25	19.39	19.21	19.28	1318292	1313936	1335556	1328056	1324436
SRR15838435	PACBIO_SMRT	3604761	0.3130	not detected	no	no	1.7749	1.7749	1.7749	1.7749	2.5536	6.11	6.57	6.72	6.39	6.70	568064	601676	590460	597248	598272
SRR15860221	OXFORD_NANOPORE	5157963	0.2080	not detected	no	no	1.0093	1.0093	1.0093	1.0093	1.1455	35.78	36.91	38.24	37.67	36.37	1773996	1788232	1727588	1826448	1808336
SRR15860459	OXFORD_NANOPORE	6146223	0.2510	not detected	no	no	1.0236	1.0236	1.0236	1.0236	1.2375	19.09	18.76	19.27	19.20	19.37	962700	968888	978460	980444	980504
SRR15860841	OXFORD_NANOPORE	2649260	0.2790	not detected	no	no	1.0377	1.0377	1.0377	1.0377	1.3012	21.06	21.12	21.14	21.47	21.25	631088	631088	655348	654252	656016
SRR15871657	PACBIO_SMRT	4630138	0.2810	not detected	no	no	1.3359	1.3359	1.3359	1.3359	1.7521	7.27	7.39	7.68	7.68	7.66	1143432	1139348	1161376	1165640	1170092
SRR15883739	OXFORD_NANOPORE	4635932	0.1530	not detected	no	no	1.0203	1.0203	1.0203	1.0203	1.1536	24.23	24.50	24.50	24.54	24.79	1660960	1657600	1685992	1679008	1629676
SRR15901075	OXFORD_NANOPORE	3889382	0.3310	not detected	no	no	1.0530	1.0530	1.0530	1.0530	1.4010	18.18	18.46	19.36	19.69	18.57	524896	526632	561060	563616	547532
SRR15959708	PACBIO_SMRT	8262828	0.2700	not detected	no	no	1.3691	1.3691	1.3691	1.3691	1.7636	7.08	7.14	7.56	7.43	7.37	1103308	1104240	1130792	1128364	1129316
SRR15987647	OXFORD_NANOPORE	2447242	0.6640	detected	yes	no	1.1055	1.0834	1.0834	1.1055	1.9280	12.82	13.06	24.85	27.72	24.74	495652	469292	635212	651516	707004
SRR16004117	OXFORD_NANOPORE	1981319	0.2090	not detected	no	no	1.1594	1.1594	1.1594	1.1594	1.2813	20.31	20.23	20.61	21.23	20.68	1092088	1093452	1110684	1125172	1103132
SRR16004119	OXFORD_NANOPORE	2074537	0.2230	detected	yes	no	1.1749	1.1628	1.1628	1.1749	1.3738	18.08	18.13	26.68	25.29	25.75	738872	731724	812040	803884	796352
SRR16004123	OXFORD_NANOPORE	1562350	0.5770	not detected	no	no	1.9069	1.8647	1.9069	1.9069	3.0060	8.05	7.34	7.22	7.30	7.28	612840	657520	658592	665620	663832
SRR16014001	OXFORD_NANOPORE	5511597	0.2200	not detected	no	no	1.0759	1.0759	1.0759	1.0759	1.2680	15.95	16.15	16.34	16.58	16.32	1190016	1202720	1212188	1223392	1216560
SRR16014003	OXFORD_NANOPORE	6178487	0.4060	not detected	no	no	1.0193	1.0193	1.0193	1.0193	1.2126	20.70	20.98	32.79	31.01	25.54	1728764	1736736	1754184	1753972	1793744
SRR16014011	OXFORD_NANOPORE	6008638	0.2380	not detected	no	no	1.0522	1.0522	1.0522	1.0522	1.2171	17.22	17.57	17.67	17.63	17.66	1354648	1361996	1381844	1369724	1367216
SRR16014015	OXFORD_NANOPORE	7412165	0.2940	not detected	no	no	1.0778	1.0778	1.0778	1.0778	1.2380	21.28	21.34	21.82	21.87	21.67	1758804	1764576	1779680	1782568	1752184
SRR16016662	PACBIO_SMRT	9696490	0.4230	not detected	no	no	1.3998	1.3998	1.3998	1.3998	2.1676	17.69	16.98	17.90	17.85	18.02	1810828	1814040	1836072	1827776	1830624
SRR16027114	OXFORD_NANOPORE	6596445	0.2060	not detected	no	no	1.0934	1.0934	1.0934	1.0934	1.2909	23.83	23.70	23.72	23.69	23.84	1190464	1159028	1168252	1155780	1175284
SRR16038736	OXFORD_NANOPORE	4320404	0.2510	not detected	no	no	0.9478	0.9478	0.9478	0.9478	1.0673	132.89	132.69	132.45	132.66	132.15	4170340	4253232	4189240	4167380	4185420
SRR16039382	OXFORD_NANOPORE	1858156	0.3750	not detected	no	no	1.1442	1.1442	1.1442	1.1442	1.6955	8.79	8.80	9.06	8.83	9.09	639404	642988	664372	666556	666320
SRR16069087	OXFORD_NANOPORE	5657623	0.2390	not detected	no	no	0.9363	0.9363	0.9363	0.9363	1.0328	59.01	58.77	60.06	58.37	60.67	3293916	3280540	3321628	3330500	3312520
SRR16069089	OXFORD_NANOPORE	4958769	0.2610	not detected	no	no	0.9841	0.9841	0.9841	0.9841	1.1032	51.22	51.12	50.76	52.07	50.96	3311844	3210252	3224308	3226652	3223672
SRR16074235	OXFORD_NANOPORE	5003442	0.1640	not detected	no	no	0.9247	0.9247	0.9247	0.9247	1.0169	63.55	64.54	64.26	64.72	63.97	2821304	2766196	2852800	2778472	2826712
SRR16074239	OXFORD_NANOPORE	4796000	0.1580	not detected	no	no	0.9545	0.9545	0.9545	0.9545	1.0450	52.77	52.55	52.80	52.68	52.95	2241708	2236652	2186800	2269396	2270016
SRR16074242	OXFORD_NANOPORE	4968036	0.1570	not detected	no	no	0.9359	0.9359	0.9359	0.9359	1.0261	55.90	56.93	56.84	55.79	55.99	2700012	2775888	2807016	2699440	2802340
SRR16074245	OXFORD_NANOPORE	5022038	0.1970	not detected	no	no	0.9570	0.9570	0.9570	0.9570	1.0721	62.90	107.65	106.50	63.10	64.01	2634768	2569612	2569856	2623828	2623332
SRR16074247	OXFORD_NANOPORE	5021930	0.2200	not detected	no	no	0.9687	0.9687	0.9687	0.9687	1.0927	42.30	42.64	42.47	42.72	42.79	3098756	3096116	3125168	3120380	3078220
SRR16074251	OXFORD_NANOPORE	4994806	0.1720	not detected	no	no	0.9411	0.9411	0.9411	0.9411	1.0428	72.63	72.17	73.12	73.39	71.87	3135708	3124332	3133404	3125668	3142800
SRR16074258	OXFORD_NANOPORE	4922671	0.2670	not detected	no	no	1.0434	1.0434	1.0434	1.0434	1.2330	23.54	23.60	24.18	24.27	24.48	1471172	1467424	1490752	1495136	1491868
SRR16074264	OXFORD_NANOPORE	4762339	0.1680	not detected	no	no	0.9733	0.9733	0.9733	0.9733	1.0612	60.10	61.47	59.80	60.44	60.46	2187068	2133184	2163200	2224900	2164840
SRR16074265	OXFORD_NANOPORE	4796539	0.1600	not detected	no	no	0.9474	0.9474	0.9474	0.9474	1.0339	62.59	62.74	63.23	62.13	63.21	2245276	2245788	2319004	2325884	2322332
SRR16074268	OXFORD_NANOPORE	4638563	0.2230	not detected	no	no	1.0070	1.0070	1.0070	1.0070	1.1675	30.39	30.65	30.48	46.60	38.81	1698632	1646104	1754264	1690640	1762960
SRR16074269	OXFORD_NANOPORE	5032027	0.1570	not detected	no	no	0.9191	0.9191	0.9191	0.9191	0.9962	66.74	69.84	76.14	65.85	76.00	2773420	2803596	2879508	2822616	2856720
SRR16086228	OXFORD_NANOPORE	5048993	0.2760	not detected	no	no	1.0519	1.0519	1.0519	1.0519	1.2903	15.43	15.46	15.75	15.52	15.62	1004276	999496	1010092	1008920	1008864
SRR16089729	PACBIO_SMRT	2747362	0.3010	not detected	no	no	1.3699	1.3699	1.3699	1.3699	1.8071	6.16	6.31	6.56	6.54	6.59	624552	631024	655152	658124	657260
SRR16089745	PACBIO_SMRT	2891282	0.2410	not detected	no	no	1.0984	1.0984	1.0984	1.0984	1.3507	7.97	7.84	8.48	8.60	8.43	1124380	1114908	1191700	1146160	1161048
SRR16089767	PACBIO_SMRT	2795270	0.3030	not detected	no	no	1.6175	1.6175	1.6175	1.6175	2.1900	3.54	3.53	3.61	3.57	3.52	612728	612736	635068	636016	639736
SRR16089769	PACBIO_SMRT	2807142	0.2590	not detected	no	no	1.1192	1.1192	1.1192	1.1192	1.3696	6.73	6.73	6.97	7.03	7.16	595396	593344	624096	625236	622336
SRR16089773	PACBIO_SMRT	2793634	0.2610	not detected	no	no	1.1682	1.1682	1.1682	1.1682	1.4373	7.28	7.61	7.63	7.67	7.40	630676	638236	643852	644088	652532
SRR16089781	PACBIO_SMRT	2814864	0.2360	not detected	no	no	1.1029	1.1029	1.1029	1.1029	1.3148	7.71	7.72	7.96	7.91	8.05	755896	751812	777356	773256	777356
SRR16089785	PACBIO_SMRT	2808924	0.2720	not detected	no	no	1.1438	1.1438	1.1438	1.1438	1.4261	5.17	5.16	5.43	5.42	5.33	593592	597676	621152	621148	621152
SRR16089787	PACBIO_SMRT	2792354	0.3100	not detected	no	no	1.0923	1.0923	1.0923	1.0923	1.3982	7.85	8.13	8.19	8.35	8.23	775012	779108	793076	793264	793020
SRR16089789	PACBIO_SMRT	2792354	0.2760	not detected	no	no	1.1243	1.1243	1.1243	1.1243	1.3917	5.37	5.43	5.54	5.49	5.48	630528	633772	649484	652656	648524
SRR16089793	PACBIO_SMRT	2866983	0.3120	not detected	no	no	1.0575	1.0575	1.0575	1.0575	1.4064	9.09	9.07	8.22	8.58	8.29	834736	852900	830956	874004	835684
SRR16089794	PACBIO_SMRT	2866983	0.3180	not detected	no	no	1.1777	1.1777	1.1777	1.1777	1.4630	6.54	6.38	7.10	6.76	6.88	599476	599472	624780	623416	617112
SRR16089807	PACBIO_SMRT	2800686	0.2330	not detected	no	no	1.1095	1.1095	1.1095	1.1095	1.3455	7.74	7.41	8.01	8.26	8.54	605256	614640	669428	646308	676596
SRR16093181	PACBIO_SMRT	5234516	0.2390	not detected	no	no	1.1904	1.1904	1.1904	1.1904	1.4023	9.49	9.54	9.80	9.79	9.80	1209696	1202268	1266168	1271916	1285792
SRR16093182	PACBIO_SMRT	5234513	0.2600	not detected	no	no	1.1848	1.1848	1.1848	1.1848	1.3983	10.44	10.48	10.58	10.79	10.69	1278708	1323936	1350448	1407592	1352548
SRR16093183	PACBIO_SMRT	5234480	0.2440	not detected	no	no	1.1957	1.1957	1.1957	1.1957	1.4371	8.05	8.15	8.44	8.41	8.44	1119484	1126772	1146664	1145272	1145264
SRR16109997	OXFORD_NANOPORE	5129640	0.2690	not detected	no	no	1.1847	1.1847	1.1847	1.1847	1.4515	13.15	15.19	12.20	12.56	14.04	1222660	1238576	1278228	1199204	1235240
SRR16109998	OXFORD_NANOPORE	4131315	0.2260	not detected	no	no	1.0777	1.0777	1.0777	1.0777	1.3029	13.80	13.39	13.12	13.50	13.48	1228504	1213456	1231564	1255784	1238664
SRR16109999	OXFORD_NANOPORE	4132063	0.2140	not detected	no	no	1.0561	1.0561	1.0561	1.0561	1.2666	14.58	14.55	14.61	14.58	14.70	1218244	1217900	1237076	1232172	1240496
SRR16110001	OXFORD_NANOPORE	1967290	0.1880	not detected	no	no	1.0649	1.0649	1.0649	1.0649	1.2452	22.53	22.67	22.80	22.81	22.79	1342536	1345440	1336716	1345100	1344804
SRR16167635	OXFORD_NANOPORE	6068595	0.2480	not detected	no	no	1.0508	1.0508	1.0508	1.0508	1.1851	4.83	4.96	4.66	4.70	4.67	601560	597468	562808	571088	571080
SRR16167665	OXFORD_NANOPORE	5827158	0.3370	not detected	no	no	0.9360	0.9360	0.9360	0.9360	1.0913	7.84	6.74	6.76	7.63	7.09	594456	606248	612444	613556	600208
SRR16167670	OXFORD_NANOPORE	5674050	0.1530	not detected	no	no	1.1056	1.1056	1.1056	1.1056	1.2277	7.43	7.23	7.52	7.68	7.41	589980	575212	605028	652692	604560
SRR16167676	OXFORD_NANOPORE	5401030	0.4960	not detected	no	no	1.3675	1.3675	1.3675	1.3675	2.2013	2.76	2.77	2.78	2.76	2.77	289928	285916	308712	312808	308708
SRR16178825	PACBIO_SMRT	3919248	0.2930	not detected	no	no	1.3197	1.3197	1.3197	1.3197	1.7844	7.95	7.86	8.47	8.13	8.14	1107116	1112504	1108448	1123824	1128316
SRR16201921	OXFORD_NANOPORE	4844293	0.1800	not detected	no	no	0.9369	0.9369	0.9369	0.9369	1.0189	30.63	30.00	30.23	29.55	29.93	1811572	1808272	1824192	1769944	1819852
SRR16249240	PACBIO_SMRT	6930499	0.3700	not detected	no	no	1.6899	1.6899	1.6899	1.6899	2.3974	6.30	6.32	6.66	6.69	6.51	595988	595976	622764	617900	616228
SRR16249248	PACBIO_SMRT	5071999	0.2520	not detected	no	no	1.3250	1.3250	1.3250	1.3250	1.6499	11.39	13.07	14.86	14.99	13.58	1235812	1248108	1278660	1304492	1287628
SRR16249284	PACBIO_SMRT	3484743	0.3270	not detected	no	no	1.1834	1.1834	1.1834	1.1834	1.4680	12.39	12.35	12.57	12.77	12.58	1861932	1860016	1890424	1890912	1882728
SRR16249301	PACBIO_SMRT	4375351	0.2980	not detected	no	no	1.2224	1.2224	1.2224	1.2224	1.4808	11.24	11.44	11.41	11.23	11.21	1258628	1270100	1284572	1291924	1314572
SRR16249313	PACBIO_SMRT	2582814	0.2940	not detected	no	no	1.1758	1.1758	1.1758	1.1758	1.4161	11.72	11.74	12.11	12.02	11.98	1188696	1192796	1214588	1212688	1218828
SRR16249315	PACBIO_SMRT	2561893	0.1850	not detected	no	no	1.1831	1.1831	1.1831	1.1831	1.3798	11.75	11.68	12.06	12.13	11.94	1202748	1198596	1218572	1218572	1226764
SRR16249366	PACBIO_SMRT	2677377	0.2360	not detected	no	no	1.3045	1.3045	1.3045	1.3045	1.6070	9.28	9.18	9.55	9.54	9.51	1167952	1170372	1190912	1190020	1185764
SRR16249368	PACBIO_SMRT	2881836	0.3190	not detected	no	no	1.4100	1.4100	1.4100	1.4100	1.8493	11.27	11.57	11.79	11.90	12.45	1185136	1179204	1207440	1218932	1275276
SRR16251405	PACBIO_SMRT	4645928	0.2150	not detected	no	no	1.2392	1.2392	1.2392	1.2392	1.4768	9.44	9.55	9.64	9.66	9.69	1205568	1217984	1247680	1241256	1240080
SRR16251406	PACBIO_SMRT	1928240	0.2490	not detected	no	no	1.3230	1.3230	1.3230	1.3230	1.6290	8.78	8.72	9.11	8.87	8.89	1132504	1132524	1152992	1157760	1151648
SRR16251409	PACBIO_SMRT	1760933	0.2380	not detected	no	no	1.2528	1.2528	1.2528	1.2528	1.4910	12.75	12.76	13.17	13.35	12.92	1197732	1197568	1217792	1218792	1223544
SRR16251423	PACBIO_SMRT	5162579	0.2340	not detected	no	no	1.2756	1.2756	1.2756	1.2756	1.5560	9.45	9.40	9.76	9.65	9.76	1172844	1176780	1198784	1212596	1200980
SRR16251444	PACBIO_SMRT	4416959	0.2730	not detected	no	no	1.3497	1.3497	1.3497	1.3497	1.7034	8.50	8.47	8.96	8.96	8.80	1145568	1164056	1189560	1207708	1182436
SRR16259016	PACBIO_SMRT	1946727	0.2540	not detected	no	no	1.1786	1.1786	1.1786	1.1786	1.4334	13.31	12.95	13.20	13.35	13.24	1209320	1208496	1289464	1289952	1283932
SRR16259204	PACBIO_SMRT	6195642	0.2990	not detected	no	no	1.2223	1.2223	1.2223	1.2223	1.5287	7.47	7.41	7.83	7.67	7.81	1120088	1121212	1142072	1142888	1146252
SRR16259360	PACBIO_SMRT	1934868	0.2740	not detected	no	no	1.1759	1.1759	1.1759	1.1759	1.4579	16.07	15.83	16.24	16.20	16.26	1599852	1593412	1629256	1619928	1622696
SRR16259583	PACBIO_SMRT	1832872	0.2270	not detected	no	no	1.2076	1.2076	1.2076	1.2076	1.4482	14.33	14.48	14.38	14.65	14.72	1355488	1356128	1415140	1420276	1434376
SRR16259731	PACBIO_SMRT	2615469	0.2410	not detected	no	no	1.2339	1.2339	1.2339	1.2339	1.4936	12.74	12.74	12.79	12.76	12.96	1561984	1558516	1580560	1585656	1582268
SRR16263410	PACBIO_SMRT	5307108	0.2750	not detected	no	no	1.2887	1.2887	1.2887	1.2887	1.6076	9.01	9.47	9.90	10.01	10.03	1184440	1193888	1211912	1211912	1211912
SRR16263412	PACBIO_SMRT	1965420	0.2390	not detected	no	no	1.2336	1.2336	1.2336	1.2336	1.4872	13.81	13.31	13.84	13.84	14.24	1516800	1513512	1533788	1531760	1530916
SRR16263435	PACBIO_SMRT	3409142	0.2010	not detected	no	no	1.1523	1.1523	1.1523	1.1523	1.3375	22.69	17.06	19.77	23.54	18.15	2125260	2105068	2089852	2136780	2114684
SRR16277835	OXFORD_NANOPORE	3439340	0.4070	not detected	no	no	1.2605	1.2605	1.2605	1.2605	1.9418	13.12	13.13	13.37	13.17	13.26	572184	566136	581640	586848	583988
SRR16308509	PACBIO_SMRT	6811662	0.4750	not detected	no	no	2.1611	2.1611	2.1611	2.1611	3.6601	17.06	17.06	17.62	17.39	17.45	1985264	1983044	2009996	2010980	2014664
SRR16494726	PACBIO_SMRT	2533318	0.1720	not detected	no	no	1.1736	1.1736	1.1736	1.1736	1.3516	7.41	7.11	7.37	7.12	7.34	1126092	1129932	1154880	1151668	1149240
SRR16494727	PACBIO_SMRT	2534678	0.1740	not detected	no	no	1.2233	1.2233	1.2233	1.2233	1.4118	8.10	8.04	8.43	8.32	8.38	1129724	1133816	1157632	1151372	1151892
SRR16494730	PACBIO_SMRT	2532287	0.1740	not detected	no	no	1.1540	1.1540	1.1540	1.1540	1.3274	7.74	7.95	7.89	8.00	8.03	1133188	1140148	1157936	1151348	1160036
SRR16556289	OXFORD_NANOPORE	7695589	0.1820	not detected	no	no	1.0203	1.0203	1.0203	1.0203	1.1637	21.23	20.59	20.75	20.15	20.66	1657024	1657056	1678564	1676108	1676880
SRR16591572	OXFORD_NANOPORE	7759404	0.3650	not detected	no	no	0.9875	0.9875	0.9875	0.9875	1.2212	24.84	24.62	24.38	24.59	24.56	1876052	1869916	1911680	1897716	1871516
SRR16591807	OXFORD_NANOPORE	7840710	0.4810	not detected	no	no	1.0248	1.0248	1.0248	1.0248	1.2937	19.75	20.55	19.78	19.60	19.50	1697000	1672152	1703972	1711472	1706048
SRR16608001	OXFORD_NANOPORE	4558291	0.2590	not detected	no	no	1.0567	1.0567	1.0567	1.0567	1.2205	11.51	11.60	11.77	11.98	12.67	913420	913056	907464	905460	928960
SRR16631313	PACBIO_SMRT	4966657	0.9280	detected	yes	yes	0.9007	0.0524	0.0876	0.1207	0.9007	6.27	22.68	15.37	15.51	15.64	104120	733280	565040	568144	583252
SRR16676985	PACBIO_SMRT	7720745	0.2350	not detected	no	no	1.2031	1.2031	1.2031	1.2031	1.5150	6.16	6.15	6.34	6.59	6.39	687196	691308	720152	712300	712456
SRR16676988	PACBIO_SMRT	7796014	0.2470	not detected	no	no	1.2347	1.2347	1.2347	1.2347	1.5639	5.62	5.56	5.83	5.77	6.01	618284	602856	631804	621896	666808
SRR16690171	OXFORD_NANOPORE	5492674	0.8070	not detected	no	yes	3.2852	1.3293	1.3293	1.3293	3.2852	2.87	3.21	2.82	2.81	3.19	339828	350444	339036	336616	362480
SRR16767125	PACBIO_SMRT	4963479	0.9260	detected	yes	yes	0.9155	0.0614	0.0970	0.1680	0.9155	8.11	22.38	16.00	15.77	16.02	103276	753184	603580	597876	598448
SRR16805543	PACBIO_SMRT	9161304	0.1900	not detected	no	no	1.1360	1.1360	1.1360	1.1360	1.3686	6.99	6.98	7.32	7.25	7.35	917772	918356	939460	947728	943868
SRR16893579	OXFORD_NANOPORE	2482394	0.3950	detected	yes	no	1.1126	1.0145	1.0145	1.1126	1.4629	38.29	39.26	36.61	36.99	36.18	1357484	1329136	1384272	1392440	1369244
SRR16897915	OXFORD_NANOPORE	5562023	0.4500	not detected	no	no	0.7456	0.7448	0.7456	0.7456	1.1534	157.61	149.59	148.54	149.07	150.29	3404932	3442840	3430244	3332560	3446300
SRR16917661	OXFORD_NANOPORE	2323337	0.1000	detected	yes	no	1.0676	1.1628	1.1628	1.0676	1.1562	22.42	21.93	12.29	12.21	12.36	377920	389280	296332	291816	284664
SRR16950002	PACBIO_SMRT	6219103	0.1990	not detected	no	no	1.2335	1.2335	1.2335	1.2335	1.4890	7.42	8.38	8.26	7.95	7.82	1017856	1024420	1052688	1042548	1043548
SRR16950003	PACBIO_SMRT	6130790	0.1790	not detected	no	no	1.2172	1.2172	1.2172	1.2172	1.4410	7.42	7.83	8.26	8.30	8.23	1062212	1059328	1087792	1084972	1089392
SRR16950004	PACBIO_SMRT	6788027	0.2160	not detected	no	no	1.2346	1.2346	1.2346	1.2346	1.5296	5.89	5.91	6.21	6.19	6.23	937412	938632	961544	956680	958180
SRR16950006	PACBIO_SMRT	6448716	0.2950	not detected	no	no	1.2837	1.2837	1.2837	1.2837	1.7368	6.59	6.33	7.38	6.83	6.44	605220	615208	646356	635512	597652
SRR16950007	PACBIO_SMRT	6774308	0.2420	not detected	no	no	1.2460	1.2460	1.2460	1.2460	1.5409	6.21	6.29	6.48	6.46	6.54	971832	977020	996876	991660	997928
SRR16950008	PACBIO_SMRT	6855336	0.2500	not detected	no	no	1.2890	1.2890	1.2890	1.2890	1.6898	6.64	6.50	6.91	6.91	7.10	597736	593660	614400	624676	616584
SRR16950009	PACBIO_SMRT	7123501	0.2570	not detected	no	no	1.2476	1.2476	1.2476	1.2476	1.6356	5.17	5.25	5.37	5.45	5.45	585956	590280	603712	603128	604540
SRR16962373	PACBIO_SMRT	5827164	0.2360	not detected	no	no	1.2445	1.2445	1.2445	1.2445	1.5348	6.92	7.19	7.59	7.67	7.49	1033960	1049208	1126436	1087040	1088332
SRR16962374	PACBIO_SMRT	6494068	0.2330	not detected	no	no	1.2268	1.2268	1.2268	1.2268	1.5533	6.62	7.34	7.28	6.86	7.65	1019296	1063060	1035340	1035432	1060992
SRR16962375	PACBIO_SMRT	6468924	0.1830	not detected	no	no	1.1687	1.1687	1.1687	1.1687	1.3827	7.67	7.58	7.80	7.98	7.97	1053044	1052916	1078036	1080448	1080976
SRR16962376	PACBIO_SMRT	6413006	0.2190	not detected	no	no	1.2202	1.2202	1.2202	1.2202	1.5088	6.68	6.68	6.95	7.01	7.03	1049432	1049584	1070952	1072920	1072852
SRR16962377	PACBIO_SMRT	6550594	0.2320	not detected	no	no	1.2469	1.2469	1.2469	1.2469	1.5524	7.25	7.66	7.50	7.61	7.47	1028688	1026708	1050792	1053740	1047572
SRR16962378	PACBIO_SMRT	6784155	0.2390	not detected	no	no	1.2742	1.2742	1.2742	1.2742	1.6175	6.91	7.07	7.34	7.25	7.32	982752	985420	1007580	1005316	1004684
SRR16962380	PACBIO_SMRT	6046332	0.2090	not detected	no	no	1.2509	1.2509	1.2509	1.2509	1.5258	6.22	6.22	6.59	6.44	6.53	988236	992636	1014872	1015312	1013140
SRR16962382	PACBIO_SMRT	5714883	0.2870	not detected	no	no	1.5746	1.5746	1.5746	1.5746	2.0848	5.51	5.63	5.90	5.91	5.97	546552	538912	563904	561092	563576
SRR16962383	PACBIO_SMRT	5931766	0.2460	not detected	no	no	1.3316	1.3316	1.3316	1.3316	1.6731	6.98	7.36	7.23	7.37	7.30	1002676	1001004	1017892	1019924	1019920
SRR16962385	PACBIO_SMRT	6591181	0.2480	not detected	no	no	1.2656	1.2656	1.2656	1.2656	1.5549	6.88	6.89	7.07	7.15	7.09	1031776	1047836	1069376	1065432	1045612
SRR16962387	PACBIO_SMRT	5727781	0.2390	not detected	no	no	1.3018	1.3018	1.3018	1.3018	1.6359	7.23	7.21	7.50	7.58	7.33	1015820	1018032	1039628	1036640	1040784
SRR16962389	PACBIO_SMRT	5578888	0.2710	not detected	no	no	1.3502	1.3502	1.3502	1.3502	1.7871	5.81	5.92	7.58	7.64	6.29	595116	594292	611216	654004	611108
SRR16962390	PACBIO_SMRT	6414521	0.2550	not detected	no	no	1.2536	1.2536	1.2536	1.2536	1.6701	6.18	6.05	6.69	6.53	6.85	578204	593324	608276	606420	634448
SRR16962391	PACBIO_SMRT	6753303	0.2540	not detected	no	no	1.3096	1.3096	1.3096	1.3096	1.6638	5.50	5.59	5.88	5.79	5.79	594688	595292	613264	617128	615296
SRR16962393	PACBIO_SMRT	5665049	0.2670	not detected	no	no	1.2946	1.2946	1.2946	1.2946	1.7004	4.92	4.97	5.59	5.38	5.59	592436	584252	606508	607988	609656
SRR16962394	PACBIO_SMRT	5858994	0.2250	not detected	no	no	1.2254	1.2254	1.2254	1.2254	1.5471	6.31	6.39	6.53	6.56	6.57	830352	827548	857480	852692	849544
SRR16962395	PACBIO_SMRT	5917749	0.2190	not detected	no	no	1.1421	1.1421	1.1421	1.1421	1.4002	7.36	7.27	7.51	7.56	7.61	1034564	1030496	1054516	1052064	1058068
SRR16962396	PACBIO_SMRT	5935759	0.2510	not detected	no	no	1.2237	1.2237	1.2237	1.2237	1.5405	6.20	6.22	6.46	6.39	6.45	1027008	1024636	1054116	1049804	1049368
SRR16962397	PACBIO_SMRT	5975010	0.2170	not detected	no	no	1.1925	1.1925	1.1925	1.1925	1.4563	7.07	7.04	7.25	7.33	7.36	1031768	1033524	1055448	1055172	1055384
SRR16962400	PACBIO_SMRT	6493931	0.2150	not detected	no	no	1.1807	1.1807	1.1807	1.1807	1.4439	6.00	6.01	6.31	6.35	6.28	1003928	1004168	1022084	1018544	1019836
SRR16962406	PACBIO_SMRT	5874598	0.2110	not detected	no	no	1.1816	1.1816	1.1816	1.1816	1.4151	7.54	7.49	7.72	7.66	7.74	1031164	1031908	1053752	1053580	1058644
SRR16962407	PACBIO_SMRT	6472652	0.2330	not detected	no	no	1.2648	1.2648	1.2648	1.2648	1.5961	7.47	7.40	7.79	7.95	7.72	1013452	1010932	1036296	1036532	1039316
SRR16962408	PACBIO_SMRT	5897256	0.2400	not detected	no	no	1.2653	1.2653	1.2653	1.2653	1.6629	5.64	5.63	5.71	5.82	5.76	592296	592344	616780	614968	611556
SRR16972384	PACBIO_SMRT	1853687	0.3800	not detected	no	no	1.6424	1.6424	1.6424	1.6424	2.5773	7.26	7.44	7.50	7.69	7.70	1042216	1047760	1066072	1068964	1068364
SRR16992657	OXFORD_NANOPORE	6946939	0.1570	not detected	no	no	1.1149	1.1149	1.1149	1.1149	1.2649	5.47	5.47	5.61	5.61	5.63	768852	770992	775492	787680	790608
SRR16992658	OXFORD_NANOPORE	6946939	0.1390	not detected	no	no	1.0592	1.0592	1.0592	1.0592	1.1753	7.22	7.29	7.37	7.23	7.45	921340	919212	959268	965480	943844
SRR16992659	OXFORD_NANOPORE	6946939	0.1540	not detected	no	no	1.0983	1.0983	1.0983	1.0983	1.2355	5.81	6.04	6.10	6.04	5.82	855508	868160	885008	861844	868828
SRR16992661	OXFORD_NANOPORE	6946939	0.1570	not detected	no	no	1.0514	1.0514	1.0514	1.0514	1.1857	7.13	7.57	9.76	9.66	8.21	795328	813496	811628	840168	813696
SRR16993324	OXFORD_NANOPORE	7256878	0.1400	not detected	no	no	1.0989	1.0989	1.0989	1.0989	1.2428	7.64	7.36	7.19	7.43	7.42	841448	800180	819396	822120	815680
SRR16993325	OXFORD_NANOPORE	7256878	0.1470	not detected	no	no	1.0963	1.0963	1.0963	1.0963	1.2461	7.34	7.24	7.55	7.50	7.77	802052	796636	816444	844448	836604
SRR17000714	PACBIO_SMRT	6984675	0.3880	not detected	no	no	1.8720	1.8720	1.8720	1.8720	2.7591	6.34	6.62	6.34	7.09	6.75	1177476	1181176	1147332	1218208	1204184
SRR17027004	OXFORD_NANOPORE	4544016	0.1980	not detected	no	no	1.2152	1.2152	1.2152	1.2152	1.3903	13.95	13.99	14.37	14.04	14.16	1135880	1140116	1155804	1151816	1154856
SRR17027411	OXFORD_NANOPORE	5798677	0.5030	not detected	no	no	1.3478	1.3478	1.3478	1.3478	2.2340	4.87	4.35	4.76	4.53	4.46	644668	617752	668836	689036	642080
SRR17030008	OXFORD_NANOPORE	2663299	0.1930	not detected	no	no	1.1064	1.1064	1.1064	1.1064	1.2067	12.92	12.94	13.23	13.12	13.32	580964	582872	613876	607036	601592
SRR17030009	OXFORD_NANOPORE	2776930	0.1210	not detected	no	no	1.0718	1.0718	1.0718	1.0718	1.1541	15.75	15.56	15.80	15.96	15.87	641976	641480	666520	666496	672116
SRR17030010	OXFORD_NANOPORE	2973662	0.2340	not detected	no	no	1.2148	1.2148	1.2148	1.2148	1.3898	16.55	16.61	17.58	17.07	16.87	555684	557428	580572	578948	578896
SRR17030011	OXFORD_NANOPORE	3046846	0.3660	not detected	no	no	1.3773	1.3773	1.3773	1.3773	1.6875	18.04	17.63	18.08	18.43	18.29	946568	950956	960748	958008	958020
SRR17030678	OXFORD_NANOPORE	9529571	0.2760	not detected	no	no	1.0503	1.0503	1.0503	1.0503	1.2231	4.97	4.84	5.03	4.87	4.97	649332	647840	687340	691060	680348
SRR17041183	OXFORD_NANOPORE	2406631	0.2850	not detected	no	no	1.0228	1.0228	1.0228	1.0228	1.2625	21.69	21.97	22.28	22.37	22.22	936044	931296	937828	925920	942060
SRR17042237	OXFORD_NANOPORE	8149227	0.1800	not detected	no	no	1.0875	1.0875	1.0875	1.0875	1.2568	4.82	4.82	4.83	5.11	5.05	599240	603028	620872	621200	621956
SRR17042239	OXFORD_NANOPORE	8149227	0.1730	not detected	no	no	1.0902	1.0826	1.0902	1.0902	1.2137	2.94	2.88	2.97	3.01	2.99	396204	575268	603100	604804	597760
SRR17042240	OXFORD_NANOPORE	8149227	0.1770	not detected	no	no	1.0666	0.6967	1.0666	1.0666	1.1987	1.13	1.52	1.59	1.61	1.60	75400	304868	330984	330840	327600
SRR17050026	OXFORD_NANOPORE	5469024	0.5180	not detected	no	no	0.9684	0.9684	0.9684	0.9684	1.2533	25.31	20.20	21.93	25.94	21.74	1594600	1641408	1701312	1650576	1636636
SRR17102516	OXFORD_NANOPORE	4310313	0.3510	not detected	no	no	1.5397	1.5397	1.5397	1.5397	2.1457	4.48	4.37	4.43	4.63	4.57	307208	293156	310664	328328	324216
SRR17102517	OXFORD_NANOPORE	5872224	0.3340	not detected	no	no	1.2038	1.2038	1.2038	1.2038	1.5353	3.98	3.96	4.09	3.97	3.98	538108	537728	563192	558452	560476
SRR17115571	PACBIO_SMRT	1974909	0.2300	not detected	no	no	1.2594	1.2594	1.2594	1.2594	1.5107	15.68	15.89	16.39	15.20	15.64	1614832	1624052	1633892	1584288	1583320
SRR17117120	PACBIO_SMRT	2281730	0.2070	not detected	no	no	1.2253	1.2253	1.2253	1.2253	1.4294	12.58	12.50	12.93	12.75	13.08	1193328	1187376	1211292	1215252	1207928
SRR17117122	PACBIO_SMRT	2571801	0.2460	not detected	no	no	1.2073	1.2073	1.2073	1.2073	1.4623	13.77	13.90	14.44	14.16	14.58	1528060	1523452	1549964	1552620	1551616
SRR17117123	PACBIO_SMRT	2713235	0.2390	not detected	no	no	1.2443	1.2443	1.2443	1.2443	1.5073	13.93	13.56	15.13	14.15	13.74	1587044	1592024	1613940	1613256	1618580
SRR17117164	PACBIO_SMRT	2463627	0.2370	not detected	no	no	1.1842	1.1842	1.1842	1.1842	1.4238	14.12	14.37	14.35	14.52	14.32	1622160	1638924	1660316	1652440	1670240
SRR17117182	PACBIO_SMRT	1984762	0.1880	not detected	no	no	1.1561	1.1561	1.1561	1.1561	1.3619	7.93	7.92	8.14	7.88	7.93	621128	627912	653860	647064	647444
SRR17118586	PACBIO_SMRT	4812066	0.1980	not detected	no	no	1.1283	1.1283	1.1283	1.1283	1.3018	11.26	11.94	12.15	11.71	12.20	1517508	1524388	1550160	1543444	1546976
SRR17118588	PACBIO_SMRT	3168227	0.2030	not detected	no	no	1.1674	1.1674	1.1674	1.1674	1.3518	9.11	9.64	10.00	10.15	9.99	1140952	1142564	1165084	1168960	1168824
SRR17119282	PACBIO_SMRT	5090549	0.1610	not detected	no	no	1.2091	1.2091	1.2091	1.2091	1.3967	11.47	11.32	11.87	11.60	11.66	1688860	1690340	1715256	1716576	1722608
SRR17122010	PACBIO_SMRT	5575661	0.1970	not detected	no	no	1.2168	1.2168	1.2168	1.2168	1.4179	16.58	16.96	17.99	12.88	13.43	2063184	2060460	2149596	2073600	2133840
SRR17124527	PACBIO_SMRT	6127734	0.2980	not detected	no	no	1.2204	1.2204	1.2204	1.2204	1.4713	9.25	9.05	9.25	9.28	9.26	1867400	1862516	1895332	1899160	1894512
SRR17124529	PACBIO_SMRT	6453872	0.2050	not detected	no	no	1.2486	1.2486	1.2486	1.2486	1.4628	10.77	14.27	11.20	11.43	14.54	1977296	1928092	2028800	1961436	2021044
SRR17124558	PACBIO_SMRT	6455194	0.1800	not detected	no	no	1.1685	1.1685	1.1685	1.1685	1.3355	14.34	14.59	14.57	14.87	15.07	2203896	2213132	2235108	2239472	2232292
SRR17126946	PACBIO_SMRT	2333188	0.2370	not detected	no	no	1.2836	1.2836	1.2836	1.2836	1.5906	12.03	12.02	12.10	12.19	12.11	1481684	1475860	1507076	1510888	1509144
SRR17126948	PACBIO_SMRT	2460750	0.2130	not detected	no	no	1.2561	1.2561	1.2561	1.2561	1.5008	10.63	10.51	10.93	11.07	10.81	1462340	1453480	1488172	1488812	1485152
SRR17133875	PACBIO_SMRT	4766157	0.2470	not detected	no	no	1.2347	1.2347	1.2347	1.2347	1.5097	11.18	11.23	11.43	11.53	11.50	1843380	1843372	1873136	1877464	1871532
SRR17188519	PACBIO_SMRT	4929712	0.9240	detected	yes	yes	0.8930	0.1068	0.1127	0.1962	0.8930	51.52	44.60	32.40	30.91	31.20	673564	1071240	919400	857112	834600
SRR17234886	PACBIO_SMRT	4397821	0.5320	not detected	no	no	4.0252	4.0252	4.0252	4.0252	7.1167	16.58	16.69	17.21	17.01	17.29	901368	881800	938524	918432	945164
SRR17234888	PACBIO_SMRT	4420979	0.5320	not detected	no	no	3.7994	3.7994	3.7994	3.7994	6.7813	16.57	15.53	16.78	17.30	16.24	987780	981548	1067940	1027924	993420
SRR17234894	PACBIO_SMRT	4407304	0.5410	not detected	no	no	4.3035	4.3035	4.3035	4.3035	7.7813	16.15	16.07	16.44	16.36	16.48	1035376	1038084	1064392	1062000	1068188
SRR17234895	PACBIO_SMRT	4431508	0.6450	not detected	no	no	5.7647	5.7647	5.7647	5.7647	10.5465	16.13	16.50	16.65	16.05	17.03	1050860	1055292	1115728	1086608	1100884
SRR17234896	PACBIO_SMRT	4421169	0.4940	not detected	no	no	4.6936	4.6936	4.6936	4.6936	7.9404	15.57	14.81	15.31	14.72	15.79	1004012	1010876	1050832	1052312	1048096
SRR17234900	PACBIO_SMRT	4406184	0.4310	not detected	no	no	3.9722	3.9722	3.9722	3.9722	6.2827	10.60	10.62	10.80	10.84	10.88	984768	994804	999892	1014920	1005808
SRR17234903	PACBIO_SMRT	4416715	0.5300	not detected	no	no	5.0819	5.0819	5.0819	5.0819	8.0483	14.90	14.90	15.04	14.82	15.06	804336	800604	830064	823220	811460
SRR17284493	PACBIO_SMRT	4159450	0.4230	not detected	no	no	1.7989	1.7989	1.7989	1.7989	2.9244	20.94	20.57	21.00	21.44	24.40	1938624	1890024	1925436	1917764	1944400
SRR17284691	PACBIO_SMRT	4421981	0.4300	not detected	no	no	1.7640	1.7640	1.7640	1.7640	2.8412	14.27	14.24	14.56	14.37	14.54	1135480	1134700	1154864	1159316	1160404
SRR17327075	OXFORD_NANOPORE	4027360	0.2220	not detected	no	no	1.0407	1.0407	1.0407	1.0407	1.2465	23.01	23.08	23.90	23.43	23.53	1034916	1024680	1012384	1009352	1036128
SRR17390676	PACBIO_SMRT	5261336	0.5820	not detected	no	no	1.0860	1.0860	1.0860	1.0860	2.1158	24.01	24.17	24.24	24.50	24.37	2417640	2385928	2405620	2425564	2416396
SRR17479173	OXFORD_NANOPORE	2336109	0.5610	detected	yes	no	0.8090	0.5728	0.5728	0.8090	1.0731	100.75	97.18	87.91	87.78	83.60	2523544	2624208	2285152	2326644	2424904
SRR17544102	OXFORD_NANOPORE	3314304	0.3380	not detected	no	no	1.0380	1.0380	1.0380	1.0380	1.2593	25.12	35.93	35.68	34.56	36.43	1234052	1233400	1364832	1345772	1379252
SRR17562209	OXFORD_NANOPORE	5461127	0.2550	not detected	no	no	1.2099	1.2099	1.2099	1.2099	1.4677	4.72	4.74	4.87	5.16	4.79	323696	310212	324808	338924	320120
SRR17662746	OXFORD_NANOPORE	2947230	0.1840	not detected	no	no	0.9755	0.9755	0.9755	0.9755	1.0311	88.03	86.86	84.52	86.86	85.99	1842720	1915316	1922404	1947336	1919768
SRR17662747	OXFORD_NANOPORE	2756141	0.1300	not detected	no	no	0.9923	0.9923	0.9923	0.9923	1.0388	148.14	149.71	151.12	153.26	149.99	2703272	2670860	2683632	2736860	2672112
SRR17665523	PACBIO_SMRT	5478817	0.1740	not detected	no	no	1.1056	1.1056	1.1056	1.1056	1.2384	20.34	20.61	20.94	20.45	20.47	2496012	2494268	2531500	2532492	2528616
SRR17687077	OXFORD_NANOPORE	5644528	0.1680	not detected	no	no	0.9779	0.9784	0.9779	0.9779	1.0550	58.77	59.03	57.74	57.79	60.16	2558632	2560892	2509024	2537696	2582460
SRR17687085	OXFORD_NANOPORE	5443802	0.1310	not detected	no	no	0.9847	0.9847	0.9847	0.9847	1.0376	52.95	54.16	53.76	53.56	54.83	2250080	2255512	2280524	2275776	2210160
SRR17687496	OXFORD_NANOPORE	5714135	0.1760	detected	yes	no	1.0166	1.0568	1.0568	1.0166	1.0909	21.40	21.01	24.08	23.48	24.18	659180	659916	748332	743676	745320
SRR17689167	OXFORD_NANOPORE	2069241	0.4140	not detected	no	no	0.9774	0.9774	0.9774	0.9774	1.2445	27.77	27.75	28.02	28.29	28.06	1047284	1078008	1101444	1100092	1090032
SRR17696101	OXFORD_NANOPORE	2297328	0.5170	not detected	no	no	1.0568	1.0568	1.0568	1.0568	1.4266	14.59	13.18	15.02	15.81	17.36	566196	573300	569856	578228	601500
SRR17709479	OXFORD_NANOPORE	10137108	0.1890	not detected	no	no	0.9102	0.9102	0.9102	0.9102	1.0351	80.00	80.72	82.08	81.56	79.97	3053748	3091032	3088512	3085336	3081492
SRR17758649	OXFORD_NANOPORE	5116984	0.3820	not detected	no	no	1.1128	1.1128	1.1128	1.1128	1.4604	15.78	16.01	16.04	15.80	15.85	879632	874424	887400	889408	885504
SRR17772283	OXFORD_NANOPORE	5130570	0.2520	not detected	no	no	1.0332	1.0332	1.0332	1.0332	1.2478	17.00	17.04	17.26	17.50	17.24	872956	868756	894676	886900	893016
SRR17772285	OXFORD_NANOPORE	5369757	0.2810	not detected	no	no	1.0330	1.0330	1.0330	1.0330	1.2404	15.91	15.99	16.15	15.93	16.17	869348	866408	889248	892528	892344
SRR17772290	OXFORD_NANOPORE	5171503	0.2580	not detected	no	no	1.0259	1.0259	1.0259	1.0259	1.2314	16.45	16.59	16.71	16.83	16.82	900700	900864	922212	922772	920688
SRR17772291	OXFORD_NANOPORE	5025350	0.2550	not detected	no	no	1.0250	1.0250	1.0250	1.0250	1.2254	16.71	16.18	17.76	21.23	17.27	890256	896224	920900	895524	902684
SRR17772297	OXFORD_NANOPORE	5182539	0.2780	not detected	no	no	1.0672	1.0672	1.0672	1.0672	1.2913	16.72	16.66	16.93	17.12	16.95	856416	864676	879340	876444	877464
SRR17782760	PACBIO_SMRT	11474152	0.5330	not detected	no	no	1.5036	1.5036	1.5036	1.5036	2.1638	8.59	9.00	9.01	10.34	10.44	1199528	1241276	1267560	1259888	1257232
SRR17833884	OXFORD_NANOPORE	2521740	0.4750	detected	yes	no	1.1663	1.1261	1.1261	1.1663	1.7796	20.42	22.30	47.22	47.19	46.73	544600	554088	577336	623752	584548
SRR17837621	OXFORD_NANOPORE	1819909	0.5640	not detected	no	no	1.2282	1.2282	1.2282	1.2282	2.2825	13.73	13.77	14.23	14.19	14.13	314352	309604	340036	338244	337836
SRR17838411	OXFORD_NANOPORE	2557614	0.4180	not detected	no	no	1.1346	1.1346	1.1346	1.1346	1.6000	20.84	20.50	21.08	20.80	20.84	563964	561900	583432	585732	585584
SRR17841630	PACBIO_SMRT	3625784	0.2830	not detected	no	no	1.2621	1.2621	1.2621	1.2621	1.5766	5.38	5.38	5.65	5.58	5.67	588816	598084	619488	615640	615556
SRR17842125	OXFORD_NANOPORE	4041483	0.1200	not detected	no	no	0.9689	0.9689	0.9689	0.9689	1.0076	33.76	33.35	33.66	33.67	33.32	1173120	1181540	1210656	1200984	1200608
SRR17842140	OXFORD_NANOPORE	3937922	0.1460	not detected	no	no	0.9655	0.9655	0.9655	0.9655	1.0284	51.10	50.18	50.41	50.46	50.32	1905656	1923996	1803520	1893356	1935672
SRR17842141	OXFORD_NANOPORE	4068658	0.1600	not detected	no	no	0.9628	0.9628	0.9628	0.9628	1.0285	40.90	41.03	41.43	42.72	41.87	1562388	1509136	1533020	1582560	1581760
SRR17842142	OXFORD_NANOPORE	3913930	0.1380	not detected	no	no	0.9728	0.9728	0.9728	0.9728	1.0239	51.56	51.37	51.59	51.61	52.00	1976628	2022852	2066556	1999024	2067328
SRR17842153	OXFORD_NANOPORE	3997993	0.0930	not detected	no	no	1.0182	1.0182	1.0182	1.0182	1.0762	11.44	11.47	11.78	11.72	11.65	590756	598248	617720	627736	629744
SRR17853485	PACBIO_SMRT	5478817	0.1740	not detected	no	no	1.1056	1.1056	1.1056	1.1056	1.2384	20.25	20.13	20.33	20.54	20.07	2465612	2467840	2531204	2529568	2532056
SRR17853486	OXFORD_NANOPORE	2624884	0.4790	not detected	no	no	1.1317	1.1317	1.1317	1.1317	1.7128	8.33	8.30	8.43	8.34	8.41	466140	480320	499228	501688	489720
SRR17858527	OXFORD_NANOPORE	4829077	0.1050	not detected	no	no	0.9842	0.9842	0.9842	0.9842	1.0558	7.91	7.91	7.97	7.80	7.78	931688	928604	948980	945280	946568
SRR17873538	PACBIO_SMRT	3126090	0.2510	not detected	no	no	1.5029	1.5029	1.5029	1.5029	1.9696	6.64	6.68	7.08	6.99	7.06	932948	932740	954524	952664	956852
SRR17880880	OXFORD_NANOPORE	6009817	0.2990	detected	yes	no	1.0130	1.0093	1.0093	1.0130	1.1860	30.33	25.38	46.83	46.65	40.99	987340	991056	1131116	1101896	1122900
SRR17883358	OXFORD_NANOPORE	2604089	0.5440	detected	yes	no	1.1211	1.2479	1.2479	1.1211	2.1360	16.57	16.36	12.92	12.95	12.89	299460	289336	269540	265832	275160
SRR17953824	OXFORD_NANOPORE	5109908	0.3280	not detected	no	no	1.1412	1.1412	1.1412	1.1412	1.3712	23.95	24.21	24.31	24.54	24.31	1714752	1670060	1697468	1735432	1733008
SRR17970931	OXFORD_NANOPORE	6458275	0.3500	not detected	no	no	1.1042	1.1042	1.1042	1.1042	1.5259	10.74	10.83	11.17	11.09	11.08	596772	595816	615660	620312	615252
SRR18010266	PACBIO_SMRT	5892443	0.2240	not detected	no	no	1.0897	1.0897	1.0897	1.0897	1.3124	8.79	8.59	8.84	8.89	8.85	1168036	1161820	1190268	1192648	1193392
SRR18038245	OXFORD_NANOPORE	3968176	0.1230	not detected	no	no	0.9762	0.9762	0.9762	0.9762	1.0368	55.71	70.85	68.70	53.86	62.41	2046568	2076984	2093568	2019000	2102764
SRR18042579	OXFORD_NANOPORE	2410448	0.7460	not detected	no	no	2.2294	2.2294	2.2294	2.2294	4.6642	5.91	5.94	6.00	6.27	5.97	167888	175336	183696	195960	182732
SRR18059838	OXFORD_NANOPORE	4086948	0.5080	not detected	no	no	1.1434	1.1434	1.1434	1.1434	1.6872	5.84	5.78	5.83	5.74	5.89	526336	526256	544108	542936	542936
SRR18070731	OXFORD_NANOPORE	6313959	0.1600	not detected	no	no	0.9444	0.9444	0.9444	0.9444	1.0103	33.39	33.55	33.89	33.82	34.40	1492828	1445136	1518668	1518084	1519116
SRR18098685	OXFORD_NANOPORE	5149877	0.2680	not detected	no	no	0.9803	0.9803	0.9803	0.9803	1.1361	34.50	34.21	34.87	35.23	34.79	1400412	1364080	1410076	1431768	1434572
SRR18120112	PACBIO_SMRT	4656683	0.3530	not detected	no	no	1.3162	1.3162	1.3162	1.3162	1.9100	6.17	6.15	6.58	6.61	6.53	589380	589364	608588	608592	608584
SRR18121410	OXFORD_NANOPORE	4233040	0.1600	not detected	no	no	1.0000	1.0000	1.0000	1.0000	1.1221	38.45	38.53	38.06	37.99	38.07	1848628	1848992	1859712	1869816	1878476
SRR18159241	OXFORD_NANOPORE	5213766	0.2000	not detected	no	no	0.9965	0.9942	0.9965	0.9965	1.1103	17.48	16.88	16.91	16.88	16.87	1294760	1538660	1568352	1559160	1521900
SRR18206676	PACBIO_SMRT	4708077	0.3520	not detected	no	no	1.5314	1.5314	1.5314	1.5314	2.1311	8.19	8.66	8.57	9.71	9.49	1139288	1184476	1165388	1189072	1193300
SRR18206677	PACBIO_SMRT	4661643	0.3630	not detected	no	no	1.6222	1.6222	1.6222	1.6222	2.3011	7.21	7.11	7.38	7.37	7.57	1133988	1135580	1152392	1159256	1161440
SRR18212745	OXFORD_NANOPORE	6251522	0.2040	not detected	no	no	0.9783	0.9783	0.9783	0.9783	1.1043	29.63	28.54	29.18	29.51	29.31	1789076	1717032	1786784	1794520	1741144
SRR18264653	OXFORD_NANOPORE	8601311	0.3210	not detected	no	no	1.1811	1.1811	1.1811	1.1811	1.4907	16.78	19.94	18.23	17.25	17.46	1060344	1031728	1157020	1083884	1151164
SRR18274952	OXFORD_NANOPORE	3842332	0.1920	not detected	no	no	1.0452	1.0452	1.0452	1.0452	1.1531	38.43	36.77	37.66	37.71	36.54	1551596	1522444	1526404	1549976	1517652
SRR18274953	OXFORD_NANOPORE	4021421	0.2240	not detected	no	no	1.0495	1.0495	1.0495	1.0495	1.1550	49.20	47.59	81.17	57.19	50.19	1951824	1980224	2064704	2005124	1983484
SRR18274954	OXFORD_NANOPORE	4068881	0.2410	not detected	no	no	1.0424	1.0424	1.0424	1.0424	1.1729	47.63	47.82	48.04	48.59	49.28	2220316	2158356	2208688	2245708	2228708
SRR18274955	OXFORD_NANOPORE	3664824	0.2230	not detected	no	no	1.0430	1.0430	1.0430	1.0430	1.1815	25.07	25.08	25.02	24.80	25.00	1051676	1101620	1097852	1054308	1089872
SRR18274961	OXFORD_NANOPORE	3935981	0.2680	not detected	no	no	1.0110	1.0110	1.0110	1.0110	1.1328	27.94	27.25	27.82	27.46	27.25	1204500	1201884	1253836	1236444	1222244
SRR18286440	OXFORD_NANOPORE	5534595	0.1430	not detected	no	no	0.7556	0.7556	0.7556	0.7556	0.8233	66.35	66.33	67.70	66.38	66.70	3206444	3308084	3231548	3335820	3232924
SRR18292862	OXFORD_NANOPORE	4500898	0.1350	not detected	no	no	1.0326	1.0326	1.0326	1.0326	1.1486	16.81	16.20	16.29	18.82	16.50	507704	524540	551440	540236	528356
SRR18299176	PACBIO_SMRT	6349913	0.2250	not detected	no	no	1.2661	1.2661	1.2661	1.2661	1.5006	14.66	16.49	18.27	12.52	17.12	2094240	2159576	2203976	2121432	2118092
SRR18299177	PACBIO_SMRT	6664435	0.2570	not detected	no	no	1.2500	1.2500	1.2500	1.2500	1.5305	11.96	12.13	12.56	12.57	12.54	2103532	2106988	2144840	2147992	2146620
SRR18299183	PACBIO_SMRT	6720071	0.2130	not detected	no	no	1.2714	1.2714	1.2714	1.2714	1.4989	10.72	10.68	11.18	11.19	11.48	2071284	2068388	2103096	2100852	2102828
SRR18299185	PACBIO_SMRT	6892247	0.2400	not detected	no	no	1.2756	1.2756	1.2756	1.2756	1.5604	11.94	11.78	12.28	12.22	12.15	2058004	2066920	2090844	2096988	2090844
SRR18299186	PACBIO_SMRT	6511042	0.2370	not detected	no	no	1.2950	1.2950	1.2950	1.2950	1.5762	12.56	12.52	12.45	13.10	12.80	2056084	2049852	2103972	2118244	2088144
SRR18299189	PACBIO_SMRT	6974398	0.2380	not detected	no	no	1.2760	1.2760	1.2760	1.2760	1.5771	12.22	12.47	12.91	12.79	12.84	2087508	2085876	2122496	2127352	2122300
SRR18299192	PACBIO_SMRT	7009041	0.2570	not detected	no	no	1.2700	1.2700	1.2700	1.2700	1.5778	11.75	11.94	12.23	12.35	12.46	2065268	2057768	2095976	2092212	2088116
SRR18328645	OXFORD_NANOPORE	4957390	0.2210	not detected	no	no	1.2084	1.2084	1.2084	1.2084	1.4794	6.86	7.10	7.23	8.73	8.63	754168	791060	784324	802180	788024
SRR18331509	OXFORD_NANOPORE	3510837	0.5510	detected	yes	no	0.9676	0.9762	0.9762	0.9676	1.3535	10.92	10.85	12.36	12.16	12.12	511272	511272	542748	531268	546696
SRR18331510	OXFORD_NANOPORE	3294393	0.3290	not detected	no	no	1.0245	1.0245	1.0245	1.0245	1.3832	10.62	9.08	8.72	9.01	9.05	518224	535484	550180	525212	539248
SRR18331511	OXFORD_NANOPORE	3294048	0.3310	not detected	no	no	1.0314	1.0314	1.0314	1.0314	1.3903	8.63	8.47	8.55	8.78	8.73	522500	515384	548856	543960	536612
SRR18360446	OXFORD_NANOPORE	4151098	0.2410	not detected	no	no	0.9933	0.9933	0.9933	0.9933	1.0478	22.17	30.03	22.55	26.05	22.84	949592	993024	958036	1030540	1001628
SRR18371756	PACBIO_SMRT	1876737	0.2560	not detected	no	no	1.2068	1.2068	1.2068	1.2068	1.4944	25.16	23.98	27.20	26.08	24.16	1473296	1495668	1550864	1574776	1498584
SRR18425953	PACBIO_SMRT	5850727	0.2250	not detected	no	no	1.1794	1.1794	1.1794	1.1794	1.3962	10.45	10.10	11.01	10.67	10.74	1301792	1309164	1425128	1336920	1332820
SRR18439254	OXFORD_NANOPORE	5177823	0.3040	not detected	no	no	1.0254	1.0254	1.0254	1.0254	1.1378	14.40	14.79	14.91	14.70	14.60	725368	740416	753196	754772	744568
SRR18439256	OXFORD_NANOPORE	5484552	0.2060	not detected	no	no	1.0251	1.0251	1.0251	1.0251	1.1403	16.07	15.71	16.89	15.97	19.31	807016	807852	823932	817256	840048
SRR18476736	PACBIO_SMRT	6970036	0.3600	not detected	no	no	1.7238	1.7238	1.7238	1.7238	2.4558	4.79	4.81	5.15	5.16	5.13	502696	503708	519148	528304	522136
SRR18500010	OXFORD_NANOPORE	4069304	0.1900	not detected	no	no	1.0111	1.0111	1.0111	1.0111	1.1068	21.58	21.33	21.48	21.87	21.66	1106420	1104460	1140940	1139960	1136944
SRR18500014	OXFORD_NANOPORE	4005937	0.1650	not detected	no	no	1.0005	1.0005	1.0005	1.0005	1.0918	22.95	22.81	23.05	23.40	23.19	1420528	1456500	1444436	1374024	1394136
SRR18500024	OXFORD_NANOPORE	4006979	0.1900	not detected	no	no	0.7955	0.7955	0.7955	0.7955	0.9344	16.95	17.90	17.60	17.48	17.39	1177220	1210552	1235040	1194152	1231100
SRR18500025	OXFORD_NANOPORE	4166040	0.2340	not detected	no	no	1.0201	1.0201	1.0201	1.0201	1.1452	14.96	14.67	14.76	14.96	15.06	972012	966364	985564	956668	987736
SRR18500027	OXFORD_NANOPORE	4192037	0.1910	not detected	no	no	1.0235	1.0235	1.0235	1.0235	1.1498	12.26	12.18	12.57	12.44	12.36	894032	889232	886200	914860	909236
SRR18500031	OXFORD_NANOPORE	4113458	0.2200	not detected	no	no	0.9936	1.0006	0.9936	0.9936	1.1061	5.37	5.62	5.74	5.75	5.77	311104	710292	717784	717928	756340
SRR18508951	OXFORD_NANOPORE	4395474	0.1660	not detected	no	no	1.0762	1.0762	1.0762	1.0762	1.2185	7.47	7.62	7.77	7.43	7.60	849976	851804	878744	878900	884896
SRR18513231	OXFORD_NANOPORE	7000089	0.1310	not detected	no	no	0.9632	0.9632	0.9632	0.9632	1.0348	11.47	11.54	11.45	11.29	11.49	886136	884336	914532	914456	913812
SRR18516215	OXFORD_NANOPORE	4903744	0.7430	not detected	no	no	1.5265	1.5265	1.5265	1.5265	2.9383	11.30	11.25	11.97	11.80	11.90	243196	241612	258680	257704	264848
SRR18516322	OXFORD_NANOPORE	4525667	0.5080	not detected	no	no	0.8595	0.8595	0.8595	0.8595	1.1040	271.76	285.84	193.28	299.50	169.23	3747304	3645368	3761388	3748352	3701340
SRR18516661	OXFORD_NANOPORE	4850562	0.6430	not detected	no	no	1.1832	1.1832	1.1832	1.1832	2.0907	16.54	15.32	16.21	15.71	15.50	341148	342052	348556	333700	332984
SRR18554891	OXFORD_NANOPORE	2106259	0.5850	not detected	no	no	1.1311	1.1311	1.1311	1.1311	2.4360	2.20	2.16	2.21	2.19	2.20	239864	230316	236280	241368	236280
SRR18559473	OXFORD_NANOPORE	2409995	0.3680	detected	yes	no	1.0258	1.0143	1.0143	1.0258	1.2249	50.38	48.02	52.80	52.43	53.48	1491948	1414856	1485984	1467020	1535652
SRR18560242	OXFORD_NANOPORE	2418866	0.3900	not detected	no	no	0.9526	0.9526	0.9526	0.9526	1.1993	5.94	5.94	5.90	5.88	5.89	463812	467704	488624	485700	488344
SRR18686633	OXFORD_NANOPORE	5568581	0.4780	detected	yes	no	1.0060	1.0031	1.0031	1.0060	1.5637	15.04	14.75	23.90	23.89	23.88	475096	471528	545708	556628	546612
SRR18740465	OXFORD_NANOPORE	2224507	0.0580	not detected	no	no	1.0076	1.0076	1.0076	1.0076	1.0498	25.43	25.18	29.04	33.38	27.46	942120	936504	924992	975928	997116
SRR18740467	OXFORD_NANOPORE	2223178	0.0550	not detected	no	no	1.0025	1.0025	1.0025	1.0025	1.0353	35.41	35.55	35.80	35.68	35.71	1103180	1115936	1119576	1107156	1120616
SRR18777559	OXFORD_NANOPORE	5577330	0.3460	not detected	no	no	0.8715	0.8715	0.8715	0.8715	1.1266	11.46	11.83	11.42	11.58	11.65	1218748	1261560	1237320	1233572	1231044
SRR18827659	OXFORD_NANOPORE	2088456	0.3110	not detected	no	no	0.9704	0.9704	0.9704	0.9704	1.0869	33.18	32.89	33.28	33.47	33.52	957568	987204	996936	995968	977184
SRR18884269	OXFORD_NANOPORE	973640	0.7950	detected	yes	no	1.1167	1.0067	1.0067	1.1167	2.3827	10.41	10.32	7.61	7.62	7.59	429380	456396	410140	425640	426036
SRR18884270	OXFORD_NANOPORE	824084	0.6710	not detected	no	no	1.1248	1.1248	1.1248	1.1248	1.9245	10.87	10.68	10.65	10.86	10.91	473176	473240	478964	496208	499632
SRR18904150	PACBIO_SMRT	1848461	0.3010	not detected	no	no	1.1222	1.1222	1.1222	1.1222	1.4173	10.60	10.50	10.53	10.65	10.66	1157992	1158212	1191852	1176528	1185000
SRR18904155	PACBIO_SMRT	1873403	0.2600	not detected	no	no	1.0865	1.0865	1.0865	1.0865	1.4057	13.53	13.62	13.81	13.63	13.76	1215804	1209428	1246040	1228824	1248548
SRR18915762	OXFORD_NANOPORE	1949382	0.2650	not detected	no	no	1.1600	1.1600	1.1600	1.1600	1.5147	4.40	4.39	4.43	4.37	4.40	245232	239744	250952	251372	248636
SRR18918020	PACBIO_SMRT	3878974	0.5410	not detected	no	no	2.5686	2.5686	2.5686	2.5686	5.1183	16.32	16.22	16.82	16.54	16.78	1054392	1049992	1070568	1084708	1078512
SRR18959309	OXFORD_NANOPORE	5241545	0.3840	not detected	no	no	1.1880	1.1880	1.1880	1.1880	1.7295	6.57	6.38	6.28	6.21	6.47	849212	838028	836812	837476	841656
SRR18959311	OXFORD_NANOPORE	5241545	0.2990	not detected	no	no	1.2609	1.2609	1.2609	1.2609	1.6010	16.25	16.51	16.78	16.73	16.61	592640	631624	627580	645248	636308
SRR19049135	OXFORD_NANOPORE	2301561	0.3090	not detected	no	no	1.2628	1.2628	1.2628	1.2628	1.7208	7.95	7.90	8.01	7.86	7.98	1153136	1156364	1183320	1187204	1184396
SRR19090479	OXFORD_NANOPORE	6668956	0.2130	not detected	no	no	0.9288	0.9288	0.9288	0.9288	1.1106	83.72	83.29	83.77	82.90	83.31	2976912	2937412	3019720	2981640	3014208
SRR19119756	OXFORD_NANOPORE	5708010	0.5250	not detected	no	no	1.2376	1.2376	1.2376	1.2376	1.7123	8.44	8.33	8.68	8.56	8.56	662336	662600	681740	661220	683776
SRR19119757	OXFORD_NANOPORE	5586262	0.3630	not detected	no	no	1.0630	1.0630	1.0630	1.0630	1.3876	7.61	7.71	7.82	7.72	7.61	812192	813588	843996	836924	833604
SRR19119759	OXFORD_NANOPORE	5593754	0.3820	not detected	no	no	1.0656	1.0656	1.0656	1.0656	1.4285	10.11	10.06	10.30	10.48	10.41	799052	814080	806456	809536	808472
SRR19119760	OXFORD_NANOPORE	5414205	0.2540	not detected	no	no	1.0095	1.0095	1.0095	1.0095	1.1915	19.06	19.00	19.50	19.30	19.00	1625116	1624320	1642212	1642084	1640176
SRR19119766	OXFORD_NANOPORE	2732108	0.1720	not detected	no	no	1.0296	1.0296	1.0296	1.0296	1.1381	42.02	41.30	46.78	41.22	41.85	1999864	1934820	2009304	1959076	2026600
SRR19154492	OXFORD_NANOPORE	2064866	0.5210	not detected	no	no	1.2454	1.2454	1.2454	1.2454	2.3868	5.50	5.54	5.66	5.71	5.71	294276	298380	316680	308488	308488
SRR19154493	OXFORD_NANOPORE	2100841	0.4820	not detected	no	no	1.1604	1.1604	1.1604	1.1604	2.0408	6.22	5.99	6.49	5.68	5.75	330544	374856	405640	395240	391348
SRR19154494	OXFORD_NANOPORE	2175466	0.5390	not detected	no	no	1.2373	1.2373	1.2373	1.2373	2.3044	5.41	5.32	5.36	5.34	5.36	304140	298036	319204	312068	311196
SRR19156781	OXFORD_NANOPORE	2066285	0.5040	not detected	no	no	1.1913	1.1913	1.1913	1.1913	2.1209	7.18	7.62	7.12	6.63	6.77	329928	334084	367680	356316	370512
SRR19160253	PACBIO_SMRT	3197704	0.2540	not detected	no	no	1.1480	1.1480	1.1480	1.1480	1.4154	10.60	10.01	10.54	10.45	10.52	1142388	1140340	1156500	1159072	1160596
SRR19165762	OXFORD_NANOPORE	5087395	0.1700	not detected	no	no	0.9815	0.9815	0.9815	0.9815	1.0447	18.59	18.89	19.21	19.24	19.29	955332	927092	969660	978884	968976
SRR19165765	OXFORD_NANOPORE	5347110	0.2340	not detected	no	no	0.9407	0.9407	0.9407	0.9407	1.0185	17.47	17.56	17.51	17.74	17.63	1060756	1091020	1099728	1101588	1105000
SRR19165766	OXFORD_NANOPORE	5106755	0.2170	not detected	no	no	0.9710	0.9710	0.9710	0.9710	1.0370	32.00	31.73	31.44	31.46	31.36	1134744	1149596	1108972	1143848	1146816
SRR19165768	OXFORD_NANOPORE	4929699	0.2100	detected	yes	no	0.9502	0.9763	0.9763	0.9502	1.0217	47.13	46.70	48.88	50.51	49.80	1617216	1623560	2076564	2068888	2100580
SRR19165774	OXFORD_NANOPORE	5337629	0.2680	not detected	no	no	0.8865	0.8865	0.8865	0.8865	0.9618	33.08	33.09	33.89	33.05	33.88	1437092	1414452	1431324	1464328	1433124
SRR19165776	OXFORD_NANOPORE	6243900	0.1310	not detected	no	no	0.9571	0.9571	0.9571	0.9571	1.0135	22.69	22.78	22.79	23.15	23.30	1217272	1217116	1226936	1240832	1241924
SRR19165786	OXFORD_NANOPORE	5494983	0.2070	detected	yes	no	0.9547	0.9928	0.9928	0.9547	1.0253	33.17	43.18	36.44	43.98	36.25	1492224	1479204	1257992	1238652	1272028
SRR19165787	OXFORD_NANOPORE	5315023	0.1350	not detected	no	no	1.0197	1.0197	1.0197	1.0197	1.0802	18.09	17.29	17.75	17.41	17.54	1121924	1142840	1153204	1180244	1163324
SRR19165789	OXFORD_NANOPORE	4918774	0.1410	not detected	no	no	1.0189	1.0189	1.0189	1.0189	1.0703	23.46	23.50	23.95	23.85	23.72	1013548	1048568	1068460	1063812	1057452
SRR19165795	OXFORD_NANOPORE	5125971	0.2160	detected	yes	no	0.9909	0.9640	0.9640	0.9909	1.0615	29.91	29.81	32.17	32.47	32.60	1158096	1146500	1105380	1105092	1126224
SRR19165797	OXFORD_NANOPORE	5010740	0.2330	not detected	no	no	0.9949	0.9949	0.9949	0.9949	1.0761	21.45	21.32	23.00	21.73	22.74	918964	954060	989788	963588	941128
SRR19165805	OXFORD_NANOPORE	5446111	0.1200	detected	yes	no	0.9382	0.9518	0.9518	0.9382	0.9822	37.30	37.27	43.45	43.07	42.74	1843496	1846404	1971692	2012444	2021712
SRR19165806	OXFORD_NANOPORE	5618800	0.1960	not detected	no	no	0.9486	0.9486	0.9486	0.9486	1.0055	25.90	25.51	25.88	26.42	26.10	1060940	1112832	1118768	1116860	1104912
SRR19165809	OXFORD_NANOPORE	4990445	0.1340	not detected	no	no	0.9223	0.9223	0.9223	0.9223	0.9836	28.42	28.51	28.60	28.98	28.69	1142184	1164304	1199676	1178208	1152236
SRR19165811	OXFORD_NANOPORE	5534853	0.1340	detected	yes	no	0.9430	0.9794	0.9794	0.9430	0.9983	47.16	46.73	59.37	43.30	64.01	1251352	1176396	1514116	1472916	1371392
SRR19165826	OXFORD_NANOPORE	6420321	0.1680	detected	yes	no	0.9879	1.0530	1.0530	0.9879	1.0441	45.82	41.70	44.17	38.51	47.07	1660912	1654024	1115692	1227000	1239892
SRR19169392	OXFORD_NANOPORE	2047560	0.4890	not detected	no	no	1.1911	1.1911	1.1911	1.1911	1.9798	7.59	7.61	7.81	7.74	7.81	412048	396004	416728	421244	431120
SRR19169393	OXFORD_NANOPORE	2137231	0.5560	not detected	no	no	1.2227	1.2227	1.2227	1.2227	2.4288	5.80	5.82	5.96	6.00	6.07	294672	296368	305188	309284	304372
SRR19169394	OXFORD_NANOPORE	2182071	0.3460	not detected	no	no	1.0691	1.0691	1.0691	1.0691	1.4567	11.20	11.18	11.89	11.27	11.27	653768	633340	651964	650848	665300
SRR19205248	PACBIO_SMRT	8435845	0.3330	not detected	no	no	1.7120	1.7120	1.7120	1.7120	2.3891	7.23	7.30	7.78	7.54	7.64	1166180	1158532	1192528	1185040	1188564
SRR19324999	OXFORD_NANOPORE	5376378	0.3020	not detected	no	no	0.9690	0.9690	0.9690	0.9690	1.1132	19.62	19.53	19.51	19.57	19.67	986316	963924	1002908	1001352	1007316
SRR19325000	OXFORD_NANOPORE	4924737	0.2600	not detected	no	no	1.0066	1.0066	1.0066	1.0066	1.1325	18.25	18.25	18.58	18.77	18.57	1009292	1007696	992516	993796	1014512
SRR19328590	OXFORD_NANOPORE	3336758	0.2440	not detected	no	no	1.0261	1.0261	1.0261	1.0261	1.2504	22.97	24.15	23.33	23.11	23.11	1407436	1451624	1482836	1474824	1476664
SRR19328962	OXFORD_NANOPORE	5334056	0.1780	not detected	no	no	0.8989	0.8989	0.8989	0.8989	0.9787	140.95	137.41	134.72	134.89	134.83	3542628	3515812	3601432	3502244	3526152
SRR19329821	OXFORD_NANOPORE	2470932	0.3630	not detected	no	no	0.9639	0.9653	0.9639	0.9639	1.0447	51.58	46.83	46.37	46.01	46.54	1067240	1413248	1454832	1470152	1457676
SRR19331786	OXFORD_NANOPORE	2306919	0.1680	not detected	no	no	1.0266	1.0266	1.0266	1.0266	1.1239	93.08	94.58	93.99	92.33	94.26	2822036	2754640	2838812	2756068	2822396
SRR19331789	OXFORD_NANOPORE	2314161	0.1990	not detected	no	no	1.0164	1.0164	1.0164	1.0164	1.1290	146.02	144.77	145.74	142.95	203.76	3302168	3320436	3378376	3447004	3481700
SRR19349781	OXFORD_NANOPORE	6861391	0.2880	not detected	no	no	1.0797	1.0797	1.0797	1.0797	1.3450	12.89	14.16	13.67	13.23	13.56	851612	894872	906900	905616	874732
SRR19349782	OXFORD_NANOPORE	6917362	0.3060	not detected	no	no	1.0629	1.0629	1.0629	1.0629	1.3472	12.14	12.12	12.37	12.34	12.65	837540	825404	851916	858076	855156
SRR19349784	OXFORD_NANOPORE	6586589	0.2910	not detected	no	no	1.0782	1.0782	1.0782	1.0782	1.3428	12.17	12.24	12.54	12.40	12.43	859296	847464	881428	886640	883004
SRR19349785	OXFORD_NANOPORE	3641587	0.3990	not detected	no	no	1.1340	1.1340	1.1340	1.1340	1.5324	8.65	8.71	8.94	8.85	8.89	626648	605376	644604	646172	635836
SRR19349794	OXFORD_NANOPORE	3719682	0.3470	not detected	no	no	1.0789	1.0789	1.0789	1.0789	1.4645	13.00	13.22	13.68	13.40	13.48	531716	541308	555212	555200	555200
SRR19349796	OXFORD_NANOPORE	3949713	0.3390	not detected	no	no	1.0487	1.0487	1.0487	1.0487	1.3491	14.96	14.02	14.69	15.12	15.78	695808	668316	693640	745292	686436
SRR19349814	OXFORD_NANOPORE	7732132	0.4030	not detected	no	no	1.1049	1.1049	1.1049	1.1049	1.5899	12.01	11.78	11.30	12.60	11.22	552632	546148	565972	570200	526864
SRR19349815	OXFORD_NANOPORE	4516153	0.4560	not detected	no	no	1.0342	1.0342	1.0342	1.0342	1.4490	15.44	15.28	15.61	15.35	15.41	570188	571924	580508	580452	593068
SRR19349820	OXFORD_NANOPORE	4481708	0.4580	not detected	no	no	1.0778	1.0778	1.0778	1.0778	1.5790	9.33	9.47	9.97	10.25	10.03	459436	453876	479868	468052	483472
SRR19349821	OXFORD_NANOPORE	3981416	0.5540	not detected	no	no	1.0108	1.0108	1.0108	1.0108	1.5025	6.13	6.08	6.13	6.17	6.13	529804	527744	563976	562880	559216
SRR19349828	OXFORD_NANOPORE	7059162	0.4100	not detected	no	no	1.1345	1.1345	1.1345	1.1345	1.6648	5.79	5.48	5.85	5.65	5.62	444492	433592	449820	453572	449820
SRR19349832	OXFORD_NANOPORE	6974722	0.2710	not detected	no	no	1.0765	1.0765	1.0765	1.0765	1.3536	9.63	9.32	9.37	9.73	9.49	791796	772728	800964	802420	803844
SRR19349836	OXFORD_NANOPORE	7284553	0.2720	not detected	no	no	1.0502	1.0502	1.0502	1.0502	1.2930	18.17	18.11	18.72	18.35	18.75	943928	926572	955236	957368	960832
SRR19349841	OXFORD_NANOPORE	6566274	0.3220	not detected	no	no	1.0642	1.0642	1.0642	1.0642	1.3652	8.77	8.78	8.92	8.97	8.88	620776	620380	658072	659372	664380
SRR19349846	OXFORD_NANOPORE	6845873	0.3480	not detected	no	no	1.0853	1.0853	1.0853	1.0853	1.4977	5.90	5.76	6.01	5.83	5.60	627432	610256	608724	654716	621248
SRR19349849	OXFORD_NANOPORE	7235595	0.3210	not detected	no	no	1.0626	1.0626	1.0626	1.0626	1.3530	9.56	9.68	9.75	9.66	9.77	803768	817908	837028	820260	830272
SRR19349850	OXFORD_NANOPORE	7137336	0.3560	not detected	no	no	1.0672	1.0672	1.0672	1.0672	1.4440	10.37	10.31	10.63	10.89	10.91	605428	603244	620312	626108	625468
SRR19349851	OXFORD_NANOPORE	6788906	0.2960	not detected	no	no	1.0541	1.0541	1.0541	1.0541	1.3155	17.04	16.96	17.29	17.27	17.37	831500	831712	866284	864604	859604
SRR19357507	OXFORD_NANOPORE	6788906	0.2750	not detected	no	no	1.0215	1.0215	1.0215	1.0215	1.2516	20.12	25.18	20.17	25.33	20.51	865440	840848	895640	899056	882556
SRR19357509	OXFORD_NANOPORE	7137336	0.3370	not detected	no	no	1.0314	1.0314	1.0314	1.0314	1.3311	11.05	10.84	10.95	10.77	10.81	559264	555756	576224	576076	576076
SRR19357511	OXFORD_NANOPORE	7059162	0.3650	not detected	no	no	1.0710	1.0710	1.0710	1.0710	1.5080	6.22	6.27	6.31	6.27	6.65	440652	436500	463324	444480	447676
SRR19357515	OXFORD_NANOPORE	6586589	0.2750	not detected	no	no	1.0201	1.0201	1.0201	1.0201	1.2423	16.33	16.19	16.21	16.15	16.22	883548	869052	872288	896108	869452
SRR19357516	OXFORD_NANOPORE	6917362	0.2970	not detected	no	no	1.0256	1.0256	1.0256	1.0256	1.2582	14.94	14.81	15.24	15.28	15.16	847336	850824	858036	893164	847408
SRR19357517	OXFORD_NANOPORE	6861391	0.2750	not detected	no	no	1.0376	1.0376	1.0376	1.0376	1.2526	13.79	13.72	13.79	13.75	13.80	845332	844028	890740	894868	891048
SRR19357518	OXFORD_NANOPORE	7235595	0.2920	not detected	no	no	1.0252	1.0252	1.0252	1.0252	1.2623	12.06	12.15	12.22	12.25	12.32	808252	805632	814136	799368	818996
SRR19357522	OXFORD_NANOPORE	6845873	0.3050	not detected	no	no	1.0611	1.0611	1.0611	1.0611	1.3827	6.54	6.49	6.53	6.70	6.45	543928	542432	558624	559052	561352
SRR19357527	OXFORD_NANOPORE	6566274	0.2920	not detected	no	no	1.0181	1.0181	1.0181	1.0181	1.2706	10.10	10.09	10.30	10.23	10.30	629748	625716	650928	651760	654540
SRR19357532	OXFORD_NANOPORE	7284553	0.2640	not detected	no	no	1.0063	1.0063	1.0063	1.0063	1.2021	23.00	22.21	28.81	26.55	30.49	976404	960572	971288	984944	999192
SRR19357536	OXFORD_NANOPORE	6974722	0.2600	not detected	no	no	1.0281	1.0281	1.0281	1.0281	1.2689	9.85	9.86	9.92	9.89	9.90	757232	778040	778068	799196	798008
SRR19357547	OXFORD_NANOPORE	3981416	0.5210	not detected	no	no	0.9726	0.9726	0.9726	0.9726	1.3740	8.13	8.25	8.17	12.92	8.28	553920	550948	571424	550768	576060
SRR19357548	OXFORD_NANOPORE	4481708	0.4270	not detected	no	no	1.0382	1.0382	1.0382	1.0382	1.4787	9.82	9.79	9.96	9.97	10.01	467640	468576	472976	476388	490760
SRR19357553	OXFORD_NANOPORE	4516153	0.4390	not detected	no	no	0.9879	0.9879	0.9879	0.9879	1.3373	17.46	17.39	17.56	17.35	17.47	538612	538612	558568	560868	558568
SRR19357554	OXFORD_NANOPORE	7732132	0.3660	not detected	no	no	1.0517	1.0517	1.0517	1.0517	1.4473	13.39	13.13	15.27	15.32	13.44	481816	500940	526968	499944	507996
SRR19357572	OXFORD_NANOPORE	3949713	0.3420	not detected	no	no	1.0114	1.0114	1.0114	1.0114	1.2694	16.68	16.60	22.88	17.14	17.30	641460	645476	671868	677976	663092
SRR19357573	OXFORD_NANOPORE	3719682	0.3360	not detected	no	no	1.0487	1.0487	1.0487	1.0487	1.3729	13.89	13.91	14.10	14.04	13.76	534324	527148	555128	556272	550400
SRR19357574	OXFORD_NANOPORE	3641587	0.3780	not detected	no	no	1.0656	1.0656	1.0656	1.0656	1.4204	10.80	11.02	11.19	10.72	10.94	573076	573076	592408	592704	592408
SRR19369650	OXFORD_NANOPORE	4546452	0.0740	not detected	no	no	1.0161	1.0161	1.0161	1.0161	1.0564	103.70	101.97	102.54	103.90	102.41	3041260	3001684	3076316	3041340	3047996
SRR19409820	OXFORD_NANOPORE	4130445	0.5000	not detected	no	no	1.1997	1.1997	1.1997	1.1997	1.8766	13.63	13.56	13.92	13.99	13.84	483308	490540	507052	503468	508232
SRR19433003	OXFORD_NANOPORE	2873962	0.1190	not detected	no	no	0.9545	0.9545	0.9545	0.9545	1.0244	10.33	10.21	10.40	10.18	10.38	519220	519220	540828	538240	541168
SRR19445089	OXFORD_NANOPORE	6877688	0.1940	not detected	no	no	1.0842	1.0842	1.0842	1.0842	1.2834	15.79	15.87	15.98	16.39	16.34	817684	809624	834620	830888	826920
SRR19519852	PACBIO_SMRT	2682232	0.1420	not detected	no	no	1.1000	1.1000	1.1000	1.1000	1.2253	15.06	15.34	15.88	15.74	15.99	1640112	1638764	1667572	1669208	1667664
SRR19519855	PACBIO_SMRT	2722604	0.1390	not detected	no	no	1.1430	1.1430	1.1430	1.1430	1.2610	16.98	22.60	17.50	17.88	18.37	1641652	1688316	1687896	1735856	1729628
SRR19519856	PACBIO_SMRT	2568159	0.1800	not detected	no	no	1.1439	1.1439	1.1439	1.1439	1.2965	10.07	9.85	9.94	9.89	9.88	1197616	1204260	1226348	1228636	1229944
SRR19519859	PACBIO_SMRT	2560239	0.1600	not detected	no	no	1.1226	1.1226	1.1226	1.1226	1.2572	18.11	15.87	16.21	20.12	16.98	1593112	1583636	1608684	1680016	1623780
SRR19519874	PACBIO_SMRT	2854929	0.1950	not detected	no	no	1.1523	1.1523	1.1523	1.1523	1.2856	15.41	15.36	15.90	16.06	16.30	1616088	1596420	1639984	1642960	1636796
SRR19519875	PACBIO_SMRT	2855157	0.1850	not detected	no	no	1.1419	1.1419	1.1419	1.1419	1.2687	14.86	14.66	15.02	14.74	14.95	1626788	1636888	1656900	1654436	1656128
SRR19519886	PACBIO_SMRT	2815114	0.2020	not detected	no	no	1.0859	1.0859	1.0859	1.0859	1.2476	15.18	15.10	15.27	15.39	15.34	1606336	1613852	1631904	1637124	1635228
SRR19519887	PACBIO_SMRT	2714075	0.1250	not detected	no	no	1.1483	1.1483	1.1483	1.1483	1.2628	14.77	14.67	14.93	14.69	15.04	1586648	1578456	1601684	1612380	1598996
SRR19519889	PACBIO_SMRT	2818719	0.2150	not detected	no	no	1.1153	1.1153	1.1153	1.1153	1.2634	13.08	12.87	12.89	12.81	12.88	1553616	1553120	1586012	1580996	1583172
SRR19519893	PACBIO_SMRT	2751027	0.1510	not detected	no	no	1.1093	1.1093	1.1093	1.1093	1.2371	16.65	17.06	17.23	17.08	17.10	1680368	1677956	1707128	1711652	1710672
SRR19519894	PACBIO_SMRT	2682239	0.1550	not detected	no	no	1.1715	1.1715	1.1715	1.1715	1.2855	20.58	17.72	17.70	28.55	19.20	1680648	1625848	1631260	1734900	1687440
SRR19519903	PACBIO_SMRT	2552216	0.1810	not detected	no	no	1.1216	1.1216	1.1216	1.1216	1.2698	13.46	12.17	12.40	12.63	12.32	1208960	1182432	1213720	1223388	1221568
SRR19519904	PACBIO_SMRT	2664378	0.1370	not detected	no	no	1.1336	1.1336	1.1336	1.1336	1.2552	17.85	17.87	18.24	18.36	18.38	1645896	1649344	1676220	1672816	1678492
SRR19519905	PACBIO_SMRT	2789553	0.1910	not detected	no	no	1.1139	1.1139	1.1139	1.1139	1.2634	15.81	15.60	16.09	16.13	16.40	1522212	1530772	1552304	1549424	1547168
SRR19519906	PACBIO_SMRT	2639354	0.1610	not detected	no	no	1.1577	1.1577	1.1577	1.1577	1.2963	14.44	14.33	14.62	14.58	14.65	1453348	1456152	1477460	1479288	1479500
SRR19519907	PACBIO_SMRT	2700284	0.1590	not detected	no	no	1.1021	1.1021	1.1021	1.1021	1.2489	17.98	24.35	20.63	27.17	18.99	1564220	1652036	1680552	1672760	1670684
SRR19519908	PACBIO_SMRT	2793276	0.1910	not detected	no	no	1.1124	1.1124	1.1124	1.1124	1.2538	18.48	19.00	27.94	28.20	18.51	1676840	1679228	1728816	1681888	1698484
SRR19519909	PACBIO_SMRT	2616750	0.1610	not detected	no	no	1.1401	1.1401	1.1401	1.1401	1.2859	11.38	10.64	10.95	10.69	10.97	1189608	1179672	1203936	1206464	1218348
SRR19519924	PACBIO_SMRT	2768007	0.1370	not detected	no	no	1.1119	1.1119	1.1119	1.1119	1.2296	16.18	16.26	16.68	16.63	16.33	1646288	1647632	1693548	1694932	1679060
SRR19519925	PACBIO_SMRT	2828586	0.1900	not detected	no	no	1.1044	1.1044	1.1044	1.1044	1.2468	14.79	14.53	14.89	14.99	14.99	1624568	1629580	1650840	1654940	1650840
SRR19519933	PACBIO_SMRT	2706864	0.1820	not detected	no	no	1.1183	1.1183	1.1183	1.1183	1.2648	15.02	15.14	15.06	15.25	15.14	1645956	1646324	1669252	1678064	1670248
SRR19519935	PACBIO_SMRT	2432232	0.1260	not detected	no	no	1.1441	1.1441	1.1441	1.1441	1.2609	16.14	15.94	16.87	16.79	16.91	1612812	1605964	1636432	1635116	1633436
SRR19519936	PACBIO_SMRT	2481135	0.1340	not detected	no	no	1.1048	1.1048	1.1048	1.1048	1.2282	17.62	17.09	18.08	18.22	17.70	1634908	1627208	1693352	1719508	1644944
SRR19519939	PACBIO_SMRT	2462679	0.1280	not detected	no	no	1.1184	1.1184	1.1184	1.1184	1.2376	15.94	16.06	17.03	17.03	16.50	1669236	1671608	1695176	1696360	1697452
SRR19519940	PACBIO_SMRT	2488720	0.1510	not detected	no	no	1.1132	1.1132	1.1132	1.1132	1.2484	16.71	17.18	17.10	16.95	16.98	1653776	1650292	1686032	1684512	1684252
SRR19523863	OXFORD_NANOPORE	2522850	0.3920	not detected	no	no	1.1357	1.1357	1.1357	1.1357	1.5845	17.01	16.89	17.15	16.81	16.84	627196	619844	651964	644252	652208
SRR19570818	PACBIO_SMRT	6383989	0.1630	not detected	no	no	1.1158	1.1158	1.1158	1.1158	1.3277	8.38	8.45	8.76	8.62	8.67	1174044	1130948	1164248	1124160	1132032
SRR19572345	PACBIO_SMRT	3390424	0.2140	not detected	no	no	1.1933	1.1933	1.1933	1.1933	1.3643	13.05	13.11	13.09	13.15	13.17	1604920	1594224	1641504	1621196	1634580
SRR19573022	OXFORD_NANOPORE	4799068	0.1750	not detected	no	no	0.9921	0.9921	0.9921	0.9921	1.0805	14.08	14.22	14.46	14.49	14.53	862680	886316	911188	906288	905636
SRR19612266	OXFORD_NANOPORE	2062839	0.2510	not detected	no	no	0.9768	0.9789	0.9768	0.9768	1.1282	67.85	66.37	65.49	65.98	65.18	2241552	2282092	2207408	2177952	2263628
SRR19612275	OXFORD_NANOPORE	2822320	0.1980	not detected	no	no	1.0492	1.0494	1.0492	1.0492	1.1355	137.84	126.35	127.01	125.40	127.65	3114484	3433640	3560440	3435948	3408268
SRR19612277	OXFORD_NANOPORE	2776930	0.1980	not detected	no	no	1.0048	1.0048	1.0048	1.0048	1.0837	191.30	190.57	188.48	188.73	189.91	4432160	4520028	4442512	4380964	4390272
SRR19612278	OXFORD_NANOPORE	2715550	0.1760	not detected	no	no	1.0125	1.0125	1.0125	1.0125	1.0859	138.77	135.76	136.59	138.99	137.75	3160984	3289060	3336132	3104572	3240928
SRR19612280	OXFORD_NANOPORE	2963571	0.2000	not detected	no	no	1.0798	1.0798	1.0798	1.0798	1.1879	52.27	51.28	50.58	50.35	50.72	1757796	1744560	1785264	1749840	1790740
SRR19612282	OXFORD_NANOPORE	2975607	0.2380	not detected	no	no	1.0005	1.0007	1.0005	1.0005	1.1069	64.03	56.86	56.23	56.75	57.83	1401232	2120492	2061056	2146232	2206844
SRR19612284	OXFORD_NANOPORE	2825432	0.1840	not detected	no	no	1.0245	1.0222	1.0245	1.0245	1.1067	107.03	98.99	100.55	99.23	100.96	2551096	2810232	2854360	2858180	2848764
SRR19612287	OXFORD_NANOPORE	2858420	0.1790	not detected	no	no	1.0574	1.0568	1.0574	1.0574	1.1473	105.20	102.08	102.68	100.05	100.83	2673240	2723760	2915780	2908616	2825520
SRR19612289	OXFORD_NANOPORE	2798038	0.2170	not detected	no	no	1.0429	1.0380	1.0429	1.0429	1.1262	57.22	51.49	50.94	51.45	51.77	1403476	1958756	1991940	1980060	2039792
SRR19646378	PACBIO_SMRT	5969148	0.1920	not detected	no	no	0.9631	0.9631	0.9631	0.9631	1.0016	26.27	25.27	26.52	25.30	26.00	900088	900356	934544	956476	925132
SRR19646389	PACBIO_SMRT	5915411	0.1440	not detected	no	no	0.9593	0.9593	0.9593	0.9593	1.0041	22.92	22.25	22.54	22.32	22.55	911164	877368	936432	896352	902544
SRR19646390	PACBIO_SMRT	5918345	0.1570	not detected	no	no	0.9706	0.9706	0.9706	0.9706	1.0104	19.92	19.45	19.32	19.63	19.33	888860	885032	880644	908852	909344
SRR19646391	PACBIO_SMRT	5986784	0.1230	not detected	no	no	0.9625	0.9625	0.9625	0.9625	1.0024	23.20	23.33	23.19	23.42	23.50	886948	858396	907832	894148	905656
SRR19646392	PACBIO_SMRT	5988833	0.1360	not detected	no	no	0.9543	0.9543	0.9543	0.9543	0.9952	25.58	25.29	25.20	24.98	25.34	868692	870744	926384	925208	914480
SRR19646394	PACBIO_SMRT	6005098	0.1350	not detected	no	no	0.9747	0.9747	0.9747	0.9747	1.0153	25.11	24.58	24.69	24.41	24.49	870560	866912	904856	913048	904852
SRR19646395	PACBIO_SMRT	9120800	0.1450	not detected	no	no	0.9256	0.9256	0.9256	0.9256	0.9891	19.69	19.19	19.37	19.05	19.31	930836	921596	947920	912904	949540
SRR19646396	PACBIO_SMRT	9122278	0.1340	not detected	no	no	0.9273	0.9273	0.9273	0.9273	0.9833	16.56	16.51	16.74	16.44	16.61	914420	912928	898100	900292	898692
SRR19725955	OXFORD_NANOPORE	3056428	0.2470	not detected	no	no	1.0531	1.0531	1.0531	1.0531	1.2288	15.18	15.18	15.27	15.36	15.23	1144164	1140068	1163336	1159236	1161168
SRR19761443	OXFORD_NANOPORE	5141614	0.1910	not detected	no	no	1.0243	1.0243	1.0243	1.0243	1.1568	17.26	17.37	17.64	17.67	17.77	611804	613836	640120	632560	634544
SRR19761445	OXFORD_NANOPORE	5497959	0.1850	not detected	no	no	1.0317	1.0317	1.0317	1.0317	1.1789	17.94	17.88	18.49	18.26	18.42	622592	625724	645440	646300	652228
SRR19807560	PACBIO_SMRT	4450115	0.4780	not detected	no	no	2.4294	2.4294	2.4294	2.4294	4.2284	15.96	15.97	16.31	16.19	16.36	1440612	1433984	1492820	1492660	1498452
SRR19816770	OXFORD_NANOPORE	3669960	0.5370	detected	yes	no	1.0057	0.9956	0.9956	1.0057	1.4842	16.95	16.85	26.35	26.04	26.14	456328	470196	537756	545112	544512
SRR19816785	OXFORD_NANOPORE	6909549	0.3480	not detected	no	no	1.0499	1.0499	1.0499	1.0499	1.4115	11.70	11.50	11.55	11.57	11.65	484632	474104	498364	497008	504472
SRR19816788	OXFORD_NANOPORE	6055669	0.3160	not detected	no	no	1.0460	1.0460	1.0460	1.0460	1.3738	8.97	8.90	9.07	9.10	9.05	540624	540632	564816	564824	560352
SRR19816789	OXFORD_NANOPORE	7405831	0.3090	not detected	no	no	1.0199	1.0199	1.0199	1.0199	1.2803	17.62	17.64	17.97	18.10	18.17	740608	741176	762968	762468	745260
SRR19816796	OXFORD_NANOPORE	7514708	0.3210	not detected	no	no	1.0389	1.0389	1.0389	1.0389	1.3413	17.36	18.07	20.16	20.67	20.49	555628	543472	563496	564508	564884
SRR19816800	OXFORD_NANOPORE	7494256	0.3390	not detected	no	no	1.0417	1.0417	1.0417	1.0417	1.3807	15.65	15.75	15.85	15.90	15.80	508652	510700	532224	532224	530424
SRR19816801	OXFORD_NANOPORE	7279817	0.3150	not detected	no	no	1.0341	1.0341	1.0341	1.0341	1.3285	14.01	14.21	14.46	14.52	16.43	594304	623172	635520	638388	584124
SRR19816803	OXFORD_NANOPORE	3814036	0.3340	detected	yes	no	1.0643	1.0572	1.0572	1.0643	1.4210	18.33	18.46	36.36	35.20	36.28	514400	497088	622480	591420	602296
SRR19816809	OXFORD_NANOPORE	6671596	0.3120	not detected	no	no	1.0080	1.0080	1.0080	1.0080	1.2668	16.29	16.15	16.44	16.69	16.60	729696	715004	752864	752848	755268
SRR19816813	OXFORD_NANOPORE	4131944	0.3610	not detected	no	no	1.0121	1.0121	1.0121	1.0121	1.3001	20.70	20.76	21.56	21.10	21.42	679116	679120	703880	704888	703688
SRR19816818	OXFORD_NANOPORE	5219956	0.4110	not detected	no	no	1.0876	1.0876	1.0876	1.0876	1.6446	6.56	6.66	6.70	6.64	6.72	334376	337924	369016	367544	361820
SRR19816822	OXFORD_NANOPORE	7008155	0.3820	not detected	no	no	1.0578	1.0578	1.0578	1.0578	1.5326	9.02	8.95	9.17	9.09	8.98	404864	412568	438032	425612	429092
SRR19816828	OXFORD_NANOPORE	7190617	0.3610	not detected	no	no	1.0576	1.0576	1.0576	1.0576	1.4701	6.62	7.02	6.76	6.89	6.74	477480	488112	508036	484960	509280
SRR19816837	OXFORD_NANOPORE	7001614	0.3370	not detected	no	no	1.0211	1.0211	1.0211	1.0211	1.2965	17.05	17.12	17.48	17.24	18.97	616060	598184	635348	615800	638712
SRR19816838	OXFORD_NANOPORE	6761576	0.2890	not detected	no	no	1.0268	1.0268	1.0268	1.0268	1.2597	17.46	17.09	17.86	17.42	17.46	734596	759360	756684	761432	786404
SRR19816839	OXFORD_NANOPORE	6839915	0.3700	not detected	no	no	1.0802	1.0802	1.0802	1.0802	1.5086	4.28	4.28	4.19	4.23	4.19	453068	457700	473088	479904	460548
SRR19816842	OXFORD_NANOPORE	5810370	0.4250	not detected	no	no	0.9151	0.9151	0.9151	0.9151	1.2811	10.12	10.10	10.24	10.53	10.51	517604	496492	526816	531852	511836
SRR19816847	OXFORD_NANOPORE	3815734	0.3500	not detected	no	no	0.9995	0.9995	0.9995	0.9995	1.3055	12.50	11.94	12.20	12.17	12.09	562312	562328	583548	593112	581308
SRR19820501	OXFORD_NANOPORE	6979603	0.3950	not detected	no	no	1.0685	1.0685	1.0685	1.0685	1.5440	5.77	5.70	5.73	5.84	5.79	399508	410780	419976	427808	428376
SRR19820502	OXFORD_NANOPORE	7714111	0.2850	not detected	no	no	1.0418	1.0418	1.0418	1.0418	1.2317	12.07	11.96	12.07	12.18	12.07	902316	900288	918404	917056	914216
SRR19820504	OXFORD_NANOPORE	6913689	0.2920	not detected	no	no	1.0091	1.0091	1.0091	1.0091	1.2048	21.56	21.36	21.63	21.83	21.79	867620	866528	908676	909560	911712
SRR19820506	OXFORD_NANOPORE	6859859	0.3590	not detected	no	no	1.0262	1.0262	1.0262	1.0262	1.3787	16.81	16.81	17.22	16.82	17.02	495616	495616	514260	512104	516932
SRR19820513	OXFORD_NANOPORE	3885383	0.4780	not detected	no	no	0.9416	0.9416	0.9416	0.9416	1.2668	18.70	18.70	19.03	18.82	19.04	603444	603436	625232	625508	623664
SRR19820519	OXFORD_NANOPORE	7543334	0.3460	not detected	no	no	1.0448	1.0448	1.0448	1.0448	1.3497	8.68	8.75	9.01	8.92	9.01	528384	530000	548680	550176	548240
SRR19820520	OXFORD_NANOPORE	6804354	0.3060	not detected	no	no	1.0358	1.0358	1.0358	1.0358	1.3147	12.61	12.30	12.59	12.47	12.53	713536	728152	749732	749072	748112
SRR19820522	OXFORD_NANOPORE	6893391	0.2810	not detected	no	no	1.0322	1.0322	1.0322	1.0322	1.2559	12.29	12.10	12.38	12.34	12.42	838952	828856	866268	864700	867904
SRR19820523	OXFORD_NANOPORE	6765542	0.3450	not detected	no	no	1.0588	1.0588	1.0588	1.0588	1.4658	9.87	9.95	10.05	10.05	10.05	505624	507864	527768	523400	527616
SRR19820526	OXFORD_NANOPORE	6873755	0.3520	not detected	no	no	1.0211	1.0211	1.0211	1.0211	1.3460	17.71	16.09	16.52	16.39	16.48	537344	532008	559088	552692	552696
SRR19820527	OXFORD_NANOPORE	6965501	0.2850	not detected	no	no	1.0260	1.0260	1.0260	1.0260	1.2957	12.84	12.85	13.10	13.19	13.05	630552	635168	656480	656992	655452
SRR19820532	OXFORD_NANOPORE	6994851	0.3230	not detected	no	no	1.0224	1.0224	1.0224	1.0224	1.3231	11.32	10.89	11.04	11.09	11.08	590620	571728	611344	609328	605620
SRR19820535	OXFORD_NANOPORE	3989418	0.4910	not detected	no	no	1.0257	1.0257	1.0257	1.0257	1.4581	9.52	9.59	9.95	10.04	9.78	487944	486884	503628	510400	491892
SRR19820537	OXFORD_NANOPORE	3879077	0.3790	not detected	no	no	0.9993	0.9993	0.9993	0.9993	1.2834	17.48	17.51	17.71	17.61	17.59	618496	618496	639200	639196	637808
SRR19820538	OXFORD_NANOPORE	4088156	0.5980	not detected	no	no	0.9416	0.9416	0.9416	0.9416	1.2940	15.48	15.29	16.07	15.86	15.92	569304	569228	591320	593096	583112
SRR19820541	OXFORD_NANOPORE	4012673	0.5400	not detected	no	no	0.9247	0.9247	0.9247	0.9247	1.2466	21.50	22.12	30.50	22.42	23.30	637988	637976	691456	663064	661228
SRR19820546	OXFORD_NANOPORE	5094979	0.3550	not detected	no	no	0.9600	0.9600	0.9600	0.9600	1.2167	12.93	11.92	13.05	12.59	12.11	670200	672264	695784	697620	695896
SRR19820549	OXFORD_NANOPORE	3631029	0.5140	detected	yes	no	1.0320	0.9907	0.9907	1.0320	1.5022	18.15	18.00	28.01	28.77	28.19	480116	480508	549516	562312	565680
SRR19820555	OXFORD_NANOPORE	3715020	0.3810	not detected	no	no	1.0553	1.0553	1.0553	1.0553	1.4341	11.35	11.27	11.47	11.65	12.13	524828	503756	522060	568780	566732
SRR19820556	OXFORD_NANOPORE	3833489	0.4090	not detected	no	no	1.0712	1.0712	1.0712	1.0712	1.5590	13.26	12.37	13.52	12.77	13.84	450496	437012	474164	491280	467204
SRR19820561	OXFORD_NANOPORE	3746132	0.3570	not detected	no	no	1.0568	1.0568	1.0568	1.0568	1.4195	16.20	12.58	12.96	14.63	12.81	529876	515840	548748	544392	558236
SRR19820563	OXFORD_NANOPORE	3841910	0.3510	not detected	no	no	1.0326	1.0326	1.0326	1.0326	1.3841	10.05	9.95	10.13	9.83	10.05	518116	514988	536116	539008	536036
SRR19820564	OXFORD_NANOPORE	7021979	0.3700	not detected	no	no	1.0627	1.0627	1.0627	1.0627	1.4822	7.79	7.83	8.05	8.12	8.27	439012	443764	456732	469284	465652
SRR19820565	OXFORD_NANOPORE	6783894	0.3340	not detected	no	no	1.0051	1.0051	1.0051	1.0051	1.2486	12.50	12.44	12.52	12.69	12.60	864448	863488	855308	858792	857820
SRR19820566	OXFORD_NANOPORE	4146080	0.3250	not detected	no	no	0.9985	0.9985	0.9985	0.9985	1.2444	16.04	16.04	16.61	16.23	16.65	822968	793840	845040	816296	842672
SRR19820570	OXFORD_NANOPORE	7717252	0.3030	not detected	no	no	1.0083	1.0083	1.0083	1.0083	1.2248	13.19	13.11	13.24	13.28	13.28	857060	887144	900628	908080	900768
SRR19820582	OXFORD_NANOPORE	7735646	0.2730	not detected	no	no	1.0212	1.0212	1.0212	1.0212	1.2363	13.49	13.97	14.85	20.02	13.95	935456	958320	941348	922760	960216
SRR19820596	OXFORD_NANOPORE	4533577	0.3580	not detected	no	no	1.0170	1.0170	1.0170	1.0170	1.3250	8.59	8.48	8.54	8.57	8.60	542812	546832	565280	565272	561176
SRR19820602	OXFORD_NANOPORE	7331725	0.3790	not detected	no	no	1.0024	1.0024	1.0024	1.0024	1.3674	15.49	15.65	18.14	18.14	17.23	513600	516776	546164	536568	539704
SRR19820604	OXFORD_NANOPORE	3694522	0.3960	not detected	no	no	1.0646	1.0646	1.0646	1.0646	1.4770	10.23	10.37	10.51	10.38	10.47	481184	474352	509852	503800	503776
SRR19820605	OXFORD_NANOPORE	2221298	0.4720	not detected	no	no	1.0338	1.0338	1.0338	1.0338	1.5587	11.71	11.58	11.90	11.83	11.92	395792	394476	413436	413432	413432
SRR19820607	OXFORD_NANOPORE	3778380	0.3690	not detected	no	no	0.9910	0.9910	0.9910	0.9910	1.2790	20.71	20.51	21.02	21.41	22.63	691684	691672	724224	714144	719680
SRR19820608	OXFORD_NANOPORE	3837677	0.3810	not detected	no	no	1.0506	1.0506	1.0506	1.0506	1.4125	10.74	11.00	11.20	11.30	11.34	523848	523848	555896	563312	550324
SRR19820613	OXFORD_NANOPORE	3670487	0.4260	not detected	no	no	1.1054	1.1054	1.1054	1.1054	1.5708	10.01	9.97	10.14	10.04	10.12	516920	520928	546392	543028	541224
SRR19820616	OXFORD_NANOPORE	7145828	0.2970	not detected	no	no	1.0015	1.0015	1.0015	1.0015	1.2107	20.06	19.79	20.18	20.17	20.18	877092	877204	895260	883196	877840
SRR19820620	OXFORD_NANOPORE	3729481	0.3650	not detected	no	no	1.0034	1.0034	1.0034	1.0034	1.3583	11.81	11.63	11.79	11.84	11.80	515660	499296	529888	534004	529408
SRR19820621	OXFORD_NANOPORE	3766524	0.3480	not detected	no	no	0.9992	0.9992	0.9992	0.9992	1.3401	12.78	13.75	13.37	16.67	13.88	506180	538988	552460	554784	540952
SRR19820622	OXFORD_NANOPORE	3949224	0.4200	not detected	no	no	1.0295	1.0295	1.0295	1.0295	1.4857	10.53	10.51	10.77	10.70	10.84	475800	459280	497172	494380	478240
SRR19820625	OXFORD_NANOPORE	3694909	0.3240	not detected	no	no	1.0078	1.0078	1.0078	1.0078	1.3071	15.04	13.51	13.83	13.61	19.22	554120	550528	588276	571604	575632
SRR19820634	OXFORD_NANOPORE	2796846	0.4710	not detected	no	no	1.0450	1.0450	1.0450	1.0450	1.4687	16.99	16.94	17.36	17.29	17.21	582728	579916	592164	606720	597796
SRR19820639	OXFORD_NANOPORE	2818391	0.3350	not detected	no	no	1.0031	1.0031	1.0031	1.0031	1.2508	26.85	27.05	27.41	27.65	27.64	854636	862820	892992	888900	884820
SRR19820641	OXFORD_NANOPORE	4716880	0.4010	not detected	no	no	1.0871	1.0871	1.0871	1.0871	1.6484	6.02	5.68	5.98	5.86	6.10	342128	336220	376932	369704	360500
SRR19820647	OXFORD_NANOPORE	7459600	0.3450	not detected	no	no	1.0794	1.0794	1.0794	1.0794	1.4448	5.81	5.85	5.86	5.84	5.97	515312	512444	536660	534964	534968
SRR19820649	OXFORD_NANOPORE	4042941	0.5060	not detected	no	no	0.9404	0.9404	0.9404	0.9404	1.3076	20.61	20.64	25.76	21.41	20.77	546888	572232	589396	576920	590336
SRR19820654	OXFORD_NANOPORE	4277638	0.4220	not detected	no	no	1.0138	1.0138	1.0138	1.0138	1.3764	11.04	10.99	11.12	10.95	10.93	528384	528384	549900	543416	543632
SRR19820658	OXFORD_NANOPORE	4032783	0.5230	not detected	no	no	1.1116	1.1116	1.1116	1.1116	1.8503	8.24	8.31	8.35	8.41	8.40	345712	333460	359596	370816	363712
SRR19820660	OXFORD_NANOPORE	5295870	0.4110	not detected	no	no	0.8344	0.8344	0.8344	0.8344	1.2525	8.52	8.92	9.47	9.23	8.37	448556	462544	478764	474264	475808
SRR19820668	OXFORD_NANOPORE	4059496	0.3120	not detected	no	no	1.0294	1.0294	1.0294	1.0294	1.3093	15.63	15.97	15.37	20.74	15.26	593176	598232	619528	618260	618372
SRR19820670	OXFORD_NANOPORE	7279089	0.3250	not detected	no	no	1.0297	1.0297	1.0297	1.0297	1.3451	14.13	14.10	14.28	14.25	14.34	509580	507876	531240	532640	534436
SRR19820674	OXFORD_NANOPORE	6935360	0.2600	not detected	no	no	1.0332	1.0332	1.0332	1.0332	1.2486	10.96	10.45	11.92	11.70	11.24	790288	802364	811108	821256	826988
SRR19820680	OXFORD_NANOPORE	6584427	0.3730	not detected	no	no	1.0697	1.0697	1.0697	1.0697	1.5236	15.97	15.26	15.99	15.77	15.78	450956	446520	484840	474976	494320
SRR19820686	OXFORD_NANOPORE	3733973	0.3270	not detected	no	no	1.0477	1.0477	1.0477	1.0477	1.3244	16.90	23.19	21.76	23.36	23.70	695204	691272	713600	715160	714984
SRR19820687	OXFORD_NANOPORE	3810398	0.3910	not detected	no	no	1.0550	1.0550	1.0550	1.0550	1.4569	10.19	10.16	10.35	10.18	10.17	509972	509972	531280	528328	532408
SRR19820692	OXFORD_NANOPORE	4128289	0.4330	not detected	no	no	1.0083	1.0083	1.0083	1.0083	1.3733	10.12	9.97	10.07	10.39	10.40	528524	528384	548044	548040	548044
SRR19820697	OXFORD_NANOPORE	3814701	0.2840	not detected	no	no	1.0253	1.0253	1.0253	1.0253	1.2556	22.20	22.24	22.15	22.24	22.20	838352	811072	875988	871120	868548
SRR19820698	OXFORD_NANOPORE	3956336	0.3700	not detected	no	no	0.9793	0.9793	0.9793	0.9793	1.2311	25.89	25.33	26.33	27.41	35.19	788152	796856	821956	835560	839776
SRR19820699	OXFORD_NANOPORE	3890372	0.3510	not detected	no	no	0.9863	0.9863	0.9863	0.9863	1.3006	15.15	15.37	15.80	15.55	15.48	612864	614452	636024	635960	635420
SRR19820704	OXFORD_NANOPORE	3983342	0.5710	not detected	no	no	1.0064	1.0064	1.0064	1.0064	1.3907	12.79	13.53	13.09	13.07	13.54	542660	544912	557156	568444	562212
SRR19820708	OXFORD_NANOPORE	3796011	0.3490	not detected	no	no	1.0393	1.0393	1.0393	1.0393	1.3649	10.90	10.70	10.98	10.74	10.72	559388	555924	571744	571744	571748
SRR19820710	OXFORD_NANOPORE	4153633	0.4630	not detected	no	no	0.9582	0.9582	0.9582	0.9582	1.2716	16.51	16.81	21.20	21.70	21.76	779032	809100	831832	832584	835800
SRR19820712	OXFORD_NANOPORE	3726907	0.3930	not detected	no	no	1.0775	1.0775	1.0775	1.0775	1.5162	7.65	8.99	6.77	6.79	7.47	476896	496816	505240	503664	506028
SRR19820714	OXFORD_NANOPORE	3779964	0.3460	not detected	no	no	1.0252	1.0252	1.0252	1.0252	1.3536	14.41	13.92	14.80	15.68	16.55	569372	565580	569088	572332	569088
SRR19820716	OXFORD_NANOPORE	7094360	0.2730	not detected	no	no	1.0207	1.0207	1.0207	1.0207	1.2105	15.82	15.68	16.17	16.01	15.86	897196	871564	911356	914524	910448
SRR19820717	OXFORD_NANOPORE	3742241	0.3960	not detected	no	no	1.0439	1.0439	1.0439	1.0439	1.4596	12.40	12.23	13.20	12.49	12.65	492784	486456	493824	511804	509488
SRR19820720	OXFORD_NANOPORE	3623182	0.5360	not detected	no	no	1.0206	1.0206	1.0206	1.0206	1.3577	15.04	16.21	17.08	17.55	15.34	555316	563212	581704	591220	576388
SRR19820722	OXFORD_NANOPORE	7284758	0.3190	not detected	no	no	1.0109	1.0109	1.0109	1.0109	1.3068	13.78	10.57	10.72	13.80	10.72	606616	559888	583392	630856	589656
SRR19820723	OXFORD_NANOPORE	7011582	0.2790	not detected	no	no	1.0333	1.0333	1.0333	1.0333	1.2756	10.57	10.63	11.02	10.64	10.65	874668	866296	889252	889948	870284
SRR19843264	OXFORD_NANOPORE	8346813	0.3580	not detected	no	no	1.0808	1.0808	1.0808	1.0808	1.4966	8.29	10.03	9.04	9.39	10.23	446812	471024	506476	493960	500472
SRR19843275	OXFORD_NANOPORE	6930927	0.2360	not detected	no	no	1.0264	1.0264	1.0264	1.0264	1.2195	11.91	11.88	11.88	11.87	11.86	885532	857224	897708	897724	900760
SRR19843276	OXFORD_NANOPORE	7005912	0.2620	not detected	no	no	0.9937	0.9937	0.9937	0.9937	1.1676	17.44	17.01	17.56	17.51	17.64	996684	964684	1018012	1009000	1013412
SRR19843278	OXFORD_NANOPORE	3724142	0.2780	not detected	no	no	1.0317	1.0317	1.0317	1.0317	1.2323	26.76	26.25	26.79	26.79	27.10	832744	851424	860948	853440	872532
SRR19843287	OXFORD_NANOPORE	4136829	0.3780	detected	yes	no	0.9952	0.9744	0.9744	0.9952	1.2486	24.99	24.51	34.92	34.45	34.82	828116	848712	930188	951904	991548
SRR19843290	OXFORD_NANOPORE	7122394	0.3380	not detected	no	no	1.0752	1.0752	1.0752	1.0752	1.4284	9.12	9.16	9.08	9.18	9.38	510952	507880	530064	533044	541972
SRR19843305	OXFORD_NANOPORE	7194942	0.3700	not detected	no	no	1.0629	1.0629	1.0629	1.0629	1.4263	9.35	9.44	9.76	9.45	9.57	503520	494456	516344	512960	512576
SRR19843306	OXFORD_NANOPORE	3723291	0.3250	not detected	no	no	1.0655	1.0655	1.0655	1.0655	1.3346	18.53	18.15	18.47	18.49	18.41	699912	700872	723912	726820	721836
SRR19843307	OXFORD_NANOPORE	3764816	0.2990	not detected	no	no	1.0268	1.0268	1.0268	1.0268	1.2809	23.09	21.48	27.55	20.83	24.04	703376	710296	744448	741132	742508
SRR19843308	OXFORD_NANOPORE	3730071	0.3180	not detected	no	no	1.0357	1.0357	1.0357	1.0357	1.3321	20.06	19.98	20.36	20.80	20.47	570844	570836	594412	592616	594416
SRR19843309	OXFORD_NANOPORE	4095538	0.3140	not detected	no	no	1.0406	1.0406	1.0406	1.0406	1.3056	17.74	17.74	20.45	24.69	25.14	653248	649968	686132	673624	686772
SRR19843319	OXFORD_NANOPORE	3667190	0.2640	not detected	no	no	1.0367	1.0367	1.0367	1.0367	1.2513	25.01	24.86	24.91	25.24	24.92	862776	860136	881232	855068	877060
SRR19843321	OXFORD_NANOPORE	6708762	0.3530	not detected	no	no	1.0387	1.0387	1.0387	1.0387	1.2956	15.84	15.24	18.27	20.20	15.12	720776	734424	771296	746892	727672
SRR19843325	OXFORD_NANOPORE	3765831	0.3000	not detected	no	no	1.0077	1.0077	1.0077	1.0077	1.2802	20.84	20.68	21.26	21.54	21.36	629776	627716	656396	656804	652832
SRR19843327	OXFORD_NANOPORE	3727000	0.3290	not detected	no	no	0.9940	0.9940	0.9940	0.9940	1.2523	19.13	19.01	19.47	19.71	19.53	617736	618524	637272	639184	640452
SRR19843328	OXFORD_NANOPORE	3772600	0.3060	not detected	no	no	1.0014	1.0014	1.0014	1.0014	1.2722	19.01	19.02	19.18	19.18	19.20	625984	625984	654080	652704	652732
SRR19843335	OXFORD_NANOPORE	4329909	0.3280	not detected	no	no	1.0335	1.0335	1.0335	1.0335	1.3534	13.02	12.79	12.81	12.68	12.95	536576	537244	556412	557096	557092
SRR19843337	OXFORD_NANOPORE	6070648	0.2880	not detected	no	no	1.0397	1.0397	1.0397	1.0397	1.3131	17.38	17.31	17.32	17.59	17.49	663680	673912	690392	678980	678368
SRR19843338	OXFORD_NANOPORE	3701108	0.3480	not detected	no	no	1.0514	1.0514	1.0514	1.0514	1.4112	12.03	11.93	12.17	12.20	12.28	516768	524728	546036	536680	543108
SRR19843344	OXFORD_NANOPORE	5276023	0.4520	detected	yes	no	0.9539	0.9669	0.9669	0.9539	1.2268	19.80	19.86	28.29	28.00	28.20	776816	762808	924804	924096	949916
SRR19843346	OXFORD_NANOPORE	3725535	0.3570	not detected	no	no	1.0509	1.0509	1.0509	1.0509	1.4102	14.91	14.89	14.86	14.81	14.90	531424	529368	555684	555684	555604
SRR19843355	OXFORD_NANOPORE	6113266	0.4190	not detected	no	no	1.0297	1.0297	1.0297	1.0297	1.3871	16.97	17.20	17.45	17.34	17.30	525840	524344	544892	544888	543088
SRR19843357	OXFORD_NANOPORE	3346030	0.3670	not detected	no	no	1.0280	1.0280	1.0280	1.0280	1.2898	12.15	12.44	12.58	12.41	12.37	583296	583152	602056	602056	602044
SRR19843362	OXFORD_NANOPORE	7097857	0.2840	not detected	no	no	1.0267	1.0267	1.0267	1.0267	1.2033	22.34	22.38	22.37	22.42	22.58	936164	969616	989692	991392	984096
SRR19843368	OXFORD_NANOPORE	6914259	0.2090	not detected	no	no	1.0235	1.0235	1.0235	1.0235	1.1904	17.22	17.57	18.12	19.90	17.36	961384	955168	979056	1017404	958164
SRR19843372	OXFORD_NANOPORE	5182658	0.3420	not detected	no	no	1.0014	1.0014	1.0014	1.0014	1.2539	16.03	15.94	15.86	15.49	17.41	935720	916588	938412	933648	926880
SRR19843374	OXFORD_NANOPORE	4560768	0.3190	not detected	no	no	1.0556	1.0556	1.0556	1.0556	1.3324	17.07	17.04	18.37	16.96	17.47	662844	664176	684248	686908	682500
SRR19843376	OXFORD_NANOPORE	7007881	0.3080	not detected	no	no	1.0236	1.0236	1.0236	1.0236	1.2562	9.42	9.76	9.95	9.37	9.31	870612	812728	873704	880676	839244
SRR19843378	OXFORD_NANOPORE	6907658	0.3110	not detected	no	no	1.0669	1.0669	1.0669	1.0669	1.3946	11.97	11.69	13.42	12.63	12.03	521668	521672	557732	546532	544184
SRR19843394	OXFORD_NANOPORE	7699912	0.3710	not detected	no	no	1.0700	1.0700	1.0700	1.0700	1.5036	15.23	15.12	15.57	15.13	15.15	467568	466372	472788	473868	477356
SRR19843399	OXFORD_NANOPORE	7559925	0.3020	not detected	no	no	1.0287	1.0287	1.0287	1.0287	1.2740	11.50	11.46	11.83	11.65	11.61	855660	877880	890596	899720	886312
SRR19843404	OXFORD_NANOPORE	3629869	0.3910	not detected	no	no	1.0487	1.0487	1.0487	1.0487	1.3865	18.08	18.41	19.01	19.01	18.26	565000	536364	562760	569920	561444
SRR19843405	OXFORD_NANOPORE	6948040	0.3050	not detected	no	no	1.0340	1.0340	1.0340	1.0340	1.2587	13.60	13.55	13.62	13.65	13.56	862068	868636	894284	855740	864088
SRR19843408	OXFORD_NANOPORE	3844909	0.3480	not detected	no	no	1.0299	1.0299	1.0299	1.0299	1.3491	20.18	20.23	20.70	20.83	20.48	540560	544508	558500	559460	560808
SRR19843428	OXFORD_NANOPORE	7079420	0.3370	not detected	no	no	1.0607	1.0607	1.0607	1.0607	1.3240	10.04	9.59	9.00	9.01	9.03	711296	729264	740436	759352	757852
SRR19880591	PACBIO_SMRT	3030719	0.2800	not detected	no	no	1.2230	1.2230	1.2230	1.2230	1.5052	13.58	13.99	13.73	14.45	10.08	1209176	1222112	1250504	1210360	1234336
SRR19905847	OXFORD_NANOPORE	2278965	0.4930	not detected	no	no	0.8490	0.8490	0.8490	0.8490	1.0178	190.73	188.11	188.76	190.76	190.61	3619924	3448796	3638064	3507688	3580796
SRR19969260	OXFORD_NANOPORE	4855498	0.2310	not detected	no	no	1.0859	1.0859	1.0859	1.0859	1.2487	42.56	45.43	68.07	46.50	47.80	2335728	2264872	2362920	2405660	2348220
SRR19974005	OXFORD_NANOPORE	3681770	0.1770	not detected	no	no	0.9122	0.9122	0.9122	0.9122	1.0165	78.81	79.38	80.68	79.07	78.91	3464096	3454592	3470104	3474080	3366740
SRR19974024	OXFORD_NANOPORE	4927193	0.1870	not detected	no	no	0.9362	0.9362	0.9362	0.9362	1.0276	121.61	79.52	125.80	78.98	126.65	3409880	3443048	3474992	3433216	3362084
SRR19975617	OXFORD_NANOPORE	4885065	0.3090	not detected	no	no	1.0293	1.0293	1.0293	1.0293	1.2967	16.40	16.26	16.66	16.47	16.36	1006148	1044476	1053364	1056108	1046728
SRR19975622	OXFORD_NANOPORE	4809461	0.1820	not detected	no	no	1.0075	1.0075	1.0075	1.0075	1.1075	18.77	18.57	18.71	18.75	18.86	843932	844636	841744	865284	867608
SRR19977213	OXFORD_NANOPORE	5335673	0.3390	not detected	no	no	0.9338	0.9330	0.9338	0.9338	1.0178	125.52	124.87	126.89	123.51	123.55	3636616	3578116	3642064	3564420	3515820
SRR19977218	OXFORD_NANOPORE	5465387	0.2300	not detected	no	no	0.9475	0.9475	0.9475	0.9475	1.0186	141.45	144.89	141.63	138.45	139.96	3688320	3739852	3748424	3590476	3775508
SRR19977219	OXFORD_NANOPORE	5435457	0.2200	not detected	no	no	0.9774	0.9774	0.9774	0.9774	1.0531	97.47	108.70	104.35	140.88	145.40	3150372	3111168	3129476	3130224	3171080
SRR19977224	OXFORD_NANOPORE	5238180	0.2060	not detected	no	no	1.1217	1.1217	1.1217	1.1217	1.2182	16.87	16.81	17.73	17.01	16.74	1102120	1111856	1135228	1094772	1089976
SRR19977225	OXFORD_NANOPORE	5179758	0.2460	not detected	no	no	0.9141	0.9141	0.9141	0.9141	0.9914	128.82	126.32	128.77	130.17	128.79	3719676	3696540	3741536	3748224	3627272
SRR20000763	OXFORD_NANOPORE	6742135	0.2050	not detected	no	no	0.9647	0.9647	0.9647	0.9647	1.0625	18.04	17.57	17.90	17.88	17.59	1064204	1064888	1091776	1083340	1091544
SRR20001172	OXFORD_NANOPORE	7327117	0.1420	not detected	no	no	1.0219	1.0219	1.0219	1.0219	1.1355	11.03	10.98	11.29	11.47	11.41	954032	985544	1008216	1001280	1001276
SRR20020692	OXFORD_NANOPORE	1629343	0.1660	not detected	no	no	1.0339	1.0339	1.0339	1.0339	1.1503	35.93	35.93	35.87	35.99	36.15	1091344	1083732	1070740	1090488	1094204
SRR20046040	OXFORD_NANOPORE	3122888	0.2610	not detected	no	no	1.0580	1.0685	1.0580	1.0580	1.2920	5.12	5.06	5.28	5.05	5.23	317620	612088	690372	647448	679044
SRR20046042	OXFORD_NANOPORE	3123001	0.3050	not detected	no	no	1.1167	1.1167	1.1167	1.1167	1.4328	8.19	8.12	8.17	8.45	8.18	877684	866008	886904	877552	891248
SRR20076306	OXFORD_NANOPORE	1952277	0.1760	not detected	no	no	1.0071	1.0023	1.0071	1.0071	1.1194	12.32	12.14	12.23	12.30	11.88	872020	872884	889208	923136	894368
SRR20082805	OXFORD_NANOPORE	4417942	0.3220	not detected	no	no	1.0908	1.0908	1.0908	1.0908	1.4604	14.25	14.00	14.21	14.31	14.32	589408	584564	612788	598064	603356
SRR20082812	OXFORD_NANOPORE	4417942	0.3540	not detected	no	no	1.0597	1.0597	1.0597	1.0597	1.4139	18.03	17.70	21.63	19.20	18.98	589352	620172	648144	631012	614972
SRR20140463	OXFORD_NANOPORE	5292698	0.5370	not detected	no	no	0.9529	0.9529	0.9529	0.9529	1.1237	57.89	59.16	59.46	78.31	63.29	2085424	2133844	2106120	2097768	2115608
SRR20140614	OXFORD_NANOPORE	3037137	0.2400	not detected	no	no	1.0239	1.0239	1.0239	1.0239	1.1975	35.23	34.66	36.10	41.67	56.45	1165824	1241440	1245784	1170040	1227464
SRR20280882	PACBIO_SMRT	2501534	0.2440	not detected	no	no	1.1877	1.1877	1.1877	1.1877	1.4714	7.94	7.89	8.18	8.19	8.10	926416	923584	946964	949108	945700
SRR20280883	PACBIO_SMRT	2419744	0.2570	not detected	no	no	1.2308	1.2308	1.2308	1.2308	1.5296	5.90	5.79	5.94	5.88	6.09	933736	943872	961256	962584	961260
SRR20280884	PACBIO_SMRT	2755930	0.3030	not detected	no	no	1.2010	1.2010	1.2010	1.2010	1.5164	6.95	6.89	7.15	7.00	6.98	896972	895632	915816	919472	915592
SRR20280886	PACBIO_SMRT	2420532	0.2690	not detected	no	no	1.3896	1.3896	1.3896	1.3896	1.7683	5.88	6.00	6.18	6.12	6.17	1039028	1035384	1057840	1057732	1056576
SRR20280887	PACBIO_SMRT	2679563	0.2510	not detected	no	no	1.1977	1.1977	1.1977	1.1977	1.4068	12.38	12.15	12.64	12.39	12.35	1500520	1498060	1529060	1528304	1529788
SRR20280888	PACBIO_SMRT	2749212	0.2470	not detected	no	no	1.1890	1.1890	1.1890	1.1890	1.4204	11.12	11.11	11.11	11.19	11.02	1255660	1257708	1284156	1367836	1283928
SRR20280891	PACBIO_SMRT	2205122	0.5440	not detected	no	no	1.9531	1.9531	1.9531	1.9531	3.8927	17.75	17.85	18.23	18.05	18.13	1288156	1290088	1324960	1319608	1317816
SRR20280894	PACBIO_SMRT	2492712	0.2650	not detected	no	no	1.2397	1.2397	1.2397	1.2397	1.5635	8.18	8.42	8.81	8.47	8.53	813404	813952	832596	826904	825664
SRR20336622	OXFORD_NANOPORE	2389603	0.1750	not detected	no	no	1.0226	1.0226	1.0226	1.0226	1.1341	67.32	67.39	67.56	66.52	66.29	2121048	2173408	2214096	2164404	2202004
SRR20336623	OXFORD_NANOPORE	2337040	0.2380	not detected	no	no	1.0528	1.0564	1.0528	1.0528	1.2009	24.02	22.39	21.14	21.07	20.73	978236	1063664	1099328	1144264	1111084
SRR20414474	OXFORD_NANOPORE	5228717	0.2020	not detected	no	no	1.0515	1.0515	1.0515	1.0515	1.1983	26.32	27.07	28.36	29.76	35.12	1678412	1635004	1717564	1744984	1724544
SRR20461782	OXFORD_NANOPORE	8820026	0.4990	not detected	no	no	1.4299	1.4299	1.4299	1.4299	2.1704	2.74	2.83	2.94	3.59	2.62	443468	437144	471808	471552	474268
SRR20461783	OXFORD_NANOPORE	8820026	0.3810	not detected	no	no	1.1752	1.1752	1.1752	1.1752	1.5812	3.65	3.65	3.70	3.76	3.76	458948	466744	489472	488456	477872
SRR20632761	OXFORD_NANOPORE	8543434	0.2030	not detected	no	no	0.9778	0.9778	0.9778	0.9778	1.1158	20.34	22.58	20.02	27.23	19.79	944132	998312	991440	1038728	1008684
SRR20746747	PACBIO_SMRT	3303475	0.2220	not detected	no	no	1.1539	1.1539	1.1539	1.1539	1.3844	15.46	19.85	22.46	15.44	18.68	1253944	1286212	1301836	1407372	1320428
SRR20852345	OXFORD_NANOPORE	6267852	0.2010	not detected	no	no	0.9287	0.9287	0.9287	0.9287	1.0136	21.26	21.04	21.57	21.43	21.51	881104	885968	931516	932904	929520
SRR20852780	OXFORD_NANOPORE	10859970	0.2240	not detected	no	no	0.8878	0.8878	0.8878	0.8878	1.0002	34.66	34.76	36.12	34.99	35.40	1795328	1795116	1807100	1801080	1806196
SRR20853546	OXFORD_NANOPORE	11540835	0.2220	not detected	no	no	0.8142	0.8142	0.8142	0.8142	0.9170	44.30	43.78	43.93	43.83	43.66	2050088	2051524	2069164	2066360	2069344
SRR20907454	PACBIO_SMRT	5153871	0.4150	not detected	no	no	1.9106	1.9106	1.9106	1.9106	2.9263	19.30	20.59	19.15	20.25	21.50	1577428	1623156	1640168	1600392	1629004
SRR20950142	PACBIO_SMRT	4963702	0.3480	not detected	no	no	1.2930	1.2930	1.2930	1.2930	1.7180	21.27	23.21	22.09	22.53	28.76	2063236	2075568	2089044	2167452	2150168
SRR20980344	OXFORD_NANOPORE	4235444	0.3420	not detected	no	no	1.2161	1.2161	1.2161	1.2161	1.5654	9.25	8.70	9.88	9.21	10.05	854272	855368	869172	908112	885556
SRR20999547	OXFORD_NANOPORE	6398286	0.2370	not detected	no	no	1.1225	1.1225	1.1225	1.1225	1.3045	19.47	14.18	19.44	19.13	14.80	1179204	1135692	1199340	1202120	1210916
SRR21026239	OXFORD_NANOPORE	6056872	0.2020	not detected	no	no	0.9297	0.9297	0.9297	0.9297	1.0960	23.90	23.30	23.82	36.23	34.70	877252	880824	921876	904596	934476
SRR21074465	OXFORD_NANOPORE	4095848	0.1260	not detected	no	no	1.0037	1.0037	1.0037	1.0037	1.0408	12.82	12.20	11.85	12.02	12.28	537732	548952	556088	556012	556012
SRR21079302	PACBIO_SMRT	2781669	0.2070	not detected	no	no	1.2184	1.2184	1.2184	1.2184	1.4536	9.61	9.81	10.05	10.56	10.24	1194792	1202276	1230832	1230972	1230064
SRR21079304	PACBIO_SMRT	6515978	0.2730	not detected	no	no	1.3683	1.3683	1.3683	1.3683	1.7892	8.72	8.50	11.39	11.59	11.27	1223316	1180244	1241728	1275144	1268008
SRR21131455	OXFORD_NANOPORE	2543277	0.1830	not detected	no	no	0.9849	0.9849	0.9849	0.9849	1.0626	20.52	20.64	20.91	20.43	20.81	735840	736960	801460	740556	759864
SRR21131463	OXFORD_NANOPORE	2636626	0.2350	not detected	no	no	0.9867	0.9867	0.9867	0.9867	1.0821	17.17	17.29	17.41	17.24	17.30	929628	922692	947236	941340	948488
SRR21131590	PACBIO_SMRT	2040580	0.2520	not detected	no	no	1.2809	1.2809	1.2809	1.2809	1.6542	9.71	9.57	10.04	9.97	10.00	1175852	1179432	1200060	1202888	1197724
SRR21133403	PACBIO_SMRT	4980142	0.2180	not detected	no	no	1.3381	1.3381	1.3381	1.3381	1.6045	9.67	9.66	10.08	9.68	9.86	1224920	1212756	1239340	1263788	1265420
SRR21133406	PACBIO_SMRT	6163560	0.1700	not detected	no	no	1.2753	1.2753	1.2753	1.2753	1.4985	8.84	8.80	9.04	8.93	9.02	1195920	1195228	1223436	1223536	1221312
SRR21133407	PACBIO_SMRT	3936223	0.1940	not detected	no	no	1.2672	1.2672	1.2672	1.2672	1.4795	9.20	9.20	9.48	9.26	9.38	1206904	1203752	1223788	1237876	1235044
SRR21133412	OXFORD_NANOPORE	5319859	0.1300	not detected	no	no	1.0111	1.0111	1.0111	1.0111	1.0798	10.37	10.44	10.60	10.65	10.67	597276	592768	618276	630768	619868
SRR21133413	OXFORD_NANOPORE	5623714	0.0810	not detected	no	no	1.0200	1.0200	1.0200	1.0200	1.0783	13.93	13.89	17.26	15.65	17.34	614652	589064	674180	605984	654684
SRR21133416	OXFORD_NANOPORE	6093551	0.1400	not detected	no	no	1.0508	1.0508	1.0508	1.0508	1.1366	10.12	10.42	10.35	10.36	10.28	460244	470076	470088	463968	473192
SRR21143302	OXFORD_NANOPORE	2638230	0.2030	not detected	no	no	0.9697	0.9697	0.9697	0.9697	1.0449	19.75	19.76	20.58	19.95	20.34	704252	707784	728196	729044	736624
SRR21166831	PACBIO_SMRT	2171060	0.3620	not detected	no	no	1.1002	1.1002	1.1002	1.1002	1.3424	15.44	15.99	16.07	15.93	15.73	1346108	1343792	1361940	1366800	1369416
SRR21197995	OXFORD_NANOPORE	10128441	0.4940	not detected	no	no	1.0087	1.0087	1.0087	1.0087	1.3571	15.86	15.52	15.93	17.43	15.99	1486596	1492700	1473968	1508172	1514768
SRR21198992	OXFORD_NANOPORE	10115897	0.3200	not detected	no	no	1.0222	1.0222	1.0222	1.0222	1.2137	15.94	16.39	16.71	18.68	18.76	621176	667344	702716	707600	706312
SRR21224253	OXFORD_NANOPORE	1226577	0.5910	detected	yes	no	1.0106	0.9300	0.9561	1.0106	1.4315	15.64	13.38	4.40	4.27	4.64	415900	568196	280928	282708	288956
SRR21276823	PACBIO_SMRT	1935434	0.1730	not detected	no	no	1.2013	1.2013	1.2013	1.2013	1.3800	15.00	22.16	15.11	14.80	15.78	1410948	1424716	1394876	1431144	1372220
SRR21285060	PACBIO_SMRT	4980142	0.2230	not detected	no	no	1.3381	1.3381	1.3381	1.3381	1.6153	11.22	12.04	14.98	11.98	14.88	1205760	1304728	1304060	1312332	1327876
SRR21285063	PACBIO_SMRT	6163560	0.1780	not detected	no	no	1.2739	1.2739	1.2739	1.2739	1.4887	9.13	9.11	9.33	9.48	9.39	1197176	1202960	1220572	1226956	1231064
SRR21285064	PACBIO_SMRT	3936223	0.1900	not detected	no	no	1.2657	1.2657	1.2657	1.2657	1.4712	15.28	14.65	11.82	12.35	12.07	1260396	1240488	1270572	1246604	1228820
SRR21292614	OXFORD_NANOPORE	8569708	0.4320	not detected	no	no	1.1323	1.1323	1.1323	1.1323	1.7033	4.79	4.67	4.38	4.32	4.46	513768	513016	542024	500520	528516
SRR21293168	OXFORD_NANOPORE	8564906	0.4540	not detected	no	no	1.1627	1.1627	1.1627	1.1627	1.7945	4.07	4.04	4.27	4.02	5.21	437096	437132	476028	451644	477892
SRR21294699	OXFORD_NANOPORE	8564906	0.3740	not detected	no	no	1.1547	1.1547	1.1547	1.1547	1.6735	8.59	8.51	8.69	8.77	8.75	570680	567648	584124	587020	583784
SRR21295027	OXFORD_NANOPORE	7826830	0.3910	not detected	no	no	0.9985	0.9985	0.9985	0.9985	1.2140	19.21	19.34	20.23	19.57	20.29	1135064	1154712	1157472	1176160	1153956
SRR21295096	OXFORD_NANOPORE	7825008	0.3650	not detected	no	no	1.0357	1.0357	1.0357	1.0357	1.2910	20.29	23.74	25.03	25.57	20.52	1026476	1020656	1062884	1054272	1020952
SRR21295163	PACBIO_SMRT	5535488	0.4450	not detected	no	no	0.9631	0.9631	0.9631	0.9631	1.0306	95.55	96.40	95.95	75.27	121.02	1644224	1632824	1636984	1634540	1652920
SRR21295172	OXFORD_NANOPORE	7826442	0.3880	not detected	no	no	1.0175	1.0175	1.0175	1.0175	1.2805	17.88	18.02	17.99	17.34	17.72	943324	960120	966784	975912	972472
SRR2132330	PACBIO_SMRT	4300706	0.3330	not detected	no	no	1.4778	1.4778	1.4778	1.4778	2.0847	18.39	18.62	18.43	18.55	18.58	1171244	1204448	1191684	1180452	1181144
SRR21362308	OXFORD_NANOPORE	3629232	0.3950	not detected	no	no	1.0234	1.0234	1.0234	1.0234	1.3578	19.64	19.81	20.10	20.50	20.16	576976	576580	601840	603136	599048
SRR21362310	OXFORD_NANOPORE	7287539	0.3090	not detected	no	no	1.0053	1.0053	1.0053	1.0053	1.2048	15.15	15.01	15.09	15.36	15.13	925460	952268	973500	968444	967736
SRR21362311	OXFORD_NANOPORE	6542498	0.2840	not detected	no	no	1.0092	1.0092	1.0092	1.0092	1.1641	17.55	17.40	17.82	17.55	17.70	1011700	1017992	995208	1033336	1002252
SRR21362313	OXFORD_NANOPORE	4908118	0.3630	not detected	no	no	1.0094	1.0094	1.0094	1.0094	1.3634	17.66	17.57	18.30	17.80	17.59	517728	518376	540628	540632	540628
SRR21362323	OXFORD_NANOPORE	7664057	0.3450	not detected	no	no	1.0085	1.0085	1.0085	1.0085	1.3018	10.37	14.25	10.48	14.65	10.64	614696	647116	661568	677980	652152
SRR21362339	OXFORD_NANOPORE	4302534	0.3920	not detected	no	no	1.0373	1.0373	1.0373	1.0373	1.4862	9.31	9.27	9.44	9.47	9.52	455768	471784	466124	468444	467884
SRR21362340	OXFORD_NANOPORE	4212748	0.3950	not detected	no	no	1.0450	1.0450	1.0450	1.0450	1.4264	12.50	12.53	12.72	12.70	12.64	524040	524036	545032	540932	543744
SRR21362341	OXFORD_NANOPORE	7769164	0.2840	not detected	no	no	1.0035	1.0035	1.0035	1.0035	1.2154	17.19	16.99	17.23	17.21	17.32	909680	910808	928940	932028	925400
SRR21362347	OXFORD_NANOPORE	4118798	0.3320	not detected	no	no	1.0500	1.0500	1.0500	1.0500	1.3658	12.67	12.72	12.92	12.72	12.95	552612	552608	571108	571088	571104
SRR21362360	OXFORD_NANOPORE	6840164	0.2930	not detected	no	no	1.0134	1.0134	1.0134	1.0134	1.2453	13.22	13.07	13.15	12.97	13.09	889588	885384	901444	905572	908956
SRR21362364	OXFORD_NANOPORE	7692657	0.2960	not detected	no	no	1.0146	1.0146	1.0146	1.0146	1.2735	11.12	11.04	11.11	11.40	11.91	680952	672908	704428	701512	705780
SRR21362367	OXFORD_NANOPORE	4216310	0.4140	not detected	no	no	1.0508	1.0508	1.0508	1.0508	1.5138	11.13	11.38	11.39	11.28	11.23	457948	462608	501968	475576	498396
SRR21362373	OXFORD_NANOPORE	2211521	0.2890	not detected	no	no	0.9581	0.9581	0.9581	0.9581	1.1850	23.70	23.57	24.04	24.21	24.33	691872	693860	723808	715968	721604
SRR21362377	OXFORD_NANOPORE	4569407	0.3660	not detected	no	no	0.9927	0.9927	0.9927	0.9927	1.3015	15.77	15.65	16.08	15.86	16.11	529208	531268	552960	552828	554636
SRR21362382	OXFORD_NANOPORE	3627654	0.3600	not detected	no	no	1.0455	1.0455	1.0455	1.0455	1.3930	17.18	17.16	17.50	17.54	17.31	535416	531872	554220	554244	554220
SRR21362399	OXFORD_NANOPORE	4347479	0.3430	not detected	no	no	1.0414	1.0414	1.0414	1.0414	1.3724	14.50	13.99	14.46	14.83	15.06	540260	538196	557836	561444	561444
SRR21362400	OXFORD_NANOPORE	7427485	0.2880	not detected	no	no	1.0556	1.0556	1.0556	1.0556	1.3024	16.24	16.44	17.04	16.67	16.58	748756	754336	771040	749700	769368
SRR21362401	OXFORD_NANOPORE	6782226	0.2830	not detected	no	no	1.0478	1.0478	1.0478	1.0478	1.2840	21.97	22.06	23.51	22.03	23.17	827856	801260	851840	858880	874340
SRR21362415	OXFORD_NANOPORE	7403249	0.4250	not detected	no	no	1.0824	1.0824	1.0824	1.0824	1.6029	9.20	9.12	9.05	9.07	9.67	326680	324620	356696	382916	394108
SRR21362419	OXFORD_NANOPORE	7553454	0.3030	not detected	no	no	1.0051	1.0051	1.0051	1.0051	1.2313	10.45	10.27	10.35	10.21	10.24	853444	836524	877268	878168	855016
SRR21362423	OXFORD_NANOPORE	5828524	0.3770	detected	yes	no	0.9198	0.9153	0.9153	0.9198	1.2409	16.72	16.60	25.08	25.35	25.13	537496	542504	621672	621688	621332
SRR21415537	OXFORD_NANOPORE	4012673	0.5360	not detected	no	no	0.9819	0.9819	0.9819	0.9819	1.3506	17.25	17.18	17.57	17.63	17.61	634624	625996	669888	669164	669532
SRR21415541	OXFORD_NANOPORE	7692657	0.3190	not detected	no	no	1.0639	1.0639	1.0639	1.0639	1.3685	8.13	7.99	8.15	8.11	8.02	635428	632432	654544	652756	653856
SRR21415542	OXFORD_NANOPORE	5094979	0.3650	not detected	no	no	1.0156	1.0156	1.0156	1.0156	1.3434	9.64	9.52	9.61	9.69	9.60	731648	732564	761960	752596	752768
SRR21415548	OXFORD_NANOPORE	3669960	0.5510	not detected	no	no	1.0566	1.0566	1.0566	1.0566	1.6534	14.42	14.03	14.75	14.53	14.76	454496	450000	474600	478692	462516
SRR21415549	OXFORD_NANOPORE	3631029	0.5410	not detected	no	no	1.0496	1.0496	1.0496	1.0496	1.5763	16.74	16.03	16.65	16.55	16.36	471688	463168	487808	485796	488180
SRR21415563	OXFORD_NANOPORE	4302534	0.4150	not detected	no	no	1.0722	1.0722	1.0722	1.0722	1.5956	7.22	7.22	7.31	7.29	7.27	445912	444956	467388	460392	460236
SRR21415564	OXFORD_NANOPORE	6708762	0.3730	not detected	no	no	1.0621	1.0621	1.0621	1.0621	1.3491	11.91	11.92	12.28	12.19	12.18	761988	765588	779368	786528	783724
SRR21415565	OXFORD_NANOPORE	4212748	0.4030	not detected	no	no	1.0830	1.0830	1.0830	1.0830	1.5294	10.98	10.93	11.26	10.98	11.12	551712	561276	586652	569016	569292
SRR21415572	OXFORD_NANOPORE	5810370	0.4400	not detected	no	no	0.9781	0.9781	0.9781	0.9781	1.3939	9.74	10.01	9.36	9.76	9.23	492936	505316	527064	518564	534720
SRR21415577	OXFORD_NANOPORE	3815734	0.3690	not detected	no	no	1.0673	1.0673	1.0673	1.0673	1.4240	10.08	10.11	10.30	10.25	10.21	608212	592912	635200	644852	634988
SRR21415580	OXFORD_NANOPORE	4118798	0.3550	not detected	no	no	1.0949	1.0949	1.0949	1.0949	1.4770	10.33	10.40	10.45	10.48	10.50	590860	598276	624860	632268	625248
SRR21415591	OXFORD_NANOPORE	7559925	0.3110	not detected	no	no	1.0591	1.0591	1.0591	1.0591	1.3659	12.72	11.44	12.49	11.89	15.06	871968	857968	905180	887308	899556
SRR21415598	OXFORD_NANOPORE	3629869	0.3980	not detected	no	no	1.0714	1.0714	1.0714	1.0714	1.4744	14.55	15.57	18.95	15.21	15.67	524304	547508	550848	546576	547628
SRR21415602	OXFORD_NANOPORE	3844909	0.3590	not detected	no	no	1.0568	1.0568	1.0568	1.0568	1.4437	15.39	15.56	15.96	15.76	15.97	539924	538428	561316	558832	561124
SRR21415612	OXFORD_NANOPORE	3890372	0.3940	not detected	no	no	1.0509	1.0509	1.0509	1.0509	1.4549	13.76	13.77	14.22	14.05	14.20	649088	655040	671900	671088	666920
SRR21415616	OXFORD_NANOPORE	4153633	0.4710	not detected	no	no	1.0169	1.0169	1.0169	1.0169	1.3654	15.39	15.49	15.43	15.47	15.61	878956	875108	908928	883572	911732
SRR21415622	OXFORD_NANOPORE	4347479	0.3590	not detected	no	no	1.0829	1.0829	1.0829	1.0829	1.4509	11.86	11.72	12.01	12.07	12.02	585956	596008	618208	616076	607416
SRR21415625	OXFORD_NANOPORE	6873755	0.3870	not detected	no	no	1.0801	1.0801	1.0801	1.0801	1.4941	13.30	13.60	13.92	13.62	13.88	595436	589444	619900	625888	608696
SRR21415627	OXFORD_NANOPORE	6965501	0.3250	not detected	no	no	1.0770	1.0770	1.0770	1.0770	1.4306	10.47	10.50	10.80	10.56	10.69	615784	619120	653900	648936	654432
SRR21415632	OXFORD_NANOPORE	6994851	0.3600	not detected	no	no	1.0726	1.0726	1.0726	1.0726	1.4369	8.04	8.03	8.10	8.09	8.17	613192	611752	635256	640248	640884
SRR21415633	OXFORD_NANOPORE	7021979	0.4040	not detected	no	no	1.1215	1.1215	1.1215	1.1215	1.6354	7.78	7.71	8.30	7.85	7.53	485244	489912	506732	507876	485140
SRR21415634	OXFORD_NANOPORE	6783894	0.3720	not detected	no	no	1.0314	1.0314	1.0314	1.0314	1.3178	11.40	11.14	11.38	11.49	11.58	840104	843684	863152	869500	866668
SRR21415635	OXFORD_NANOPORE	4146080	0.3240	not detected	no	no	1.0586	1.0586	1.0586	1.0586	1.3587	13.51	14.08	13.99	14.54	13.87	870996	862928	870640	898544	892476
SRR21415666	OXFORD_NANOPORE	4533577	0.3600	not detected	no	no	1.0848	1.0848	1.0848	1.0848	1.4559	6.82	6.74	6.86	6.80	6.93	601584	602840	620464	612196	608144
SRR21415673	OXFORD_NANOPORE	7331725	0.4020	not detected	no	no	1.0720	1.0720	1.0720	1.0720	1.5128	13.88	13.93	14.38	14.37	14.37	577968	576572	632740	633092	641020
SRR21415674	OXFORD_NANOPORE	3629232	0.4030	not detected	no	no	1.0694	1.0694	1.0694	1.0694	1.4242	18.62	22.06	19.78	19.50	19.35	573516	575564	597700	597712	615396
SRR21415680	OXFORD_NANOPORE	7403249	0.4450	not detected	no	no	1.1415	1.1415	1.1415	1.1415	1.7768	9.59	9.40	9.96	10.06	10.17	365844	354028	374448	393028	369156
SRR21415681	OXFORD_NANOPORE	7459600	0.3630	not detected	no	no	1.1066	1.1066	1.1066	1.1066	1.5410	5.85	5.78	5.84	5.82	5.87	584564	585972	599812	603704	601520
SRR21415683	OXFORD_NANOPORE	4042941	0.5180	not detected	no	no	0.9728	0.9728	0.9728	0.9728	1.4210	14.86	14.80	15.19	15.21	15.49	581144	600928	617676	622956	622128
SRR21415690	OXFORD_NANOPORE	4277638	0.4200	not detected	no	no	1.0722	1.0722	1.0722	1.0722	1.4878	9.46	9.49	9.66	9.56	9.63	567308	570488	585260	592588	587800
SRR21415693	OXFORD_NANOPORE	4032783	0.5380	not detected	no	no	1.2018	1.2018	1.2018	1.2018	2.0403	7.46	7.44	7.71	7.73	7.71	311384	309516	344316	342788	346444
SRR21415696	OXFORD_NANOPORE	7005912	0.2640	not detected	no	no	1.0093	1.0093	1.0093	1.0093	1.2027	14.34	14.44	14.48	14.48	14.43	974964	980620	997664	996088	992980
SRR21415697	OXFORD_NANOPORE	3733973	0.3440	not detected	no	no	1.0779	1.0779	1.0779	1.0779	1.4106	11.62	11.55	11.77	11.84	11.68	725328	720188	749464	752456	749920
SRR21415698	OXFORD_NANOPORE	3810398	0.4120	not detected	no	no	1.1356	1.1356	1.1356	1.1356	1.6114	8.28	10.40	9.04	8.48	10.23	549200	542156	593016	594408	584020
SRR21415702	OXFORD_NANOPORE	4128289	0.4450	not detected	no	no	1.0605	1.0605	1.0605	1.0605	1.5139	8.68	8.63	8.67	8.67	8.75	516096	516092	545436	540316	540100
SRR21415709	OXFORD_NANOPORE	3814701	0.2890	not detected	no	no	1.0561	1.0561	1.0561	1.0561	1.3102	16.74	16.77	17.05	17.05	17.19	860640	856236	852448	874460	872088
SRR21415710	OXFORD_NANOPORE	3956336	0.3670	not detected	no	no	1.0001	1.0001	1.0001	1.0001	1.2878	20.92	20.98	21.42	21.04	21.20	853160	827432	853472	858164	852508
SRR21415715	OXFORD_NANOPORE	3983342	0.5650	not detected	no	no	1.0656	1.0656	1.0656	1.0656	1.4851	10.70	10.74	10.75	10.68	10.70	520236	518260	539436	539868	539432
SRR21415721	OXFORD_NANOPORE	3796011	0.3610	not detected	no	no	1.0723	1.0723	1.0723	1.0723	1.4730	8.94	9.08	9.07	9.33	9.23	596040	610784	635348	637432	627452
SRR21415725	OXFORD_NANOPORE	3726907	0.4150	not detected	no	no	1.1286	1.1286	1.1286	1.1286	1.6334	5.19	5.26	5.24	5.26	5.29	453664	457956	482408	473696	478296
SRR21415729	OXFORD_NANOPORE	3779964	0.3820	not detected	no	no	1.0538	1.0538	1.0538	1.0538	1.4618	10.78	10.83	11.02	10.99	10.88	576044	588136	603292	615368	606276
SRR21415737	OXFORD_NANOPORE	6671596	0.3450	not detected	no	no	1.0485	1.0485	1.0485	1.0485	1.3762	14.76	14.81	15.45	15.22	14.78	723060	727496	747240	739612	739988
SRR21415741	OXFORD_NANOPORE	6979603	0.4400	not detected	no	no	1.1340	1.1340	1.1340	1.1340	1.7107	5.99	5.84	6.04	5.97	6.05	417380	413960	432272	431280	429476
SRR21415743	OXFORD_NANOPORE	7714111	0.3200	not detected	no	no	1.0662	1.0662	1.0662	1.0662	1.3083	10.27	10.29	10.47	10.48	10.61	876748	871488	893064	899708	899244
SRR21415746	OXFORD_NANOPORE	6913689	0.3140	not detected	no	no	1.0543	1.0543	1.0543	1.0543	1.3267	18.24	18.38	18.81	18.02	18.02	874612	857828	875368	885776	873556
SRR21415751	OXFORD_NANOPORE	7287539	0.3170	not detected	no	no	1.0232	1.0232	1.0232	1.0232	1.2522	12.42	12.85	12.88	12.62	12.77	927132	926884	938728	940732	944368
SRR21415752	OXFORD_NANOPORE	6542498	0.2860	not detected	no	no	1.0285	1.0285	1.0285	1.0285	1.2277	14.68	14.28	14.27	14.16	14.20	1012432	1009920	1012260	1024836	1025068
SRR21415754	OXFORD_NANOPORE	5219956	0.4470	not detected	no	no	1.1748	1.1748	1.1748	1.1748	1.8441	5.74	5.63	5.79	5.84	5.72	323428	323428	345960	344680	346472
SRR21415758	OXFORD_NANOPORE	7008155	0.4290	not detected	no	no	1.1142	1.1142	1.1142	1.1142	1.6938	7.63	7.51	7.64	7.76	7.63	408888	405168	427492	428764	427052
SRR21415763	OXFORD_NANOPORE	6859859	0.4050	not detected	no	no	1.0877	1.0877	1.0877	1.0877	1.5423	14.34	14.45	14.78	14.53	14.55	568988	560564	588248	584392	583292
SRR21415765	OXFORD_NANOPORE	4908118	0.3900	not detected	no	no	1.0466	1.0466	1.0466	1.0466	1.4825	15.10	15.03	15.14	15.30	15.23	574500	575984	597532	615228	602276
SRR21415769	OXFORD_NANOPORE	7190617	0.3300	not detected	no	no	1.0542	1.0542	1.0542	1.0542	1.3936	12.65	12.54	12.89	12.69	12.92	609644	614424	663232	662356	662772
SRR21415773	OXFORD_NANOPORE	7717252	0.3200	not detected	no	no	1.0472	1.0472	1.0472	1.0472	1.3058	12.98	12.98	13.23	13.13	13.05	859288	862204	884084	877948	882368
SRR21415780	OXFORD_NANOPORE	7001614	0.3580	not detected	no	no	1.0538	1.0538	1.0538	1.0538	1.3849	14.47	14.50	14.63	14.68	14.89	610208	608752	654204	655532	652284
SRR21415781	OXFORD_NANOPORE	6761576	0.3120	not detected	no	no	1.0575	1.0575	1.0575	1.0575	1.3622	18.31	15.79	16.30	16.19	18.63	724516	725708	752824	759528	747764
SRR21415782	OXFORD_NANOPORE	6839915	0.2930	not detected	no	no	1.0794	1.0794	1.0794	1.0794	1.3747	7.56	7.55	7.65	7.60	7.60	744180	744840	757652	764676	760312
SRR21415791	OXFORD_NANOPORE	7664057	0.3540	not detected	no	no	1.0631	1.0631	1.0631	1.0631	1.4020	8.06	10.28	11.40	8.38	8.43	624476	634864	706444	649844	684788
SRR21415792	OXFORD_NANOPORE	7735646	0.3080	not detected	no	no	1.0463	1.0463	1.0463	1.0463	1.2899	9.99	10.03	10.26	10.35	10.49	892756	888536	900516	911224	913112
SRR21415807	OXFORD_NANOPORE	3627654	0.3640	not detected	no	no	1.1058	1.1058	1.1058	1.1058	1.5058	14.71	14.39	14.92	15.23	15.22	572732	549084	608612	604768	596488
SRR21415813	OXFORD_NANOPORE	7769164	0.3060	not detected	no	no	1.0555	1.0555	1.0555	1.0555	1.3069	14.22	14.35	14.55	14.51	14.49	905012	883796	920972	917892	916028
SRR21415816	OXFORD_NANOPORE	4131944	0.3640	not detected	no	no	1.0550	1.0550	1.0550	1.0550	1.3806	17.63	17.72	17.95	18.05	18.04	694884	697740	701920	696804	698160
SRR21415831	OXFORD_NANOPORE	3667190	0.2840	not detected	no	no	1.0868	1.0868	1.0868	1.0868	1.3456	21.49	21.45	21.75	22.03	21.73	871088	867084	859436	887568	885996
SRR21415836	OXFORD_NANOPORE	7079420	0.3260	not detected	no	no	1.0903	1.0903	1.0903	1.0903	1.3705	8.20	8.22	8.25	8.09	8.26	767768	761168	794344	796424	793584
SRR21415838	OXFORD_NANOPORE	3765831	0.3350	not detected	no	no	1.0645	1.0645	1.0645	1.0645	1.4074	15.26	15.25	15.64	15.56	15.59	652588	639436	667012	649768	682120
SRR21415840	OXFORD_NANOPORE	3727000	0.3540	not detected	no	no	1.0484	1.0484	1.0484	1.0484	1.3754	17.62	18.39	18.32	18.38	18.28	643616	640220	673584	661352	675540
SRR21415841	OXFORD_NANOPORE	3772600	0.3380	not detected	no	no	1.0459	1.0459	1.0459	1.0459	1.3892	16.62	16.15	16.37	16.41	16.37	619252	622152	656424	657624	653064
SRR21415851	OXFORD_NANOPORE	4329909	0.3540	not detected	no	no	1.0718	1.0718	1.0718	1.0718	1.4638	9.89	9.92	9.97	9.97	10.03	539464	560452	578748	579908	566368
SRR21415854	OXFORD_NANOPORE	6070648	0.3050	not detected	no	no	1.0854	1.0854	1.0854	1.0854	1.4079	16.63	16.99	17.60	17.04	17.04	677748	685700	724468	704512	705224
SRR21415855	OXFORD_NANOPORE	3701108	0.3810	not detected	no	no	1.1074	1.1074	1.1074	1.1074	1.5515	11.38	10.77	11.02	11.12	11.24	565284	564860	581916	591908	581580
SRR21415858	OXFORD_NANOPORE	7699912	0.3850	not detected	no	no	1.1061	1.1061	1.1061	1.1061	1.6090	14.73	14.55	16.26	14.84	14.90	485732	485020	532676	518952	516548
SRR21415863	OXFORD_NANOPORE	5276023	0.4760	not detected	no	no	1.0119	1.0119	1.0119	1.0119	1.3551	23.57	23.15	23.81	24.20	20.24	840448	835208	869852	875368	902856
SRR21415866	OXFORD_NANOPORE	3725535	0.3740	not detected	no	no	1.1235	1.1235	1.1235	1.1235	1.5429	13.62	13.37	13.61	13.57	13.79	572924	587536	606880	614408	606004
SRR21415869	OXFORD_NANOPORE	6948040	0.3090	not detected	no	no	1.0601	1.0601	1.0601	1.0601	1.2990	10.21	11.10	10.92	10.70	10.76	850864	875112	898928	866676	902084
SRR21415882	OXFORD_NANOPORE	7427485	0.2920	not detected	no	no	1.0676	1.0676	1.0676	1.0676	1.3441	15.06	15.62	15.35	17.33	16.66	814352	805368	829004	827996	822732
SRR21415883	OXFORD_NANOPORE	2221298	0.4910	not detected	no	no	1.1041	1.1041	1.1041	1.1041	1.7330	11.23	11.43	11.52	11.66	11.65	421976	420352	427168	443664	436236
SRR21415884	OXFORD_NANOPORE	6782226	0.2920	not detected	no	no	1.0841	1.0841	1.0841	1.0841	1.3587	17.96	17.63	17.98	18.21	18.15	810576	809276	828536	826868	829516
SRR21415888	OXFORD_NANOPORE	5182658	0.3540	not detected	no	no	1.0268	1.0268	1.0268	1.0268	1.3095	12.30	12.42	12.34	12.52	12.40	901700	904128	890752	921104	892072
SRR21415892	OXFORD_NANOPORE	7145828	0.3020	not detected	no	no	1.0351	1.0351	1.0351	1.0351	1.2904	18.14	18.15	18.43	17.95	18.42	855036	855088	870800	861800	866456
SRR21415895	OXFORD_NANOPORE	7194942	0.3980	not detected	no	no	1.1018	1.1018	1.1018	1.1018	1.5306	7.61	7.58	7.69	7.72	7.71	552004	546700	564648	565184	563504
SRR21415896	OXFORD_NANOPORE	3723291	0.3430	not detected	no	no	1.0790	1.0790	1.0790	1.0790	1.3778	17.16	17.08	17.55	17.41	17.62	777696	777008	804176	801024	802216
SRR21415897	OXFORD_NANOPORE	3764816	0.3290	not detected	no	no	1.0727	1.0727	1.0727	1.0727	1.3705	18.18	17.18	17.36	17.32	17.46	758840	757824	777128	776556	777124
SRR21415898	OXFORD_NANOPORE	3730071	0.3360	not detected	no	no	1.0606	1.0606	1.0606	1.0606	1.3895	17.73	17.87	18.08	18.01	17.92	617784	611780	650216	648032	652432
SRR21415899	OXFORD_NANOPORE	7284758	0.3540	not detected	no	no	1.0700	1.0700	1.0700	1.0700	1.4280	8.89	9.02	9.22	9.08	8.99	599960	599904	623776	625040	627708
SRR21415900	OXFORD_NANOPORE	4095538	0.3380	not detected	no	no	1.0660	1.0660	1.0660	1.0660	1.3725	15.11	14.87	15.63	15.41	15.40	699520	699872	714672	732032	716596
SRR21415906	OXFORD_NANOPORE	6113266	0.4260	not detected	no	no	1.0476	1.0476	1.0476	1.0476	1.4654	14.73	14.76	15.10	14.85	14.89	583728	576464	604040	598588	597188
SRR21415909	OXFORD_NANOPORE	3346030	0.3680	not detected	no	no	1.0532	1.0532	1.0532	1.0532	1.3655	10.46	10.68	10.87	10.49	12.04	659776	653052	670848	697340	691144
SRR21415914	OXFORD_NANOPORE	3715020	0.3920	not detected	no	no	1.1201	1.1201	1.1201	1.1201	1.5542	8.75	8.85	8.86	8.85	8.77	523884	525952	531672	531676	528464
SRR21415916	OXFORD_NANOPORE	3833489	0.4350	not detected	no	no	1.1464	1.1464	1.1464	1.1464	1.7330	10.40	10.18	10.46	10.35	10.53	436332	428276	444296	443876	444640
SRR21415919	OXFORD_NANOPORE	4216310	0.4530	not detected	no	no	1.1462	1.1462	1.1462	1.1462	1.7458	10.12	9.73	10.54	12.15	10.08	454648	473612	469360	497872	482056
SRR21415922	OXFORD_NANOPORE	3746132	0.3950	not detected	no	no	1.0964	1.0964	1.0964	1.0964	1.5585	10.88	11.02	11.06	11.00	10.80	495592	495592	517976	516004	515184
SRR21415924	OXFORD_NANOPORE	3841910	0.3650	not detected	no	no	1.0670	1.0670	1.0670	1.0670	1.4682	8.95	8.72	8.87	8.98	10.88	569596	545836	596080	585352	578632
SRR21415925	OXFORD_NANOPORE	3694522	0.4040	not detected	no	no	1.1133	1.1133	1.1133	1.1133	1.5772	10.86	10.94	11.15	10.93	10.84	497004	498100	514168	514160	514160
SRR21415926	OXFORD_NANOPORE	4136829	0.3410	not detected	no	no	1.0317	1.0317	1.0317	1.0317	1.2872	18.74	18.86	19.23	18.62	18.95	879680	855272	896728	897672	896664
SRR21415928	OXFORD_NANOPORE	3778380	0.3900	not detected	no	no	1.0213	1.0213	1.0213	1.0213	1.3358	16.78	16.47	16.84	17.17	16.38	761616	788868	841272	787412	813564
SRR21415929	OXFORD_NANOPORE	3837677	0.3930	not detected	no	no	1.1126	1.1126	1.1126	1.1126	1.5416	8.25	8.39	8.30	8.22	8.19	542652	542792	560324	560468	544592
SRR21415935	OXFORD_NANOPORE	3670487	0.4300	not detected	no	no	1.1663	1.1663	1.1663	1.1663	1.6560	12.11	8.66	10.20	8.81	9.58	530960	523928	565204	569800	561900
SRR21415938	OXFORD_NANOPORE	5828524	0.4180	not detected	no	no	0.9588	0.9588	0.9588	0.9588	1.3432	14.26	14.41	14.71	14.62	14.83	590064	591984	607664	610324	607728
SRR21415945	OXFORD_NANOPORE	3729481	0.3980	not detected	no	no	1.0470	1.0470	1.0470	1.0470	1.4909	10.02	9.99	10.30	10.40	10.41	490512	490512	511864	514928	511016
SRR21415946	OXFORD_NANOPORE	3766524	0.3690	not detected	no	no	1.0522	1.0522	1.0522	1.0522	1.4717	12.10	12.14	12.51	12.39	12.41	505104	505120	523936	528884	523936
SRR21415947	OXFORD_NANOPORE	3949224	0.4350	not detected	no	no	1.0522	1.0522	1.0522	1.0522	1.5666	9.35	9.46	9.43	9.47	9.57	456844	468964	490552	488572	502160
SRR21415952	OXFORD_NANOPORE	7097857	0.2680	not detected	no	no	1.0467	1.0467	1.0467	1.0467	1.2619	19.22	19.43	19.70	19.56	19.73	956924	964556	970216	966620	958772
SRR21415958	OXFORD_NANOPORE	6914259	0.2330	not detected	no	no	1.0580	1.0580	1.0580	1.0580	1.2546	15.70	15.15	20.89	20.78	21.08	952468	958884	978796	961648	977500
SRR21415959	OXFORD_NANOPORE	7011582	0.3180	not detected	no	no	1.0638	1.0638	1.0638	1.0638	1.3461	8.00	8.00	8.06	8.15	8.03	858212	861724	877660	878832	876584
SRR21415964	OXFORD_NANOPORE	4560768	0.3270	not detected	no	no	1.0928	1.0928	1.0928	1.0928	1.4036	14.01	13.91	14.19	14.25	14.30	688068	694068	712220	709672	700424
SRR21415966	OXFORD_NANOPORE	7007881	0.3070	not detected	no	no	1.0597	1.0597	1.0597	1.0597	1.3227	6.74	6.78	6.72	6.79	6.82	830340	821892	843812	840304	838480
SRR21415968	OXFORD_NANOPORE	6907658	0.3410	not detected	no	no	1.1257	1.1257	1.1257	1.1257	1.4994	9.35	9.38	9.58	9.55	9.62	587060	589280	609132	605260	614692
SRR21415981	OXFORD_NANOPORE	8346813	0.3840	not detected	no	no	1.1367	1.1367	1.1367	1.1367	1.6045	6.63	6.77	6.89	6.84	6.84	473544	474688	492760	482332	501228
SRR21416000	OXFORD_NANOPORE	6930927	0.2630	not detected	no	no	1.0571	1.0571	1.0571	1.0571	1.2735	9.46	9.19	9.60	9.51	9.80	875120	879644	892676	893088	893836
SRR21416002	OXFORD_NANOPORE	3885383	0.5250	not detected	no	no	1.0048	1.0048	1.0048	1.0048	1.4180	14.98	15.06	15.24	15.04	15.10	635900	636568	664012	656900	653164
SRR21416007	OXFORD_NANOPORE	7543334	0.3850	not detected	no	no	1.1078	1.1078	1.1078	1.1078	1.4948	7.26	7.41	7.37	7.54	7.47	594092	610712	613768	623736	617260
SRR21416008	OXFORD_NANOPORE	6804354	0.3340	not detected	no	no	1.0729	1.0729	1.0729	1.0729	1.4020	12.08	16.76	16.50	12.41	13.03	761948	766004	795036	779520	788204
SRR21416010	OXFORD_NANOPORE	6893391	0.3020	not detected	no	no	1.0711	1.0711	1.0711	1.0711	1.3736	11.14	11.28	11.77	11.75	11.69	843916	856648	870112	862520	874212
SRR21416014	OXFORD_NANOPORE	6765542	0.3780	not detected	no	no	1.1029	1.1029	1.1029	1.1029	1.5473	8.98	8.90	9.00	9.10	9.09	592012	581300	610184	605720	611396
SRR21416017	OXFORD_NANOPORE	5295870	0.4390	not detected	no	no	0.8804	0.8804	0.8804	0.8804	1.3405	7.01	7.09	8.92	7.00	7.21	433608	445576	464160	440888	469820
SRR21416021	OXFORD_NANOPORE	7553454	0.3360	not detected	no	no	1.0455	1.0455	1.0455	1.0455	1.3279	8.69	9.04	8.73	8.95	8.94	840884	842560	862684	855976	864096
SRR21416032	OXFORD_NANOPORE	7279089	0.3430	not detected	no	no	1.0809	1.0809	1.0809	1.0809	1.4966	12.17	12.94	13.84	13.78	12.67	605936	622192	662424	656120	651852
SRR21416037	OXFORD_NANOPORE	6935360	0.2740	not detected	no	no	1.0639	1.0639	1.0639	1.0639	1.3144	8.25	8.37	8.36	8.42	8.58	775032	772488	795288	791324	795284
SRR21416045	OXFORD_NANOPORE	6584427	0.4100	not detected	no	no	1.1383	1.1383	1.1383	1.1383	1.7076	15.42	15.95	16.27	15.75	16.28	474276	471676	485528	488156	483456
SRR21416050	OXFORD_NANOPORE	3724142	0.2830	not detected	no	no	1.0487	1.0487	1.0487	1.0487	1.2716	21.38	21.76	22.17	22.08	21.89	865404	883772	902916	901456	899244
SRR21416055	OXFORD_NANOPORE	3694909	0.3600	not detected	no	no	1.0556	1.0556	1.0556	1.0556	1.4079	11.41	11.89	11.68	11.69	11.94	553516	620672	618008	580148	642184
SRR21416064	OXFORD_NANOPORE	7122394	0.3570	not detected	no	no	1.1419	1.1419	1.1419	1.1419	1.5487	7.15	7.14	7.22	7.19	7.41	585112	580560	598400	600000	598908
SRR21416065	OXFORD_NANOPORE	2796846	0.4880	not detected	no	no	1.1076	1.1076	1.1076	1.1076	1.5850	13.55	13.59	13.76	13.86	13.99	581824	578768	601228	598932	601228
SRR21416069	OXFORD_NANOPORE	2818391	0.3580	not detected	no	no	1.0236	1.0236	1.0236	1.0236	1.3122	21.52	21.63	21.16	21.92	24.92	982904	917972	978148	985748	934944
SRR21416071	OXFORD_NANOPORE	4716880	0.4390	not detected	no	no	1.1977	1.1977	1.1977	1.1977	1.9281	5.16	5.11	6.25	5.29	5.30	337628	318556	373800	374004	373496
SRR21416077	OXFORD_NANOPORE	2211521	0.3180	not detected	no	no	1.0026	1.0026	1.0026	1.0026	1.2866	19.40	18.82	19.42	19.05	19.64	718432	745012	722476	752168	753328
SRR21416093	OXFORD_NANOPORE	6909549	0.3770	not detected	no	no	1.1196	1.1196	1.1196	1.1196	1.5840	11.67	11.16	11.68	11.38	11.62	614284	560508	587324	595896	610504
SRR21416096	OXFORD_NANOPORE	6055669	0.3500	not detected	no	no	1.0868	1.0868	1.0868	1.0868	1.4827	8.92	8.84	8.97	8.93	8.84	597100	595808	620612	614092	616992
SRR21416098	OXFORD_NANOPORE	7405831	0.3200	not detected	no	no	1.0526	1.0526	1.0526	1.0526	1.3697	17.21	17.18	17.41	17.79	17.68	717112	723104	750356	744924	746436
SRR21416106	OXFORD_NANOPORE	7514708	0.3400	not detected	no	no	1.0452	1.0452	1.0452	1.0452	1.3952	16.27	16.39	16.71	18.90	17.11	610628	602636	625600	678584	652856
SRR21416109	OXFORD_NANOPORE	4569407	0.3810	not detected	no	no	1.0283	1.0283	1.0283	1.0283	1.4433	14.48	14.10	14.63	14.43	14.71	529144	523016	544112	547260	545732
SRR21416120	OXFORD_NANOPORE	7494256	0.3740	not detected	no	no	1.0726	1.0726	1.0726	1.0726	1.4728	16.15	16.50	16.56	16.66	16.56	592628	613356	597380	600148	606916
SRR21416121	OXFORD_NANOPORE	7279817	0.3320	not detected	no	no	1.0726	1.0726	1.0726	1.0726	1.4291	11.87	12.34	12.38	12.45	12.40	612068	639296	637520	664360	681172
SRR21416122	OXFORD_NANOPORE	3814036	0.3790	not detected	no	no	1.0814	1.0814	1.0814	1.0814	1.5128	15.50	15.43	15.79	15.69	15.79	496848	498680	519380	519380	515400
SRR21416126	OXFORD_NANOPORE	7094360	0.2940	not detected	no	no	1.0373	1.0373	1.0373	1.0373	1.2705	14.47	14.52	14.99	14.71	14.63	858568	862276	882448	888936	883892
SRR21416127	OXFORD_NANOPORE	6840164	0.3040	not detected	no	no	1.0653	1.0653	1.0653	1.0653	1.3347	16.84	17.76	15.48	17.91	15.40	867252	900396	891272	922880	887716
SRR21416131	OXFORD_NANOPORE	3742241	0.4260	not detected	no	no	1.1362	1.1362	1.1362	1.1362	1.6506	11.51	11.69	11.78	11.71	11.76	466944	470028	490624	501760	490628
SRR21416134	OXFORD_NANOPORE	3623182	0.5330	not detected	no	no	1.0446	1.0446	1.0446	1.0446	1.4487	12.17	12.16	12.49	12.34	12.42	585432	603644	622860	624944	624124
SRR21416137	OXFORD_NANOPORE	3989418	0.5170	not detected	no	no	1.0682	1.0682	1.0682	1.0682	1.5648	8.02	8.03	8.16	8.11	8.17	473892	473892	492904	497668	491184
SRR21416139	OXFORD_NANOPORE	3879077	0.3970	not detected	no	no	1.0390	1.0390	1.0390	1.0390	1.3972	13.65	13.81	14.02	14.04	13.95	634352	636396	677388	678588	661984
SRR21416140	OXFORD_NANOPORE	4088156	0.5980	not detected	no	no	0.9824	0.9824	0.9824	0.9824	1.3879	12.49	12.46	12.74	12.94	16.51	609276	597308	645648	636216	651052
SRR21430004	PACBIO_SMRT	2595287	0.0830	not detected	no	no	0.9921	0.9921	0.9921	0.9921	1.0028	103.93	101.53	100.44	103.85	102.24	1606924	1628884	1607964	1644576	1641580
SRR21439827	OXFORD_NANOPORE	7114147	0.3820	not detected	no	no	1.1000	1.1000	1.1000	1.1000	1.5520	8.53	8.51	8.65	8.65	8.71	407720	434016	431688	429680	449188
SRR21440766	OXFORD_NANOPORE	7114147	0.4370	not detected	no	no	1.1638	1.1638	1.1638	1.1638	1.7586	7.65	7.02	7.92	7.42	7.04	431312	435632	435460	432768	431064
SRR21449954	OXFORD_NANOPORE	5065552	0.3200	not detected	no	no	1.0245	0.6768	1.0245	1.0245	1.2208	3.24	8.12	8.57	8.57	8.64	117988	889800	924764	911668	915872
SRR21449956	OXFORD_NANOPORE	6147513	0.3220	not detected	no	no	1.0214	1.0214	1.0214	1.0214	1.2617	30.34	29.89	29.92	30.60	30.32	1894480	1889644	1975372	1900780	1977344
SRR21449959	OXFORD_NANOPORE	4971050	0.2540	not detected	no	no	1.0099	1.0118	1.0099	1.0099	1.1742	16.82	15.69	15.93	15.09	15.69	924756	1098456	1119324	1094528	1102880
SRR21449962	OXFORD_NANOPORE	5192593	0.4210	not detected	no	no	0.9311	0.9225	0.9311	0.9311	1.2371	20.45	18.83	18.95	19.19	19.57	1039652	1587612	1602840	1565256	1630760
SRR21449963	OXFORD_NANOPORE	5192593	0.2430	not detected	no	no	1.0046	1.0046	1.0046	1.0046	1.1524	33.37	36.73	33.09	32.94	33.70	1925544	1877624	1967820	1964876	1981328
SRR21449964	OXFORD_NANOPORE	5225279	0.2490	not detected	no	no	0.9684	0.9675	0.9684	0.9684	1.1019	19.89	18.05	17.91	17.78	18.08	896592	1117592	1119460	1141732	1141900
SRR21449968	OXFORD_NANOPORE	5139865	0.2640	not detected	no	no	0.9942	0.9919	0.9942	0.9942	1.1531	20.75	18.96	18.87	18.99	18.74	1033864	1468856	1521160	1525780	1520948
SRR21465134	OXFORD_NANOPORE	4754570	0.3260	not detected	no	no	1.1317	1.1317	1.1317	1.1317	1.4274	17.29	17.59	18.02	17.73	17.92	1127200	1123744	1151232	1147812	1149752
SRR21465135	OXFORD_NANOPORE	4754570	0.3640	not detected	no	no	1.1292	1.1292	1.1292	1.1292	1.4519	11.15	11.45	11.36	11.57	11.69	1125472	1123716	1140816	1135508	1135252
SRR21465136	OXFORD_NANOPORE	5524870	0.3910	not detected	no	no	1.0267	1.0267	1.0267	1.0267	1.2671	17.30	17.14	17.62	17.61	17.53	1209248	1206956	1227208	1232352	1233124
SRR21465137	OXFORD_NANOPORE	5579844	0.4100	not detected	no	no	1.0288	1.0288	1.0288	1.0288	1.2732	18.17	17.60	17.78	17.78	17.66	1203920	1202420	1227212	1229724	1226948
SRR21465138	OXFORD_NANOPORE	5207250	0.2750	not detected	no	no	1.0600	1.0600	1.0600	1.0600	1.3038	18.25	18.09	18.42	18.68	18.49	1186316	1190252	1218640	1211280	1212568
SRR21465140	OXFORD_NANOPORE	4957548	0.2550	not detected	no	no	1.0701	1.0701	1.0701	1.0701	1.3078	19.56	19.51	19.84	19.75	19.90	1204652	1197336	1238444	1244848	1241084
SRR21465926	OXFORD_NANOPORE	3503981	0.3900	detected	yes	no	0.9797	0.9999	0.9999	0.9797	1.1164	31.95	31.73	43.16	43.06	42.98	1229016	1180828	1342320	1212920	1354284
SRR21472839	OXFORD_NANOPORE	4654979	0.3280	not detected	no	no	0.9361	0.9361	0.9361	0.9361	1.0464	36.70	37.05	36.89	36.24	36.66	1457844	1459568	1474464	1482896	1485824
SRR21473046	OXFORD_NANOPORE	4658387	0.3730	not detected	no	no	0.9246	0.9246	0.9246	0.9246	1.0348	41.25	42.88	41.60	40.88	49.54	1564572	1577216	1567268	1577424	1593460
SRR21539842	OXFORD_NANOPORE	4799874	0.1280	not detected	no	no	0.9443	0.9443	0.9443	0.9443	0.9871	18.89	18.94	19.01	18.29	21.37	922308	952268	938348	962640	981436
SRR21539843	OXFORD_NANOPORE	5125631	0.1300	not detected	no	no	0.9305	0.9305	0.9305	0.9305	0.9843	19.55	19.90	19.71	19.49	19.64	1041624	1034812	1076516	1072984	1061796
SRR21547805	OXFORD_NANOPORE	5579844	0.3950	not detected	no	no	1.0445	1.0445	1.0445	1.0445	1.4211	17.09	15.17	16.39	15.39	17.75	1015888	1027160	1092036	1075052	1104276
SRR21547808	OXFORD_NANOPORE	1714517	0.2450	not detected	no	no	1.0226	1.0043	1.0226	1.0226	1.2566	9.36	9.47	9.33	9.29	9.22	420056	839036	854000	873956	853736
SRR21560188	OXFORD_NANOPORE	5764439	0.1840	not detected	no	no	0.9758	0.9758	0.9758	0.9758	1.0727	52.49	52.31	51.98	52.22	52.48	1725948	1787244	1815628	1750488	1815468
SRR21563152	PACBIO_SMRT	3988920	0.1990	not detected	no	no	1.1864	1.1864	1.1864	1.1864	1.3784	5.40	5.42	5.61	5.86	5.69	732632	732664	750176	754396	753580
SRR21563324	OXFORD_NANOPORE	8068458	0.1160	not detected	no	no	0.9916	0.9916	0.9916	0.9916	1.0559	25.66	25.71	25.44	25.89	25.73	1351928	1353864	1379912	1379184	1379276
SRR21563325	OXFORD_NANOPORE	9958319	0.1490	not detected	no	no	0.9483	0.9483	0.9483	0.9483	1.0212	22.65	22.93	23.52	23.10	23.51	1489900	1449880	1474460	1474124	1512836
SRR21563327	OXFORD_NANOPORE	8081901	0.0940	not detected	no	no	0.9888	0.9888	0.9888	0.9888	1.0485	19.47	19.69	19.87	20.20	20.10	976908	969616	989056	961904	988528
SRR21563328	OXFORD_NANOPORE	12275813	0.1960	not detected	no	no	0.9334	0.9334	0.9334	0.9334	1.0351	15.96	16.32	16.01	15.99	15.96	900744	860464	920360	870152	879440
SRR21563330	OXFORD_NANOPORE	10093486	0.1350	not detected	no	no	0.9471	0.9471	0.9471	0.9471	1.0247	20.20	20.23	20.80	20.33	20.86	1080376	1065260	1106084	1102988	1077520
SRR21563331	OXFORD_NANOPORE	8672617	0.0990	not detected	no	no	0.9683	0.9683	0.9683	0.9683	1.0342	12.30	12.25	12.40	12.38	12.41	969816	974840	991864	984128	988788
SRR21563332	OXFORD_NANOPORE	10196823	0.1960	not detected	no	no	1.0852	1.0852	1.0852	1.0852	1.2282	13.90	14.31	14.05	13.85	14.15	597580	599880	616144	612672	621024
SRR21563334	OXFORD_NANOPORE	9111388	0.1260	not detected	no	no	1.0864	1.0864	1.0864	1.0864	1.1789	7.60	5.86	7.64	6.36	5.84	634972	648588	672184	653488	658940
SRR21563335	OXFORD_NANOPORE	10074909	0.3470	not detected	no	no	0.9298	0.9298	0.9298	0.9298	1.0515	21.69	21.44	21.57	21.87	21.74	1740868	1686564	1765504	1772432	1767296
SRR21563336	OXFORD_NANOPORE	8050796	0.2100	not detected	no	no	1.0481	1.0481	1.0481	1.0481	1.2411	14.10	14.22	14.75	14.48	14.42	868012	860804	912904	908104	907644
SRR21563337	OXFORD_NANOPORE	10117522	0.2440	not detected	no	no	0.9856	0.9856	0.9856	0.9856	1.1001	22.07	16.59	22.84	18.15	22.89	1046472	1040536	1050400	1073232	1053804
SRR21563338	OXFORD_NANOPORE	9860799	0.1520	not detected	no	no	0.9359	0.9359	0.9359	0.9359	1.0150	18.76	18.97	18.99	19.63	19.43	1061420	1047112	1080372	1078176	1081360
SRR21563341	OXFORD_NANOPORE	5847022	0.1240	not detected	no	no	0.9604	0.9604	0.9604	0.9604	1.0254	22.06	21.65	21.92	22.01	22.32	1022336	1022632	1062676	1097420	1095156
SRR21563342	OXFORD_NANOPORE	8089848	0.1080	not detected	no	no	1.0226	1.0226	1.0226	1.0226	1.0807	20.90	20.52	20.66	21.18	21.19	1011612	1059520	1064128	1063840	1059960
SRR21563343	OXFORD_NANOPORE	8850041	0.2610	not detected	no	no	0.9739	0.9739	0.9739	0.9739	1.0597	17.65	17.61	18.01	18.21	18.21	973148	968432	987756	966052	986924
SRR21563346	OXFORD_NANOPORE	7998820	0.1170	not detected	no	no	0.9781	0.9781	0.9781	0.9781	1.0423	47.89	48.21	48.94	49.34	48.84	2041432	2020368	2043808	2047296	2059176
SRR21563347	OXFORD_NANOPORE	8982053	0.1740	not detected	no	no	1.0356	1.0356	1.0356	1.0356	1.1441	12.53	12.42	16.64	16.71	16.65	943856	952180	962896	906160	930352
SRR21563351	OXFORD_NANOPORE	9848585	0.1710	not detected	no	no	1.0156	1.0156	1.0156	1.0156	1.1166	14.65	14.84	15.22	15.16	15.17	1023916	988784	1016444	1047212	1040300
SRR21563356	OXFORD_NANOPORE	9002982	0.1050	not detected	no	no	1.0006	1.0006	1.0006	1.0006	1.0672	11.49	10.86	11.23	11.43	11.17	901608	904324	925108	921328	925444
SRR21563357	OXFORD_NANOPORE	9002982	0.1060	not detected	no	no	0.9926	0.9926	0.9926	0.9926	1.0576	13.07	13.25	13.42	13.07	14.54	913192	908948	986936	955368	940588
SRR21563359	OXFORD_NANOPORE	10725031	0.1020	not detected	no	no	0.9796	0.9796	0.9796	0.9796	1.0421	10.09	10.15	10.36	10.30	10.46	874572	874936	891652	872636	876748
SRR21563360	OXFORD_NANOPORE	10725031	0.1010	not detected	no	no	0.9741	0.9741	0.9741	0.9741	1.0446	9.14	9.02	9.08	8.90	8.99	912836	881876	903284	916884	921460
SRR21563363	OXFORD_NANOPORE	8221523	0.2350	not detected	no	no	0.9767	0.9767	0.9767	0.9767	1.1168	11.88	11.73	12.04	12.17	12.14	883396	856428	878944	898108	898684
SRR21563364	OXFORD_NANOPORE	10715389	0.1460	not detected	no	no	0.9777	0.9777	0.9777	0.9777	1.0521	9.79	9.79	9.87	9.92	9.94	879816	876788	905192	902128	884480
SRR21563365	OXFORD_NANOPORE	10715389	0.1270	not detected	no	no	0.9742	0.9742	0.9742	0.9742	1.0569	10.47	9.66	9.96	9.79	10.09	910636	917688	927140	909936	928696
SRR21563366	OXFORD_NANOPORE	9299130	0.1380	not detected	no	no	0.9806	0.9806	0.9806	0.9806	1.0694	15.94	14.84	15.33	15.30	15.08	971624	1002520	1025448	1000216	1022480
SRR21563373	OXFORD_NANOPORE	8269445	0.1520	not detected	no	no	0.9366	0.9366	0.9366	0.9366	1.0124	18.60	26.77	19.72	18.53	26.01	1085680	1089644	1128184	1123076	1094120
SRR21563376	OXFORD_NANOPORE	8466399	0.1010	not detected	no	no	1.0577	1.0577	1.0577	1.0577	1.1456	4.12	4.03	4.04	4.06	4.05	509216	482012	519700	545584	518736
SRR21563385	OXFORD_NANOPORE	8271519	0.0690	not detected	no	no	1.1095	1.1095	1.1095	1.1095	1.1881	51.26	55.29	54.92	53.32	76.74	1856980	1952652	1955184	1932732	1921280
SRR21563387	OXFORD_NANOPORE	10497525	0.2390	not detected	no	no	1.0017	1.0017	1.0017	1.0017	1.1099	19.54	19.52	20.12	20.13	21.88	965548	959716	1006684	1010172	1028696
SRR21563395	OXFORD_NANOPORE	9336717	0.1580	not detected	no	no	1.1559	1.1559	1.1559	1.1559	1.2856	9.45	9.47	9.65	9.61	9.71	525940	525520	543780	544000	544600
SRR21563410	OXFORD_NANOPORE	10190356	0.1130	not detected	no	no	1.0335	1.0335	1.0335	1.0335	1.1275	3.82	3.71	3.73	3.79	3.76	469288	469288	493812	489896	489892
SRR21563411	OXFORD_NANOPORE	9725030	0.1880	not detected	no	no	1.0099	1.0099	1.0099	1.0099	1.1103	6.74	6.59	6.64	6.58	6.58	855736	850004	902976	894120	873996
SRR21563416	OXFORD_NANOPORE	10989260	0.1620	not detected	no	no	1.0164	0.9761	1.0164	1.0164	1.1507	3.01	2.96	3.05	3.09	3.06	324612	444656	476880	475716	471040
SRR21563417	OXFORD_NANOPORE	6972512	0.1460	not detected	no	no	1.0565	1.0565	1.0565	1.0565	1.1654	10.47	10.40	10.19	10.46	10.19	511508	512060	532488	532044	531576
SRR21563419	OXFORD_NANOPORE	7288318	0.2440	not detected	no	no	1.1710	1.1710	1.1710	1.1710	1.3042	5.45	5.87	8.76	5.75	8.71	557092	557504	577676	577672	579980
SRR21563420	OXFORD_NANOPORE	9576147	0.1380	not detected	no	no	1.0321	1.0321	1.0321	1.0321	1.1336	4.12	4.23	4.15	4.13	4.11	552444	539160	570444	558332	573520
SRR21563425	OXFORD_NANOPORE	8565674	0.1450	not detected	no	no	1.0115	1.0115	1.0115	1.0115	1.1131	12.94	12.94	12.72	12.90	12.79	1055688	1057272	1037984	1062936	1040952
SRR21563427	OXFORD_NANOPORE	11328791	0.2660	not detected	no	no	0.9712	0.9727	0.9712	0.9712	1.1126	9.24	8.75	8.82	8.99	8.91	910372	925764	947328	947472	944000
SRR21563428	OXFORD_NANOPORE	7216567	0.1420	not detected	no	no	0.9872	0.9872	0.9872	0.9872	1.0458	19.60	19.87	19.86	19.73	19.99	1027416	1029332	1023136	1055864	1050520
SRR21563430	OXFORD_NANOPORE	10293779	0.1290	not detected	no	no	1.0479	1.0479	1.0479	1.0479	1.1275	6.40	6.35	6.50	6.35	6.60	572956	549608	592632	599112	598748
SRR21563438	OXFORD_NANOPORE	7970909	0.1070	not detected	no	no	0.9791	0.9791	0.9791	0.9791	1.0288	22.83	23.08	22.95	23.34	23.07	1359308	1316460	1381548	1382864	1381032
SRR21563440	OXFORD_NANOPORE	9203650	0.1640	not detected	no	no	0.9899	0.9899	0.9899	0.9899	1.0641	12.97	13.54	13.69	13.86	13.86	1033736	1039520	1093400	1037096	1096124
SRR21563444	OXFORD_NANOPORE	8801236	0.1030	not detected	no	no	1.0139	1.0139	1.0139	1.0139	1.0848	8.38	8.38	8.56	8.47	8.53	871084	900172	925980	922464	896120
SRR21563446	OXFORD_NANOPORE	8487842	0.1430	not detected	no	no	1.1185	1.1185	1.1185	1.1185	1.2338	6.47	6.44	6.50	6.37	6.45	560812	589404	608360	559672	563052
SRR21563447	OXFORD_NANOPORE	10569674	0.2570	not detected	no	no	0.9278	0.9278	0.9278	0.9278	1.0394	5.78	5.93	5.75	5.98	5.85	670388	644576	672608	670880	670036
SRR21563460	OXFORD_NANOPORE	9145559	0.1210	not detected	no	no	0.9735	0.9735	0.9735	0.9735	1.0431	19.53	18.09	19.02	18.74	18.71	1151940	1091496	1159948	1145236	1138652
SRR21563464	OXFORD_NANOPORE	8843894	0.1800	not detected	no	no	1.0664	1.0664	1.0664	1.0664	1.1881	16.48	16.58	17.13	16.98	16.80	622776	614032	651308	650508	647940
SRR21563468	OXFORD_NANOPORE	9789246	0.1590	not detected	no	no	0.9482	0.9482	0.9482	0.9482	1.0204	15.64	15.60	15.88	15.84	16.01	1051892	1049504	1065436	1069068	1032964
SRR21563469	OXFORD_NANOPORE	8952109	0.1490	not detected	no	no	1.0532	1.0532	1.0532	1.0532	1.1720	14.49	14.65	14.79	14.99	14.79	750240	751304	773028	768932	769000
SRR21563470	OXFORD_NANOPORE	9099298	0.1340	not detected	no	no	0.9521	0.9521	0.9521	0.9521	1.0283	25.95	39.90	27.98	37.07	28.58	1796640	1770908	1800144	1782140	1794012
SRR21563471	OXFORD_NANOPORE	7774921	0.1640	detected	yes	no	0.9555	0.9799	0.9799	0.9555	1.0163	19.70	19.18	29.87	35.53	32.52	598500	610420	637256	637932	637840
SRR21563472	OXFORD_NANOPORE	9829227	0.1880	not detected	no	no	0.9350	0.9350	0.9350	0.9350	1.0141	22.63	21.46	21.52	22.11	26.83	1113756	1018060	1061532	1125764	1124984
SRR21563473	OXFORD_NANOPORE	9932863	0.2050	not detected	no	no	0.9376	0.9376	0.9376	0.9376	1.0171	23.01	23.20	23.18	23.43	23.46	1807592	1781088	1757516	1810272	1815384
SRR21563494	OXFORD_NANOPORE	10967080	0.4150	not detected	no	no	0.9888	0.9888	0.9888	0.9888	1.0984	8.45	8.48	8.58	8.52	8.64	868524	845876	865564	888428	870396
SRR21563495	OXFORD_NANOPORE	10967080	0.4250	not detected	no	no	0.9732	0.9732	0.9732	0.9732	1.0891	9.46	9.40	9.22	9.22	9.26	968304	968736	975860	978072	953024
SRR21563497	OXFORD_NANOPORE	9157283	0.1700	not detected	no	no	0.9809	0.9809	0.9809	0.9809	1.0541	13.71	13.54	13.88	13.86	13.75	926960	932068	944244	944628	948092
SRR21563498	OXFORD_NANOPORE	9157283	0.1850	not detected	no	no	0.9761	0.9761	0.9761	0.9761	1.0556	12.94	13.03	13.15	13.05	13.16	1005364	1005172	1021724	1022760	1018988
SRR21563500	OXFORD_NANOPORE	9730517	0.1070	not detected	no	no	0.9900	0.9900	0.9900	0.9900	1.0506	14.84	14.89	14.85	15.17	15.02	969864	965316	985004	957820	983004
SRR21563501	OXFORD_NANOPORE	9730517	0.1090	not detected	no	no	0.9859	0.9859	0.9859	0.9859	1.0442	13.97	14.03	14.09	14.08	14.14	1019420	1010980	996252	994004	1031868
SRR21563516	OXFORD_NANOPORE	7184925	0.2140	not detected	no	no	0.9634	0.9634	0.9634	0.9634	1.0360	15.04	15.03	15.20	15.00	15.30	1051016	1054180	1081336	1079068	1085076
SRR21563517	OXFORD_NANOPORE	7896894	0.0970	not detected	no	no	0.9808	0.9808	0.9808	0.9808	1.0341	21.02	13.46	13.85	17.04	13.34	1046700	1065076	1069808	1087624	1061328
SRR21563520	OXFORD_NANOPORE	8671343	0.1170	not detected	no	no	1.0194	1.0194	1.0194	1.0194	1.1176	7.52	7.63	7.75	7.60	7.83	558200	562760	578852	581176	577764
SRR21563525	OXFORD_NANOPORE	9899169	0.1470	not detected	no	no	0.9705	0.9705	0.9705	0.9705	1.0672	10.22	10.20	9.95	10.23	9.97	1000800	979668	1018008	1017772	1002956
SRR21563528	OXFORD_NANOPORE	9917334	0.1930	not detected	no	no	1.0887	1.0887	1.0887	1.0887	1.2145	16.51	17.76	18.50	16.48	18.50	643880	664836	728140	672956	702260
SRR21563531	OXFORD_NANOPORE	11671850	0.1810	not detected	no	no	0.9549	0.9549	0.9549	0.9549	1.0615	16.20	16.19	16.41	16.69	16.84	845860	867492	886456	871016	888256
SRR21563544	OXFORD_NANOPORE	8330854	0.1080	not detected	no	no	0.9666	0.9666	0.9666	0.9666	1.0388	24.23	24.60	24.75	24.65	24.27	1720984	1718516	1740392	1741720	1743960
SRR21563545	OXFORD_NANOPORE	8296325	0.1210	not detected	no	no	0.9702	0.9702	0.9702	0.9702	1.0320	13.09	12.92	13.15	13.05	12.96	1018240	1057600	1045712	1049820	1082428
SRR21601282	PACBIO_SMRT	6249144	0.2210	not detected	no	no	1.2616	1.2616	1.2616	1.2616	1.5243	12.33	10.67	11.70	10.84	12.81	1258976	1256816	1286368	1270836	1272712
SRR21606644	OXFORD_NANOPORE	2007883	0.1320	not detected	no	no	1.0869	1.0869	1.0869	1.0869	1.1928	12.93	12.97	14.45	14.03	13.59	255100	261356	274372	276264	274356
SRR21607164	OXFORD_NANOPORE	2168186	0.1720	not detected	no	no	1.1250	1.1250	1.1250	1.1250	1.2498	12.54	12.83	12.80	12.98	14.11	241084	240848	245420	256828	251036
SRR21607166	OXFORD_NANOPORE	2162388	0.1740	not detected	no	no	1.1585	1.1585	1.1585	1.1585	1.3326	8.12	8.14	8.30	8.28	8.36	160772	166464	175660	175456	170804
SRR21629963	OXFORD_NANOPORE	12912080	0.2720	not detected	no	no	0.9167	0.9167	0.9167	0.9167	1.0237	12.01	11.69	12.17	11.66	12.12	853772	853460	871648	871728	875968
SRR21629967	OXFORD_NANOPORE	11832677	0.2100	not detected	no	no	0.9511	0.9511	0.9511	0.9511	1.0434	15.44	15.58	15.45	15.56	15.82	919444	915328	909152	936192	934888
SRR21629969	OXFORD_NANOPORE	9238295	0.0800	not detected	no	no	0.9840	0.9840	0.9840	0.9840	1.0457	7.29	7.19	7.21	7.31	7.23	598000	600048	622880	616796	618268
SRR21629970	OXFORD_NANOPORE	9063152	0.2500	not detected	no	no	0.9136	0.9136	0.9136	0.9136	1.0217	55.98	54.39	55.84	55.42	55.19	2432512	2447508	2458400	2431640	2424680
SRR21629973	OXFORD_NANOPORE	8770135	0.1220	not detected	no	no	1.0019	1.0019	1.0019	1.0019	1.0701	12.49	12.31	17.12	12.83	14.36	948824	979100	1034200	985544	1017732
SRR21629975	OXFORD_NANOPORE	8346247	0.1450	not detected	no	no	1.0068	1.0068	1.0068	1.0068	1.1205	15.72	15.79	16.14	16.24	16.15	783272	778440	827816	824092	826216
SRR21629978	OXFORD_NANOPORE	9971452	0.1360	not detected	no	no	0.8465	0.8465	0.8465	0.8465	0.9439	19.00	18.78	19.35	18.95	18.84	909304	912896	925440	909364	930628
SRR21629982	OXFORD_NANOPORE	8572109	0.1310	not detected	no	no	0.9815	0.9815	0.9815	0.9815	1.0854	15.22	15.58	16.14	15.98	16.05	880468	860216	897748	903904	897080
SRR21629984	OXFORD_NANOPORE	7517952	0.0870	not detected	no	no	0.9950	0.9950	0.9950	0.9950	1.0466	15.35	15.13	15.28	15.30	15.05	1012012	974984	1025440	1021720	1026684
SRR21629986	OXFORD_NANOPORE	4711874	0.1290	not detected	no	no	1.0480	1.0480	1.0480	1.0480	1.1083	8.88	8.75	8.91	8.89	8.88	558544	556812	567600	577664	573968
SRR21629988	OXFORD_NANOPORE	9468941	0.3210	not detected	no	no	0.9604	0.9604	0.9604	0.9604	1.0755	15.55	15.59	15.46	15.61	15.76	1038144	1032952	1020980	1029244	1011556
SRR21629989	OXFORD_NANOPORE	8329020	0.1720	not detected	no	no	0.9593	0.9593	0.9593	0.9593	1.0632	22.42	18.87	19.19	26.22	27.37	1054760	1071500	1092212	1119956	1081432
SRR21629991	OXFORD_NANOPORE	10527525	0.1420	not detected	no	no	0.9837	0.9837	0.9837	0.9837	1.0608	21.11	21.09	21.29	21.29	21.44	1031972	1033904	1032648	1055072	1056532
SRR21629992	OXFORD_NANOPORE	8499733	0.1520	not detected	no	no	1.0699	1.0699	1.0699	1.0699	1.1837	10.06	10.24	10.35	10.33	10.35	869792	888364	874996	884884	882368
SRR21629993	OXFORD_NANOPORE	8944372	0.1250	not detected	no	no	0.9658	0.9658	0.9658	0.9658	1.0334	11.02	10.82	11.30	10.85	10.89	929156	935340	928440	948356	943388
SRR21629995	OXFORD_NANOPORE	9077372	0.1350	not detected	no	no	0.9782	0.9782	0.9782	0.9782	1.0527	23.98	23.88	24.60	24.32	24.28	1059444	1017084	1051308	1100304	1092020
SRR21629996	OXFORD_NANOPORE	8598676	0.1450	not detected	no	no	0.9544	0.9544	0.9544	0.9544	1.0362	19.68	19.56	20.44	20.41	20.36	1020444	1049084	1079968	1050344	1080096
SRR21629999	OXFORD_NANOPORE	4808694	0.0670	not detected	no	no	0.9830	0.9830	0.9830	0.9830	1.0246	24.82	24.43	25.63	24.28	24.71	1100756	1109532	1149884	1123240	1184224
SRR21630005	OXFORD_NANOPORE	4841103	0.1000	not detected	no	no	1.0048	1.0048	1.0048	1.0048	1.0501	23.88	23.48	23.75	23.84	23.97	1217184	1214488	1346260	1240364	1238292
SRR21630006	OXFORD_NANOPORE	11001603	0.5210	not detected	no	no	0.9357	0.9357	0.9357	0.9357	1.0360	15.53	15.24	15.36	15.27	15.47	996020	1033336	1016072	1041784	1038516
SRR21630008	OXFORD_NANOPORE	9642853	0.1790	not detected	no	no	0.9763	0.9763	0.9763	0.9763	1.0541	22.13	22.01	22.04	22.12	22.34	1014236	982072	1034760	1032816	1003528
SRR21630009	OXFORD_NANOPORE	9853519	0.1370	not detected	no	no	0.9770	0.9770	0.9770	0.9770	1.0544	13.65	13.83	14.22	14.35	13.87	874844	915776	907056	926496	936984
SRR21630010	OXFORD_NANOPORE	10309750	0.1630	not detected	no	no	0.9544	0.9544	0.9544	0.9544	1.0307	23.50	23.42	23.63	23.63	23.68	1536620	1587440	1566604	1561460	1560876
SRR21630012	OXFORD_NANOPORE	8521284	0.2090	not detected	no	no	0.9745	0.9745	0.9745	0.9745	1.0662	18.09	18.07	18.18	18.67	21.63	593012	594008	642108	621468	655748
SRR21630013	OXFORD_NANOPORE	10711384	0.1360	not detected	no	no	0.9478	0.9478	0.9478	0.9478	1.0405	17.70	17.79	17.79	17.60	17.72	967316	1003200	1020324	992124	1024540
SRR21630015	OXFORD_NANOPORE	9248260	0.1320	not detected	no	no	0.9619	0.9619	0.9619	0.9619	1.0262	24.56	23.47	23.62	24.18	23.88	1394764	1390444	1424560	1427212	1417184
SRR21630042	OXFORD_NANOPORE	7628471	0.1610	not detected	no	no	1.0079	1.0079	1.0079	1.0079	1.0941	13.63	13.51	13.67	13.69	13.79	830348	829948	866076	849440	872192
SRR21630046	OXFORD_NANOPORE	9992462	0.1220	not detected	no	no	1.0118	1.0118	1.0118	1.0118	1.0856	9.99	10.01	10.19	10.19	10.20	964024	993900	981648	1018204	1007660
SRR21630048	OXFORD_NANOPORE	9661321	0.1370	not detected	no	no	1.0182	1.0182	1.0182	1.0182	1.1305	8.20	8.32	9.45	9.39	7.80	479796	473512	505236	505568	505660
SRR21630059	OXFORD_NANOPORE	11075804	0.1580	not detected	no	no	0.9704	0.9704	0.9704	0.9704	1.0516	21.08	22.82	21.45	23.61	26.16	976352	970296	1000804	1019704	992144
SRR21630061	OXFORD_NANOPORE	9409010	0.1100	not detected	no	no	0.9799	0.9799	0.9799	0.9799	1.0588	14.48	14.75	15.01	14.98	14.98	1008268	1001524	1028824	1029784	1026148
SRR21630065	OXFORD_NANOPORE	11145185	0.1760	not detected	no	no	0.9417	0.9417	0.9417	0.9417	1.0306	12.08	12.01	12.07	12.07	12.08	1064016	1067788	1083632	1084916	1085832
SRR21630069	OXFORD_NANOPORE	10972925	0.2080	not detected	no	no	1.0000	1.0000	1.0000	1.0000	1.1161	16.05	15.52	15.89	15.77	15.63	1149692	1161284	1078736	1085244	1129168
SRR21630070	OXFORD_NANOPORE	8806723	0.1510	not detected	no	no	1.0154	1.0154	1.0154	1.0154	1.1038	8.93	8.86	8.72	9.02	8.98	832716	838572	852784	855960	856048
SRR21630072	OXFORD_NANOPORE	10324489	0.1760	not detected	no	no	0.9745	0.9745	0.9745	0.9745	1.0390	16.24	16.31	16.62	16.70	16.65	871024	872596	915024	912636	917540
SRR21630075	OXFORD_NANOPORE	6411420	0.0900	not detected	no	no	0.9784	0.9784	0.9784	0.9784	1.0259	22.91	22.90	23.03	23.18	23.41	1046936	1043036	1060676	1062504	1054552
SRR21630077	OXFORD_NANOPORE	9910889	0.2200	not detected	no	no	0.9493	0.9493	0.9493	0.9493	1.0265	17.30	17.29	17.42	17.32	17.44	898172	928660	945708	952456	913584
SRR21630078	OXFORD_NANOPORE	8241378	0.0870	not detected	no	no	0.9403	0.9403	0.9403	0.9403	0.9865	9.22	9.30	9.09	9.26	9.31	886456	903080	909040	909204	905988
SRR21630081	OXFORD_NANOPORE	9019680	0.1780	not detected	no	no	0.9676	0.9676	0.9676	0.9676	1.0413	22.44	22.67	24.99	22.95	30.94	1040220	1080928	1093888	1075584	1090680
SRR21630087	OXFORD_NANOPORE	8621285	0.1190	not detected	no	no	0.9202	0.9202	0.9202	0.9202	1.0330	16.31	16.11	16.41	16.45	16.36	512620	512620	537856	535560	537872
SRR21630096	OXFORD_NANOPORE	8602329	0.1600	not detected	no	no	0.9577	0.9577	0.9577	0.9577	1.0520	12.10	12.08	12.20	12.22	12.17	955832	963996	983296	981588	1012404
SRR21630099	OXFORD_NANOPORE	10072442	0.1380	not detected	no	no	0.9729	0.9729	0.9729	0.9729	1.0342	20.47	27.81	20.51	27.49	22.02	1025128	1040068	1056568	1048364	1025320
SRR21630100	OXFORD_NANOPORE	11324247	0.2170	not detected	no	no	0.9573	0.9573	0.9573	0.9573	1.0737	14.04	14.25	14.06	14.11	14.24	1090572	1108948	1114004	1085700	1129624
SRR21630102	OXFORD_NANOPORE	11363729	0.1830	not detected	no	no	0.9223	0.9223	0.9223	0.9223	1.0152	13.57	13.68	13.90	13.75	13.96	996692	1002336	1002164	1029736	1024892
SRR21630103	OXFORD_NANOPORE	10616026	0.2100	not detected	no	no	0.9850	0.9850	0.9850	0.9850	1.0935	26.64	26.27	26.82	27.29	26.82	1262248	1283004	1316076	1315248	1317772
SRR21630104	OXFORD_NANOPORE	10798493	0.2870	not detected	no	no	0.9639	0.9639	0.9639	0.9639	1.0820	25.74	26.04	25.28	25.47	26.82	1601640	1571800	1565204	1584328	1565372
SRR21630106	OXFORD_NANOPORE	8782423	0.1170	not detected	no	no	0.9905	0.9905	0.9905	0.9905	1.0510	35.50	32.46	33.08	32.66	42.11	1660320	1628940	1663040	1594832	1659460
SRR21630107	OXFORD_NANOPORE	10525887	0.1230	not detected	no	no	0.9512	0.9512	0.9512	0.9512	1.0195	20.99	21.22	21.51	21.47	21.33	1044260	1051032	1073132	1070780	1065360
SRR21630111	OXFORD_NANOPORE	9983749	0.1760	not detected	no	no	1.0913	1.0913	1.0913	1.0913	1.2436	7.00	6.87	6.95	6.81	6.86	614124	633420	650656	628084	630136
SRR21630113	OXFORD_NANOPORE	10850392	0.1710	not detected	no	no	1.0513	1.0513	1.0513	1.0513	1.1875	6.71	6.28	6.61	8.10	6.58	688944	664560	717676	727404	720880
SRR21630116	OXFORD_NANOPORE	9299130	0.1710	not detected	no	no	1.1225	1.1225	1.1225	1.1225	1.3119	3.10	3.04	3.12	3.15	3.11	451484	445448	469692	485904	481008
SRR21630119	OXFORD_NANOPORE	10384311	0.1290	not detected	no	no	0.9792	0.9792	0.9792	0.9792	1.0723	26.05	18.77	18.71	18.20	25.71	1055528	1060236	1091820	1076612	1097776
SRR21630120	OXFORD_NANOPORE	10475789	0.1990	not detected	no	no	0.9343	0.9343	0.9343	0.9343	1.0213	49.36	44.58	54.09	62.86	50.78	1879572	1838552	1907000	1908484	1841316
SRR21630121	OXFORD_NANOPORE	9087065	0.1630	not detected	no	no	0.9976	0.9976	0.9976	0.9976	1.0826	17.42	17.83	18.28	17.82	17.91	887792	888120	903120	889628	887204
SRR21630122	OXFORD_NANOPORE	9848962	0.1880	not detected	no	no	0.8955	0.8955	0.8955	0.8955	0.9665	19.89	19.27	20.26	19.77	19.79	1097340	1019976	1079460	1104012	1082148
SRR21630127	OXFORD_NANOPORE	10547576	0.2470	not detected	no	no	0.9362	0.9362	0.9362	0.9362	1.0121	27.73	27.25	27.55	27.03	27.66	1389832	1436356	1449124	1404248	1449412
SRR21630128	OXFORD_NANOPORE	7063827	0.0830	not detected	no	no	0.9878	0.9878	0.9878	0.9878	1.0365	21.88	22.54	30.29	23.56	24.09	970772	1004444	1068916	1039856	1064988
SRR21630132	OXFORD_NANOPORE	12223696	0.1420	not detected	no	no	0.9590	0.9590	0.9590	0.9590	1.0544	13.36	17.90	18.16	13.15	13.51	921928	955212	976156	924608	946744
SRR21630133	OXFORD_NANOPORE	8949492	0.1260	not detected	no	no	0.9908	0.9908	0.9908	0.9908	1.0664	20.96	20.95	21.21	21.53	21.23	1036284	1033984	1041192	1041396	1038900
SRR21630136	OXFORD_NANOPORE	10667068	0.2070	not detected	no	no	1.2971	1.2971	1.2971	1.2971	1.5652	11.25	11.54	10.01	11.66	10.56	614764	605556	613080	626420	622088
SRR21630137	OXFORD_NANOPORE	10137727	0.1690	not detected	no	no	0.9778	0.9778	0.9778	0.9778	1.0602	22.33	20.42	21.36	22.28	31.43	1530976	1473460	1519276	1575432	1535100
SRR21630139	OXFORD_NANOPORE	9270399	0.1340	not detected	no	no	0.9850	0.9850	0.9850	0.9850	1.0645	26.92	26.70	26.80	27.03	26.95	1062552	1109220	1128944	1158568	1164560
SRR21630141	OXFORD_NANOPORE	9393169	0.2120	not detected	no	no	1.3494	1.3494	1.3494	1.3494	1.6122	3.58	3.59	3.64	3.64	3.63	316816	321836	364992	358096	356608
SRR21630142	OXFORD_NANOPORE	7336920	0.1080	not detected	no	no	0.9487	0.9487	0.9487	0.9487	1.0188	8.82	8.98	9.08	9.01	9.17	924488	943780	969948	965624	964032
SRR21630143	OXFORD_NANOPORE	10658643	0.1530	not detected	no	no	0.8924	0.8924	0.8924	0.8924	0.9615	29.62	30.09	30.59	30.47	30.81	1363284	1398992	1436012	1383312	1424776
SRR21630146	OXFORD_NANOPORE	9315054	0.1370	not detected	no	no	1.0098	1.0098	1.0098	1.0098	1.0986	23.97	23.58	24.23	24.22	23.81	1403712	1407092	1407968	1370708	1431704
SRR21630151	OXFORD_NANOPORE	9856051	0.2080	not detected	no	no	0.9237	0.9237	0.9237	0.9237	1.0089	25.15	25.24	25.51	25.37	25.35	1752836	1757172	1778228	1770440	1724316
SRR21630156	OXFORD_NANOPORE	12198498	0.1830	not detected	no	no	0.9408	0.9408	0.9408	0.9408	1.0543	10.66	10.57	10.84	10.83	10.81	865692	861496	904772	903584	878092
SRR21630205	OXFORD_NANOPORE	8658548	0.1070	not detected	no	no	0.9037	0.9037	0.9037	0.9037	0.9550	25.73	25.45	26.27	26.38	25.73	1110040	1072224	1134880	1130812	1136916
SRR21630207	OXFORD_NANOPORE	7231063	0.1430	not detected	no	no	0.9233	0.9233	0.9233	0.9233	0.9830	28.94	29.14	31.65	32.70	33.85	1502108	1455352	1556892	1558604	1511308
SRR21630214	OXFORD_NANOPORE	7531209	0.1590	not detected	no	no	1.0164	1.0164	1.0164	1.0164	1.1117	22.08	24.93	24.89	28.20	24.31	1051984	1010296	1004100	1110656	1100936
SRR21630215	OXFORD_NANOPORE	7102204	0.1100	not detected	no	no	0.9887	0.9887	0.9887	0.9887	1.0457	28.26	28.18	28.49	28.22	28.14	1121808	1078096	1150784	1092052	1154296
SRR21630216	OXFORD_NANOPORE	8509353	0.1550	not detected	no	no	1.0050	1.0050	1.0050	1.0050	1.1030	14.34	14.33	15.03	14.56	14.50	945892	975588	993852	985732	992176
SRR21630219	OXFORD_NANOPORE	10011987	0.1390	not detected	no	no	1.0486	1.0486	1.0486	1.0486	1.1512	9.03	9.07	9.11	9.14	9.17	761936	782208	780932	803128	801516
SRR21630221	OXFORD_NANOPORE	10954113	0.1380	not detected	no	no	0.9296	0.9296	0.9296	0.9296	1.0249	17.56	17.44	17.82	17.60	17.38	964948	966876	985184	1010096	1014784
SRR21630224	OXFORD_NANOPORE	8333111	0.1350	not detected	no	no	1.0776	1.0776	1.0776	1.0776	1.1753	6.47	6.50	6.60	6.58	6.65	659412	661976	670612	686616	681224
SRR21630226	OXFORD_NANOPORE	8274316	0.1380	not detected	no	no	1.0230	1.0230	1.0230	1.0230	1.1024	20.56	20.30	20.96	21.03	21.35	1013524	1062600	1030856	1064380	1036080
SRR21630232	OXFORD_NANOPORE	9182200	0.1220	not detected	no	no	0.9595	0.9595	0.9595	0.9595	1.0296	9.56	9.36	9.56	9.53	9.44	928804	927060	922036	938164	928560
SRR21630234	OXFORD_NANOPORE	10117404	0.1240	not detected	no	no	0.9970	0.9970	0.9970	0.9970	1.0711	12.30	12.44	12.56	12.46	12.46	980200	1003144	1026308	1019124	1013700
SRR21630235	OXFORD_NANOPORE	7961474	0.1870	not detected	no	no	0.9575	0.9575	0.9575	0.9575	1.0343	15.35	15.53	15.81	15.68	15.79	1016324	1010924	1031992	1024888	1028104
SRR21630242	OXFORD_NANOPORE	11080497	0.2870	not detected	no	no	1.0112	1.0112	1.0112	1.0112	1.1165	12.89	12.91	13.03	12.98	13.07	972036	975484	992200	993264	992968
SRR21630247	OXFORD_NANOPORE	8893931	0.1720	not detected	no	no	1.0377	1.0377	1.0377	1.0377	1.1741	11.31	11.49	12.37	11.04	11.77	482596	485196	515644	515500	528416
SRR21630249	OXFORD_NANOPORE	10308633	0.1100	not detected	no	no	0.9685	0.9685	0.9685	0.9685	1.0445	16.81	16.52	16.73	17.03	16.71	971344	969068	975340	986696	982028
SRR21630250	OXFORD_NANOPORE	8400290	0.1170	not detected	no	no	1.0089	1.0089	1.0089	1.0089	1.0913	6.90	7.25	7.63	8.18	7.22	426908	445200	450188	465508	450156
SRR21630273	OXFORD_NANOPORE	10670226	0.1210	not detected	no	no	0.8571	0.8571	0.8571	0.8571	0.9267	14.67	14.65	15.00	15.19	15.23	586824	590964	612396	610936	615324
SRR21630297	OXFORD_NANOPORE	10131194	0.2170	not detected	no	no	0.9696	0.9696	0.9696	0.9696	1.0934	11.24	11.42	11.75	11.57	11.79	993300	979032	970972	979892	994468
SRR21630298	OXFORD_NANOPORE	11146913	0.0970	not detected	no	no	0.9844	0.9844	0.9844	0.9844	1.0608	21.33	21.14	21.28	21.27	21.20	1005148	1001256	1013380	982564	1012080
SRR21630301	OXFORD_NANOPORE	8760989	0.1420	not detected	no	no	0.9975	0.9975	0.9975	0.9975	1.0863	14.88	13.27	11.51	10.80	11.74	910404	910888	923596	939648	903740
SRR21630302	OXFORD_NANOPORE	7654929	0.1570	not detected	no	no	1.0092	1.0092	1.0092	1.0092	1.0761	40.43	25.95	25.20	26.26	39.90	1150820	1169240	1301400	1263892	1276804
SRR21630304	OXFORD_NANOPORE	8961255	0.1030	detected	yes	no	0.9946	1.1323	1.1323	0.9946	1.0465	73.87	73.35	31.57	30.66	30.41	1803044	1950064	854300	838636	848752
SRR21630306	OXFORD_NANOPORE	10374860	0.1840	not detected	no	no	0.9401	0.9401	0.9401	0.9401	1.0338	20.33	20.59	20.60	20.56	20.47	1158652	1161084	1184232	1188580	1187416
SRR21630308	OXFORD_NANOPORE	8011000	0.2590	not detected	no	no	0.9095	0.9095	0.9095	0.9095	1.0079	28.62	28.65	28.82	28.82	28.79	1562556	1578772	1564824	1598128	1528160
SRR21630309	OXFORD_NANOPORE	10802565	0.1430	not detected	no	no	0.9547	0.9547	0.9547	0.9547	1.0320	18.05	13.84	13.92	13.36	13.55	889260	845460	900704	908260	887764
SRR21630310	OXFORD_NANOPORE	9449196	0.1730	not detected	no	no	0.9557	0.9557	0.9557	0.9557	1.0377	17.23	12.77	12.92	12.85	13.20	909344	918192	929160	960972	919836
SRR21630311	OXFORD_NANOPORE	10193344	0.2040	not detected	no	no	1.0641	1.0641	1.0641	1.0641	1.2393	7.00	7.09	7.23	7.36	7.18	589884	604272	632216	630024	615424
SRR21630312	OXFORD_NANOPORE	8719657	0.1230	not detected	no	no	0.9502	0.9502	0.9502	0.9502	1.0167	20.75	20.67	21.04	20.78	20.68	1095836	1089324	1063320	1119000	1093584
SRR21630313	OXFORD_NANOPORE	8689288	0.1570	not detected	no	no	0.9830	0.9830	0.9830	0.9830	1.0514	16.03	15.64	16.15	15.37	22.73	1000848	994152	999876	1011112	1079808
SRR21630316	OXFORD_NANOPORE	10237418	0.0740	not detected	no	no	1.0140	1.0140	1.0140	1.0140	1.0936	45.30	48.25	50.05	43.56	46.73	1978600	1960296	2026120	1908884	1966904
SRR21630318	OXFORD_NANOPORE	10379698	0.1500	not detected	no	no	0.9749	0.9749	0.9749	0.9749	1.0994	16.34	16.31	16.54	16.81	16.67	617772	641180	670176	669480	674208
SRR21630319	OXFORD_NANOPORE	11915655	0.1860	not detected	no	no	0.9361	0.9361	0.9361	0.9361	1.0719	18.89	18.62	19.15	19.09	19.19	1203944	1201376	1230572	1229132	1222548
SRR21630322	OXFORD_NANOPORE	7725772	0.1290	not detected	no	no	1.0914	1.0914	1.0914	1.0914	1.2039	7.22	7.32	7.31	7.18	7.29	658140	659788	679756	682016	681356
SRR21630324	OXFORD_NANOPORE	10417451	0.1740	not detected	no	no	1.5634	1.5634	1.5634	1.5634	1.9786	3.62	3.56	3.60	3.62	3.72	362508	357292	384484	388440	379888
SRR21630328	OXFORD_NANOPORE	8101613	0.1470	not detected	no	no	0.9464	0.9464	0.9464	0.9464	1.0446	11.39	11.34	11.57	11.71	11.66	597352	603992	632656	635716	628184
SRR21630329	OXFORD_NANOPORE	9805310	0.1390	not detected	no	no	0.9715	0.9715	0.9715	0.9715	1.0429	12.76	12.64	12.76	12.89	12.72	903088	906836	919492	905968	923392
SRR21630333	OXFORD_NANOPORE	5615436	0.0780	not detected	no	no	1.0108	1.0108	1.0108	1.0108	1.0638	24.15	24.19	24.33	24.42	24.16	1063624	1062852	1047764	1043400	1076760
SRR21630334	OXFORD_NANOPORE	7372728	0.0720	not detected	no	no	0.9947	0.9947	0.9947	0.9947	1.0368	18.47	18.23	18.52	18.55	18.51	1048152	1089256	1163388	1161756	1127744
SRR21630335	OXFORD_NANOPORE	9485507	0.1520	not detected	no	no	0.9522	0.9522	0.9522	0.9522	1.0342	25.01	24.66	24.93	24.87	24.70	1474836	1473912	1505252	1507864	1456408
SRR21630336	OXFORD_NANOPORE	10350652	0.1350	not detected	no	no	1.0040	1.0040	1.0040	1.0040	1.0994	15.58	15.58	15.69	15.67	15.79	846648	855488	877052	878296	878456
SRR21630341	OXFORD_NANOPORE	6022264	0.1320	not detected	no	no	0.9886	0.9886	0.9886	0.9886	1.0491	15.21	15.20	15.13	15.26	15.22	978820	977636	998632	1004624	1003168
SRR21630344	OXFORD_NANOPORE	8490789	0.1070	not detected	no	no	0.9891	0.9891	0.9891	0.9891	1.0462	12.41	12.62	13.19	13.54	12.82	912336	922228	920336	941952	921084
SRR21630345	OXFORD_NANOPORE	10744805	0.2380	not detected	no	no	1.0856	1.0856	1.0856	1.0856	1.2861	6.95	6.90	6.99	7.02	6.79	622596	626452	655584	661332	665020
SRR21630347	OXFORD_NANOPORE	10072122	0.1360	not detected	no	no	0.9127	0.9127	0.9127	0.9127	1.0040	10.89	10.91	11.75	11.18	11.29	888988	869740	908680	911368	893292
SRR21630351	OXFORD_NANOPORE	6859429	0.0690	not detected	no	no	0.9400	0.9400	0.9400	0.9400	0.9827	20.04	20.31	21.29	20.85	21.50	987660	988572	962728	991860	993344
SRR21630353	OXFORD_NANOPORE	10825738	0.1550	not detected	no	no	0.9883	0.9883	0.9883	0.9883	1.0822	26.20	21.04	21.14	24.79	26.56	979380	993864	1022872	1021896	1045984
SRR21630355	OXFORD_NANOPORE	10316149	0.2180	not detected	no	no	0.8802	0.8802	0.8802	0.8802	0.9967	21.30	21.50	21.56	21.62	21.37	949488	950872	1003264	1000276	999592
SRR21630357	OXFORD_NANOPORE	12278258	0.2120	not detected	no	no	0.8755	0.8755	0.8755	0.8755	0.9707	17.42	17.23	17.45	17.25	17.15	1033548	1036620	1084468	1086064	1082300
SRR21630358	OXFORD_NANOPORE	8971606	0.1980	not detected	no	no	1.3219	1.3219	1.3219	1.3219	1.5257	7.36	7.68	7.65	7.93	7.67	588600	594456	614620	613860	605224
SRR21630361	OXFORD_NANOPORE	9241071	0.1550	not detected	no	no	0.9622	0.9622	0.9622	0.9622	1.0394	22.34	22.13	22.43	22.71	22.10	1569828	1565968	1581300	1589860	1591828
SRR21630366	OXFORD_NANOPORE	11766587	0.2290	not detected	no	no	0.8879	0.8879	0.8879	0.8879	1.0060	22.88	23.41	23.02	23.52	23.42	1669844	1665408	1632768	1685492	1704544
SRR21630367	OXFORD_NANOPORE	8164743	0.1820	not detected	no	no	1.2024	1.2024	1.2024	1.2024	1.4197	4.75	4.09	4.80	3.98	3.99	436064	426432	449944	464024	458316
SRR21630369	OXFORD_NANOPORE	9470289	0.1770	not detected	no	no	0.9454	0.9454	0.9454	0.9454	1.0287	20.42	20.79	20.71	20.82	20.83	1053792	1059760	1082332	1084668	1085128
SRR21630370	OXFORD_NANOPORE	11051430	0.4760	not detected	no	no	0.8986	0.8986	0.8986	0.8986	1.0242	10.83	10.77	10.83	10.77	10.74	979600	979428	1003360	993296	995948
SRR21630392	OXFORD_NANOPORE	8963402	0.1600	not detected	no	no	0.9764	0.9764	0.9764	0.9764	1.0507	28.69	28.56	28.34	28.67	28.40	1401628	1405976	1418004	1419352	1415940
SRR21630398	OXFORD_NANOPORE	9524224	0.1720	not detected	no	no	0.9455	0.9455	0.9455	0.9455	1.0241	23.50	25.09	27.97	26.82	23.94	1034700	1077760	1047812	1088000	1067044
SRR21630401	OXFORD_NANOPORE	8362496	0.1390	not detected	no	no	0.9686	0.9686	0.9686	0.9686	1.0290	9.47	9.35	9.50	9.35	9.29	667668	665604	691072	686428	691824
SRR21630403	OXFORD_NANOPORE	9165939	0.2450	not detected	no	no	1.1879	1.1879	1.1879	1.1879	1.4542	6.83	7.16	6.77	6.95	6.84	322476	320336	335688	341932	330584
SRR21630404	OXFORD_NANOPORE	9165964	0.1480	not detected	no	no	0.9811	0.9811	0.9811	0.9811	1.0596	14.39	14.21	14.07	14.49	14.22	887572	891036	902868	879228	902100
SRR21630405	OXFORD_NANOPORE	10812875	0.1250	not detected	no	no	0.9751	0.9751	0.9751	0.9751	1.0569	9.43	9.43	9.57	9.69	9.72	985336	984436	999472	997404	1005392
SRR21630409	OXFORD_NANOPORE	8225529	0.1170	not detected	no	no	0.9688	0.9688	0.9688	0.9688	1.0256	10.83	10.63	10.86	10.79	10.87	808008	779328	818172	821268	820664
SRR21630411	OXFORD_NANOPORE	11090730	0.1400	not detected	no	no	0.8593	0.8593	0.8593	0.8593	0.9415	22.32	22.01	22.50	23.19	22.46	1282896	1220328	1378696	1303176	1335444
SRR21630414	OXFORD_NANOPORE	8336306	0.1120	not detected	no	no	1.0215	1.0215	1.0215	1.0215	1.1231	23.00	18.00	22.59	22.72	23.71	933220	944200	971636	1032492	979616
SRR21630416	OXFORD_NANOPORE	9169300	0.1350	not detected	no	no	0.9838	0.9838	0.9838	0.9838	1.0445	20.50	20.84	21.01	21.08	21.50	1004452	1031996	1056052	1055028	1057724
SRR21630419	OXFORD_NANOPORE	8519659	0.1320	not detected	no	no	0.9855	0.9855	0.9855	0.9855	1.0359	21.81	21.76	21.92	22.00	22.04	1141948	1134608	1161620	1156744	1172928
SRR21630426	OXFORD_NANOPORE	9601491	0.1230	not detected	no	no	0.9867	0.9867	0.9867	0.9867	1.0618	18.57	18.85	18.21	19.55	18.32	873008	879036	910860	898840	903296
SRR21630427	OXFORD_NANOPORE	8466399	0.0880	not detected	no	no	1.0604	1.0604	1.0604	1.0604	1.1441	10.04	10.13	10.36	11.76	10.19	497340	504556	505268	521652	525752
SRR21630428	OXFORD_NANOPORE	7574921	0.1540	not detected	no	no	1.0117	1.0117	1.0117	1.0117	1.0719	15.61	15.69	15.82	15.48	15.93	1007520	1006296	1019980	1019392	1017940
SRR21630429	OXFORD_NANOPORE	10083910	0.1230	not detected	no	no	1.0505	1.0505	1.0505	1.0505	1.1253	7.68	7.67	7.78	8.04	7.73	300616	296520	309832	309832	318028
SRR21630432	OXFORD_NANOPORE	10076411	0.2950	not detected	no	no	0.8923	0.8923	0.8923	0.8923	0.9874	21.99	27.87	24.03	22.01	22.36	1606972	1563160	1584564	1627120	1628400
SRR21630435	OXFORD_NANOPORE	7505305	0.1130	not detected	no	no	0.9895	0.9895	0.9895	0.9895	1.0492	14.57	14.33	14.71	14.62	14.59	904752	874132	917500	933340	930312
SRR21630436	OXFORD_NANOPORE	8923325	0.1610	not detected	no	no	0.9876	0.9876	0.9876	0.9876	1.0950	37.39	26.45	36.19	25.77	25.41	1070624	1092160	1120796	1114244	1148732
SRR21630437	OXFORD_NANOPORE	9153806	0.1460	not detected	no	no	0.9447	0.9447	0.9447	0.9447	1.0296	12.03	13.04	11.93	11.91	11.76	851548	903788	929944	924956	944588
SRR21630440	OXFORD_NANOPORE	8880487	0.1240	not detected	no	no	0.9837	0.9837	0.9837	0.9837	1.0412	24.71	23.85	23.72	25.00	34.25	1065776	1082396	1129844	1129704	1130656
SRR21630443	OXFORD_NANOPORE	8190759	0.1110	not detected	no	no	0.9298	0.9298	0.9298	0.9298	1.0003	11.21	11.47	11.04	11.25	11.16	912388	879868	937996	927564	934228
SRR21630444	OXFORD_NANOPORE	10089300	0.1710	not detected	no	no	0.9931	0.9931	0.9931	0.9931	1.0861	17.40	11.72	15.86	17.79	14.49	921316	927836	963904	964632	962380
SRR21630446	OXFORD_NANOPORE	9003480	0.1140	not detected	no	no	0.9908	0.9908	0.9908	0.9908	1.0547	23.18	20.48	17.91	27.75	23.29	1093976	1117176	1172396	1134884	1166256
SRR21630449	OXFORD_NANOPORE	9648495	0.1650	not detected	no	no	1.0602	1.0602	1.0602	1.0602	1.1599	7.14	6.95	7.09	7.18	7.29	756184	754460	781432	781344	775268
SRR21630450	OXFORD_NANOPORE	11121119	0.1450	not detected	no	no	0.9385	0.9385	0.9385	0.9385	1.0231	18.77	23.02	21.49	23.05	16.84	1072720	1070008	1035564	1070060	1052532
SRR21630451	OXFORD_NANOPORE	10787473	0.1000	not detected	no	no	0.9770	0.9770	0.9770	0.9770	1.0424	8.95	8.96	9.24	9.27	9.30	543964	542952	559416	555216	558052
SRR21630452	OXFORD_NANOPORE	7626967	0.1070	not detected	no	no	0.9763	0.9763	0.9763	0.9763	1.0474	22.06	21.52	23.95	29.02	24.01	1038788	980984	1032796	1017352	1057384
SRR21630453	OXFORD_NANOPORE	9449954	0.1060	not detected	no	no	0.9902	0.9902	0.9902	0.9902	1.0675	22.46	23.34	19.37	22.22	19.88	1008856	1007444	1028472	1073308	1061792
SRR21630455	OXFORD_NANOPORE	8873106	0.1170	not detected	no	no	0.9691	0.9691	0.9691	0.9691	1.0331	25.52	31.50	26.08	25.19	24.77	1021384	1076972	1092964	1053068	1049736
SRR21630456	OXFORD_NANOPORE	10042916	0.3000	not detected	no	no	0.9594	0.9594	0.9594	0.9594	1.0732	18.65	18.77	18.99	18.83	18.87	1021556	985628	1035368	1035848	1013988
SRR21630457	OXFORD_NANOPORE	10628885	0.1600	not detected	no	no	0.9747	0.9747	0.9747	0.9747	1.0637	7.23	7.04	7.25	7.24	7.31	559312	558868	583756	573980	587072
SRR21630459	OXFORD_NANOPORE	6506653	0.0790	not detected	no	no	0.9843	0.9843	0.9843	0.9843	1.0479	13.29	15.29	13.96	13.23	13.59	660116	672708	698560	682076	685496
SRR21630461	OXFORD_NANOPORE	8601509	0.0980	not detected	no	no	0.9563	0.9563	0.9563	0.9563	1.0099	22.51	23.10	22.52	22.56	23.36	1086204	1076348	1109844	1113504	1114624
SRR2163058	PACBIO_SMRT	4300706	0.3330	not detected	no	no	1.4778	1.4778	1.4778	1.4778	2.0847	16.42	16.43	17.08	17.28	17.12	1155616	1148616	1175284	1174656	1179760
SRR21634502	OXFORD_NANOPORE	3843104	0.1730	detected	yes	no	1.1172	1.3349	1.3349	1.1172	1.1883	86.49	86.57	21.33	21.59	21.43	2773544	2796776	1565296	1580416	1560608
SRR21643318	PACBIO_SMRT	3509359	0.4200	not detected	no	no	1.1970	1.1970	1.1970	1.1970	1.5130	10.20	10.26	10.20	10.11	10.22	1200908	1191048	1229936	1234280	1225372
SRR21669490	OXFORD_NANOPORE	5837226	0.2510	not detected	no	no	0.9984	0.9984	0.9984	0.9984	1.1891	24.13	23.90	24.41	24.61	24.72	1038956	1102448	1098212	1131672	1143032
SRR21672106	PACBIO_SMRT	3046103	0.3620	not detected	no	no	1.4500	1.4500	1.4500	1.4500	2.0666	21.38	21.17	21.32	21.34	21.32	1969120	1981820	1991320	1975460	1984260
SRR21680729	OXFORD_NANOPORE	4852968	0.3310	not detected	no	no	1.1329	1.1329	1.1329	1.1329	1.4851	14.59	14.89	15.01	15.15	15.70	647712	665180	695552	668864	696092
SRR21680731	OXFORD_NANOPORE	4820944	0.2210	not detected	no	no	1.2785	1.2785	1.2785	1.2785	1.5688	5.33	5.29	5.66	5.67	5.62	315588	313316	329744	308896	321476
SRR21680749	OXFORD_NANOPORE	4674977	0.1860	not detected	no	no	1.0897	1.0897	1.0897	1.0897	1.2330	15.89	15.00	16.43	16.38	15.24	592208	644552	670628	643472	613516
SRR21680817	OXFORD_NANOPORE	4918847	0.3610	not detected	no	no	1.0238	1.0238	1.0238	1.0238	1.2415	23.43	23.72	26.91	29.06	27.84	990572	989968	1003048	987992	1036400
SRR21681206	OXFORD_NANOPORE	4995398	0.3510	not detected	no	no	0.9993	0.9993	0.9993	0.9993	1.1828	36.58	26.92	37.05	36.07	28.69	1053660	1054588	1073616	1095676	1087736
SRR21696209	OXFORD_NANOPORE	7362561	0.2150	not detected	no	no	0.9791	0.9791	0.9791	0.9791	1.0643	35.84	30.92	39.98	36.15	40.00	1206504	1180108	1223156	1178544	1173964
SRR21696227	OXFORD_NANOPORE	9394305	0.1430	not detected	no	no	1.0291	1.0291	1.0291	1.0291	1.1271	9.10	8.95	9.05	9.07	8.92	1005592	1006488	1025528	1019084	994876
SRR21696269	OXFORD_NANOPORE	7267618	0.1290	not detected	no	no	1.1416	1.1416	1.1416	1.1416	1.2716	8.01	7.93	8.18	8.20	8.30	606208	603836	628192	633336	625964
SRR21696270	OXFORD_NANOPORE	9081801	0.1490	not detected	no	no	0.9750	0.9750	0.9750	0.9750	1.0494	15.57	15.68	15.79	15.65	15.76	822316	824400	820828	841992	817868
SRR21696305	OXFORD_NANOPORE	9970855	0.2280	not detected	no	no	0.9968	0.9968	0.9968	0.9968	1.0973	17.49	23.23	23.52	21.36	17.77	994520	998592	1037716	1035804	1026552
SRR21696306	OXFORD_NANOPORE	11328791	0.2640	not detected	no	no	0.9741	0.9741	0.9741	0.9741	1.1263	21.36	21.43	21.56	21.78	21.74	1028136	1000808	1034540	1045268	1043404
SRR21696307	OXFORD_NANOPORE	11497089	0.1750	not detected	no	no	1.0008	1.0008	1.0008	1.0008	1.1287	11.50	11.49	11.70	11.60	11.60	919240	914444	928164	902032	929616
SRR21696311	OXFORD_NANOPORE	9499283	0.1940	not detected	no	no	1.1104	1.1104	1.1104	1.1104	1.2187	6.79	6.75	6.77	6.93	6.96	568720	568720	588492	588496	590784
SRR21696312	OXFORD_NANOPORE	9167220	0.1670	not detected	no	no	1.1179	1.1179	1.1179	1.1179	1.2930	6.37	6.40	6.59	6.59	6.52	374568	377248	392752	391220	390116
SRR21696315	OXFORD_NANOPORE	12995681	0.2810	not detected	no	no	0.9301	0.9301	0.9301	0.9301	1.0534	9.99	9.97	9.89	9.85	9.88	903312	876100	920340	911464	914980
SRR21696318	OXFORD_NANOPORE	10111527	0.1940	not detected	no	no	1.0156	1.0156	1.0156	1.0156	1.1181	13.54	13.05	13.52	13.28	13.40	1094524	1070212	1101300	1110360	1120052
SRR21696319	OXFORD_NANOPORE	12124816	0.1320	not detected	no	no	0.9614	0.9614	0.9614	0.9614	1.0503	14.95	15.30	15.23	15.03	15.21	679932	682068	695240	707900	704600
SRR21696320	OXFORD_NANOPORE	8465517	0.1040	not detected	no	no	0.9668	0.9668	0.9668	0.9668	1.0371	11.82	11.78	11.94	12.02	11.91	847888	850936	871512	869788	869736
SRR21696321	OXFORD_NANOPORE	8397038	0.1730	not detected	no	no	1.0073	1.0073	1.0073	1.0073	1.0963	10.29	10.16	10.17	10.14	10.20	816916	817860	859256	863968	857096
SRR21696324	OXFORD_NANOPORE	10569674	0.2260	not detected	no	no	0.9571	0.9571	0.9571	0.9571	1.0710	16.11	16.92	16.92	17.27	18.86	648900	615316	684052	688148	666332
SRR21696326	OXFORD_NANOPORE	8487842	0.1400	not detected	no	no	1.0965	1.0965	1.0965	1.0965	1.2255	14.86	14.95	15.20	16.73	15.11	613016	615792	633412	632260	632740
SRR21696328	OXFORD_NANOPORE	9138776	0.1630	not detected	no	no	1.0149	1.0149	1.0149	1.0149	1.1075	13.08	13.89	17.33	17.53	13.32	875980	900944	915708	904256	941188
SRR21696331	OXFORD_NANOPORE	10933242	0.1860	not detected	no	no	1.0221	1.0221	1.0221	1.0221	1.1571	11.66	11.23	10.96	11.42	11.03	639440	661808	656420	665636	664524
SRR21696333	OXFORD_NANOPORE	8801236	0.1080	not detected	no	no	1.0228	1.0228	1.0228	1.0228	1.0871	14.03	14.23	14.12	14.05	14.07	881668	907112	927976	922704	926308
SRR21696337	OXFORD_NANOPORE	9639990	0.2130	detected	yes	no	0.9369	0.9595	0.9595	0.9369	1.0416	19.52	19.50	21.91	21.77	21.63	1034224	1037480	1115860	1142492	1143120
SRR21696338	OXFORD_NANOPORE	10853340	0.1900	not detected	no	no	0.9175	0.9175	0.9175	0.9175	1.0077	17.29	17.04	17.51	17.66	17.75	983472	1009988	1033000	1003112	1021852
SRR21696339	OXFORD_NANOPORE	9461481	0.2270	not detected	no	no	0.9942	0.9942	0.9942	0.9942	1.1525	15.39	15.08	15.33	15.42	15.38	978884	975200	1025196	1025668	1028376
SRR21696340	OXFORD_NANOPORE	9265359	0.3500	not detected	no	no	0.9492	0.9492	0.9492	0.9492	1.0943	17.01	17.12	17.97	18.35	18.74	1028736	1041904	1091124	1051852	1025704
SRR21696341	OXFORD_NANOPORE	10266650	0.1250	not detected	no	no	0.9796	0.9796	0.9796	0.9796	1.0567	14.48	16.71	16.74	14.72	21.92	1067120	1064512	1056064	1059000	1096476
SRR21696342	OXFORD_NANOPORE	13505152	0.3060	not detected	no	no	1.0064	1.0064	1.0064	1.0064	1.1606	15.51	15.78	15.97	15.96	15.83	632644	642408	618168	613932	615872
SRR21696345	OXFORD_NANOPORE	11470199	0.3840	not detected	no	no	0.9209	0.9209	0.9209	0.9209	1.0575	19.18	19.10	19.47	19.32	19.28	1039260	1042352	1065240	1099528	1094516
SRR21696348	OXFORD_NANOPORE	9578283	0.1910	not detected	no	no	1.1200	1.1200	1.1200	1.1200	1.2728	10.50	10.32	10.52	10.73	10.57	546176	545696	565944	550376	565300
SRR21696349	OXFORD_NANOPORE	7804964	0.1090	not detected	no	no	0.9934	0.9934	0.9934	0.9934	1.0661	18.64	18.13	18.31	18.30	18.38	1024428	1025528	1004104	1044304	1043176
SRR21696350	OXFORD_NANOPORE	9054077	0.1340	not detected	no	no	1.0186	1.0186	1.0186	1.0186	1.0926	11.30	10.92	11.35	11.84	14.48	791320	782264	841256	850588	833280
SRR21696351	OXFORD_NANOPORE	9054117	0.1280	not detected	no	no	1.1196	1.1196	1.1196	1.1196	1.2012	6.01	5.96	6.02	6.12	5.97	539652	539652	560112	560120	560112
SRR21696352	OXFORD_NANOPORE	9203650	0.1620	not detected	no	no	0.9901	0.9901	0.9901	0.9901	1.0550	20.37	20.34	20.54	20.53	20.48	1059360	1070360	1047188	1069336	1070584
SRR21696354	OXFORD_NANOPORE	8976559	0.2060	not detected	no	no	1.0005	1.0005	1.0005	1.0005	1.0906	20.84	21.79	26.79	29.58	21.04	1049600	1049712	1073968	1088848	1077600
SRR21696355	OXFORD_NANOPORE	8078361	0.1450	not detected	no	no	0.9756	0.9756	0.9756	0.9756	1.0398	27.32	27.09	27.57	27.57	27.35	1097208	1094500	1121268	1081716	1119212
SRR21696356	OXFORD_NANOPORE	8756431	0.1290	not detected	no	no	1.0166	1.0166	1.0166	1.0166	1.0969	18.91	19.00	19.20	19.36	19.27	842860	852808	895848	897728	869712
SRR21696358	OXFORD_NANOPORE	9077533	0.1220	not detected	no	no	0.9903	0.9903	0.9903	0.9903	1.0649	21.18	21.54	21.44	21.22	21.63	1113188	1123436	1153192	1142352	1150904
SRR21696359	OXFORD_NANOPORE	9564772	0.1690	not detected	no	no	0.9375	0.9375	0.9375	0.9375	1.0084	26.82	31.18	26.37	30.84	25.89	1101540	1121648	1139268	1046812	1100612
SRR21696361	OXFORD_NANOPORE	7801618	0.1370	not detected	no	no	1.0467	1.0467	1.0467	1.0467	1.1215	24.78	24.54	24.87	25.36	24.96	1447204	1435012	1473916	1481856	1491932
SRR21696376	OXFORD_NANOPORE	10229135	0.1760	not detected	no	no	0.9068	0.9068	0.9068	0.9068	1.0007	21.10	21.49	20.55	21.51	20.60	1051148	1032228	1011464	1045448	1033312
SRR21696379	OXFORD_NANOPORE	10293779	0.1210	not detected	no	no	1.0514	1.0514	1.0514	1.0514	1.1490	11.89	14.13	12.33	11.94	12.26	651220	646760	705556	678384	674668
SRR21696381	OXFORD_NANOPORE	8565674	0.1480	not detected	no	no	1.0328	1.0328	1.0328	1.0328	1.1186	21.23	28.52	21.32	21.98	22.62	1071120	1043960	1083380	1065252	1088056
SRR21696382	OXFORD_NANOPORE	11315690	0.1750	not detected	no	no	0.9760	0.9760	0.9760	0.9760	1.0692	17.83	25.52	18.02	18.08	18.91	975396	1069712	991600	1016292	1045580
SRR21696383	OXFORD_NANOPORE	8902773	0.1590	not detected	no	no	1.0033	1.0033	1.0033	1.0033	1.1129	16.30	16.34	16.49	16.64	16.40	981904	1016112	1035192	1023924	998620
SRR21696384	OXFORD_NANOPORE	7680165	0.1480	not detected	no	no	1.0685	1.0685	1.0685	1.0685	1.1707	14.91	15.10	15.10	15.23	15.51	933448	946312	933280	955356	945424
SRR21696387	OXFORD_NANOPORE	7648620	0.0970	not detected	no	no	1.0090	1.0090	1.0090	1.0090	1.0620	21.10	21.52	21.81	21.43	21.52	1028464	1027832	1049776	1041432	1038964
SRR21696388	OXFORD_NANOPORE	10229834	0.1690	not detected	no	no	0.8951	0.8951	0.8951	0.8951	0.9761	21.45	21.99	22.22	22.74	22.04	1084632	1086736	1106436	1102520	1096400
SRR21696389	OXFORD_NANOPORE	8981933	0.1880	not detected	no	no	1.2255	1.2255	1.2255	1.2255	1.4154	3.90	4.02	3.95	3.92	4.06	411216	426168	425904	428212	442808
SRR21696391	OXFORD_NANOPORE	12015560	0.2860	not detected	no	no	0.9937	0.9937	0.9937	0.9937	1.1468	12.20	14.63	16.52	16.53	13.23	913112	872324	940652	970600	973392
SRR21696392	OXFORD_NANOPORE	8429929	0.1050	not detected	no	no	1.0198	1.0198	1.0198	1.0198	1.0886	18.97	18.74	19.79	19.52	19.85	885196	882224	908868	911124	908312
SRR21696393	OXFORD_NANOPORE	8811944	0.1410	not detected	no	no	1.0189	1.0189	1.0189	1.0189	1.0964	10.38	10.55	10.53	10.38	10.53	902836	901940	902660	921708	917340
SRR21696394	OXFORD_NANOPORE	9576147	0.1540	not detected	no	no	1.0454	1.0454	1.0454	1.0454	1.1599	7.22	7.35	7.34	7.36	7.48	448716	452168	470852	467060	479448
SRR21696395	OXFORD_NANOPORE	8361142	0.1600	not detected	no	no	1.1443	1.1443	1.1443	1.1443	1.2765	11.44	10.87	11.67	11.95	11.16	296192	298684	322544	339968	314300
SRR21696396	OXFORD_NANOPORE	10608739	0.1390	not detected	no	no	1.0664	1.0664	1.0664	1.0664	1.1808	8.15	7.96	7.89	8.31	8.39	603608	609360	622228	630132	613228
SRR21696397	OXFORD_NANOPORE	8874522	0.1250	not detected	no	no	0.9947	0.9947	0.9947	0.9947	1.0655	19.73	19.92	20.19	20.33	20.11	1151376	1153952	1170020	1166160	1157964
SRR21696399	OXFORD_NANOPORE	7275213	0.0970	not detected	no	no	0.9908	0.9908	0.9908	0.9908	1.0409	29.79	30.09	29.97	29.66	30.08	1323980	1372964	1362264	1398184	1397196
SRR21696400	OXFORD_NANOPORE	7288318	0.2350	not detected	no	no	1.2656	1.2656	1.2656	1.2656	1.5007	6.58	6.64	6.57	6.69	6.97	487424	494200	510636	512888	510648
SRR21696401	OXFORD_NANOPORE	6420957	0.1050	not detected	no	no	1.0198	1.0198	1.0198	1.0198	1.0924	13.40	13.37	13.68	13.66	13.67	947448	941408	958980	936308	962508
SRR21696405	OXFORD_NANOPORE	8379700	0.1410	not detected	no	no	1.0476	1.0476	1.0476	1.0476	1.1397	7.91	8.29	8.01	7.73	7.90	727908	721216	741512	770392	757492
SRR21696406	OXFORD_NANOPORE	8221523	0.2280	not detected	no	no	0.9199	0.9199	0.9199	0.9199	1.0341	9.86	9.75	9.72	9.81	9.74	918032	913524	931884	930088	941040
SRR21696408	OXFORD_NANOPORE	9805183	0.2080	not detected	no	no	1.0879	1.0879	1.0879	1.0879	1.2495	7.61	7.57	7.72	7.55	7.75	525716	521524	549400	548796	566040
SRR21696409	OXFORD_NANOPORE	8066947	0.1760	not detected	no	no	1.0686	1.0686	1.0686	1.0686	1.2059	8.47	8.47	8.61	8.62	8.56	588108	588848	615644	616204	618072
SRR21696410	OXFORD_NANOPORE	8106388	0.1280	not detected	no	no	0.9116	0.9116	0.9116	0.9116	0.9748	17.35	17.28	17.60	17.81	17.67	1035544	1032480	1023592	1052936	1045800
SRR21696411	OXFORD_NANOPORE	11345428	0.1180	not detected	no	no	1.0157	1.0157	1.0157	1.0157	1.1450	14.16	14.28	14.35	14.19	14.37	935984	957808	976592	946460	979948
SRR21696415	OXFORD_NANOPORE	11059676	0.1910	not detected	no	no	0.9450	0.9450	0.9450	0.9450	1.0408	23.96	24.35	24.56	24.25	24.31	1206460	1207300	1232140	1225656	1230760
SRR21696417	OXFORD_NANOPORE	10989260	0.1500	not detected	no	no	1.1139	1.1139	1.1139	1.1139	1.2144	7.69	7.80	7.84	7.77	7.72	727268	730176	743752	745632	744920
SRR21696422	OXFORD_NANOPORE	9695021	0.2140	not detected	no	no	1.1101	1.1101	1.1101	1.1101	1.2581	16.96	16.49	24.35	24.03	24.38	1020640	974852	1053900	1075900	1043796
SRR21696424	OXFORD_NANOPORE	9383688	0.1720	not detected	no	no	1.1260	1.1260	1.1260	1.1260	1.2922	6.71	6.68	6.76	6.80	6.80	598128	596344	612828	611416	598664
SRR21696425	OXFORD_NANOPORE	7559771	0.1850	not detected	no	no	1.3378	1.3378	1.3378	1.3378	1.4946	6.22	6.20	6.41	6.38	6.42	578800	579236	620860	625076	619920
SRR21696426	OXFORD_NANOPORE	8513219	0.2150	not detected	no	no	0.8786	0.8786	0.8786	0.8786	0.9649	33.95	25.68	37.91	38.24	24.52	1206796	1197372	1252620	1272920	1204008
SRR21696429	OXFORD_NANOPORE	10558057	0.1610	not detected	no	no	1.1782	1.1782	1.1782	1.1782	1.3030	9.88	9.76	9.77	9.60	9.66	916020	917024	907408	908388	902268
SRR21696431	OXFORD_NANOPORE	10662691	0.2030	not detected	no	no	0.9550	0.9550	0.9550	0.9550	1.0512	24.23	24.15	24.34	24.56	24.39	1454032	1464136	1522108	1477520	1524104
SRR21696435	OXFORD_NANOPORE	9885581	0.1640	not detected	no	no	1.0873	1.0873	1.0873	1.0873	1.2150	10.08	10.02	9.98	10.24	10.25	886848	887072	907204	916440	913224
SRR21696436	OXFORD_NANOPORE	10211813	0.1830	not detected	no	no	1.1956	1.1956	1.1956	1.1956	1.3873	4.70	4.83	4.81	4.81	4.74	307184	304084	331516	325756	327416
SRR21696437	OXFORD_NANOPORE	9725030	0.1810	not detected	no	no	1.0203	1.0203	1.0203	1.0203	1.1414	12.16	12.30	12.67	12.66	12.45	847204	870392	891316	870408	889208
SRR21696442	OXFORD_NANOPORE	6978313	0.2120	not detected	no	no	1.1652	1.1652	1.1652	1.1652	1.3140	7.60	7.65	7.85	7.92	7.87	647372	608532	661128	664800	660464
SRR21696444	OXFORD_NANOPORE	7015337	0.2030	not detected	no	no	1.0557	1.0450	1.0557	1.0557	1.1687	4.81	4.55	4.61	4.60	4.61	483404	582640	615436	613340	618908
SRR21696445	OXFORD_NANOPORE	7532608	0.1390	not detected	no	no	0.9990	0.9990	0.9990	0.9990	1.0585	40.63	41.61	40.62	41.23	40.66	1938676	1955000	1949260	1940048	1937652
SRR21696446	OXFORD_NANOPORE	8505003	0.1670	not detected	no	no	1.0117	1.0117	1.0117	1.0117	1.0815	16.70	16.71	16.61	16.87	16.85	1090660	1047592	1124124	1124348	1121808
SRR21696447	OXFORD_NANOPORE	8069363	0.1390	not detected	no	no	1.0470	1.0470	1.0470	1.0470	1.1384	16.08	16.17	16.18	16.26	16.19	1036468	1032700	1061552	1049364	1048608
SRR21696453	OXFORD_NANOPORE	9736065	0.1840	not detected	no	no	0.9361	0.9361	0.9361	0.9361	1.0380	22.76	22.75	22.89	24.14	22.95	1042396	1083020	1086836	1099364	1114620
SRR21696454	OXFORD_NANOPORE	11585837	0.1680	not detected	no	no	1.0742	1.0742	1.0742	1.0742	1.2063	13.20	13.27	13.24	13.43	13.37	1046048	1009792	1074664	1031180	1033640
SRR21696468	OXFORD_NANOPORE	9279395	0.2290	not detected	no	no	0.9024	0.9024	0.9024	0.9024	1.0092	31.95	31.43	31.45	31.37	31.32	1792472	1819924	1826028	1852908	1772036
SRR21696469	OXFORD_NANOPORE	8973972	0.1230	not detected	no	no	0.9961	0.9961	0.9961	0.9961	1.0767	15.53	15.60	15.70	15.45	15.73	1076648	1079260	1075116	1063976	1066452
SRR21696470	OXFORD_NANOPORE	9191772	0.1480	not detected	no	no	0.8829	0.8829	0.8829	0.8829	0.9482	31.08	34.58	30.45	31.39	29.91	1626088	1639212	1669800	1673096	1675004
SRR21696471	OXFORD_NANOPORE	8867118	0.1230	not detected	no	no	1.0368	1.0368	1.0368	1.0368	1.1235	7.59	7.59	7.59	7.77	7.72	579592	581928	614124	612708	614528
SRR21696472	OXFORD_NANOPORE	8571085	0.1570	not detected	no	no	0.9982	0.9982	0.9982	0.9982	1.0911	23.19	22.19	23.67	22.21	22.42	1253740	1254644	1268056	1315692	1266564
SRR21696475	OXFORD_NANOPORE	9034013	0.2480	not detected	no	no	0.9914	0.9914	0.9914	0.9914	1.1088	10.67	11.91	15.34	11.04	10.65	865136	870200	928176	909332	870352
SRR21696476	OXFORD_NANOPORE	7718607	0.2270	not detected	no	no	1.0602	1.0602	1.0602	1.0602	1.1642	19.99	20.00	20.35	20.35	20.44	1058188	1017872	1061000	1068004	1031908
SRR21696477	OXFORD_NANOPORE	6900143	0.1470	not detected	no	no	1.1393	1.1393	1.1393	1.1393	1.2517	8.66	8.73	8.95	9.03	8.87	598268	609040	646256	652344	648424
SRR21696482	OXFORD_NANOPORE	9208508	0.1320	not detected	no	no	0.9877	0.9877	0.9877	0.9877	1.0732	19.97	14.85	18.75	14.61	15.50	906152	881604	907724	903892	917172
SRR21696484	OXFORD_NANOPORE	10807193	0.2060	not detected	no	no	0.9706	0.9706	0.9706	0.9706	1.0758	11.25	11.12	11.37	11.71	11.83	886280	890180	915704	916044	921228
SRR21696486	OXFORD_NANOPORE	9485036	0.1880	not detected	no	no	1.0841	1.0841	1.0841	1.0841	1.2346	7.51	7.50	7.56	7.79	7.61	650008	645876	667640	667160	649712
SRR21696491	OXFORD_NANOPORE	7916046	0.1780	not detected	no	no	1.1970	1.1970	1.1970	1.1970	1.3055	5.24	5.44	5.34	5.37	5.32	467300	483920	484356	476436	488556
SRR21696492	OXFORD_NANOPORE	7708294	0.1560	not detected	no	no	1.0310	1.0310	1.0310	1.0310	1.1031	17.10	17.03	17.45	17.53	17.85	1060212	1093128	1112152	1113344	1095168
SRR21696495	OXFORD_NANOPORE	8956073	0.1510	not detected	no	no	0.9520	0.9520	0.9520	0.9520	1.0348	20.58	20.62	20.65	20.80	20.68	1075740	1034208	1099160	1103804	1064496
SRR21696501	OXFORD_NANOPORE	9174813	0.1370	not detected	no	no	0.9871	0.9871	0.9871	0.9871	1.0681	21.99	21.77	22.22	22.28	22.12	1018216	986716	1035860	1002476	1036588
SRR21696530	OXFORD_NANOPORE	11554491	0.3700	not detected	no	no	0.7411	0.7411	0.7411	0.7411	0.8928	32.48	32.35	32.35	32.71	32.55	1789780	1786004	1808280	1760068	1767320
SRR21696536	OXFORD_NANOPORE	9001608	0.2240	not detected	no	no	0.9888	0.9888	0.9888	0.9888	1.1045	10.95	11.12	11.02	11.17	10.96	906224	888996	902424	924928	921064
SRR21696539	OXFORD_NANOPORE	8933706	0.2800	not detected	no	no	0.9165	0.9165	0.9165	0.9165	1.0260	48.07	48.93	48.79	48.83	48.69	1874396	1882464	1879708	1889744	1863672
SRR21696540	OXFORD_NANOPORE	8679014	0.2040	not detected	no	no	0.9822	0.9822	0.9822	0.9822	1.0583	19.80	19.77	21.54	20.06	21.48	1147880	1147148	1191136	1180176	1189100
SRR21696542	OXFORD_NANOPORE	10001243	0.1520	not detected	no	no	0.9787	0.9787	0.9787	0.9787	1.0724	10.63	10.74	10.52	10.65	10.56	878372	873648	889612	891800	892504
SRR21696543	OXFORD_NANOPORE	10321034	0.4000	not detected	no	no	0.9421	0.9421	0.9421	0.9421	1.0535	30.32	29.84	30.49	30.69	30.19	1537820	1482852	1518744	1557424	1554500
SRR21696545	OXFORD_NANOPORE	8979200	0.2380	not detected	no	no	0.9831	0.9831	0.9831	0.9831	1.1486	10.17	10.35	10.42	10.45	10.33	781544	779380	821576	823464	805668
SRR21696546	OXFORD_NANOPORE	9069560	0.3870	not detected	no	no	0.9193	0.9193	0.9193	0.9193	1.0576	18.34	18.29	18.05	18.37	17.96	1162804	1173948	1186076	1145564	1189992
SRR21696549	OXFORD_NANOPORE	10190356	0.1230	not detected	no	no	1.0409	1.0409	1.0409	1.0409	1.1186	12.37	12.59	14.96	13.15	15.20	469456	489540	526044	509552	509860
SRR21696550	OXFORD_NANOPORE	11360030	0.2180	not detected	no	no	1.0078	1.0078	1.0078	1.0078	1.1545	8.40	10.94	8.68	8.52	8.83	785984	801604	812748	837400	814872
SRR21696551	OXFORD_NANOPORE	11090044	0.2310	not detected	no	no	1.1084	1.1084	1.1084	1.1084	1.2752	8.71	8.72	8.87	9.76	9.26	873072	874272	906296	906468	862300
SRR21696553	OXFORD_NANOPORE	10336409	0.4770	not detected	no	no	0.9016	0.9016	0.9016	0.9016	1.0904	40.54	40.94	38.49	37.82	37.34	1791472	1803884	1757572	1778632	1764488
SRR21696554	OXFORD_NANOPORE	8834773	0.1790	not detected	no	no	1.1136	1.1136	1.1136	1.1136	1.2763	9.06	8.89	9.18	9.13	9.17	628260	625896	671784	673200	674448
SRR21696556	OXFORD_NANOPORE	10201169	0.1940	not detected	no	no	1.0499	1.0499	1.0499	1.0499	1.1844	10.43	10.45	10.58	10.66	10.64	762840	781068	781840	782308	796852
SRR21696558	OXFORD_NANOPORE	2735685	0.1150	not detected	no	no	1.1161	1.1161	1.1161	1.1161	1.2263	5.73	5.78	5.83	5.77	5.80	471156	470796	486724	490848	492540
SRR21696559	OXFORD_NANOPORE	10014434	0.3140	not detected	no	no	1.1956	1.1956	1.1956	1.1956	1.3963	8.71	8.92	8.83	8.80	8.88	508692	504432	525520	517016	526500
SRR21696584	OXFORD_NANOPORE	8744813	0.1340	not detected	no	no	1.0208	1.0208	1.0208	1.0208	1.1108	16.25	16.06	16.08	15.98	16.09	1028892	1071720	1085940	1051376	1056992
SRR21696608	OXFORD_NANOPORE	11096612	0.1170	not detected	no	no	0.8403	0.8403	0.8403	0.8403	0.9127	21.41	21.57	21.72	21.58	21.36	1003236	1013048	987192	1000968	981660
SRR21696630	OXFORD_NANOPORE	7775113	0.1250	not detected	no	no	1.0747	1.0747	1.0747	1.0747	1.1514	15.36	15.36	15.68	15.54	15.40	914436	908464	932092	921060	929704
SRR21696638	OXFORD_NANOPORE	6984865	0.1540	not detected	no	no	0.9689	0.9689	0.9689	0.9689	1.0480	41.93	41.31	40.43	41.01	41.13	1977104	2001828	2017884	2000020	1958892
SRR21696646	OXFORD_NANOPORE	10251772	0.3180	not detected	no	no	0.8976	0.8976	0.8976	0.8976	0.9921	32.17	28.19	36.24	34.63	32.62	1118568	1070136	1119732	1165040	1175652
SRR21696673	OXFORD_NANOPORE	10339220	0.1410	not detected	no	no	0.9244	0.9244	0.9244	0.9244	1.0038	7.79	7.70	7.80	8.06	7.82	840736	847100	862256	837120	861256
SRR21700513	OXFORD_NANOPORE	2725648	0.2240	not detected	no	no	1.0099	1.0099	1.0099	1.0099	1.1855	47.69	47.95	47.97	47.94	47.68	2025200	1952516	1972180	2044360	1977372
SRR21713686	OXFORD_NANOPORE	5644471	0.2870	not detected	no	no	1.0005	1.0005	1.0005	1.0005	1.1179	16.06	15.99	16.43	16.21	16.36	1034816	1020500	1059080	1046732	1045848
SRR21713687	OXFORD_NANOPORE	5622747	0.3210	not detected	no	no	0.9554	0.9554	0.9554	0.9554	1.0582	18.72	18.83	18.95	19.02	19.11	1177660	1185412	1201688	1198380	1199636
SRR21713688	OXFORD_NANOPORE	5696364	0.3220	not detected	no	no	0.9438	0.9438	0.9438	0.9438	1.0755	19.11	20.87	25.60	25.45	25.72	1199624	1220524	1242580	1242720	1244080
SRR21719209	OXFORD_NANOPORE	7257095	0.1940	not detected	no	no	1.0950	1.0950	1.0950	1.0950	1.2986	7.79	7.67	8.15	7.98	8.09	437160	438620	446412	444236	444320
SRR21731845	PACBIO_SMRT	2159127	0.3310	not detected	no	no	1.5555	1.5555	1.5555	1.5555	2.1081	12.10	11.95	13.48	12.09	12.52	1637220	1628384	1647156	1654412	1698916
SRR21793358	PACBIO_SMRT	4842577	0.1290	not detected	no	no	1.1649	1.1649	1.1649	1.1649	1.3038	12.29	10.89	13.86	11.72	11.51	1212380	1222432	1238172	1227296	1229396
SRR21817393	OXFORD_NANOPORE	1740532	0.2130	detected	yes	no	1.0611	1.0822	1.0822	1.0611	1.2512	36.52	37.20	41.17	41.97	41.55	1332408	1334268	1634968	1631972	1594308
SRR21820701	OXFORD_NANOPORE	4873268	0.6580	not detected	no	no	1.0202	1.0202	1.0202	1.0202	1.4439	14.72	14.66	15.09	14.93	15.38	1144196	1145136	1164308	1156396	1162472
SRR21836795	OXFORD_NANOPORE	2217711	0.3730	not detected	no	no	1.0121	1.0121	1.0121	1.0121	1.2003	36.55	37.34	37.30	36.94	36.96	1150096	1108260	1151708	1152808	1155404
SRR21836799	OXFORD_NANOPORE	2163610	0.3360	not detected	no	no	0.9902	0.9902	0.9902	0.9902	1.0999	92.87	75.53	113.08	86.92	92.55	2215440	2130288	2220524	2134816	2200264
SRR21851309	OXFORD_NANOPORE	5480422	0.3260	not detected	no	no	0.9340	0.9340	0.9340	0.9340	1.1722	22.47	22.57	22.57	22.35	22.59	887728	832768	859252	867060	870336
SRR21857881	OXFORD_NANOPORE	4998472	0.3890	detected	yes	no	0.7905	0.6676	0.6827	0.7905	0.9523	42.97	17.12	10.07	10.14	10.09	532900	678112	677044	674396	682836
SRR21864871	OXFORD_NANOPORE	5736111	0.3860	not detected	no	no	0.9562	0.9537	0.9562	0.9562	1.0950	25.48	23.09	23.10	23.02	23.05	1236152	1779804	1734440	1794368	1814776
SRR21864875	OXFORD_NANOPORE	5436081	0.2840	not detected	no	no	1.2335	1.2335	1.2335	1.2335	1.4532	11.35	11.99	11.55	11.72	15.44	1002444	1012880	1035896	1041392	1039424
SRR21887502	OXFORD_NANOPORE	4772201	0.1030	not detected	no	no	1.0094	1.0094	1.0094	1.0094	1.0582	23.49	23.49	23.99	23.98	24.26	970192	1004176	1014764	1005516	1009988
SRR21890344	OXFORD_NANOPORE	4517539	0.2780	not detected	no	no	0.9575	0.9575	0.9575	0.9575	1.0265	67.21	65.50	64.42	66.11	65.62	2060024	2136120	2124392	2082336	2135132
SRR21902429	OXFORD_NANOPORE	9251369	0.1500	not detected	no	no	0.9821	0.9821	0.9821	0.9821	1.0578	27.45	29.45	27.65	28.49	27.99	1688036	1674200	1735872	1767440	1732188
SRR21979969	OXFORD_NANOPORE	5042319	0.4060	not detected	no	no	1.0614	1.0614	1.0614	1.0614	1.4906	7.74	7.87	7.88	7.83	7.92	479488	475240	496672	494696	501012
SRR22007585	PACBIO_SMRT	6685457	0.2400	not detected	no	no	1.3170	1.3170	1.3170	1.3170	1.6330	7.11	7.02	7.35	7.35	7.45	1140232	1140784	1165144	1162696	1161752
SRR22007588	PACBIO_SMRT	4261730	0.2280	not detected	no	no	1.2771	1.2771	1.2771	1.2771	1.5625	8.52	9.12	11.07	11.55	12.21	1131812	1140436	1217496	1143844	1165168
SRR22015155	OXFORD_NANOPORE	4594065	0.1560	not detected	no	no	1.0310	1.0310	1.0310	1.0310	1.1270	42.11	42.30	42.80	42.29	42.61	2533844	2553308	2556108	2580996	2574348
SRR22028292	OXFORD_NANOPORE	1611024	0.2510	not detected	no	no	1.1016	1.1016	1.1016	1.1016	1.2942	17.92	17.52	21.46	17.93	21.49	486780	492840	524424	533072	523220
SRR22028405	OXFORD_NANOPORE	4277880	0.1430	not detected	no	no	1.0033	1.0033	1.0033	1.0033	1.1269	27.77	27.04	27.38	27.63	27.69	1318564	1310344	1328812	1340624	1338836
SRR22031414	OXFORD_NANOPORE	4453085	0.2440	not detected	no	no	0.9966	0.9966	0.9966	0.9966	1.1906	12.40	12.50	12.75	12.90	12.65	760536	756144	787744	781756	784296
SRR22048717	OXFORD_NANOPORE	6167549	0.2540	not detected	no	no	1.0630	1.0630	1.0630	1.0630	1.2662	21.96	22.09	22.90	22.84	22.91	1453592	1452144	1479712	1482548	1480040
SRR22077206	PACBIO_SMRT	4035016	0.1390	not detected	no	no	0.9514	0.9514	0.9514	0.9514	0.9703	44.06	42.58	42.84	43.15	43.28	1103660	1127776	1145196	1133388	1117424
SRR22085551	OXFORD_NANOPORE	4410317	0.2940	not detected	no	no	1.0007	1.0007	1.0007	1.0007	1.1684	20.14	20.34	20.28	20.38	20.20	1113600	1110220	1150860	1165212	1134416
SRR22094550	PACBIO_SMRT	5156952	0.1610	not detected	no	no	1.1430	1.1430	1.1430	1.1430	1.3133	9.26	9.04	9.10	9.53	8.88	1200512	1195596	1223492	1229612	1233248
SRR22094552	PACBIO_SMRT	5154616	0.1820	not detected	no	no	1.1390	1.1390	1.1390	1.1390	1.3243	8.13	8.03	8.10	8.19	8.24	1183812	1184700	1211064	1211520	1214368
SRR22094554	PACBIO_SMRT	5161803	0.2000	not detected	no	no	1.1278	1.1278	1.1278	1.1278	1.3382	10.89	15.48	14.74	13.02	11.49	1196656	1297716	1322528	1328084	1272912
SRR22094555	PACBIO_SMRT	5214828	0.1880	not detected	no	no	1.1578	1.1578	1.1578	1.1578	1.3518	7.41	7.48	7.64	7.64	7.70	1210132	1203960	1229872	1223344	1227496
SRR22198850	OXFORD_NANOPORE	4919768	0.6440	not detected	no	no	1.3090	1.3090	1.3090	1.3090	2.4251	14.29	14.42	15.70	14.79	14.58	272900	277000	283904	296200	296192
SRR22198852	OXFORD_NANOPORE	4919828	0.5660	not detected	no	no	1.2194	1.2194	1.2194	1.2194	1.9906	15.54	15.31	15.47	15.90	15.30	465276	429152	437748	452332	452008
SRR22212336	OXFORD_NANOPORE	5686477	0.1420	not detected	no	no	0.9205	0.9207	0.9205	0.9205	0.9873	41.75	43.59	43.61	43.73	44.02	1178656	2156752	2127588	2226904	2204220
SRR22225499	OXFORD_NANOPORE	4417639	0.2830	not detected	no	no	0.9890	0.9890	0.9890	0.9890	1.1805	21.23	21.23	22.18	24.14	22.39	1103580	1070872	1172168	1139208	1174724
SRR22225501	OXFORD_NANOPORE	4926283	0.2680	not detected	no	no	0.9957	0.9936	0.9957	0.9957	1.1910	11.28	10.49	10.56	10.43	10.49	871564	950012	934724	933760	934528
SRR22226934	OXFORD_NANOPORE	6032644	0.1710	detected	yes	no	1.0396	1.1023	1.1023	1.0396	1.1059	60.60	60.97	45.33	44.76	45.19	2667020	2718612	2314708	2324068	2322560
SRR22226935	OXFORD_NANOPORE	6045198	0.1180	not detected	no	no	0.9945	0.9945	0.9945	0.9945	1.0421	55.20	55.86	54.82	56.10	55.82	3498456	3386320	3509964	3501260	3462748
SRR22226936	OXFORD_NANOPORE	5850185	0.1330	not detected	no	no	1.0081	1.0081	1.0081	1.0081	1.0678	21.83	21.65	21.91	21.94	21.97	1331320	1335044	1394532	1392160	1393236
SRR22229513	OXFORD_NANOPORE	2529853	0.4330	not detected	no	no	1.0795	1.0795	1.0795	1.0795	1.4393	23.73	25.41	24.07	35.40	35.58	981148	967400	996432	996704	989892
SRR22229515	OXFORD_NANOPORE	2407441	0.5390	not detected	no	no	1.2422	1.2336	1.2422	1.2422	1.7471	12.44	12.09	12.12	12.19	12.15	952360	971280	969040	972696	977816
SRR22250794	OXFORD_NANOPORE	7732058	0.3530	not detected	no	no	1.0871	1.0871	1.0871	1.0871	1.4114	8.79	8.92	9.09	8.92	9.02	1129668	1134352	1154152	1147756	1152484
SRR22253723	PACBIO_SMRT	3937483	0.1580	not detected	no	no	1.1164	1.1164	1.1164	1.1164	1.2484	11.52	11.37	11.56	11.53	11.62	1593608	1590232	1625280	1625216	1624928
SRR22253726	PACBIO_SMRT	3750381	0.1900	not detected	no	no	1.1450	1.1450	1.1450	1.1450	1.3276	9.56	9.36	9.61	9.38	9.43	1170848	1167208	1193488	1196104	1196332
SRR22253727	PACBIO_SMRT	3749418	0.1870	not detected	no	no	1.1388	1.1388	1.1388	1.1388	1.3122	11.30	11.11	11.48	11.64	11.55	1204272	1198476	1230212	1226988	1230520
SRR22253728	PACBIO_SMRT	3750940	0.1920	not detected	no	no	1.1572	1.1572	1.1572	1.1572	1.3336	10.44	10.25	10.46	10.44	10.34	1167140	1169252	1195992	1194424	1192720
SRR22272752	PACBIO_SMRT	8211675	0.4020	not detected	no	no	1.6151	1.6151	1.6151	1.6151	2.4205	15.43	16.53	16.24	15.68	15.53	1190688	1186512	1283200	1232720	1232260
SRR22306553	OXFORD_NANOPORE	3168911	0.2630	not detected	no	no	1.0382	1.0382	1.0382	1.0382	1.2096	28.36	28.15	28.80	28.04	28.32	996416	1037432	1037140	1038028	1045408
SRR22340637	OXFORD_NANOPORE	5467641	0.2590	not detected	no	no	1.1491	1.1491	1.1491	1.1491	1.4536	14.21	13.94	13.64	13.31	13.15	894800	885860	937756	907332	910012
SRR22381796	PACBIO_SMRT	6179084	0.2440	not detected	no	no	1.4164	1.4164	1.4164	1.4164	1.8214	7.13	7.28	7.49	7.36	7.43	1037420	1041036	1060884	1064524	1066220
SRR22381797	PACBIO_SMRT	6003144	0.2510	not detected	no	no	1.4302	1.4302	1.4302	1.4302	1.8518	6.78	6.75	6.91	7.02	6.98	1063088	1064500	1084676	1082048	1085588
SRR22420521	OXFORD_NANOPORE	5755740	0.4340	not detected	no	no	1.1992	1.1992	1.1992	1.1992	1.6028	9.56	9.90	9.45	9.67	9.70	623632	611728	630276	658824	636588
SRR22475575	OXFORD_NANOPORE	5424934	0.1640	not detected	no	no	0.9652	0.9652	0.9652	0.9652	1.0372	55.85	55.73	58.86	57.54	76.61	2116044	2073056	2100108	2114688	2093464
SRR22502663	OXFORD_NANOPORE	2560088	0.1170	not detected	no	no	1.1135	1.1135	1.1135	1.1135	1.2348	5.97	5.89	5.90	5.85	5.85	497676	497200	522924	516088	520072
SRR22523853	OXFORD_NANOPORE	762251	0.6650	not detected	no	no	1.0133	1.0133	1.0133	1.0133	1.7203	9.15	14.76	8.97	9.14	8.86	322896	336708	359584	371460	367148
SRR22533691	OXFORD_NANOPORE	2250646	0.4260	not detected	no	no	1.1475	1.1475	1.1475	1.1475	1.7194	11.96	11.82	12.20	12.14	12.32	504560	504936	530296	523588	530412
SRR22533695	OXFORD_NANOPORE	1694003	0.5750	not detected	no	no	1.2347	1.2347	1.2347	1.2347	2.2691	12.42	12.46	13.06	12.85	13.07	313584	305376	321848	321844	340276
SRR22533696	OXFORD_NANOPORE	2255024	0.2910	not detected	no	no	1.0568	1.0568	1.0568	1.0568	1.3977	16.10	16.19	16.39	16.21	16.15	654032	653412	672444	672952	677888
SRR22533697	OXFORD_NANOPORE	2495776	0.3130	not detected	no	no	1.0745	1.0745	1.0745	1.0745	1.3849	19.93	19.71	19.93	20.03	19.77	687312	689904	712624	711380	712508
SRR22533731	OXFORD_NANOPORE	2272942	0.4030	not detected	no	no	1.1477	1.1477	1.1477	1.1477	1.6951	14.04	14.10	14.59	14.65	14.68	494868	496904	519000	519000	514140
SRR22533733	OXFORD_NANOPORE	2387641	0.2660	not detected	no	no	1.0437	1.0437	1.0437	1.0437	1.3118	23.37	20.43	28.20	28.23	28.21	839156	797400	856904	874768	875932
SRR22533734	OXFORD_NANOPORE	2052309	0.6500	detected	yes	no	1.3978	1.2511	1.2511	1.3978	2.9459	11.67	11.89	19.68	19.74	19.98	275688	266956	349264	347300	331900
SRR22533738	OXFORD_NANOPORE	2678334	0.2620	not detected	no	no	0.9807	0.9807	0.9807	0.9807	1.2008	27.64	27.95	27.59	27.89	31.06	1001984	1000372	1008188	1015384	1035944
SRR22533743	OXFORD_NANOPORE	2415815	0.2600	not detected	no	no	1.0926	1.0926	1.0926	1.0926	1.3754	20.59	20.60	21.06	20.87	20.83	843396	837444	840632	843336	856424
SRR22533744	OXFORD_NANOPORE	2036426	0.3590	not detected	no	no	1.1106	1.1106	1.1106	1.1106	1.5002	20.95	19.19	22.68	24.16	19.89	693224	700832	747148	725680	734976
SRR22533747	OXFORD_NANOPORE	2639791	0.2410	not detected	no	no	1.0619	1.0619	1.0619	1.0619	1.3230	18.56	18.41	18.61	17.97	18.54	837176	813732	848192	836720	848520
SRR22533750	OXFORD_NANOPORE	1889244	0.4040	not detected	no	no	1.0849	1.0849	1.0849	1.0849	1.5420	19.73	19.69	20.42	20.06	20.30	755484	735724	773088	770208	778120
SRR22533753	OXFORD_NANOPORE	1952329	0.3180	not detected	no	no	1.0001	1.0001	1.0001	1.0001	1.2939	23.19	23.24	23.16	23.05	23.29	875412	878344	886916	900464	892932
SRR22533754	OXFORD_NANOPORE	1708996	0.3560	not detected	no	no	1.1000	1.1000	1.1000	1.1000	1.5124	21.59	22.65	23.87	21.99	23.77	614280	652132	673364	648528	680712
SRR22533755	OXFORD_NANOPORE	2028798	0.3700	not detected	no	no	1.1117	1.1117	1.1117	1.1117	1.5533	20.49	20.57	20.98	20.80	20.89	622668	621332	649956	673064	662696
SRR22554282	OXFORD_NANOPORE	9201100	0.2660	not detected	no	no	0.9377	0.9377	0.9377	0.9377	1.1630	21.33	22.27	29.42	22.41	29.69	920624	937448	981904	948560	948572
SRR22574257	OXFORD_NANOPORE	4525097	0.1960	not detected	no	no	1.0120	1.0120	1.0120	1.0120	1.1741	41.57	42.26	42.23	42.03	42.41	2117288	2115944	2137728	2141764	2145964
SRR22580996	OXFORD_NANOPORE	6181076	0.4960	not detected	no	no	0.9782	0.9782	0.9782	0.9782	1.3015	44.44	43.52	44.68	43.62	43.98	1832792	1887884	1893452	1883128	1892548
SRR22689963	OXFORD_NANOPORE	5040211	0.3150	not detected	no	no	1.0454	1.0454	1.0454	1.0454	1.3472	17.91	18.03	21.09	23.01	17.22	859048	819716	846584	856440	861468
SRR22705160	OXFORD_NANOPORE	4342933	0.2620	not detected	no	no	1.0351	1.0351	1.0351	1.0351	1.2510	26.73	26.66	26.57	21.11	26.68	996200	993868	1025364	1000080	992744
SRR22805145	PACBIO_SMRT	5010245	0.1710	not detected	no	no	1.2816	1.2816	1.2816	1.2816	1.4936	8.20	8.31	8.54	8.56	8.36	1178692	1186704	1207448	1209708	1210824
SRR22805297	PACBIO_SMRT	4289989	0.1940	not detected	no	no	1.2571	1.2571	1.2571	1.2571	1.4658	9.42	9.44	9.59	9.77	9.63	1189472	1190128	1220140	1214712	1220324
SRR22809568	PACBIO_SMRT	3195259	0.5750	not detected	no	no	0.9960	0.9960	0.9960	0.9960	1.0904	39.31	38.90	39.00	39.04	39.30	808520	809316	810552	860456	825356
SRR22823170	OXFORD_NANOPORE	3282349	0.6260	not detected	no	no	1.4348	1.4348	1.4348	1.4348	3.1061	14.22	14.51	15.59	14.88	14.79	397928	413396	440900	422324	424160
SRR22840785	PACBIO_SMRT	4574989	0.1900	not detected	no	no	1.1681	1.1681	1.1681	1.1681	1.3769	7.38	7.53	7.85	7.92	7.90	1008244	1007324	1026360	1021380	1022260
SRR22876607	PACBIO_SMRT	3166259	0.2540	not detected	no	no	1.5762	1.5762	1.5762	1.5762	2.0140	8.02	8.07	8.37	8.51	8.48	1154836	1158112	1177868	1181116	1177676
SRR22876612	PACBIO_SMRT	4006378	0.2820	not detected	no	no	1.6861	1.6861	1.6861	1.6861	2.2115	7.70	7.45	7.85	8.10	7.75	1061520	1065620	1083900	1092072	1086764
SRR22938818	OXFORD_NANOPORE	4990348	0.3390	not detected	no	no	1.0572	1.0572	1.0572	1.0572	1.3593	12.37	12.17	11.04	11.31	11.20	767208	787720	782016	794772	791984
SRR22984656	PACBIO_SMRT	4766362	0.1920	not detected	no	no	1.2561	1.2561	1.2561	1.2561	1.5289	7.12	7.35	7.35	7.46	7.51	600864	605164	622740	626368	618648
SRR22997614	OXFORD_NANOPORE	5374479	0.2560	not detected	no	no	1.0086	1.0086	1.0086	1.0086	1.1881	25.58	25.17	25.53	25.44	25.82	1091240	1058164	1108544	1074392	1112760
SRR22997615	OXFORD_NANOPORE	6935738	0.2230	not detected	no	no	0.9911	0.9924	0.9911	0.9911	1.1356	21.12	20.02	21.00	33.78	34.87	1451372	1725916	1722228	1756680	1673024
SRR22997619	OXFORD_NANOPORE	6352228	0.2920	not detected	no	no	0.9902	0.9902	0.9902	0.9902	1.1837	21.65	22.09	22.29	21.99	22.00	1092736	1051876	1112908	1113656	1115136
SRR22997623	OXFORD_NANOPORE	6337561	0.2430	not detected	no	no	0.9887	0.9887	0.9887	0.9887	1.1444	40.88	37.85	40.10	36.55	48.29	1927112	1928784	2007884	1966780	1944424
SRR23030856	OXFORD_NANOPORE	7016867	0.1710	not detected	no	no	0.9354	0.9354	0.9354	0.9354	1.0105	33.08	37.75	39.79	48.74	49.27	1444632	1507244	1489168	1480208	1494320
SRR23033285	OXFORD_NANOPORE	6541745	0.2430	not detected	no	no	1.0327	1.0327	1.0327	1.0327	1.2752	19.58	19.62	19.97	20.61	20.75	1188920	1186660	1194380	1201972	1201468
SRR23044206	OXFORD_NANOPORE	5002448	0.2620	not detected	no	no	0.9737	0.9737	0.9737	0.9737	1.0734	50.82	50.60	51.09	52.03	51.06	1848440	1857300	1870232	1876128	1874632
SRR23044210	OXFORD_NANOPORE	5629596	0.2220	not detected	no	no	0.9234	0.9234	0.9234	0.9234	0.9925	14.49	14.49	14.74	14.58	15.63	1210900	1208552	1220420	1222132	1231932
SRR23044215	OXFORD_NANOPORE	5203101	0.2520	not detected	no	no	0.9860	0.9860	0.9860	0.9860	1.0839	49.83	48.55	49.59	51.07	49.16	1840672	1828452	1854968	1849768	1857840
SRR23044219	OXFORD_NANOPORE	5431362	0.3010	not detected	no	no	0.9325	0.9325	0.9325	0.9325	1.0360	35.19	35.15	34.68	35.22	34.99	1714608	1714512	1736884	1736112	1744112
SRR23044222	OXFORD_NANOPORE	5347938	0.3970	not detected	no	no	0.8897	0.8897	0.8897	0.8897	1.0283	238.06	246.64	243.80	232.70	230.70	4193268	4237968	4279308	4235492	4270580
SRR23044223	OXFORD_NANOPORE	5197584	0.3800	not detected	no	no	0.8973	0.8973	0.8973	0.8973	1.0061	232.51	234.05	231.04	229.41	229.58	4225132	4304836	4109008	4140940	4285704
SRR23086700	PACBIO_SMRT	3694481	0.2180	not detected	no	no	1.2891	1.2891	1.2891	1.2891	1.5655	7.84	7.73	7.90	7.79	7.82	1066604	1068472	1084144	1083968	1088696
SRR23092355	OXFORD_NANOPORE	5780855	0.3230	not detected	no	no	0.8852	0.8852	0.8852	0.8852	1.0839	46.06	46.59	46.07	45.14	46.17	3299332	3292068	3321804	3258908	3325436
SRR23095539	PACBIO_SMRT	5162213	0.0990	not detected	no	no	0.9492	0.9492	0.9492	0.9492	1.0002	28.82	28.28	28.74	28.18	28.44	855076	851704	899156	895068	892708
SRR23097117	OXFORD_NANOPORE	4212116	0.4540	not detected	no	no	1.3134	1.3134	1.3134	1.3134	1.9843	5.71	7.05	5.91	6.96	6.04	556928	594672	579572	612900	613472
SRR23111340	OXFORD_NANOPORE	9170171	0.4080	not detected	no	no	1.1332	1.1332	1.1332	1.1332	1.5476	14.45	14.05	17.13	14.22	16.90	810224	801212	835240	833248	823544
SRR23148050	OXFORD_NANOPORE	2270963	0.2140	not detected	no	no	0.9498	0.9498	0.9498	0.9498	0.9929	5.56	5.50	5.55	5.54	5.59	275036	274952	296512	294960	294900
SRR23148051	OXFORD_NANOPORE	2189610	0.2430	not detected	no	no	0.9784	0.9784	0.9784	0.9784	1.0369	6.63	6.61	6.70	6.55	6.62	343368	338192	350344	353864	350928
SRR23148057	OXFORD_NANOPORE	2151694	0.2480	not detected	no	no	0.9663	0.9663	0.9663	0.9663	0.9963	7.91	7.94	7.87	7.89	7.89	396840	396632	417920	415992	415992
SRR23148060	OXFORD_NANOPORE	2158391	0.1850	not detected	no	no	0.9514	0.9514	0.9514	0.9514	0.9800	5.30	5.54	5.18	5.19	5.53	268588	270140	291524	291520	291520
SRR23190563	OXFORD_NANOPORE	3642172	0.4470	not detected	no	no	1.1317	1.1268	1.1317	1.1317	1.5121	7.74	7.32	7.36	7.34	7.33	578260	588404	610380	607884	609812
SRR23190621	OXFORD_NANOPORE	3723810	0.4450	not detected	no	no	1.0475	1.0475	1.0475	1.0475	1.4197	21.35	21.36	28.00	29.36	22.86	924768	919116	927416	922384	948772
SRR23190625	OXFORD_NANOPORE	4772712	0.5980	not detected	no	no	1.0470	1.0470	1.0470	1.0470	1.4749	9.05	8.67	8.53	8.50	8.54	586820	594700	606100	619668	604188
SRR23290063	OXFORD_NANOPORE	2747791	0.4810	detected	yes	no	1.1259	1.0978	1.0978	1.1259	1.7740	22.91	25.32	42.81	35.51	46.48	604852	611224	601228	536876	552512
SRR23290064	OXFORD_NANOPORE	2922051	0.5080	detected	yes	no	1.0540	1.0805	1.0805	1.0540	1.6485	20.00	20.16	28.66	32.17	35.76	617312	606408	610452	605556	645464
SRR23290065	OXFORD_NANOPORE	4964086	0.2720	not detected	no	no	0.9810	0.9810	0.9810	0.9810	1.2159	21.36	21.26	21.54	21.73	21.73	887468	890608	896612	900864	879708
SRR23325988	OXFORD_NANOPORE	4173761	0.1010	not detected	no	no	0.7480	0.7480	0.7480	0.7480	0.7480	8.82	8.93	9.51	9.26	9.38	68144	66748	65864	65624	72076
SRR23329172	OXFORD_NANOPORE	4203336	0.0940	not detected	no	no	0.6835	0.6835	0.6835	0.6835	0.6835	9.21	8.98	9.37	9.31	9.19	56704	60792	59196	64348	59188
SRR23365104	OXFORD_NANOPORE	6147644	0.2160	not detected	no	no	1.0125	1.0125	1.0125	1.0125	1.1884	22.35	23.27	22.94	22.91	23.60	963736	1031128	1041856	1009904	1018744
SRR23385478	OXFORD_NANOPORE	6983959	0.2950	detected	yes	no	1.1266	1.2152	1.2152	1.1266	1.3224	24.30	23.94	25.86	25.85	25.99	1176492	1245508	1018368	1011112	1008188
SRR23387316	OXFORD_NANOPORE	3867763	0.1900	not detected	no	no	0.9986	0.9986	0.9986	0.9986	1.0962	59.62	59.73	59.98	59.33	59.12	2071936	2003968	2086468	2009568	2085824
SRR23387317	OXFORD_NANOPORE	3878279	0.1740	not detected	no	no	0.9710	0.9710	0.9710	0.9710	1.0436	109.38	135.09	131.31	108.03	109.36	2729348	2777176	2718804	2799784	2712452
SRR23387324	OXFORD_NANOPORE	3899751	0.1780	not detected	no	no	0.9663	0.9663	0.9663	0.9663	1.0532	29.80	29.67	29.66	29.63	29.60	1299508	1360184	1368176	1307108	1386772
SRR23389232	OXFORD_NANOPORE	4060596	0.1800	detected	yes	no	1.0037	1.0751	1.0751	1.0037	1.0902	30.79	30.79	32.17	31.89	32.03	1257332	1269668	884292	887564	866928
SRR23390615	OXFORD_NANOPORE	4064271	0.5480	not detected	no	no	1.3364	1.3364	1.3364	1.3364	2.0690	11.54	11.56	11.83	12.03	11.88	549188	557176	574664	573544	565128
SRR23392100	OXFORD_NANOPORE	4124338	0.5650	detected	yes	no	1.0482	1.0280	1.0280	1.0482	1.8582	15.07	15.21	25.12	24.48	24.84	281060	276964	354860	360600	350136
SRR23401452	OXFORD_NANOPORE	5861041	0.1630	not detected	no	no	1.0366	1.0366	1.0366	1.0366	1.1638	9.19	9.21	9.40	9.33	9.36	544172	533324	567716	555612	573480
SRR23401454	OXFORD_NANOPORE	6764851	0.2010	not detected	no	no	0.9789	0.9789	0.9789	0.9789	1.0713	50.25	50.12	50.36	49.74	49.75	2238768	2242256	2257728	2237164	2281032
SRR23445272	OXFORD_NANOPORE	5102433	0.1850	not detected	no	no	1.1001	1.1001	1.1001	1.1001	1.2890	9.61	9.65	9.82	9.82	9.92	371168	371896	391988	385320	393724
SRR23450433	OXFORD_NANOPORE	6393703	0.2030	not detected	no	no	0.9943	0.9943	0.9943	0.9943	1.1210	29.26	29.36	29.69	29.72	29.76	1169896	1171120	1201140	1164564	1198200
SRR23471040	OXFORD_NANOPORE	6588299	0.2790	not detected	no	no	0.9510	0.9510	0.9510	0.9510	1.1801	12.30	12.33	12.68	12.71	12.68	175000	181624	205904	202144	203616
SRR23471050	OXFORD_NANOPORE	6440143	0.3190	not detected	no	no	0.9341	0.9263	0.9341	0.9341	1.1406	21.34	18.92	19.29	19.24	18.97	889148	1145924	1153576	1127652	1162220
SRR23471073	OXFORD_NANOPORE	6583426	0.2820	not detected	no	no	0.9142	0.9178	0.9142	0.9142	1.1304	5.11	4.83	4.85	4.87	4.85	468700	535564	542416	564868	555352
SRR23471088	OXFORD_NANOPORE	6474081	0.2310	not detected	no	no	0.9568	0.9594	0.9568	0.9568	1.1348	4.78	4.58	4.63	4.62	4.61	530336	559556	576032	580872	577056
SRR23471090	OXFORD_NANOPORE	6475465	0.3220	not detected	no	no	0.9633	0.9633	0.9633	0.9633	1.3383	3.02	3.08	3.11	3.06	3.18	268680	269252	287764	276868	279572
SRR23471094	OXFORD_NANOPORE	6566841	0.2320	not detected	no	no	1.0295	1.0295	1.0295	1.0295	1.2115	5.01	5.09	5.08	5.01	5.04	507648	510168	506616	526332	524996
SRR23518000	PACBIO_SMRT	2161891	0.2550	not detected	no	no	1.2795	1.2795	1.2795	1.2795	1.5672	23.07	23.25	23.51	30.95	23.21	1668108	1668616	1696824	1715424	1697452
SRR23518001	PACBIO_SMRT	2161891	0.4080	not detected	no	no	1.6165	1.6165	1.6165	1.6165	2.4539	19.89	19.67	20.12	20.07	20.07	2079508	2083148	2085840	2093292	2106436
SRR23525315	PACBIO_SMRT	2133007	0.3510	not detected	no	no	0.9153	0.9153	0.9153	0.9153	0.9716	138.51	120.30	111.64	159.68	158.07	1116336	1158540	1217356	1160560	1128644
SRR23525317	PACBIO_SMRT	2055713	0.1370	not detected	no	no	0.9742	0.9742	0.9742	0.9742	1.0076	73.12	72.88	73.08	74.38	73.31	1078896	1082956	1079292	1059292	1035456
SRR23538270	PACBIO_SMRT	3305635	0.1830	not detected	no	no	1.2911	1.2911	1.2911	1.2911	1.5161	10.54	10.81	10.99	11.34	11.28	1259112	1258340	1291044	1294900	1295288
SRR23562243	PACBIO_SMRT	5189876	0.3610	not detected	no	no	1.3684	1.3684	1.3684	1.3684	1.9939	7.62	7.69	7.88	7.95	8.08	1052440	1055932	1076384	1084616	1076448
SRR23562248	PACBIO_SMRT	5075259	0.3090	not detected	no	no	1.3574	1.3574	1.3574	1.3574	1.8451	7.17	7.13	7.59	7.45	7.47	1110436	1113324	1138704	1139152	1132812
SRR23576511	OXFORD_NANOPORE	6722812	0.3420	not detected	no	no	0.9984	0.9984	0.9984	0.9984	1.3641	18.11	17.71	21.23	18.00	18.01	523908	518272	545336	557460	558520
SRR23576513	OXFORD_NANOPORE	6722813	0.3300	not detected	no	no	1.0060	1.0060	1.0060	1.0060	1.3198	10.10	9.93	10.49	10.05	9.96	565772	565096	595292	583784	581988
SRR23576515	OXFORD_NANOPORE	6834248	0.0940	not detected	no	no	0.9524	0.9524	0.9524	0.9524	1.0092	32.56	31.00	37.19	30.21	41.83	1131772	1232832	1221428	1196280	1232828
SRR23636845	PACBIO_SMRT	3477232	0.1710	not detected	no	no	1.2081	1.2081	1.2081	1.2081	1.3899	13.64	16.22	16.86	20.50	17.81	1559168	1579468	1633664	1628096	1645600
SRR23641982	OXFORD_NANOPORE	3916688	0.3950	not detected	no	no	1.0870	1.0870	1.0870	1.0870	1.4373	11.35	11.37	11.19	11.14	11.25	607596	624396	657344	658096	657064
SRR23690828	OXFORD_NANOPORE	1815045	0.1190	not detected	no	no	1.0161	1.0161	1.0161	1.0161	1.1092	20.36	20.18	20.35	20.60	20.59	680904	680952	701364	725336	695784
SRR23690829	OXFORD_NANOPORE	1819995	0.1600	detected	yes	no	1.0581	0.9516	0.9516	1.0581	1.2015	16.94	16.96	22.87	23.09	22.93	515196	532332	574772	563372	549928
SRR23690838	OXFORD_NANOPORE	2716118	0.1140	not detected	no	no	0.9992	0.9992	0.9992	0.9992	1.0308	10.17	10.03	10.08	10.02	10.07	498036	496492	517216	516652	519048
SRR23690853	OXFORD_NANOPORE	2455419	0.7330	detected	yes	no	0.9835	0.8478	0.8478	0.9835	1.6294	15.33	15.27	23.41	26.68	27.04	567464	564340	568632	558308	574040
SRR23692898	PACBIO_SMRT	4891911	0.1860	not detected	no	no	1.2296	1.2296	1.2296	1.2296	1.4614	8.86	8.74	9.03	9.00	9.00	1193032	1185460	1219648	1220960	1224736
SRR23697208	PACBIO_SMRT	3662325	0.1030	not detected	no	no	0.9635	0.9635	0.9635	0.9635	0.9895	40.02	39.03	39.23	38.31	38.58	868280	880924	900104	896884	897804
SRR23701664	OXFORD_NANOPORE	4371975	0.1920	not detected	no	no	0.9311	0.9311	0.9311	0.9311	1.0394	35.54	37.63	35.92	36.28	36.27	1794848	1797760	1724068	1835264	1814476
SRR23704013	OXFORD_NANOPORE	4371985	0.2200	not detected	no	no	0.9535	0.9535	0.9535	0.9535	1.1059	36.13	36.40	36.94	36.57	36.39	1875596	1915076	1916356	1887216	1893564
SRR23754108	OXFORD_NANOPORE	6276641	0.1950	not detected	no	no	0.9409	0.9428	0.9409	0.9409	0.9976	147.84	190.78	163.64	215.40	205.76	3689260	3792152	3862480	3738828	3754152
SRR23852394	PACBIO_SMRT	2679003	0.1830	not detected	no	no	1.2058	1.2058	1.2058	1.2058	1.4033	11.03	11.47	11.07	11.41	11.07	1255148	1263876	1285200	1286496	1285840
SRR23860488	OXFORD_NANOPORE	5407919	0.1430	not detected	no	no	0.9993	0.9993	0.9993	0.9993	1.1204	13.29	13.18	13.71	13.67	13.58	466944	466944	490008	490008	490004
SRR23873164	OXFORD_NANOPORE	4525627	0.1140	not detected	no	no	1.0501	1.0501	1.0501	1.0501	1.1550	12.94	11.83	11.79	11.84	11.90	1206208	1196320	1205052	1208420	1224456
SRR23875562	OXFORD_NANOPORE	6229472	0.1310	not detected	no	no	1.0646	1.0646	1.0646	1.0646	1.1967	14.08	13.68	16.54	16.34	16.42	626520	597680	643720	648272	656676
SRR23879684	OXFORD_NANOPORE	3134028	0.2560	not detected	no	no	0.9844	0.9844	0.9844	0.9844	1.1247	35.28	35.72	35.88	35.53	35.34	1078404	1073312	1100364	1088044	1064692
SRR23879687	OXFORD_NANOPORE	3094327	0.3180	not detected	no	no	0.9841	0.9841	0.9841	0.9841	1.2833	24.20	24.10	33.50	33.68	33.86	574096	567104	589320	589320	589312
SRR23891542	PACBIO_SMRT	4139584	0.3300	not detected	no	no	1.4742	1.4742	1.4742	1.4742	2.0645	9.07	8.63	9.85	9.18	8.71	1195484	1124884	1227500	1187548	1155184
SRR23891548	OXFORD_NANOPORE	4177695	0.6520	not detected	no	no	1.2540	1.2540	1.2540	1.2540	2.6635	13.45	13.63	13.70	13.92	13.81	220412	218268	231432	225292	225292
SRR23909975	OXFORD_NANOPORE	4875459	0.3840	not detected	no	no	0.9656	0.9656	0.9656	0.9656	1.0675	88.46	94.19	89.42	128.11	115.41	2305032	2225184	2357736	2250624	2244000
SRR23940491	OXFORD_NANOPORE	4184250	0.1640	not detected	no	no	1.0893	1.0893	1.0893	1.0893	1.2343	14.36	14.45	14.79	14.83	14.66	458388	465644	483264	483500	482596
SRR23940503	OXFORD_NANOPORE	4184031	0.1670	not detected	no	no	1.0644	1.0644	1.0644	1.0644	1.2014	16.52	14.90	17.27	16.80	15.18	468224	441216	505412	509248	474968
SRR23952291	PACBIO_SMRT	4310851	0.2130	not detected	no	no	0.9520	0.9520	0.9520	0.9520	1.0049	43.74	43.82	44.52	44.57	45.39	969064	995612	979228	1016116	1013528
SRR23952319	PACBIO_SMRT	6157393	0.1010	not detected	no	no	0.9674	0.9674	0.9674	0.9674	0.9946	35.12	35.48	35.46	34.66	34.63	1032628	1030224	1053188	1015548	1056120
SRR23998934	OXFORD_NANOPORE	3523847	0.5870	not detected	no	no	1.1644	1.1644	1.1644	1.1644	1.8659	14.14	13.29	16.29	17.64	16.47	462860	481960	487688	507092	507280
SRR23998943	OXFORD_NANOPORE	3523830	0.4000	not detected	no	no	1.0488	1.0488	1.0488	1.0488	1.3998	19.78	19.13	20.07	19.17	19.05	563928	562020	589732	589732	589732
SRR24000762	OXFORD_NANOPORE	2698227	0.4040	not detected	no	no	0.9424	0.9246	0.9424	0.9424	1.0124	11.70	12.27	12.57	12.46	12.50	296316	718396	741920	725404	753080
SRR24000764	OXFORD_NANOPORE	2882973	0.2330	not detected	no	no	0.9742	0.9621	0.9742	0.9742	1.0359	12.30	11.17	11.35	11.45	11.48	529716	661072	703636	692516	700836
SRR24000766	OXFORD_NANOPORE	2776501	0.1720	not detected	no	no	0.9929	0.9929	0.9929	0.9929	1.0591	7.31	7.08	7.14	7.23	7.08	537908	514512	543268	543376	529600
SRR24003359	PACBIO_SMRT	5041798	0.4330	not detected	no	no	2.1337	2.1337	2.1337	2.1337	3.4346	11.95	12.26	12.25	12.22	12.10	1235980	1231144	1253452	1251508	1252280
SRR24016856	OXFORD_NANOPORE	1873758	0.0320	not detected	no	no	1.0011	1.0036	1.0011	1.0011	1.0253	8.16	7.64	8.03	7.77	7.89	411708	437464	451760	453064	451476
SRR24017996	OXFORD_NANOPORE	2015622	0.0770	not detected	no	no	1.0226	1.0209	1.0226	1.0226	1.0474	4.69	4.30	4.36	4.30	4.39	233420	310444	333296	335436	333300
SRR24045860	OXFORD_NANOPORE	6208260	0.1950	not detected	no	no	1.0378	1.0378	1.0378	1.0378	1.1707	28.42	28.80	29.27	29.95	30.10	2510508	2506180	2531736	2488904	2493952
SRR24079984	OXFORD_NANOPORE	4330354	0.3690	not detected	no	no	1.0467	1.0467	1.0467	1.0467	1.4395	17.43	15.14	16.73	15.88	15.91	572888	565424	590880	592684	590876
SRR24105536	PACBIO_SMRT	1257910	0.2640	not detected	no	no	1.5514	1.5514	1.5514	1.5514	2.0646	5.53	5.51	5.90	5.74	5.86	591084	592556	613096	604076	608804
SRR24105538	PACBIO_SMRT	1269677	0.2950	not detected	no	no	1.6285	1.6285	1.6285	1.6285	2.2676	3.57	3.51	3.76	3.67	3.70	543968	541124	555096	557888	553068
SRR24105540	PACBIO_SMRT	1257745	0.2720	not detected	no	no	1.6180	1.6180	1.6180	1.6180	2.1786	5.66	5.71	5.91	5.94	5.91	565776	567972	589044	585496	585300
SRR24129362	OXFORD_NANOPORE	2153240	0.2770	not detected	no	no	0.9430	0.9430	0.9430	0.9430	1.1628	53.88	54.64	54.39	55.76	55.07	1685908	1607648	1685720	1680680	1648064
SRR24137097	OXFORD_NANOPORE	4238773	0.1880	not detected	no	no	0.9482	0.9482	0.9482	0.9482	1.0274	249.42	254.99	255.66	252.03	257.55	4608088	4737904	4773644	4826172	4650364
SRR24151137	OXFORD_NANOPORE	2422101	0.1400	not detected	no	no	1.0481	1.0481	1.0481	1.0481	1.1468	21.42	21.34	21.42	21.44	21.47	814764	784044	838848	850260	808020
SRR24151139	OXFORD_NANOPORE	2404817	0.1440	not detected	no	no	1.0274	1.0274	1.0274	1.0274	1.1345	21.97	21.96	21.98	21.89	22.27	802024	801888	822452	821420	789692
SRR24165796	OXFORD_NANOPORE	5373079	0.3950	not detected	no	no	1.0296	1.0296	1.0296	1.0296	1.5102	15.08	15.08	15.50	15.64	15.65	606236	602104	629076	618728	629772
SRR24201568	OXFORD_NANOPORE	2382213	0.4490	detected	yes	no	0.8792	0.8090	0.8090	0.8792	1.0147	19.16	18.93	22.06	22.14	22.36	612820	610864	686560	682184	668180
SRR24271048	OXFORD_NANOPORE	6799674	0.1200	not detected	no	no	0.9824	0.9824	0.9824	0.9824	1.0691	13.17	13.45	13.03	13.51	13.30	1311984	1309800	1325016	1320412	1329116
SRR24271049	OXFORD_NANOPORE	6530867	0.2380	not detected	no	no	1.0002	1.0002	1.0002	1.0002	1.1591	14.22	14.17	14.19	14.22	14.30	1272296	1274808	1255112	1242748	1248160
SRR24271050	OXFORD_NANOPORE	6403562	0.2200	not detected	no	no	1.0066	1.0066	1.0066	1.0066	1.1896	9.63	9.37	9.36	9.35	9.34	978392	1090544	1098804	1097364	1096804
SRR24271051	OXFORD_NANOPORE	6414103	0.1920	not detected	no	no	1.0059	1.0059	1.0059	1.0059	1.1531	27.24	27.74	16.45	27.38	18.15	1638376	1703708	1702448	1711608	1716712
SRR24271052	OXFORD_NANOPORE	6377184	0.1590	not detected	no	no	1.1326	1.1326	1.1326	1.1326	1.3122	4.85	4.88	5.01	4.87	4.85	531596	538136	557400	556092	557308
SRR24271053	OXFORD_NANOPORE	6207969	0.2500	not detected	no	no	1.0302	1.0302	1.0302	1.0302	1.2579	11.21	11.10	11.34	11.22	11.20	955320	943812	979900	959500	985440
SRR24271058	OXFORD_NANOPORE	6392675	0.2980	not detected	no	no	0.9946	0.9946	0.9946	0.9946	1.3009	9.59	8.53	6.91	7.16	7.49	836292	826568	859948	855824	854732
SRR24271059	OXFORD_NANOPORE	6365050	0.1890	not detected	no	no	1.0092	1.0092	1.0092	1.0092	1.1655	13.93	14.06	14.03	13.83	14.03	1561280	1562212	1584656	1586660	1583784
SRR24271061	OXFORD_NANOPORE	6956178	0.2780	not detected	no	no	0.9757	0.9757	0.9757	0.9757	1.1806	10.52	10.48	10.55	10.60	10.56	1212120	1189428	1239608	1224784	1238676
SRR24271064	OXFORD_NANOPORE	6365055	0.2130	not detected	no	no	1.0079	1.0079	1.0079	1.0079	1.1820	12.42	20.16	13.47	13.42	15.09	1194620	1240868	1215724	1306140	1259264
SRR24320911	OXFORD_NANOPORE	5170182	0.2420	not detected	no	no	0.9441	0.9441	0.9441	0.9441	1.0875	41.13	40.31	40.87	40.96	41.36	1705260	1694104	1722644	1648056	1710932
SRR24320913	OXFORD_NANOPORE	5124023	0.1970	not detected	no	no	0.9618	0.9618	0.9618	0.9618	1.0368	38.43	38.44	38.56	39.04	39.21	1584348	1521140	1550856	1595232	1599164
SRR24320915	OXFORD_NANOPORE	5127125	0.2470	not detected	no	no	0.9771	0.9771	0.9771	0.9771	1.0959	46.50	46.58	46.50	47.02	46.86	1708504	1751856	1715984	1715608	1756072
SRR24324333	OXFORD_NANOPORE	4754569	0.3030	not detected	no	no	1.0858	1.0858	1.0858	1.0858	1.3159	19.47	19.42	19.76	19.81	19.98	1201020	1194556	1224500	1220404	1220540
SRR24332397	PACBIO_SMRT	2223139	0.2120	not detected	no	no	1.0460	1.0460	1.0460	1.0460	1.2456	14.09	14.11	14.65	14.25	14.58	1255228	1249340	1249364	1252160	1247324
SRR24356093	PACBIO_SMRT	7477410	0.3620	not detected	no	no	1.4012	1.4012	1.4012	1.4012	1.9035	16.73	16.76	16.99	16.92	16.82	1610356	1610568	1631044	1636852	1635136
SRR24356796	OXFORD_NANOPORE	3950658	0.3890	not detected	no	no	1.1094	1.1094	1.1094	1.1094	1.5390	15.16	15.24	15.54	15.59	15.58	647176	660048	682276	692544	669008
SRR24356799	OXFORD_NANOPORE	3215174	0.2520	not detected	no	no	1.0589	1.0589	1.0589	1.0589	1.2540	16.92	17.17	17.38	17.29	17.40	1057908	1054916	1067116	1066212	1068008
SRR24363119	PACBIO_SMRT	9677243	0.5160	not detected	no	no	2.3981	2.3981	2.3981	2.3981	4.1182	16.80	17.19	17.54	17.45	17.39	1980092	1970532	2063528	1990612	2009796
SRR24363120	PACBIO_SMRT	9993776	0.4400	not detected	no	no	2.1774	2.1774	2.1774	2.1774	3.4435	10.13	10.23	10.45	10.35	10.33	2037120	2030896	2062368	2060600	2060196
SRR24363422	PACBIO_SMRT	9706274	0.5280	not detected	no	no	2.1202	2.1202	2.1202	2.1202	3.7099	17.96	17.81	18.22	18.29	18.24	1989440	1986640	2011000	2009732	2014864
SRR24391585	OXFORD_NANOPORE	5160726	0.3060	not detected	no	no	1.0114	1.0114	1.0114	1.0114	1.3759	12.72	10.79	10.99	10.88	10.89	554604	559516	561424	574640	569036
SRR24391587	OXFORD_NANOPORE	5185617	0.6710	not detected	no	no	1.1928	1.1928	1.1928	1.1928	3.6812	12.02	11.82	12.17	12.11	12.00	585764	604964	639240	639664	622180
SRR24451003	OXFORD_NANOPORE	5774491	0.7820	not detected	no	no	1.2107	1.2107	1.2107	1.2107	3.2106	6.99	7.01	7.38	7.27	7.24	228052	221428	234380	230808	238716
SRR24463593	OXFORD_NANOPORE	7067087	0.3100	not detected	no	no	1.0401	1.0401	1.0401	1.0401	1.2216	25.99	26.01	26.02	26.18	26.15	2544124	2550228	2602468	2606232	2608628
SRR24489321	OXFORD_NANOPORE	3465850	0.6060	not detected	no	no	1.4410	1.4410	1.4410	1.4410	3.0340	7.78	7.51	7.67	7.17	7.32	733184	759068	739616	712148	758424
SRR24489322	OXFORD_NANOPORE	4296919	0.4250	detected	yes	no	0.4021	0.2234	0.2234	0.4021	0.8416	75.39	75.97	53.56	53.50	53.86	2335512	2347008	1977704	2124124	2110560
SRR24489328	OXFORD_NANOPORE	3274406	0.2510	not detected	no	no	1.0546	1.0546	1.0546	1.0546	1.1404	50.23	50.05	73.54	72.68	50.14	1931160	1838848	1775736	1622800	1875936
SRR24496306	OXFORD_NANOPORE	6123448	0.1310	not detected	no	no	0.9957	0.9957	0.9957	0.9957	1.0832	19.08	18.87	19.49	19.27	19.37	885332	882980	897436	907220	904476
SRR24498229	PACBIO_SMRT	3573060	0.0410	not detected	no	no	0.9947	0.9947	0.9947	0.9947	1.0060	37.64	37.88	37.97	37.55	37.78	907376	904376	958624	959984	922948
SRR24503423	OXFORD_NANOPORE	2770414	0.2100	not detected	no	no	0.9760	0.9741	0.9760	0.9760	1.0305	20.27	19.06	19.07	19.50	18.98	907360	994860	991412	1039776	971148
SRR24503425	OXFORD_NANOPORE	2645303	0.3240	not detected	no	no	0.9606	0.9073	0.9606	0.9606	1.0286	10.52	13.96	13.99	14.08	13.93	242100	757572	790720	781600	790780
SRR24520269	OXFORD_NANOPORE	2806888	0.5380	not detected	no	no	1.1446	1.1446	1.1446	1.1446	1.9244	5.71	5.57	5.60	5.76	5.65	356216	353012	371816	390000	373792
SRR24529683	OXFORD_NANOPORE	2249793	0.2550	not detected	no	no	0.9841	0.9816	0.9841	0.9841	1.1133	70.60	67.93	67.89	68.33	67.91	1720628	1761240	1805684	1833604	1825824
SRR24546986	OXFORD_NANOPORE	2877647	0.2990	not detected	no	no	1.0261	1.0261	1.0261	1.0261	1.2766	34.89	35.29	35.15	34.81	34.91	1127180	1134952	1137692	1139764	1110368
SRR24546988	OXFORD_NANOPORE	2823702	0.3990	not detected	no	no	1.0545	1.0545	1.0545	1.0545	1.4268	18.91	18.79	19.09	19.19	19.14	962144	956524	970868	954288	972996
SRR24561040	OXFORD_NANOPORE	6989060	0.3270	not detected	no	no	1.0066	1.0066	1.0066	1.0066	1.3042	18.41	22.08	20.83	19.48	19.23	557512	557648	597936	576996	576984
SRR24561041	OXFORD_NANOPORE	6907391	0.3180	detected	yes	no	0.9624	1.0632	1.0632	0.9624	1.2219	59.50	59.58	31.48	30.98	31.19	1727236	1871656	842372	909056	859316
SRR24564538	OXFORD_NANOPORE	2945604	0.2800	not detected	no	no	1.1076	1.1076	1.1076	1.1076	1.3709	16.70	17.11	17.52	17.05	17.00	863464	838628	876556	880168	875856
SRR24564539	OXFORD_NANOPORE	2870187	0.1950	not detected	no	no	1.0741	1.0741	1.0741	1.0741	1.2604	16.15	15.98	16.51	16.55	17.04	612508	614836	654924	659552	636512
SRR24564540	OXFORD_NANOPORE	2904543	0.1590	not detected	no	no	1.0634	1.0634	1.0634	1.0634	1.1894	11.52	11.58	11.68	11.73	11.58	682124	685148	704200	704812	705416
SRR24564545	OXFORD_NANOPORE	3045092	0.1550	not detected	no	no	0.9879	0.9879	0.9879	0.9879	1.0560	42.06	41.58	42.49	41.76	42.29	1581564	1577848	1555460	1601168	1597116
SRR24564553	OXFORD_NANOPORE	2845302	0.1460	not detected	no	no	1.0310	1.0310	1.0310	1.0310	1.1520	16.57	16.69	16.97	16.78	16.84	803680	821400	816412	845172	817472
SRR24565792	OXFORD_NANOPORE	5979293	0.1330	not detected	no	no	0.9721	0.9721	0.9721	0.9721	1.0551	29.07	29.29	29.11	29.70	29.84	1126148	1113648	1142236	1180560	1154924
SRR24633660	PACBIO_SMRT	3603828	0.1430	not detected	no	no	1.1417	1.1417	1.1417	1.1417	1.2686	25.57	17.29	18.02	17.89	17.57	2292448	2202224	2229964	2287320	2305692
SRR24653076	PACBIO_SMRT	5690110	0.1040	not detected	no	no	0.9767	0.9767	0.9767	0.9767	1.0012	33.01	32.98	32.75	32.73	32.95	998708	963856	986016	988692	1020920
SRR24740387	OXFORD_NANOPORE	6759782	0.2850	not detected	no	no	1.0724	1.0724	1.0724	1.0724	1.2376	9.46	9.63	9.63	9.66	9.71	862032	861960	856756	879020	857216
SRR24745629	OXFORD_NANOPORE	3970435	0.1790	not detected	no	no	1.1143	1.1143	1.1143	1.1143	1.3025	18.03	22.50	19.28	18.60	17.84	1151336	1099552	1188036	1184696	1134768
SRR24768107	OXFORD_NANOPORE	6842488	0.2500	not detected	no	no	1.0427	1.0427	1.0427	1.0427	1.2500	17.22	17.16	18.02	18.10	17.97	920120	921916	964596	966384	948660
SRR24792119	OXFORD_NANOPORE	2689756	0.2410	not detected	no	no	0.9918	0.9940	0.9918	0.9918	1.0678	8.87	8.23	8.36	8.42	8.39	510344	617484	618288	617752	634284
SRR24796020	OXFORD_NANOPORE	7712921	0.1170	not detected	no	no	0.9621	0.9621	0.9621	0.9621	1.0394	17.75	17.87	18.08	20.71	18.07	952992	961480	994264	971908	978964
SRR24831249	PACBIO_SMRT	3020766	0.2560	not detected	no	no	1.1425	1.1425	1.1425	1.1425	1.4032	15.66	15.83	22.89	15.43	15.73	1428752	1364832	1387456	1440180	1466468
SRR24833076	OXFORD_NANOPORE	4183601	0.5240	not detected	no	no	1.0368	1.0368	1.0368	1.0368	1.3122	5.91	5.88	6.00	6.04	6.07	71056	65476	64640	68736	71800
SRR24833077	OXFORD_NANOPORE	4183601	0.2260	not detected	no	no	1.0233	1.0233	1.0233	1.0233	1.2550	14.86	14.72	14.96	14.90	15.03	118784	125152	122484	122824	122824
SRR24833082	OXFORD_NANOPORE	4183601	0.1440	not detected	no	no	1.0680	1.0680	1.0680	1.0680	1.1393	15.55	15.49	15.70	15.94	15.87	492432	508400	525308	518336	528720
SRR24833095	OXFORD_NANOPORE	4183601	0.1870	not detected	no	no	0.9295	0.8800	0.9295	0.9295	0.9823	3.41	5.84	6.05	6.11	6.11	105652	437484	460092	459748	461396
SRR24833096	OXFORD_NANOPORE	4183601	0.0900	not detected	no	no	1.1026	1.1026	1.1026	1.1026	1.1270	15.72	15.42	15.70	15.69	15.54	283744	283744	308664	308668	308664
SRR24834283	OXFORD_NANOPORE	2902787	0.2100	not detected	no	no	1.0158	1.0158	1.0158	1.0158	1.1530	11.78	11.27	12.27	12.69	12.96	566072	571948	585972	599348	566876
SRR24837485	OXFORD_NANOPORE	3720236	0.3200	not detected	no	no	1.2924	1.2924	1.2924	1.2924	1.6370	7.76	7.76	7.95	7.99	7.94	140756	140744	148016	143544	148900
SRR24860065	OXFORD_NANOPORE	5821656	0.4350	not detected	no	no	1.0736	1.0736	1.0736	1.0736	1.4997	16.24	16.16	16.66	16.83	16.41	814644	801108	828444	834984	836352
SRR24860066	OXFORD_NANOPORE	5755398	0.5290	detected	yes	no	0.9607	0.9721	0.9721	0.9607	1.0902	20.58	20.48	29.43	29.05	28.99	694052	691644	839580	834176	837724
SRR24860067	OXFORD_NANOPORE	5822796	0.5070	detected	yes	no	0.9967	0.9987	0.9987	0.9967	1.1056	21.12	20.97	34.42	34.17	34.26	535964	535972	646704	644904	646968
SRR24860068	OXFORD_NANOPORE	5834748	0.5270	detected	yes	no	0.9617	0.9690	0.9690	0.9617	1.0642	17.62	17.34	25.60	25.44	25.38	556304	543452	625608	625692	625760
SRR24890961	OXFORD_NANOPORE	2051605	0.3620	not detected	no	no	1.0209	1.0209	1.0209	1.0209	1.3464	24.44	24.21	24.49	24.48	24.54	898244	897336	919252	916800	920656
SRR24905656	OXFORD_NANOPORE	4800100	0.4370	detected	yes	no	0.9011	0.8829	0.8829	0.9011	1.0604	70.48	68.83	75.39	75.98	75.87	3570884	3549688	3920204	3925084	3923456
SRR24949809	OXFORD_NANOPORE	6296733	0.5630	not detected	no	no	1.4634	1.4634	1.4634	1.4634	2.3871	5.61	5.66	5.72	6.11	5.89	515876	518036	533712	492176	544704
SRR24952280	OXFORD_NANOPORE	5213742	0.3090	not detected	no	no	1.0744	1.0744	1.0744	1.0744	1.3907	20.21	20.83	25.47	20.58	21.99	669488	663352	735512	723020	724652
SRR24952281	OXFORD_NANOPORE	5219751	0.3670	detected	yes	no	1.0581	1.0891	1.0891	1.0581	1.4210	18.93	18.68	28.29	28.24	28.01	521812	536412	639716	628396	630268
SRR24955880	OXFORD_NANOPORE	3604840	0.3640	not detected	no	no	1.4178	1.4178	1.4178	1.4178	1.9050	8.10	6.35	7.09	7.68	7.04	616932	625148	683488	702528	691148
SRR24955973	OXFORD_NANOPORE	2548838	0.1270	not detected	no	no	1.0185	1.0185	1.0185	1.0185	1.1051	17.00	17.12	17.52	17.57	17.75	378624	373280	398544	397364	394968
SRR25013904	PACBIO_SMRT	5938675	0.2770	not detected	no	no	1.1712	1.1712	1.1712	1.1712	1.4095	8.37	8.27	8.73	8.70	8.45	1182984	1181340	1203932	1205968	1205292
SRR25032973	OXFORD_NANOPORE	2696967	0.2060	not detected	no	no	1.0189	1.0189	1.0189	1.0189	1.1407	9.33	8.92	9.33	9.19	8.96	603356	585536	609112	608928	632464
SRR25032975	OXFORD_NANOPORE	2697081	0.1800	not detected	no	no	1.0082	1.0082	1.0082	1.0082	1.1172	15.82	16.11	20.83	20.75	20.64	630712	638520	649532	666200	662992
SRR25032983	OXFORD_NANOPORE	2697033	0.1920	not detected	no	no	1.0452	1.0452	1.0452	1.0452	1.1818	9.35	9.96	9.32	9.37	9.33	533268	554932	585936	590288	573292
SRR25041725	PACBIO_SMRT	9547725	0.3090	not detected	no	no	1.2906	1.2906	1.2906	1.2906	1.5786	9.86	9.88	10.15	10.28	10.38	1193636	1204364	1219928	1226232	1233284
SRR25068157	OXFORD_NANOPORE	2080063	0.1160	not detected	no	no	1.0337	1.0337	1.0337	1.0337	1.1074	18.75	18.71	18.96	19.13	19.21	441336	440888	462004	466220	460720
SRR25068159	OXFORD_NANOPORE	2302060	0.1340	not detected	no	no	1.0469	1.0469	1.0469	1.0469	1.1442	14.70	14.65	14.53	17.94	14.92	340784	340656	367572	363332	365276
SRR25110884	OXFORD_NANOPORE	1575041	0.3240	detected	yes	no	0.9878	1.0570	1.0570	0.9878	1.0988	49.45	49.52	29.50	29.28	29.40	1299968	1332740	746652	790424	778672
SRR25113362	PACBIO_SMRT	1928284	0.2210	not detected	no	no	1.1558	1.1558	1.1558	1.1558	1.3599	10.49	10.57	10.61	10.46	10.51	1185364	1183184	1206788	1210292	1209516
SRR25120112	PACBIO_SMRT	2833095	0.2810	not detected	no	no	1.3950	1.3950	1.3950	1.3950	1.7070	8.05	8.09	8.46	8.41	8.50	1036404	1032536	1059876	1062276	1059596
SRR25134083	OXFORD_NANOPORE	4058791	0.2890	not detected	no	no	1.1207	1.1207	1.1207	1.1207	1.3853	2.98	2.97	3.02	3.18	3.34	516700	513432	537616	576340	563100
SRR25177534	OXFORD_NANOPORE	3893827	0.3870	not detected	no	no	0.9952	0.9952	0.9952	0.9952	1.3037	22.07	22.08	29.08	22.44	29.55	588196	588196	609600	609604	609600
SRR25210281	OXFORD_NANOPORE	2942932	0.3030	not detected	no	no	1.1635	1.1635	1.1635	1.1635	1.5166	18.96	18.90	19.27	19.26	19.19	874336	876268	888000	887172	894352
SRR25269555	OXFORD_NANOPORE	5295402	0.1550	detected	yes	no	0.9599	0.9715	0.9715	0.9599	1.0009	35.99	42.49	49.64	46.88	54.08	1064456	1063392	1050808	1139812	1145480
SRR25298672	OXFORD_NANOPORE	5044257	0.2270	not detected	no	no	0.9574	0.9574	0.9574	0.9574	1.1299	53.16	76.13	58.55	85.46	87.19	1708076	1745940	1715764	1762324	1776744
SRR25298673	OXFORD_NANOPORE	5043633	0.2720	not detected	no	no	0.9989	0.9989	0.9989	0.9989	1.1829	36.05	34.88	36.45	36.24	35.51	1199196	1180960	1240888	1255640	1218604
SRR25298674	OXFORD_NANOPORE	5024343	0.3050	not detected	no	no	1.0029	1.0029	1.0029	1.0029	1.2632	26.06	25.86	36.05	35.33	25.95	875596	875868	909552	926964	889636
SRR25302807	OXFORD_NANOPORE	12397421	0.2610	not detected	no	no	0.9247	0.9247	0.9247	0.9247	1.0390	16.19	16.15	15.62	20.04	17.31	610440	593580	666964	653456	605556
SRR25366715	PACBIO_SMRT	10672615	0.2830	not detected	no	no	1.1611	1.1611	1.1611	1.1611	1.4269	10.81	10.68	11.02	11.04	11.12	1511964	1512296	1541344	1545848	1542928
SRR25382412	OXFORD_NANOPORE	4827526	0.1820	not detected	no	no	0.9740	0.9740	0.9740	0.9740	1.0864	60.23	61.36	64.18	63.14	61.65	2590660	2586644	2489676	2536656	2576108
SRR25411576	OXFORD_NANOPORE	4979983	0.1680	not detected	no	no	0.9548	0.9548	0.9548	0.9548	1.0093	20.48	20.90	21.44	21.79	21.74	1580904	1625112	1580528	1564416	1635532
SRR25474712	OXFORD_NANOPORE	6311744	0.1590	not detected	no	no	0.9769	0.9769	0.9769	0.9769	1.0556	20.11	19.62	20.61	21.89	28.04	970308	968784	977564	1019516	1006964
SRR25480262	OXFORD_NANOPORE	3935353	0.1920	not detected	no	no	0.9804	0.9756	0.9804	0.9804	1.0503	47.13	42.05	42.50	42.71	42.71	1307332	1825108	1815296	1804472	1817844
SRR25488386	OXFORD_NANOPORE	6102102	0.1380	not detected	no	no	0.9720	0.9720	0.9720	0.9720	1.0244	22.14	24.42	22.02	22.51	22.37	1067108	1026296	1063220	1127424	1094832
SRR25497764	OXFORD_NANOPORE	6390575	0.3240	not detected	no	no	0.9092	0.9092	0.9092	0.9092	1.0091	19.10	18.83	18.90	18.57	18.82	1075108	1075236	1084844	1090076	1065472
SRR25497965	OXFORD_NANOPORE	2295481	0.2770	not detected	no	no	1.0214	1.0214	1.0214	1.0214	1.2813	13.49	13.54	13.65	13.66	13.47	508248	511004	531168	531072	530656
SRR25497966	OXFORD_NANOPORE	2275969	0.3050	detected	yes	no	1.0390	1.0098	1.0098	1.0390	1.2745	44.76	44.41	47.03	46.56	46.38	1153732	1148052	1117676	1172044	1193452
SRR25497967	OXFORD_NANOPORE	2296104	0.3690	detected	yes	no	1.1038	1.0518	1.0518	1.1038	1.5236	20.72	20.23	37.25	43.99	39.23	491908	491316	524956	484504	517696
SRR25497968	OXFORD_NANOPORE	2290509	0.4160	not detected	no	no	1.0955	1.0955	1.0955	1.0955	1.6800	15.67	14.63	15.81	16.00	15.74	229292	256920	254648	258240	263124
SRR25500206	OXFORD_NANOPORE	5160776	0.0770	not detected	no	no	0.9972	0.9972	0.9972	0.9972	1.0394	18.83	18.64	18.87	19.21	18.91	884888	865216	897400	886428	895288
SRR25500408	OXFORD_NANOPORE	5945846	0.0930	not detected	no	no	0.9983	0.9983	0.9983	0.9983	1.0386	20.55	19.49	19.40	19.78	18.04	990340	1010900	1011596	1024752	1024372
SRR25500631	OXFORD_NANOPORE	6133480	0.1390	not detected	no	no	0.9781	0.9781	0.9781	0.9781	1.0304	21.89	21.71	22.16	22.91	22.14	1652108	1656308	1667736	1627532	1680392
SRR25511190	OXFORD_NANOPORE	5041121	0.1070	not detected	no	no	0.9858	0.9858	0.9858	0.9858	1.0307	20.15	20.12	20.18	19.94	20.34	998852	997788	1026720	1025980	999364
SRR25511204	OXFORD_NANOPORE	5038633	0.0830	not detected	no	no	0.9947	0.9947	0.9947	0.9947	1.0346	19.36	19.74	19.84	20.25	20.31	964484	940244	968612	965768	992784
SRR25511210	OXFORD_NANOPORE	4877733	0.1090	not detected	no	no	0.9726	0.9726	0.9726	0.9726	1.0138	21.73	21.79	22.03	22.19	22.22	989740	994984	983696	985584	1003928
SRR25536467	OXFORD_NANOPORE	4648169	0.2140	not detected	no	no	0.9945	0.9945	0.9945	0.9945	1.0794	35.77	36.69	36.07	35.85	35.98	2041100	2097072	2074776	1958656	2042008
SRR25546981	OXFORD_NANOPORE	1990713	0.5330	not detected	no	no	1.3156	1.3156	1.3156	1.3156	2.2155	12.53	11.94	12.28	13.71	11.92	381384	383224	397804	392996	430936
SRR25570560	OXFORD_NANOPORE	5551583	0.3380	detected	yes	no	0.9215	0.9085	0.9085	0.9215	0.9933	31.14	30.62	40.73	40.96	41.03	1032428	1038764	1189792	1210556	1194952
SRR25570561	OXFORD_NANOPORE	5551558	0.3400	detected	yes	no	0.9423	0.9060	0.9060	0.9423	1.0098	30.76	30.31	39.68	39.59	40.10	1044664	1066852	1197528	1152444	1157120
SRR25581455	OXFORD_NANOPORE	3055873	0.3150	not detected	no	no	1.0254	1.0254	1.0254	1.0254	1.3298	16.29	16.03	16.02	16.07	16.24	549788	549796	566728	568532	566812
SRR25581457	OXFORD_NANOPORE	3134053	0.2330	not detected	no	no	1.0040	1.0040	1.0040	1.0040	1.2640	16.84	16.65	16.89	17.04	16.82	556288	556288	577024	577028	577028
SRR25581459	OXFORD_NANOPORE	3073808	0.2980	not detected	no	no	0.9826	0.9826	0.9826	0.9826	1.2394	16.09	16.30	16.42	18.81	16.37	597492	598040	599620	654452	609884
SRR25581605	OXFORD_NANOPORE	3046355	0.2840	not detected	no	no	0.9936	0.9936	0.9936	0.9936	1.1952	26.67	25.25	26.17	27.87	25.56	614816	611272	633708	634100	635192
SRR25592257	OXFORD_NANOPORE	5213460	0.1560	not detected	no	no	0.9652	0.9652	0.9652	0.9652	1.0187	47.98	47.25	48.50	48.04	49.00	1640904	1588048	1619056	1636300	1629760
SRR25592442	OXFORD_NANOPORE	5506733	0.1050	not detected	no	no	0.9650	0.9650	0.9650	0.9650	1.0174	21.82	22.20	22.27	22.09	22.92	899892	911740	915084	953336	957336
SRR25592444	OXFORD_NANOPORE	4542908	0.1930	not detected	no	no	0.9789	0.9789	0.9789	0.9789	1.0620	52.65	51.48	50.48	51.44	50.85	2022168	1888392	1969560	1984380	1966692
SRR25592464	OXFORD_NANOPORE	5094661	0.0780	not detected	no	no	0.9933	0.9933	0.9933	0.9933	1.0334	16.76	21.09	21.76	21.18	21.32	562292	574096	586916	586912	586912
SRR25592468	OXFORD_NANOPORE	4656323	0.1620	not detected	no	no	0.9875	0.9875	0.9875	0.9875	1.0872	26.39	26.89	26.89	27.06	26.71	1108540	1070164	1128648	1130704	1128564
SRR25592474	OXFORD_NANOPORE	4851066	0.1580	not detected	no	no	0.9874	0.9874	0.9874	0.9874	1.0261	53.32	35.77	55.23	55.07	35.27	1339236	1358824	1317960	1383752	1379856
SRR25607706	OXFORD_NANOPORE	4870688	0.1220	not detected	no	no	0.9934	0.9934	0.9934	0.9934	1.0322	35.99	36.21	36.93	36.61	37.10	1226968	1226684	1312388	1335360	1306328
SRR25607708	OXFORD_NANOPORE	3586856	0.1130	not detected	no	no	0.9674	0.9674	0.9674	0.9674	1.0186	72.65	71.55	72.79	71.21	71.75	2070900	2073592	2105276	2103736	2085244
SRR25607739	OXFORD_NANOPORE	5345276	0.0880	not detected	no	no	1.0019	1.0019	1.0019	1.0019	1.0358	65.46	65.97	65.15	65.71	65.16	2212320	2136404	2280752	2292532	2233388
SRR25607743	OXFORD_NANOPORE	4790868	0.1290	not detected	no	no	0.9955	0.9955	0.9955	0.9955	1.0239	48.55	49.39	48.66	48.16	48.42	1858668	1907544	1937596	1933648	1938164
SRR25607821	OXFORD_NANOPORE	2907308	0.2520	not detected	no	no	1.0867	1.0867	1.0867	1.0867	1.3319	15.23	15.57	15.79	15.68	15.94	427300	422776	437916	441920	438836
SRR25607822	OXFORD_NANOPORE	2946270	0.2310	not detected	no	no	1.1342	1.1342	1.1342	1.1342	1.3624	13.43	13.35	13.53	13.90	13.64	318052	318060	344664	342940	342316
SRR25626968	OXFORD_NANOPORE	4820799	0.1720	not detected	no	no	1.0004	1.0004	1.0004	1.0004	1.0413	21.34	21.16	22.08	21.35	21.78	889572	899168	924120	918468	922684
SRR25627033	OXFORD_NANOPORE	5682083	0.1670	not detected	no	no	0.9968	0.9968	0.9968	0.9968	1.1282	13.44	13.33	13.30	13.35	13.31	890312	895524	883680	905168	901624
SRR25627274	OXFORD_NANOPORE	4553867	0.0950	not detected	no	no	0.9899	0.9899	0.9899	0.9899	1.0364	47.96	47.45	48.02	48.42	50.11	1763560	1798792	1823608	1848984	1797896
SRR25627316	OXFORD_NANOPORE	5807827	0.2210	not detected	no	no	0.9251	0.9251	0.9251	0.9251	1.0164	47.50	46.87	47.33	48.13	47.85	1821424	1817356	1849860	1839896	1828428
SRR25627447	OXFORD_NANOPORE	4844012	0.2680	not detected	no	no	0.9801	0.9801	0.9801	0.9801	1.1415	29.76	26.13	25.02	28.65	24.55	1096688	1123468	1120336	1093344	1060448
SRR25627964	OXFORD_NANOPORE	5748595	0.1930	not detected	no	no	0.9776	0.9776	0.9776	0.9776	1.1001	21.61	25.44	24.35	24.81	22.58	1107104	1145052	1072828	1159564	1121552
SRR25689477	OXFORD_NANOPORE	5550869	0.3190	not detected	no	no	0.9507	0.9507	0.9507	0.9507	1.0253	25.20	25.37	25.33	25.44	25.29	984612	949388	1001284	1016208	1028000
SRR25689478	OXFORD_NANOPORE	5551506	0.3080	detected	yes	no	0.9391	0.9533	0.9533	0.9391	1.0130	26.48	26.28	36.59	36.15	36.23	937964	1000760	1030504	1054372	1057920
SRR25689479	OXFORD_NANOPORE	5552868	0.2650	not detected	no	no	0.8734	0.8734	0.8734	0.8734	0.9534	22.74	22.78	22.57	22.96	22.91	732088	757028	779760	832488	765328
SRR25689480	OXFORD_NANOPORE	5552870	0.2940	detected	yes	no	0.9477	0.8934	0.8934	0.9477	1.0106	26.35	26.28	34.84	34.13	34.79	729724	727820	958992	988304	985540
SRR25689482	OXFORD_NANOPORE	5713227	0.3130	detected	yes	no	0.9165	0.8714	0.8714	0.9165	0.9793	25.09	25.16	33.07	33.53	33.62	1015256	996728	1087984	1082240	1067112
SRR25708024	OXFORD_NANOPORE	2143732	0.3200	detected	yes	no	1.0128	0.9782	0.9782	1.0128	1.1946	45.93	45.49	49.60	50.61	50.33	1208936	1156200	1275752	1275596	1233700
SRR25757805	OXFORD_NANOPORE	5387833	0.2110	not detected	no	no	1.1989	1.1989	1.1989	1.1989	1.3829	3.04	3.03	2.98	3.04	3.01	571292	570864	591636	602172	590592
SRR25775079	OXFORD_NANOPORE	6215719	0.4950	not detected	no	no	1.0609	1.0609	1.0609	1.0609	1.6421	17.51	16.49	20.15	17.24	17.48	770280	750704	782552	762696	759784
SRR25775081	OXFORD_NANOPORE	6247839	0.4390	not detected	no	no	0.9915	0.9915	0.9915	0.9915	1.4334	14.29	14.18	14.45	14.48	14.43	350676	356272	382444	371392	385220
SRR25775191	PACBIO_SMRT	4123266	0.1700	not detected	no	no	1.1204	1.1204	1.1204	1.1204	1.2848	11.70	11.56	11.62	11.50	11.57	1486532	1478780	1509404	1505976	1510076
SRR25775193	PACBIO_SMRT	4120375	0.1830	not detected	no	no	1.1310	1.1310	1.1310	1.1310	1.3094	8.63	8.45	8.69	8.63	8.64	1186024	1182456	1214884	1211088	1212412
SRR25775195	PACBIO_SMRT	4104154	0.1980	not detected	no	no	1.1015	1.1015	1.1015	1.1015	1.2865	10.30	10.19	10.36	10.39	10.24	1202340	1196524	1236152	1237904	1237192
SRR25793747	OXFORD_NANOPORE	6752883	0.0740	not detected	no	no	1.0095	1.0095	1.0095	1.0095	1.0466	14.09	14.01	14.30	14.29	14.22	397564	399612	422384	420084	420080
SRR25835575	PACBIO_SMRT	5880490	0.2340	not detected	no	no	1.2313	1.2313	1.2313	1.2313	1.5037	8.28	8.21	8.47	8.49	8.52	1177116	1175820	1199048	1200680	1204532
SRR25904912	OXFORD_NANOPORE	4446568	0.1340	not detected	no	no	0.9587	0.9587	0.9587	0.9587	1.0122	41.03	28.67	40.35	28.41	28.93	1027048	1051260	1075304	1057852	1062076
SRR25905145	OXFORD_NANOPORE	4844288	0.1360	not detected	no	no	1.0197	1.0197	1.0197	1.0197	1.0677	19.84	19.87	19.83	19.90	19.56	659424	661580	680492	680132	683184
SRR25905147	OXFORD_NANOPORE	5877130	0.1060	not detected	no	no	0.9967	0.9967	0.9967	0.9967	1.0658	17.64	17.55	17.93	18.03	17.92	521192	523256	539268	542976	542972
SRR25907068	OXFORD_NANOPORE	3536915	0.0590	not detected	no	no	1.0111	1.0111	1.0111	1.0111	1.0596	8.98	9.00	9.15	9.25	9.20	556424	555128	576536	578340	572420
SRR25916648	PACBIO_SMRT	2128578	0.1120	not detected	no	no	0.9693	0.9693	0.9693	0.9693	0.9925	64.99	64.63	65.51	65.13	65.52	954476	955288	1028924	1030488	1008124
SRR26051222	OXFORD_NANOPORE	5118957	0.2200	not detected	no	no	1.0143	1.0143	1.0143	1.0143	1.1750	26.45	26.50	27.01	26.62	26.68	1540028	1534056	1544040	1562156	1549700
SRR26051224	OXFORD_NANOPORE	4876921	0.3640	not detected	no	no	1.0413	1.0413	1.0413	1.0413	1.4306	15.42	15.51	15.79	15.81	16.00	582828	588264	591500	603176	608776
SRR26051226	OXFORD_NANOPORE	4967622	0.2340	not detected	no	no	1.0074	1.0074	1.0074	1.0074	1.1724	29.45	29.57	29.97	30.16	29.95	1130520	1099128	1161188	1175004	1151220
SRR26051229	OXFORD_NANOPORE	5095245	0.2260	not detected	no	no	1.0047	1.0047	1.0047	1.0047	1.1482	38.76	62.02	62.01	61.94	62.52	1538192	1548820	1510208	1518112	1600332
SRR26051230	OXFORD_NANOPORE	4967919	0.3340	not detected	no	no	1.0295	1.0295	1.0295	1.0295	1.3790	16.71	16.64	17.03	16.82	16.67	662228	641604	670916	668932	646580
SRR26051232	OXFORD_NANOPORE	5157404	0.2720	not detected	no	no	1.0283	1.0283	1.0283	1.0283	1.2709	26.13	23.23	19.81	20.44	19.82	904336	935396	940804	954084	915584
SRR26051234	OXFORD_NANOPORE	5046058	0.2710	not detected	no	no	0.9693	0.9693	0.9693	0.9693	1.1871	23.24	23.43	23.99	23.72	23.48	943460	951832	981776	977228	935560
SRR26051236	OXFORD_NANOPORE	4889272	0.1960	not detected	no	no	1.0189	1.0189	1.0189	1.0189	1.1691	27.70	28.09	28.50	28.56	28.74	1575604	1572492	1557680	1596340	1598700
SRR26051238	OXFORD_NANOPORE	5019304	0.3390	not detected	no	no	1.0376	1.0376	1.0376	1.0376	1.3769	18.34	15.92	16.31	16.19	16.21	652880	639256	679064	677312	676428
SRR26051240	OXFORD_NANOPORE	5168010	0.3050	not detected	no	no	1.0415	1.0415	1.0415	1.0415	1.3173	19.80	20.12	20.26	20.54	20.33	863524	887856	883816	902732	884692
SRR26051242	OXFORD_NANOPORE	5136510	0.3100	not detected	no	no	1.0116	1.0116	1.0116	1.0116	1.2394	20.34	20.54	21.03	20.87	20.73	972872	1004140	1007592	1019332	1012616
SRR26135714	OXFORD_NANOPORE	5729112	0.4670	not detected	no	no	0.9828	0.9828	0.9828	0.9828	1.1554	45.36	44.93	45.10	45.42	45.91	1221460	1224168	1350604	1352420	1287860
SRR26146665	OXFORD_NANOPORE	2574940	0.2400	detected	yes	no	0.9996	1.0003	1.0003	0.9996	1.0723	23.68	23.93	33.85	33.85	33.33	605312	602172	692548	687524	702880
SRR26146667	OXFORD_NANOPORE	2666890	0.1570	detected	yes	no	1.0028	1.0195	1.0195	1.0028	1.0792	18.69	18.58	28.02	28.25	28.23	446200	446204	517464	521836	521460
SRR26162836	OXFORD_NANOPORE	5619595	0.1960	not detected	no	no	1.0689	1.0689	1.0689	1.0689	1.1380	45.59	46.82	46.31	48.01	46.35	1850736	1940012	1867404	1940332	1896384
SRR26162843	OXFORD_NANOPORE	4988840	0.2060	not detected	no	no	0.9704	0.9704	0.9704	0.9704	1.0181	35.78	36.38	36.03	36.54	36.24	1033776	1074648	1100476	1046416	1062712
SRR26182000	OXFORD_NANOPORE	2735708	0.0790	not detected	no	no	0.9528	0.9528	0.9528	0.9528	0.9884	32.86	32.82	33.36	32.39	32.52	908656	911768	937652	917884	920012
SRR26182001	OXFORD_NANOPORE	2576706	0.0740	not detected	no	no	0.9785	0.9785	0.9785	0.9785	1.0244	33.31	33.02	33.39	33.24	33.33	913492	908740	895896	921232	903640
SRR26182002	OXFORD_NANOPORE	2470594	0.0430	not detected	no	no	0.9707	0.9707	0.9707	0.9707	1.0009	35.24	35.83	35.73	35.80	35.71	898140	929632	953984	949056	917120
SRR26182377	OXFORD_NANOPORE	4975815	0.1560	not detected	no	no	1.0088	1.0088	1.0088	1.0088	1.0762	22.72	22.67	22.93	22.65	22.77	732076	771376	767540	794152	788540
SRR26193454	OXFORD_NANOPORE	4414055	0.4700	not detected	no	no	1.2412	1.2412	1.2412	1.2412	2.0379	15.03	14.57	14.93	14.90	15.31	367352	368856	387704	389552	392272
SRR26205257	OXFORD_NANOPORE	2789603	0.2930	not detected	no	no	1.0240	1.0240	1.0240	1.0240	1.2660	23.62	24.34	24.34	24.44	24.40	1027204	1035196	1045344	1026844	1041736
SRR26205259	OXFORD_NANOPORE	6179370	0.3880	not detected	no	no	1.0501	1.0501	1.0501	1.0501	1.3880	15.59	16.17	16.05	16.01	15.83	816300	819604	854196	863452	860272
SRR26205269	OXFORD_NANOPORE	6325586	0.2360	not detected	no	no	1.0079	1.0079	1.0079	1.0079	1.2390	19.78	19.98	20.13	20.19	20.53	1257800	1241256	1349072	1342808	1346972
SRR26205285	PACBIO_SMRT	4147684	0.3100	not detected	no	no	1.6390	1.6390	1.6390	1.6390	2.3045	7.55	6.63	7.75	8.75	8.32	587132	624196	632060	644036	624800
SRR26255159	OXFORD_NANOPORE	6882929	0.3100	not detected	no	no	1.0491	1.0491	1.0491	1.0491	1.3545	12.65	12.39	12.69	12.73	12.89	905112	914172	920224	933088	929332
SRR26255161	OXFORD_NANOPORE	4217417	0.2770	not detected	no	no	0.9878	0.9878	0.9878	0.9878	1.2493	20.38	20.20	20.42	20.37	20.31	908896	902880	910792	888812	917716
SRR26302840	PACBIO_SMRT	2148242	0.4520	not detected	no	no	0.8582	0.8582	0.8582	0.8582	0.9704	109.78	108.07	107.72	106.23	107.14	1485444	1458576	1496928	1498704	1516664
SRR26302841	PACBIO_SMRT	1991561	0.2300	not detected	no	no	0.9427	0.9427	0.9427	0.9427	0.9822	98.37	94.99	96.14	95.18	98.73	1266420	1295020	1298852	1303640	1262264
SRR26305307	OXFORD_NANOPORE	4959032	0.3100	not detected	no	no	1.0479	1.0479	1.0479	1.0479	1.3456	18.75	18.49	19.03	19.59	20.13	797656	799204	854788	858072	841924
SRR26305309	OXFORD_NANOPORE	4964120	0.4920	detected	yes	no	1.2188	1.2557	1.2557	1.2188	1.9292	15.05	14.30	32.34	33.75	34.01	496384	483044	605484	547300	574416
SRR26305318	OXFORD_NANOPORE	6310317	0.3300	not detected	no	no	1.1084	1.1084	1.1084	1.1084	1.4860	15.34	15.38	15.07	15.53	15.36	647388	699712	665576	682588	664180
SRR26305320	OXFORD_NANOPORE	6270416	0.3060	not detected	no	no	1.0840	1.0840	1.0840	1.0840	1.4052	14.02	13.91	14.21	14.21	14.44	783912	779388	810348	815264	814444
SRR26305322	PACBIO_SMRT	6274395	0.2180	not detected	no	no	1.2950	1.2950	1.2950	1.2950	1.5994	6.97	7.26	7.42	8.02	7.27	717236	721528	711044	712116	714760
SRR26305323	OXFORD_NANOPORE	4217171	0.2450	not detected	no	no	0.9550	0.9550	0.9550	0.9550	1.1814	21.32	21.53	21.59	21.42	21.26	985336	1013036	1044496	1007296	997960
SRR26305324	OXFORD_NANOPORE	6274395	0.3310	not detected	no	no	1.1430	1.1430	1.1430	1.1430	1.5188	14.52	14.39	14.81	14.91	14.93	649340	649340	672828	672816	673036
SRR26305326	PACBIO_SMRT	6275358	0.2200	not detected	no	no	1.3173	1.3173	1.3173	1.3173	1.6127	8.98	7.87	8.83	9.15	8.26	633820	635676	681232	665788	670496
SRR26305327	OXFORD_NANOPORE	6275358	0.3590	not detected	no	no	1.1489	1.1489	1.1489	1.1489	1.5769	11.08	11.12	11.33	11.55	11.57	609908	610040	623108	626640	633696
SRR26305329	OXFORD_NANOPORE	4638959	0.3390	not detected	no	no	1.0582	1.0582	1.0582	1.0582	1.3516	19.38	19.47	19.46	20.25	19.80	905168	898696	916636	909104	909952
SRR26305331	OXFORD_NANOPORE	4647666	0.3230	not detected	no	no	1.0218	1.0218	1.0218	1.0218	1.2750	21.90	27.45	28.30	21.20	28.16	1143324	1138780	1159380	1151304	1190628
SRR26305335	OXFORD_NANOPORE	4214842	0.3540	not detected	no	no	1.0413	1.0413	1.0413	1.0413	1.4451	14.59	14.70	15.23	15.08	15.04	611460	608004	637948	632908	632912
SRR26327166	OXFORD_NANOPORE	4662912	0.0570	not detected	no	no	0.9977	0.9977	0.9977	0.9977	1.0239	17.88	17.99	18.77	17.83	18.20	856124	879452	902608	868876	900032
SRR26335726	OXFORD_NANOPORE	8767305	0.3470	not detected	no	no	0.8736	0.8736	0.8736	0.8736	1.0407	32.73	33.29	33.48	32.82	33.04	1105468	1060744	1115572	1088488	1094608
SRR26335727	OXFORD_NANOPORE	8041125	0.2090	not detected	no	no	0.9426	0.9426	0.9426	0.9426	1.0138	44.69	44.94	43.94	44.42	44.56	1838936	1735880	1803388	1784708	1757028
SRR26336054	OXFORD_NANOPORE	9184954	0.5220	not detected	no	no	0.8709	0.8709	0.8709	0.8709	1.0183	66.89	65.55	67.10	66.13	66.43	2065576	2078400	2079136	2149904	2076588
SRR26337672	OXFORD_NANOPORE	7645890	0.1420	not detected	no	no	0.9523	0.9523	0.9523	0.9523	1.0174	57.36	56.94	57.80	57.77	57.42	2010020	1923544	2016148	1987980	1990680
SRR26364401	PACBIO_SMRT	6921156	0.1620	not detected	no	no	0.9468	0.9468	0.9468	0.9468	1.0137	30.02	27.05	40.65	26.61	27.14	854636	856696	895864	902728	903688
SRR26374538	OXFORD_NANOPORE	3887085	0.1160	not detected	no	no	1.0245	1.0245	1.0245	1.0245	1.1152	23.22	30.13	24.19	26.57	23.78	962156	959348	975060	966664	932108
SRR26378203	OXFORD_NANOPORE	4528424	0.0930	not detected	no	no	0.9453	0.9453	0.9453	0.9453	1.0162	42.98	43.49	42.93	43.86	43.74	1978992	1909560	1991340	1989740	1977420
SRR26382609	PACBIO_SMRT	7402177	0.1930	not detected	no	no	0.9024	0.9024	0.9024	0.9024	1.0006	21.25	21.32	21.20	21.40	21.18	854988	853848	901600	903284	901676
SRR26382618	OXFORD_NANOPORE	5551446	0.3020	not detected	no	no	0.9968	0.9968	0.9968	0.9968	1.1414	14.53	14.43	14.69	14.64	14.42	551324	544336	564972	569288	580408
SRR26386754	OXFORD_NANOPORE	4464400	0.1440	not detected	no	no	1.0067	1.0067	1.0067	1.0067	1.0840	34.19	34.60	34.67	34.89	34.98	1917492	1912692	1933220	1936452	1870936
SRR26418082	OXFORD_NANOPORE	3935490	0.2180	not detected	no	no	0.9849	0.9849	0.9849	0.9849	1.1565	29.68	29.68	29.92	29.84	29.85	1153352	1154724	1177860	1188244	1178796
SRR26435097	PACBIO_SMRT	4123266	0.1700	not detected	no	no	1.1369	1.1369	1.1369	1.1369	1.2966	10.97	10.58	11.05	11.15	11.17	1478380	1482476	1509584	1505436	1506756
SRR26435099	PACBIO_SMRT	4120375	0.1790	not detected	no	no	1.1263	1.1263	1.1263	1.1263	1.3197	9.69	9.78	9.90	9.81	9.68	1186460	1186460	1205208	1209308	1213412
SRR26435101	PACBIO_SMRT	4104154	0.2090	not detected	no	no	1.1105	1.1105	1.1105	1.1105	1.3112	10.45	10.45	10.68	10.77	10.74	1201772	1202728	1226392	1230488	1222292
SRR26465429	OXFORD_NANOPORE	2267026	0.3740	detected	yes	no	0.9804	0.6419	0.6419	0.9804	1.1591	67.42	67.32	53.53	53.72	53.82	2313104	2254332	1553644	1465824	1528740
SRR26465432	OXFORD_NANOPORE	2279983	0.4170	detected	yes	no	0.9729	0.9596	0.9596	0.9729	1.2140	48.67	47.22	44.45	44.72	44.66	1139696	1101844	1184560	1156620	1199312
SRR26465438	OXFORD_NANOPORE	2876952	0.2420	not detected	no	no	1.0549	1.0549	1.0549	1.0549	1.1310	12.60	12.70	12.75	12.85	12.86	608636	624100	636652	638860	637972
SRR26465443	OXFORD_NANOPORE	5902098	0.4200	not detected	no	no	1.1358	1.1358	1.1358	1.1358	1.4836	11.31	11.27	11.34	11.47	11.41	881548	884048	888736	891412	887088
SRR26465447	OXFORD_NANOPORE	5783275	0.3640	not detected	no	no	1.0713	1.0713	1.0713	1.0713	1.4654	9.67	9.57	9.51	9.76	9.61	633648	653748	671532	688924	683852
SRR26465454	OXFORD_NANOPORE	2090920	0.3910	not detected	no	no	0.9966	0.9966	0.9966	0.9966	1.2815	31.95	47.46	38.82	39.80	29.88	864520	894716	897048	896720	908384
SRR26465462	OXFORD_NANOPORE	2025102	0.2660	detected	yes	no	0.9858	0.9462	0.9462	0.9858	1.1659	49.12	47.63	51.11	51.33	50.86	1097432	1074900	1221296	1225236	1182420
SRR26465463	OXFORD_NANOPORE	2083396	0.2980	not detected	no	no	0.9903	0.9903	0.9903	0.9903	1.1925	29.40	28.99	29.78	29.95	29.89	826720	851324	881588	881480	846852
SRR26465468	OXFORD_NANOPORE	4320961	0.3000	not detected	no	no	1.1492	1.1492	1.1492	1.1492	1.4972	16.51	16.90	17.89	17.53	17.85	1123196	1122844	1148204	1165816	1224428
SRR26465469	OXFORD_NANOPORE	4211219	0.3380	not detected	no	no	1.0641	1.0641	1.0641	1.0641	1.3976	7.88	7.79	7.88	7.88	7.90	835920	834244	852524	853208	853664
SRR26465471	OXFORD_NANOPORE	4224788	0.3630	detected	yes	no	1.0493	1.1150	1.1150	1.0493	1.3784	24.02	23.58	12.90	12.96	12.76	726768	747024	790316	787220	792380
SRR26465472	OXFORD_NANOPORE	4303228	0.3500	not detected	no	no	1.0252	1.0252	1.0252	1.0252	1.3442	11.25	11.15	11.16	11.17	11.64	677444	676992	699312	701804	701508
SRR26465473	OXFORD_NANOPORE	3931757	0.3760	detected	yes	no	1.0931	1.1432	1.1432	1.0931	1.4336	22.26	22.15	13.52	13.67	13.70	895236	899520	713340	698056	712032
SRR26465474	OXFORD_NANOPORE	4124926	0.3240	not detected	no	no	1.0798	1.0798	1.0798	1.0798	1.3758	17.42	17.30	17.55	17.04	17.35	940228	982296	954588	962876	988556
SRR26465521	OXFORD_NANOPORE	2285943	0.4250	detected	yes	no	0.9790	0.0185	0.0185	0.9790	1.1654	603.92	593.70	50.21	50.13	50.22	2181448	2108100	1380940	1318168	1438368
SRR26465523	OXFORD_NANOPORE	2235838	0.4340	detected	yes	no	0.9629	0.0267	0.0267	0.9629	1.2267	329.38	329.72	32.45	32.38	32.40	1512260	1561656	1067484	1057624	1058872
SRR26465524	OXFORD_NANOPORE	2287581	0.4270	detected	yes	no	0.9347	0.0233	0.0233	0.9347	1.1596	544.16	553.82	60.75	61.77	61.65	2569036	2523628	1538044	1654916	1644864
SRR26465526	OXFORD_NANOPORE	2230369	0.4270	detected	yes	no	0.9928	0.0122	0.0122	0.9928	1.1968	943.38	942.26	55.46	54.73	55.39	2340376	2465124	1286972	1372500	1326792
SRR26465527	OXFORD_NANOPORE	2044647	0.2470	not detected	no	no	0.9903	0.9903	0.9903	0.9903	1.1511	32.32	32.75	32.18	31.92	32.08	1032628	1025104	1041944	1030340	1043136
SRR26465529	OXFORD_NANOPORE	2007792	0.2570	not detected	no	no	0.9851	0.9851	0.9851	0.9851	1.1170	57.22	57.80	57.87	57.95	58.27	1214936	1227452	1295468	1263736	1273280
SRR26465548	OXFORD_NANOPORE	7128425	0.2900	not detected	no	no	0.9792	0.9792	0.9792	0.9792	1.1969	22.39	22.64	23.19	22.75	22.87	1526724	1583044	1587860	1588320	1588300
SRR26465550	OXFORD_NANOPORE	7006387	0.3240	not detected	no	no	1.0318	1.0318	1.0318	1.0318	1.2799	12.42	12.59	12.58	12.77	12.68	1215592	1218072	1237992	1208940	1239724
SRR26465554	OXFORD_NANOPORE	6668900	0.2970	not detected	no	no	1.0000	1.0000	1.0000	1.0000	1.1882	28.88	29.18	28.81	28.78	28.49	1686428	1678484	1763352	1762672	1753420
SRR26465556	OXFORD_NANOPORE	7005064	0.2570	not detected	no	no	0.9433	0.9433	0.9433	0.9433	1.1205	20.60	20.08	20.17	19.89	20.24	1148936	1153136	1172100	1138340	1175188
SRR26465557	OXFORD_NANOPORE	6312609	0.2280	not detected	no	no	0.9571	0.9483	0.9571	0.9571	1.1214	16.63	15.40	15.63	15.12	15.41	875160	1084228	1060692	1085872	1074420
SRR26465559	OXFORD_NANOPORE	3176325	0.5220	detected	yes	no	0.9548	0.9918	0.9918	0.9548	1.2615	31.26	31.39	25.00	24.88	25.13	1104636	1080604	997100	961880	992580
SRR26465560	OXFORD_NANOPORE	3198172	0.6070	detected	yes	no	0.9152	0.0984	0.0984	0.9152	1.1863	120.09	119.48	33.68	33.92	33.46	1405248	1312236	938204	1031844	1032724
SRR26465563	OXFORD_NANOPORE	3117753	0.5310	detected	yes	no	0.9760	0.5367	0.5367	0.9760	1.2349	80.71	79.66	35.06	34.53	35.43	952948	987116	1112632	1114912	1117356
SRR26465565	OXFORD_NANOPORE	3142746	0.6550	detected	yes	no	0.9539	0.9574	0.9574	0.9539	1.2745	25.17	25.38	26.41	26.24	26.13	831688	805272	944496	931808	952932
SRR26465730	OXFORD_NANOPORE	6359564	0.1160	not detected	no	no	0.9985	0.9985	0.9985	0.9985	1.0698	38.06	43.45	43.64	44.00	44.01	1176148	1154364	1235272	1241684	1233348
SRR26473422	OXFORD_NANOPORE	4956775	0.2260	not detected	no	no	1.0614	1.0614	1.0614	1.0614	1.2813	16.70	17.12	17.62	17.55	17.06	1053904	1046668	1056912	1056616	1060580
SRR26473444	PACBIO_SMRT	4215606	0.3270	not detected	no	no	1.6623	1.6623	1.6623	1.6623	2.4241	6.04	6.05	6.35	6.26	6.43	593156	589840	609384	607348	607728
SRR26473445	OXFORD_NANOPORE	4215606	0.2890	not detected	no	no	1.0489	1.0489	1.0489	1.0489	1.3409	19.09	23.90	19.35	19.21	24.07	1119112	1120024	1111448	1133532	1160276
SRR26621750	OXFORD_NANOPORE	4417119	0.3920	not detected	no	no	0.9544	0.9544	0.9544	0.9544	1.0642	17.96	17.77	17.95	17.84	17.74	710860	712996	743560	752168	731552
SRR26621751	OXFORD_NANOPORE	4280321	0.4540	not detected	no	no	0.8823	0.8823	0.8823	0.8823	1.0506	34.89	34.57	34.82	34.18	34.74	1107228	1129464	1131876	1135392	1166252
SRR26624652	OXFORD_NANOPORE	4658510	0.3160	not detected	no	no	1.0387	1.0387	1.0387	1.0387	1.3651	19.45	19.16	19.88	20.03	19.85	532012	532012	556816	556816	556584
SRR26643263	OXFORD_NANOPORE	5551563	0.3030	detected	yes	no	0.9516	0.9363	0.9363	0.9516	1.0227	24.18	25.81	42.98	41.40	35.75	721772	806260	919712	905508	940124
SRR26643264	OXFORD_NANOPORE	5551538	0.2530	not detected	no	no	0.8890	0.8890	0.8890	0.8890	0.9701	18.35	18.07	18.54	18.96	18.70	727992	736896	720748	800132	739004
SRR26643265	OXFORD_NANOPORE	5551562	0.3060	detected	yes	no	0.9373	0.8979	0.8979	0.9373	1.0046	24.04	24.07	40.12	42.78	37.14	820804	824532	890584	901528	900968
SRR26643493	OXFORD_NANOPORE	3935353	0.1740	not detected	no	no	0.9522	0.9522	0.9522	0.9522	1.0221	71.99	69.43	70.76	69.99	71.33	2134268	2101208	2172168	2076996	2204640
SRR26688612	OXFORD_NANOPORE	6733472	0.3140	not detected	no	no	0.9754	0.9754	0.9754	0.9754	1.1318	35.52	26.38	35.31	26.55	26.95	1273400	1276216	1281680	1300196	1282492
SRR26715165	OXFORD_NANOPORE	2271101	0.2830	detected	yes	no	0.9380	0.4090	0.4090	0.9380	1.1188	109.02	107.42	70.07	69.49	70.01	2788308	2855604	2432292	2415476	2325656
SRR26715166	OXFORD_NANOPORE	2271523	0.3210	detected	yes	no	0.9120	0.2155	0.2466	0.9120	1.1804	49.31	25.59	6.67	6.63	6.61	699000	1185892	549140	542876	547904
SRR26716712	OXFORD_NANOPORE	4315796	0.1420	not detected	no	no	1.0179	1.0179	1.0179	1.0179	1.1575	22.98	35.20	27.11	22.62	24.03	832192	828176	852520	841488	827728
SRR26730976	OXFORD_NANOPORE	2937905	0.6130	detected	yes	no	1.1662	1.1175	1.1175	1.1662	2.2948	12.14	12.07	20.49	20.38	20.77	241740	239052	308844	302020	302276
SRR26742021	OXFORD_NANOPORE	4306969	0.4940	not detected	no	no	0.8391	0.7548	0.8391	0.8391	1.0094	14.47	26.20	20.13	19.39	26.10	335008	1047084	1062404	1046520	1051204
SRR26748292	OXFORD_NANOPORE	2981276	0.2090	not detected	no	no	0.9790	0.9790	0.9790	0.9790	1.1087	40.25	39.78	42.98	41.02	46.26	1025328	1101148	1105752	1094508	1055004
SRR26748298	OXFORD_NANOPORE	2770393	0.1230	not detected	no	no	1.0010	1.0010	1.0010	1.0010	1.0951	24.61	24.57	24.90	24.76	24.67	701944	699888	726752	726256	726404
SRR26794288	PACBIO_SMRT	5060308	0.2270	not detected	no	no	1.3416	1.3416	1.3416	1.3416	1.6008	12.13	12.04	11.91	17.26	12.70	1536100	1543400	1580112	1574176	1568816
SRR26795840	PACBIO_SMRT	4834098	0.2190	not detected	no	no	1.2639	1.2639	1.2639	1.2639	1.4748	10.14	10.14	10.31	10.20	10.32	1296760	1300176	1323364	1325708	1401616
SRR26804258	PACBIO_SMRT	6534616	0.2330	not detected	no	no	1.2778	1.2778	1.2778	1.2778	1.4910	10.99	11.60	11.57	12.16	11.28	2008352	2022640	2022688	2071292	2029876
SRR26830257	OXFORD_NANOPORE	3199580	0.1340	not detected	no	no	0.8850	0.8850	0.8850	0.8850	0.9979	30.67	31.08	31.12	31.35	30.71	875204	906444	928580	931036	936820
SRR26841315	OXFORD_NANOPORE	1008816	0.2650	detected	yes	no	0.9936	0.9625	0.9625	0.9936	1.1004	48.43	48.70	36.28	36.39	35.87	1122736	1152196	1001872	981744	958428
SRR26841318	OXFORD_NANOPORE	989333	0.2800	not detected	no	no	1.1037	1.1037	1.1037	1.1037	1.2874	9.24	9.33	9.15	9.17	9.29	293096	295164	311876	310940	313604
SRR26841323	OXFORD_NANOPORE	987451	0.4540	detected	yes	no	0.9284	0.8745	0.8745	0.9284	1.1548	12.15	12.29	11.55	11.56	11.49	443680	446236	492004	489708	486596
SRR26857544	OXFORD_NANOPORE	5682083	0.2100	not detected	no	no	1.0109	1.0109	1.0109	1.0109	1.1579	28.25	28.29	28.56	28.62	28.50	1106052	1078516	1108016	1102160	1097224
SRR26882392	OXFORD_NANOPORE	4761538	0.1560	not detected	no	no	0.9866	0.9866	0.9866	0.9866	1.0421	75.57	75.96	77.96	77.42	78.62	2572248	2588192	2588464	2643712	2558816
SRR26937449	PACBIO_SMRT	4057055	0.0830	not detected	no	no	0.9826	0.9826	0.9826	0.9826	1.0118	49.53	49.12	50.87	49.27	49.42	1076004	1104412	1125056	1134644	1100544
SRR26942067	OXFORD_NANOPORE	7212699	0.3490	not detected	no	no	1.0467	1.0467	1.0467	1.0467	1.4413	15.62	15.84	16.08	15.82	15.79	501244	503992	522104	529552	533104
SRR26961105	PACBIO_SMRT	7111297	0.2950	not detected	no	no	0.9641	0.9641	0.9641	0.9641	1.0093	14.30	13.86	14.15	14.34	14.43	624852	628388	649724	649360	650576
SRR26961106	PACBIO_SMRT	7552305	0.2290	not detected	no	no	0.9726	0.9726	0.9726	0.9726	1.0149	19.94	19.15	19.61	19.77	20.01	788932	788440	812420	808920	808928
SRR26974595	OXFORD_NANOPORE	2804934	0.0690	not detected	no	no	1.0145	1.0145	1.0145	1.0145	1.0454	40.04	39.43	35.64	34.70	52.35	986740	1028380	1022056	1011756	1051188
SRR26989784	OXFORD_NANOPORE	8110254	0.1840	not detected	no	no	1.0008	1.0008	1.0008	1.0008	1.1544	23.45	23.02	23.21	23.13	22.91	1704740	1704340	1667696	1721516	1716608
SRR26989785	OXFORD_NANOPORE	8131986	0.1910	not detected	no	no	1.0176	1.0176	1.0176	1.0176	1.1554	27.04	26.83	27.19	27.06	27.65	1168180	1174788	1256300	1286824	1299872
SRR26989786	OXFORD_NANOPORE	8131931	0.1730	not detected	no	no	1.0023	1.0023	1.0023	1.0023	1.1408	9.67	9.59	9.75	9.78	9.75	888716	888856	874864	903656	910268
SRR26992868	OXFORD_NANOPORE	2773562	0.3130	not detected	no	no	1.0301	1.0301	1.0301	1.0301	1.2831	30.92	30.42	30.75	30.32	30.59	952552	938976	937392	952060	957224
SRR26992902	OXFORD_NANOPORE	2552707	0.7920	not detected	no	no	1.2641	1.2641	1.2641	1.2641	3.2726	9.10	8.99	9.07	9.22	9.07	150132	148472	154968	154084	154084
SRR26994302	OXFORD_NANOPORE	5619595	0.3230	detected	yes	no	0.9577	1.0288	1.0381	0.9577	1.0311	148.47	143.93	65.40	65.15	58.82	2916792	3448484	2283344	2218056	2258088
SRR27033672	OXFORD_NANOPORE	4243755	0.1750	not detected	no	no	0.9792	0.9792	0.9792	0.9792	1.0424	28.64	28.57	29.84	29.08	28.99	797652	795024	811812	803928	811956
SRR27033692	PACBIO_SMRT	3484100	0.4640	not detected	no	no	0.9366	0.9366	0.9366	0.9366	0.9966	84.63	81.44	80.60	79.92	80.92	1427152	1462748	1488428	1449740	1487160
SRR27033702	PACBIO_SMRT	7316924	0.5460	not detected	no	no	0.7975	0.7975	0.7975	0.7975	0.9738	43.96	41.16	41.20	41.33	41.03	1362848	1376960	1396008	1401232	1436628
SRR27033706	PACBIO_SMRT	2187333	0.1640	not detected	no	no	0.9635	0.9635	0.9635	0.9635	0.9886	89.87	89.69	90.73	88.76	90.28	1151736	1151188	1160468	1163868	1182608
SRR27033711	PACBIO_SMRT	6711709	0.2030	not detected	no	no	0.9155	0.9155	0.9155	0.9155	0.9946	48.44	48.29	48.81	49.02	49.54	1451160	1468932	1504608	1487756	1535652
SRR27033717	PACBIO_SMRT	3721798	0.1220	not detected	no	no	0.9929	0.9929	0.9929	0.9929	1.0125	68.54	69.96	69.84	69.59	69.65	1389728	1388036	1419988	1419948	1419368
SRR27033720	PACBIO_SMRT	6589281	0.1020	not detected	no	no	0.9626	0.9626	0.9626	0.9626	0.9967	30.21	30.70	30.43	30.93	30.70	869820	869564	900056	937252	928216
SRR27033724	OXFORD_NANOPORE	4619496	0.2110	not detected	no	no	1.0004	1.0004	1.0004	1.0004	1.0608	17.38	19.32	17.08	16.79	17.20	729344	704232	726848	728784	727216
SRR27089206	OXFORD_NANOPORE	4743726	0.1390	not detected	no	no	0.9927	0.9927	0.9927	0.9927	1.0339	21.67	21.64	21.56	23.06	21.85	886032	853716	890200	919700	886392
SRR27089208	OXFORD_NANOPORE	4870101	0.1550	not detected	no	no	0.9925	0.9925	0.9925	0.9925	1.0529	17.13	16.81	18.73	17.09	25.28	739168	768876	757280	750632	787764
SRR27089216	OXFORD_NANOPORE	2693873	0.2910	not detected	no	no	0.9848	0.9848	0.9848	0.9848	1.0492	30.82	30.02	30.05	30.50	30.26	915268	889488	984976	980308	886796
SRR27089219	OXFORD_NANOPORE	3119535	0.1540	not detected	no	no	0.9994	0.9994	0.9994	0.9994	1.0831	15.86	15.59	15.61	15.57	15.41	609484	610980	629936	634700	633592
SRR27135507	OXFORD_NANOPORE	7037146	0.1960	not detected	no	no	0.9595	0.9595	0.9595	0.9595	1.0947	17.34	17.35	19.40	24.06	24.13	760864	705008	726480	727552	726956
SRR27136102	OXFORD_NANOPORE	1731453	0.2330	not detected	no	no	0.9865	0.9865	0.9865	0.9865	1.0887	53.57	53.72	53.96	53.77	53.80	1410888	1367572	1462260	1388512	1362940
SRR27136103	OXFORD_NANOPORE	1731453	0.2950	not detected	no	no	0.9447	0.9447	0.9447	0.9447	1.1245	29.09	28.53	28.46	29.01	28.71	865240	956004	863976	907560	881068
SRR27136104	OXFORD_NANOPORE	1733516	0.1880	not detected	no	no	0.9838	0.9838	0.9838	0.9838	1.0432	50.94	51.41	50.72	50.62	51.61	1456800	1533544	1553220	1578892	1508004
SRR27136105	OXFORD_NANOPORE	1735524	0.2400	not detected	no	no	0.9938	0.9938	0.9938	0.9938	1.0820	43.20	55.66	45.99	45.55	47.33	1327864	1293244	1363268	1309696	1377428
SRR27136106	OXFORD_NANOPORE	1729406	0.2190	not detected	no	no	0.9770	0.9770	0.9770	0.9770	1.0642	42.47	42.88	42.05	43.06	41.72	1470452	1410800	1450700	1467872	1344252
SRR27136108	OXFORD_NANOPORE	1731455	0.2380	not detected	no	no	0.9840	0.9840	0.9840	0.9840	1.0871	79.10	78.21	49.25	51.00	72.67	1375856	1369044	1367440	1406708	1391580
SRR27136109	OXFORD_NANOPORE	1733189	0.2230	detected	yes	no	0.9696	0.9875	0.9875	0.9696	1.0771	38.66	37.44	39.24	38.65	38.39	1332384	1385496	1269984	1311476	1346000
SRR27136110	OXFORD_NANOPORE	1733514	0.2570	not detected	no	no	0.9902	0.9902	0.9902	0.9902	1.1005	31.19	31.07	31.40	31.08	31.14	1005232	944788	996324	1023840	970004
SRR27136111	OXFORD_NANOPORE	1733516	0.2550	not detected	no	no	0.9784	0.9784	0.9784	0.9784	1.0972	24.01	23.62	23.72	23.28	23.31	897816	885988	864300	860040	880660
SRR27136112	OXFORD_NANOPORE	1731453	0.2360	not detected	no	no	0.9742	0.9742	0.9742	0.9742	1.0812	32.77	32.29	34.20	32.76	32.64	987112	1012800	1004252	1023576	989284
SRR27136113	OXFORD_NANOPORE	1729391	0.1980	not detected	no	no	0.9959	0.9959	0.9959	0.9959	1.0709	58.05	57.99	57.65	57.94	58.15	1652132	1596448	1690656	1678792	1643136
SRR27136114	OXFORD_NANOPORE	1729392	0.2090	not detected	no	no	0.9894	0.9894	0.9894	0.9894	1.0828	27.11	26.19	25.84	26.35	26.17	1090148	1027144	1049208	1097064	1064528
SRR27162019	OXFORD_NANOPORE	7640287	0.1630	not detected	no	no	0.9607	0.9607	0.9607	0.9607	1.0209	17.36	17.13	17.44	17.30	17.76	948404	946876	933592	976432	972208
SRR27175321	OXFORD_NANOPORE	6097890	0.3620	not detected	no	no	1.0132	1.0132	1.0132	1.0132	1.2388	14.92	14.95	15.10	14.98	15.12	1002644	980220	1034876	1028272	1039288
SRR27183504	OXFORD_NANOPORE	3597785	0.3450	not detected	no	no	1.0967	1.0967	1.0967	1.0967	1.4473	13.30	13.23	13.55	13.26	13.26	594592	592556	615600	615752	616988
SRR27187200	OXFORD_NANOPORE	6693153	0.2070	not detected	no	no	0.9360	0.9360	0.9360	0.9360	1.0379	24.63	24.70	24.02	24.77	25.08	1101184	1075764	1074792	1094164	1095492
SRR27198271	OXFORD_NANOPORE	4152794	0.2480	not detected	no	no	1.0094	1.0094	1.0094	1.0094	1.2459	22.48	22.51	22.56	22.54	22.66	807000	799368	820976	807672	839948
SRR27198384	OXFORD_NANOPORE	4409437	0.3080	not detected	no	no	1.0289	1.0289	1.0289	1.0289	1.2823	27.33	27.12	27.01	26.74	26.74	1268936	1291956	1320260	1328316	1325164
SRR27204061	OXFORD_NANOPORE	3150274	0.1500	not detected	no	no	0.9817	0.9817	0.9817	0.9817	1.0624	42.72	37.15	49.65	34.52	49.16	824708	833664	846628	880484	877904
SRR27204063	OXFORD_NANOPORE	2965833	0.1710	not detected	no	no	0.9704	0.9704	0.9704	0.9704	1.0564	55.14	55.15	55.12	54.92	54.60	1481700	1481548	1533452	1501512	1540700
SRR27218471	OXFORD_NANOPORE	3621605	0.3860	not detected	no	no	1.0868	1.0868	1.0868	1.0868	1.6028	14.84	14.99	14.95	14.81	14.96	418744	426748	451492	442948	447900
SRR27218567	OXFORD_NANOPORE	3893327	0.4260	not detected	no	no	1.1026	1.1026	1.1026	1.1026	1.6187	16.03	15.53	16.50	15.87	16.11	555440	515200	530472	530528	526996
SRR27219901	OXFORD_NANOPORE	3892263	0.6910	not detected	no	no	1.2733	1.2733	1.2733	1.2733	3.2626	15.73	15.52	15.86	15.66	15.69	588996	592760	609108	612644	609880
SRR27256752	OXFORD_NANOPORE	4765196	0.2930	not detected	no	no	0.9841	0.9841	0.9841	0.9841	1.1768	19.48	19.31	19.86	19.24	19.82	527940	543816	550812	548628	553096
SRR27256802	OXFORD_NANOPORE	4760091	0.3500	detected	yes	no	0.9677	0.9634	0.9634	0.9677	1.1831	25.31	23.55	39.03	44.71	39.62	671784	668244	784480	793676	779860
SRR27272519	PACBIO_SMRT	1841219	0.5360	not detected	no	no	2.5871	2.5871	2.5871	2.5871	5.4576	17.79	17.78	18.10	17.99	18.15	1142652	1145156	1165136	1163872	1166516
SRR27312761	OXFORD_NANOPORE	6424469	0.3200	not detected	no	no	1.0371	1.0371	1.0371	1.0371	1.3964	17.13	17.11	17.38	18.25	17.97	553204	554700	578912	577060	578864
SRR27467448	OXFORD_NANOPORE	5325176	0.5860	not detected	no	no	1.0709	1.0709	1.0709	1.0709	2.5943	13.81	13.69	13.85	13.91	13.90	920104	923912	935904	935040	938388
SRR27467449	OXFORD_NANOPORE	5325176	0.5230	not detected	no	no	1.0499	0.9638	1.0499	1.0499	2.0859	2.91	3.73	3.78	3.78	3.77	144300	475488	486076	497252	484784
SRR27467450	OXFORD_NANOPORE	5325176	0.4500	not detected	no	no	1.0320	1.0320	1.0320	1.0320	1.6338	16.70	16.34	16.54	16.54	16.50	916920	936308	934356	940708	934572
SRR27467477	OXFORD_NANOPORE	5176282	0.6920	not detected	no	no	1.1809	1.1809	1.1809	1.1809	4.3212	10.76	10.70	10.63	10.68	10.77	698472	695044	721084	719624	721400
SRR27467478	OXFORD_NANOPORE	5176282	0.6200	not detected	no	no	1.1021	1.0445	1.1021	1.1021	2.8233	3.32	6.03	3.96	3.99	3.86	150608	387772	391244	389348	391248
SRR27467479	OXFORD_NANOPORE	5176282	0.5920	not detected	no	no	1.1167	1.1167	1.1167	1.1167	2.6328	9.35	9.19	9.23	9.28	9.26	679168	682848	707532	706780	704384
SRR27467497	PACBIO_SMRT	2677288	0.1730	not detected	no	no	1.1356	1.1356	1.1356	1.1356	1.3023	11.73	11.54	11.79	11.73	11.71	1579448	1579228	1612520	1612512	1611612
SRR27467500	PACBIO_SMRT	2763307	0.1560	not detected	no	no	1.1656	1.1656	1.1656	1.1656	1.3306	14.17	13.62	13.90	14.42	14.32	1598580	1601500	1620144	1623012	1621244
SRR27467501	PACBIO_SMRT	2763294	0.1540	not detected	no	no	1.1581	1.1581	1.1581	1.1581	1.3035	14.72	14.69	14.77	14.33	14.57	1646188	1640828	1672584	1670948	1672904
SRR27467502	PACBIO_SMRT	2628153	0.1780	not detected	no	no	1.1411	1.1411	1.1411	1.1411	1.3278	14.53	14.71	14.55	14.50	14.46	1615252	1619940	1635060	1672416	1637932
SRR27467503	PACBIO_SMRT	2758816	0.1590	not detected	no	no	1.1470	1.1470	1.1470	1.1470	1.3148	14.38	14.26	14.82	14.84	14.74	1620852	1622660	1661868	1664696	1645472
SRR27467504	PACBIO_SMRT	2763341	0.1590	not detected	no	no	1.1597	1.1597	1.1597	1.1597	1.3365	13.84	13.85	14.03	13.98	14.03	1606100	1608492	1632228	1636640	1633968
SRR27467505	PACBIO_SMRT	2763289	0.1530	not detected	no	no	1.1513	1.1513	1.1513	1.1513	1.3132	16.06	15.85	16.60	16.10	16.36	1682048	1687884	1704192	1691532	1723828
SRR27467508	PACBIO_SMRT	2758838	0.1640	not detected	no	no	1.1713	1.1713	1.1713	1.1713	1.3327	13.88	13.65	13.95	14.34	14.09	1389304	1383524	1406364	1419268	1439884
SRR27467509	PACBIO_SMRT	2758839	0.1540	not detected	no	no	1.1519	1.1519	1.1519	1.1519	1.3171	12.69	12.59	12.82	12.80	12.74	1633252	1633080	1664868	1660260	1657528
SRR27467511	PACBIO_SMRT	2614675	0.1650	not detected	no	no	1.1734	1.1734	1.1734	1.1734	1.3455	13.18	12.79	17.79	15.66	17.90	1366996	1347172	1455364	1429688	1433464
SRR27467529	PACBIO_SMRT	2708221	0.1610	not detected	no	no	1.1497	1.1497	1.1497	1.1497	1.3143	15.64	15.21	15.86	16.31	15.53	1633564	1625372	1653068	1657044	1650600
SRR27467545	PACBIO_SMRT	2577173	0.1520	not detected	no	no	1.1614	1.1614	1.1614	1.1614	1.3295	14.68	14.45	14.80	14.63	14.58	1600584	1600588	1624140	1622516	1628372
SRR27467549	PACBIO_SMRT	2559690	0.1790	not detected	no	no	1.1457	1.1457	1.1457	1.1457	1.3307	12.95	12.58	13.28	13.37	13.07	1576448	1579904	1615412	1603432	1610592
SRR27467552	PACBIO_SMRT	2647634	0.1960	not detected	no	no	1.1322	1.1322	1.1322	1.1322	1.3112	14.34	14.03	14.93	14.17	13.93	1623504	1623680	1638060	1650468	1655640
SRR27467554	PACBIO_SMRT	2556042	0.1830	not detected	no	no	1.1412	1.1412	1.1412	1.1412	1.3250	13.96	13.64	14.07	13.86	13.86	1542580	1539296	1569120	1565732	1566508
SRR27467576	PACBIO_SMRT	2745352	0.1590	not detected	no	no	1.1385	1.1385	1.1385	1.1385	1.3023	11.47	11.44	11.62	11.59	11.52	1636112	1639536	1662080	1659864	1663020
SRR27467579	PACBIO_SMRT	2688131	0.2150	not detected	no	no	1.1453	1.1453	1.1453	1.1453	1.3270	13.67	13.69	13.92	13.90	13.94	1576968	1578492	1604804	1602252	1604992
SRR27467584	PACBIO_SMRT	2556042	0.1900	not detected	no	no	1.1325	1.1325	1.1325	1.1325	1.3097	21.75	23.16	18.03	17.16	17.45	1643768	1658100	1682728	1633104	1638076
SRR27467586	PACBIO_SMRT	2556042	0.1820	not detected	no	no	1.1420	1.1420	1.1420	1.1420	1.3323	13.86	13.03	13.52	13.57	13.55	1571708	1563708	1584900	1626304	1615172
SRR27467589	OXFORD_NANOPORE	5206775	0.6230	not detected	no	no	1.1172	1.1172	1.1172	1.1172	3.1149	12.01	11.87	11.96	11.89	12.09	795960	770176	818812	820516	791928
SRR27467590	OXFORD_NANOPORE	5206775	0.5670	not detected	no	no	1.0583	1.0520	1.0583	1.0583	2.1570	4.71	4.82	4.89	4.93	4.83	282568	453400	490568	476232	493332
SRR27467591	OXFORD_NANOPORE	5206775	0.6420	not detected	no	no	1.0963	1.0963	1.0963	1.0963	3.1596	8.14	8.17	8.29	8.22	8.12	582836	582836	606324	606324	606316
SRR27558654	PACBIO_SMRT	4027436	0.1940	not detected	no	no	1.1797	1.1797	1.1797	1.1797	1.4129	14.87	10.79	10.93	11.09	11.62	1267872	1233512	1290792	1246688	1296136
SRR27561239	OXFORD_NANOPORE	2663721	0.1910	not detected	no	no	1.1476	1.1476	1.1476	1.1476	1.3037	6.91	5.13	5.48	6.53	5.47	323548	356728	377092	373064	364800
SRR27561241	OXFORD_NANOPORE	2558482	0.1300	not detected	no	no	1.0209	1.0209	1.0209	1.0209	1.0836	23.77	23.15	23.92	28.21	31.92	576812	578300	599928	616640	601536
SRR27561242	OXFORD_NANOPORE	2561081	0.1700	not detected	no	no	1.0854	1.0854	1.0854	1.0854	1.1522	29.40	29.35	29.89	29.51	29.24	971876	1004528	1013228	1056712	1001728
SRR27561248	OXFORD_NANOPORE	2611460	0.3120	not detected	no	no	1.1064	1.1064	1.1064	1.1064	1.2896	8.32	8.28	8.85	8.52	8.48	552900	574932	637820	598692	599476
SRR27561250	OXFORD_NANOPORE	2538102	0.1550	not detected	no	no	1.0633	1.0633	1.0633	1.0633	1.1515	11.63	11.71	12.19	12.04	12.04	456768	469700	482960	497744	460484
SRR27561273	OXFORD_NANOPORE	2498570	0.2120	detected	yes	no	1.1165	1.1725	1.1725	1.1165	1.2373	35.97	36.22	35.81	35.70	36.24	1317360	1310104	1154492	1159252	1139248
SRR27561276	OXFORD_NANOPORE	2439988	0.1530	detected	yes	no	1.1836	1.3313	1.3313	1.1836	1.3044	56.81	55.29	22.80	23.16	22.90	1776892	1733880	1011840	1082968	1053084
SRR27561279	OXFORD_NANOPORE	2587345	0.2420	detected	yes	no	1.0628	1.0119	1.0119	1.0628	1.2325	46.95	53.38	55.69	53.10	43.53	1095868	1082752	1130756	1172064	1039712
SRR27608435	OXFORD_NANOPORE	6427509	0.1760	not detected	no	no	1.0072	0.9999	1.0072	1.0072	1.1531	6.77	6.12	6.30	6.35	6.38	763624	929616	944024	940952	923664
SRR27638605	PACBIO_SMRT	3333066	0.1530	not detected	no	no	0.9548	0.9548	0.9548	0.9548	0.9886	47.48	47.04	47.02	46.78	47.22	1012592	1008584	1025128	1024556	1028812
SRR27678663	OXFORD_NANOPORE	5004067	0.4570	not detected	no	no	1.2053	1.2053	1.2053	1.2053	1.8475	4.23	4.31	4.35	4.30	4.38	543436	544460	563604	568788	565864
SRR27678667	OXFORD_NANOPORE	5451292	0.4510	not detected	no	no	1.0704	1.0704	1.0704	1.0704	1.4751	4.74	4.68	4.81	4.82	4.77	560532	558472	585020	576892	567324
SRR27678670	OXFORD_NANOPORE	4237328	0.5370	not detected	no	no	1.2808	1.2808	1.2808	1.2808	2.2590	5.24	5.25	5.35	5.56	5.43	305704	300444	325264	345492	317272
SRR27678677	OXFORD_NANOPORE	3677506	0.1110	not detected	no	no	1.0429	1.0429	1.0429	1.0429	1.1018	11.45	11.77	10.94	10.87	11.38	653848	655348	677628	672248	675972
SRR27678678	OXFORD_NANOPORE	3797173	0.4310	not detected	no	no	1.1293	1.1293	1.1293	1.1293	1.6623	3.71	3.70	3.69	3.79	3.68	462704	464160	488332	485296	490688
SRR27678687	OXFORD_NANOPORE	5436505	0.4810	not detected	no	no	1.1384	1.1384	1.1384	1.1384	1.6874	4.19	4.26	4.22	4.16	4.24	556104	581052	592540	576772	602008
SRR27678688	OXFORD_NANOPORE	4014983	0.4460	not detected	no	no	1.1569	1.1569	1.1569	1.1569	1.6548	10.23	9.83	9.99	9.85	9.88	599376	579680	606804	574536	622032
SRR27678689	OXFORD_NANOPORE	5501225	0.3650	not detected	no	no	1.1035	1.1035	1.1035	1.1035	1.4441	11.55	9.00	9.21	9.85	9.75	850108	823816	847476	861020	875692
SRR27678693	OXFORD_NANOPORE	3781803	0.5460	not detected	no	no	1.2693	1.2693	1.2693	1.2693	2.3072	4.48	4.46	4.56	4.60	4.48	303400	290488	310560	321496	308532
SRR27678694	OXFORD_NANOPORE	3777634	0.4260	not detected	no	no	1.1547	1.1547	1.1547	1.1547	1.7238	5.43	5.51	5.64	6.61	7.11	433432	433936	473628	482004	463076
SRR27678695	OXFORD_NANOPORE	4335104	0.4130	not detected	no	no	1.1558	1.1558	1.1558	1.1558	1.6615	7.23	7.26	7.38	7.32	7.35	457528	458088	489220	473824	474704
SRR27678699	OXFORD_NANOPORE	3681492	0.4190	not detected	no	no	1.2225	1.2225	1.2225	1.2225	1.8667	5.57	5.72	5.55	6.33	5.53	426064	444432	460684	435280	460064
SRR27678700	OXFORD_NANOPORE	4090469	0.0980	not detected	no	no	1.0539	1.0539	1.0539	1.0539	1.1362	6.39	6.50	6.53	6.64	6.55	297860	294588	313444	313516	317864
SRR27678701	OXFORD_NANOPORE	4090469	0.1270	not detected	no	no	1.0366	1.0366	1.0366	1.0366	1.0984	14.76	14.53	14.97	15.08	15.04	695156	695156	720752	720728	722548
SRR27678704	OXFORD_NANOPORE	5289572	0.4410	not detected	no	no	1.2089	1.2089	1.2089	1.2089	1.7721	5.67	5.73	5.78	5.76	5.76	521260	523656	537256	528444	541468
SRR27678709	OXFORD_NANOPORE	6231385	0.4730	not detected	no	no	1.1550	1.1550	1.1550	1.1550	1.7937	8.31	7.94	8.17	8.44	8.25	406220	411720	451952	443360	424704
SRR27678712	OXFORD_NANOPORE	5668946	0.4910	not detected	no	no	1.2644	1.2644	1.2644	1.2644	2.0625	4.51	4.50	4.75	4.61	4.83	378852	386144	400420	399196	404048
SRR27678714	OXFORD_NANOPORE	5786109	0.4240	not detected	no	no	1.0121	1.0121	1.0121	1.0121	1.3726	5.17	5.49	5.93	5.34	5.42	594492	591004	644088	627396	620032
SRR27678716	OXFORD_NANOPORE	5588297	0.5660	not detected	no	no	1.2496	1.2496	1.2496	1.2496	2.1312	2.75	2.76	2.80	2.80	2.84	300568	308252	325016	325028	326312
SRR27678719	OXFORD_NANOPORE	4803959	0.4760	not detected	no	no	1.2590	1.2590	1.2590	1.2590	1.9555	3.76	3.90	3.82	3.78	3.76	545116	549172	570704	563888	561408
SRR27678720	OXFORD_NANOPORE	5093378	0.4330	not detected	no	no	1.1064	1.1064	1.1064	1.1064	1.5157	6.87	7.08	8.40	6.94	6.66	594332	577896	653064	658796	610928
SRR27678724	OXFORD_NANOPORE	6085354	0.4520	not detected	no	no	1.1602	1.1602	1.1602	1.1602	1.6429	6.46	6.67	7.01	6.98	8.02	538392	576468	602440	598032	600580
SRR27678734	OXFORD_NANOPORE	5783869	0.5780	not detected	no	no	1.2140	1.2140	1.2140	1.2140	2.1901	6.79	6.75	6.97	6.95	6.99	294248	290144	315736	320116	314052
SRR27678745	OXFORD_NANOPORE	5678058	0.1440	not detected	no	no	1.0490	1.0490	1.0490	1.0490	1.1353	4.77	4.69	4.72	4.75	4.76	303024	319020	327632	329600	331496
SRR27678752	OXFORD_NANOPORE	6698229	0.3300	not detected	no	no	1.0977	1.0977	1.0977	1.0977	1.4074	5.73	5.80	5.84	5.70	5.80	645696	646252	669476	669944	668248
SRR27678753	OXFORD_NANOPORE	4085814	0.1030	not detected	no	no	1.0218	1.0218	1.0218	1.0218	1.0785	10.67	10.27	10.35	10.39	10.52	538508	538592	557040	559340	556048
SRR27678759	OXFORD_NANOPORE	5688347	0.5830	not detected	no	no	1.0944	1.0944	1.0944	1.0944	1.8458	4.66	4.57	4.86	4.58	4.83	335448	326556	374832	353932	381748
SRR27678764	OXFORD_NANOPORE	5348884	0.5740	not detected	no	no	1.2145	1.2145	1.2145	1.2145	1.9509	3.89	3.94	4.11	4.07	4.16	501780	526648	550512	546100	547332
SRR27695013	PACBIO_SMRT	4932464	0.1720	not detected	no	no	1.1359	1.1359	1.1359	1.1359	1.2926	9.49	9.48	9.90	9.87	9.76	1221496	1214468	1231424	1237944	1309376
SRR27704963	PACBIO_SMRT	5130088	0.1850	not detected	no	no	1.1375	1.1375	1.1375	1.1375	1.3073	10.61	10.76	10.80	10.91	10.83	1179780	1197728	1219288	1207968	1211480
SRR27704964	PACBIO_SMRT	4885829	0.1700	not detected	no	no	1.1513	1.1513	1.1513	1.1513	1.3201	10.24	10.06	10.38	10.22	10.23	1218400	1212368	1265588	1265348	1237716
SRR27704967	PACBIO_SMRT	5029763	0.2110	not detected	no	no	1.1328	1.1328	1.1328	1.1328	1.3386	9.05	8.76	9.07	9.33	9.11	1182448	1182876	1205484	1201388	1209576
SRR27710529	OXFORD_NANOPORE	5243269	0.1720	not detected	no	no	0.9480	0.9480	0.9480	0.9480	1.0096	54.79	54.51	55.01	55.25	55.66	1843692	1835772	1774888	1862820	1830984
SRR27710535	OXFORD_NANOPORE	4120089	0.2220	not detected	no	no	0.9846	0.9846	0.9846	0.9846	1.0522	29.74	29.42	29.45	29.42	29.52	1223848	1242040	1227016	1281396	1252512
SRR27726272	PACBIO_SMRT	4862388	0.7390	detected	yes	no	0.8313	0.8610	0.8610	0.8313	0.9167	39.96	38.50	26.47	26.95	26.79	1125436	1103708	964076	974808	930128
SRR27798004	OXFORD_NANOPORE	3807059	0.1480	not detected	no	no	1.0470	1.0470	1.0470	1.0470	1.1300	9.14	8.96	9.30	9.29	9.28	393724	391764	415780	419668	413976
SRR27829598	OXFORD_NANOPORE	5696771	0.1780	not detected	no	no	1.0185	1.0185	1.0185	1.0185	1.1075	15.59	15.77	15.94	15.97	15.86	962452	966224	1023892	1025900	1024060
SRR27869584	OXFORD_NANOPORE	4703667	0.2280	not detected	no	no	1.0537	1.0537	1.0537	1.0537	1.1644	18.86	16.93	22.93	16.58	24.55	1026516	1026792	1058624	1018004	1029644
SRR27935473	OXFORD_NANOPORE	4130172	0.5260	not detected	no	no	1.3573	1.3573	1.3573	1.3573	2.0772	12.50	12.49	12.78	12.94	12.77	406780	399220	450736	453064	435696
SRR27956926	PACBIO_SMRT	2044475	0.6470	detected	yes	no	1.0558	1.0810	1.0810	1.0558	1.5888	8.51	8.53	25.59	21.39	23.10	630040	657344	776844	797820	791936
SRR27962678	OXFORD_NANOPORE	2863896	0.3360	not detected	no	no	1.0491	1.0458	1.0491	1.0491	1.3066	15.65	13.65	13.71	13.59	13.62	619640	769384	749240	797668	745856
SRR27967205	OXFORD_NANOPORE	5147272	0.2320	detected	yes	no	0.9737	1.0330	1.0330	0.9737	1.1111	59.41	60.79	30.56	29.21	29.93	1504408	1528984	1289880	1297052	1328272
SRR27967206	OXFORD_NANOPORE	5166098	0.2380	not detected	no	no	0.9597	0.9597	0.9597	0.9597	1.1261	24.31	24.17	24.52	25.43	24.89	991904	1025012	1027460	1031636	1042348
SRR27967207	OXFORD_NANOPORE	5121455	0.2170	not detected	no	no	0.9789	0.9789	0.9789	0.9789	1.1212	31.02	30.40	30.92	30.92	30.73	1051516	1052816	1042324	1063544	1062920
SRR27967419	OXFORD_NANOPORE	5476635	0.3170	detected	yes	no	0.9219	0.9197	0.9197	0.9219	1.0946	29.47	28.99	37.57	37.43	37.40	987516	987340	1034788	1105508	1113008
SRR27967420	OXFORD_NANOPORE	5505582	0.3580	not detected	no	no	0.9353	0.9353	0.9353	0.9353	1.1054	30.66	30.33	30.01	30.54	30.03	988220	1027376	1038640	1037648	1016848
SRR28015934	OXFORD_NANOPORE	6868315	0.2190	not detected	no	no	1.0181	1.0181	1.0181	1.0181	1.1665	13.93	15.62	13.46	15.15	13.99	1068024	999412	1063872	1067396	1058900
SRR28019343	PACBIO_SMRT	5503431	0.3090	not detected	no	no	1.1762	1.1762	1.1762	1.1762	1.4037	12.90	13.10	14.32	13.68	13.27	1233460	1276516	1315716	1300236	1272152
SRR28036849	OXFORD_NANOPORE	4882635	0.1680	not detected	no	no	0.9685	0.9685	0.9685	0.9685	1.0215	37.76	26.69	37.83	27.17	27.21	942048	953204	1009752	1019952	1017444
SRR28037804	PACBIO_SMRT	5408050	0.2300	not detected	no	no	1.1760	1.1760	1.1760	1.1760	1.4038	10.75	10.72	10.73	10.65	10.43	1196272	1204420	1227596	1230212	1230000
SRR28037811	PACBIO_SMRT	1991976	0.3380	not detected	no	no	1.6157	1.6157	1.6157	1.6157	2.2670	18.59	18.38	18.67	18.40	18.78	1166512	1173768	1200056	1195472	1198696
SRR28046834	OXFORD_NANOPORE	6929220	0.1060	not detected	no	no	0.9639	0.9639	0.9639	0.9639	0.9881	11.99	12.04	12.26	12.93	11.99	494608	477532	492672	497676	501948
SRR28046836	OXFORD_NANOPORE	7361451	0.0850	not detected	no	no	0.9583	0.9583	0.9583	0.9583	0.9849	11.43	11.45	11.49	11.46	11.53	459308	456228	478956	474060	472368
SRR28053600	OXFORD_NANOPORE	3435295	0.2490	not detected	no	no	1.0204	1.0204	1.0204	1.0204	1.2197	19.09	15.80	15.86	15.78	16.66	558156	539624	556176	559960	555032
SRR28082841	OXFORD_NANOPORE	6725148	0.0810	not detected	no	no	1.0005	1.0005	1.0005	1.0005	1.0264	8.96	8.70	8.89	8.82	8.98	617964	602636	620644	608700	610332
SRR28084436	OXFORD_NANOPORE	5339950	0.0720	not detected	no	no	0.8707	0.8707	0.8707	0.8707	0.8948	24.69	24.32	24.38	24.34	24.48	1008184	1032688	1036176	1012080	1013696
SRR28084437	OXFORD_NANOPORE	5409590	0.1500	not detected	no	no	0.8903	0.8903	0.8903	0.8903	0.9998	49.12	44.30	44.69	46.02	63.00	1249612	1272144	1328244	1232088	1254296
SRR28110421	OXFORD_NANOPORE	2611619	0.1000	not detected	no	no	1.0258	1.0258	1.0258	1.0258	1.0772	27.87	28.14	27.14	28.52	28.43	751540	758208	775472	771388	771500
SRR28110551	OXFORD_NANOPORE	2611553	0.1000	not detected	no	no	0.9863	0.9863	0.9863	0.9863	1.0418	18.73	18.65	18.94	18.88	18.92	628168	629764	649652	649392	647912
SRR28129708	PACBIO_SMRT	1629078	0.0960	not detected	no	no	0.9719	0.9710	0.9719	0.9719	0.9852	54.92	48.74	49.22	48.71	48.17	719196	872532	883536	874956	887312
SRR28153371	OXFORD_NANOPORE	4058791	0.2850	not detected	no	no	1.1022	1.1022	1.1022	1.1022	1.3240	4.34	4.32	4.39	4.40	4.41	521188	523788	550584	547056	541604
SRR28203231	OXFORD_NANOPORE	5853167	0.2710	not detected	no	no	0.9809	0.9809	0.9809	0.9809	1.1126	48.13	36.58	37.03	61.50	44.64	2018004	1899912	1949204	2056256	2067124
SRR28208385	OXFORD_NANOPORE	1000928	0.6510	not detected	no	no	1.2503	1.2503	1.2503	1.2503	2.5348	5.59	5.32	5.20	5.41	6.17	339976	346200	359516	383272	371032
SRR28208482	OXFORD_NANOPORE	1132542	0.6640	detected	yes	no	0.9596	0.8590	0.8590	0.9596	1.4186	33.33	33.44	43.04	28.56	43.32	832896	802808	796892	771616	795952
SRR28222457	OXFORD_NANOPORE	4024416	0.1290	not detected	no	no	0.9998	0.9998	0.9998	0.9998	1.0897	26.54	25.93	26.86	26.28	26.03	994768	953832	1029524	1009420	1030340
SRR28222992	OXFORD_NANOPORE	3904583	0.1740	not detected	no	no	1.1110	1.1110	1.1110	1.1110	1.2806	13.83	13.95	14.24	14.57	14.23	573228	569684	637268	595588	601764
SRR28223506	OXFORD_NANOPORE	4598240	0.4910	detected	yes	no	0.8129	0.7608	0.7608	0.8129	1.2138	201.66	200.15	53.37	52.92	54.20	4581872	4401316	2075044	2101100	2101240
SRR28223604	OXFORD_NANOPORE	2455483	0.1580	not detected	no	no	1.0981	1.1030	1.0981	1.0981	1.2288	4.58	4.26	4.23	4.22	4.34	341196	438600	466704	469396	456824
SRR28247437	OXFORD_NANOPORE	6243169	0.1820	not detected	no	no	0.9902	0.9902	0.9902	0.9902	1.0766	33.09	32.36	32.20	32.99	32.70	1479376	1428160	1495924	1500820	1444812
SRR28257190	PACBIO_SMRT	6275045	0.2310	not detected	no	no	1.3157	1.3157	1.3157	1.3157	1.6402	6.28	6.20	6.37	6.45	6.47	637220	640520	662356	646148	665120
SRR28257202	PACBIO_SMRT	4648175	0.3490	not detected	no	no	1.7194	1.7194	1.7194	1.7194	2.4892	5.93	5.85	6.28	6.36	6.30	590724	590456	608372	604044	606104
SRR28257217	PACBIO_SMRT	4299551	0.1780	not detected	no	no	1.2242	1.2242	1.2242	1.2242	1.4509	8.55	8.06	9.81	9.88	8.16	901340	897164	917880	909584	914812
SRR28257223	PACBIO_SMRT	4298779	0.1720	not detected	no	no	1.2058	1.2058	1.2058	1.2058	1.4306	8.57	9.20	11.60	8.53	9.31	957988	957152	940864	910888	918576
SRR28257226	PACBIO_SMRT	4299489	0.1680	not detected	no	no	1.1940	1.1940	1.1940	1.1940	1.4230	8.00	9.11	7.98	7.92	9.13	978592	990776	1005112	1042424	992020
SRR28257243	PACBIO_SMRT	4638994	0.3260	not detected	no	no	1.6329	1.6329	1.6329	1.6329	2.3230	6.29	6.37	6.57	6.55	6.60	600848	602892	619788	617344	622084
SRR28257247	PACBIO_SMRT	4645241	0.2300	not detected	no	no	1.2335	1.2335	1.2335	1.2335	1.5005	7.36	7.61	7.92	7.85	7.93	916820	917576	938064	934912	939864
SRR28257255	PACBIO_SMRT	4295479	0.1810	not detected	no	no	1.2227	1.2227	1.2227	1.2227	1.4706	7.66	8.31	9.18	8.29	7.52	693032	691136	720916	732952	739524
SRR28257257	OXFORD_NANOPORE	4308670	0.3990	not detected	no	no	1.1586	1.1586	1.1586	1.1586	1.5838	14.21	14.39	14.97	14.78	14.84	861764	852940	836104	858628	862796
SRR28331549	OXFORD_NANOPORE	5410479	0.1070	not detected	no	no	1.0638	1.0638	1.0638	1.0638	1.1371	15.99	16.04	16.15	15.91	16.04	464872	468004	472752	486652	471104
SRR28331550	OXFORD_NANOPORE	5410485	0.1120	not detected	no	no	1.0168	1.0168	1.0168	1.0168	1.0698	19.12	19.22	19.43	19.28	19.43	692480	693976	716648	713724	714644
SRR28331551	OXFORD_NANOPORE	5410482	0.0980	not detected	no	no	1.0341	1.0341	1.0341	1.0341	1.0710	17.62	17.82	18.08	18.06	20.29	519548	529516	554364	544448	545156
SRR28331552	OXFORD_NANOPORE	5410489	0.1520	not detected	no	no	0.9794	0.9794	0.9794	0.9794	1.0535	132.07	129.37	130.07	129.28	128.87	3364976	3480140	3474564	3462008	3457888
SRR28331553	OXFORD_NANOPORE	5410494	0.1220	not detected	no	no	1.0518	1.0518	1.0518	1.0518	1.1460	9.69	9.33	9.79	9.28	9.43	315052	314824	326648	339588	340880
SRR28331554	OXFORD_NANOPORE	5410494	0.1000	not detected	no	no	1.0304	1.0304	1.0304	1.0304	1.0802	6.24	6.23	6.32	6.35	6.32	515248	519324	536468	536464	536464
SRR28332069	OXFORD_NANOPORE	5410479	0.4150	not detected	no	no	1.1002	1.1002	1.1002	1.1002	1.6050	15.36	15.75	15.95	15.97	16.42	465548	449092	492468	486328	491008
SRR28332070	OXFORD_NANOPORE	5410485	0.4150	not detected	no	no	1.1002	1.1002	1.1002	1.1002	1.6050	16.54	16.65	17.16	17.09	17.15	460596	455000	485516	474488	488340
SRR28332071	OXFORD_NANOPORE	5410482	0.3130	not detected	no	no	1.0585	1.0585	1.0585	1.0585	1.3614	17.34	17.20	17.68	17.67	17.52	531736	531728	553664	558828	557036
SRR28332072	OXFORD_NANOPORE	5410489	0.3510	not detected	no	no	1.0597	1.0597	1.0597	1.0597	1.3880	20.24	20.12	20.39	20.37	20.27	651448	651448	675908	673216	672900
SRR28332073	OXFORD_NANOPORE	5410494	0.2200	not detected	no	no	1.2182	1.2182	1.2182	1.2182	1.4663	7.69	7.37	8.07	7.49	7.53	315988	323644	340732	317280	310836
SRR28332074	OXFORD_NANOPORE	5410494	0.3970	not detected	no	no	1.1647	1.1647	1.1647	1.1647	1.6676	5.04	5.11	5.18	5.05	5.22	587580	586876	602936	605316	609476
SRR28374924	OXFORD_NANOPORE	2880240	0.1660	not detected	no	no	0.9680	0.9680	0.9680	0.9680	1.0530	54.48	54.54	55.03	55.13	55.15	1063992	1028408	1047820	1069584	1068960
SRR28375019	OXFORD_NANOPORE	4801471	0.2010	not detected	no	no	0.9827	0.9827	0.9827	0.9827	1.0235	54.70	54.68	54.94	54.88	54.82	1904272	1897560	1871640	1929192	1848128
SRR28415520	OXFORD_NANOPORE	2878122	0.4360	detected	yes	no	1.0548	1.1193	1.1193	1.0548	1.5567	28.18	27.86	18.65	18.72	18.79	1316064	1335200	665340	655900	679620
SRR28415521	OXFORD_NANOPORE	2883827	0.4490	detected	yes	no	1.0656	1.0987	1.0987	1.0656	1.6214	16.94	16.70	15.62	15.65	15.69	770404	742196	599864	603120	587484
SRR28415522	OXFORD_NANOPORE	2879544	0.4310	detected	yes	no	1.0615	1.1599	1.1599	1.0615	1.5580	36.32	36.01	18.40	18.14	18.34	1216588	1181324	608392	623716	624816
SRR28421272	OXFORD_NANOPORE	5348823	0.1040	not detected	no	no	1.0080	1.0080	1.0080	1.0080	1.0433	23.65	23.13	23.04	23.74	23.61	675284	675280	703060	706588	705840
SRR28518279	PACBIO_SMRT	5165709	0.3130	not detected	no	no	1.5004	1.5004	1.5004	1.5004	2.0568	14.68	15.57	16.61	15.50	15.92	1131400	1207152	1193976	1181708	1194196
SRR28552087	PACBIO_SMRT	6001468	0.2100	not detected	no	no	1.2578	1.2578	1.2578	1.2578	1.4813	9.18	9.11	9.48	9.54	9.57	1305932	1295960	1322808	1328860	1326524
SRR28558243	PACBIO_SMRT	5169345	0.0590	not detected	no	no	0.9899	0.9899	0.9899	0.9899	1.0150	4.60	4.56	4.55	4.55	4.54	391912	389952	409488	409488	409488
SRR28576149	PACBIO_SMRT	4089687	0.1910	not detected	no	no	0.9480	0.9480	0.9480	0.9480	0.9958	46.63	45.63	45.74	45.55	45.73	1408868	1405596	1444604	1413848	1442512
SRR28579936	PACBIO_SMRT	5231883	0.3140	not detected	no	no	1.2518	1.2518	1.2518	1.2518	1.6266	8.75	8.74	8.96	8.89	8.98	1131984	1132628	1157640	1158828	1156816
SRR28580118	OXFORD_NANOPORE	5094661	0.0840	not detected	no	no	1.0384	1.0384	1.0384	1.0384	1.1115	16.25	16.32	18.07	16.71	18.11	328960	343756	381324	358736	376892
SRR28580445	PACBIO_SMRT	6727739	0.1610	not detected	no	no	0.9544	0.9544	0.9544	0.9544	1.0036	35.05	34.27	34.43	34.98	34.42	1014884	969240	1065288	1065708	1064616
SRR28595544	PACBIO_SMRT	3159857	0.3930	not detected	no	no	0.9497	0.9497	0.9497	0.9497	1.0085	46.68	44.66	45.82	45.74	45.84	890716	893200	928916	920960	920356
SRR28607550	OXFORD_NANOPORE	4772170	0.2200	detected	yes	no	1.0011	1.0068	1.0068	1.0011	1.1305	32.29	32.46	34.37	34.48	35.01	1495060	1515672	1529896	1539580	1512592
SRR28623331	OXFORD_NANOPORE	4828209	0.2330	detected	yes	no	0.9953	0.6593	0.6593	0.9953	1.0876	154.48	151.64	96.26	98.33	99.41	3876248	3986184	2829204	2887116	2823684
SRR28624413	OXFORD_NANOPORE	4826145	0.3890	not detected	no	no	0.9830	0.9830	0.9830	0.9830	1.0664	28.17	28.04	28.34	28.16	28.33	1006656	974492	1019264	990344	993492
SRR28638968	OXFORD_NANOPORE	4826121	0.4330	not detected	no	no	0.9572	0.9572	0.9572	0.9572	1.0546	54.11	55.43	55.93	33.59	55.27	980560	991800	1001192	1014704	1010952
SRR28639069	OXFORD_NANOPORE	4826121	0.4220	not detected	no	no	0.9733	0.9733	0.9733	0.9733	1.0674	28.44	28.18	28.06	28.54	29.09	998448	1010084	997064	1014096	1008176
SRR28679068	PACBIO_SMRT	5286002	0.2190	not detected	no	no	0.9604	0.9604	0.9604	0.9604	0.9937	44.64	44.01	44.08	44.17	44.90	1178956	1154708	1181020	1254076	1221780
SRR28720844	PACBIO_SMRT	3930924	0.2330	not detected	no	no	1.3318	1.3318	1.3318	1.3318	1.6492	6.05	6.13	6.16	6.29	6.31	988944	990048	1007636	1006136	1007140
SRR28730575	PACBIO_SMRT	4639068	0.2500	not detected	no	no	1.2549	1.2549	1.2549	1.2549	1.5800	6.75	6.99	7.16	7.08	7.15	1020772	1012800	1043912	1042648	1037664
SRR28740023	OXFORD_NANOPORE	3366678	0.0850	not detected	no	no	1.0021	1.0021	1.0021	1.0021	1.0573	34.39	33.34	34.23	33.30	33.87	1170492	1161680	1219140	1162904	1223392
SRR28741285	OXFORD_NANOPORE	3270438	0.2080	not detected	no	no	1.0080	1.0080	1.0080	1.0080	1.1614	40.15	40.87	40.75	40.81	40.88	1711636	1762620	1782264	1782152	1781656
SRR28748141	OXFORD_NANOPORE	8481333	0.3970	not detected	no	no	1.0478	1.0478	1.0478	1.0478	1.3408	13.70	13.72	14.01	14.09	14.05	437992	449464	469968	476832	469824
SRR28748143	OXFORD_NANOPORE	5374642	0.2040	not detected	no	no	1.0435	1.0435	1.0435	1.0435	1.1409	12.69	12.16	12.34	12.29	12.52	861632	887340	887272	897636	889524
SRR28779488	PACBIO_SMRT	5712762	0.2120	not detected	no	no	1.1825	1.1825	1.1825	1.1825	1.3906	7.33	7.37	7.56	7.53	7.52	987844	988396	1013536	1013136	1013468
SRR28781548	PACBIO_SMRT	2206681	0.2210	not detected	no	no	1.1117	1.1117	1.1117	1.1117	1.3367	11.03	11.53	11.36	11.35	11.25	1173936	1167672	1193468	1195384	1191396
SRR28781557	PACBIO_SMRT	2095224	0.1900	not detected	no	no	1.1013	1.1013	1.1013	1.1013	1.2893	16.54	16.80	16.92	16.73	16.88	1608016	1606360	1635552	1637436	1634696
SRR28781560	PACBIO_SMRT	2185927	0.2060	not detected	no	no	1.1351	1.1351	1.1351	1.1351	1.3194	14.45	14.65	15.00	14.96	14.76	1513100	1522552	1544052	1543376	1544532
SRR28785304	PACBIO_SMRT	9114050	0.2510	not detected	no	no	0.8575	0.8575	0.8575	0.8575	0.9893	30.83	30.38	30.55	30.55	30.35	989052	958292	995708	999256	981036
SRR28800578	OXFORD_NANOPORE	5891468	0.5230	not detected	no	no	0.8612	0.8612	0.8612	0.8612	1.0955	41.76	41.29	41.60	41.89	41.79	1195920	1253720	1259280	1247160	1280804
SRR28800581	OXFORD_NANOPORE	5574726	0.4220	detected	yes	no	0.9143	0.9179	0.9179	0.9143	1.1220	32.28	32.59	41.53	40.98	40.81	1159788	1132400	1163068	1206824	1195476
SRR28811860	OXFORD_NANOPORE	3400965	0.4380	not detected	no	no	1.0981	1.0981	1.0981	1.0981	1.6735	4.78	4.71	4.71	4.70	4.71	375224	379944	408244	400040	404444
SRR28811872	OXFORD_NANOPORE	3359777	0.3760	not detected	no	no	1.0507	1.0507	1.0507	1.0507	1.4794	14.29	14.35	14.46	14.50	14.48	518260	520280	536096	536100	536104
SRR28811875	OXFORD_NANOPORE	3332865	0.5040	not detected	no	no	1.1236	1.1236	1.1236	1.1236	1.9391	8.15	7.99	8.21	6.78	7.49	273676	266308	305408	304596	306368
SRR28875596	PACBIO_SMRT	3853966	0.1270	not detected	no	no	0.9637	0.9637	0.9637	0.9637	0.9939	59.26	57.49	58.33	58.45	56.76	1164896	1150716	1209784	1214156	1189764
SRR28926170	OXFORD_NANOPORE	3908574	0.1560	not detected	no	no	0.9771	0.9771	0.9771	0.9771	1.0364	25.47	26.30	26.36	25.92	25.94	1057628	1020296	1106088	1128556	1061036
SRR28974803	OXFORD_NANOPORE	5290610	0.1350	not detected	no	no	1.0018	1.0018	1.0018	1.0018	1.0821	18.66	18.82	19.14	18.82	18.78	721612	717724	738360	737416	738816
SRR29006306	OXFORD_NANOPORE	6259455	0.1110	not detected	no	no	1.0112	1.0138	1.0112	1.0112	1.0694	7.89	7.93	7.54	6.52	6.59	565808	573000	587336	590004	589056
SRR29012380	OXFORD_NANOPORE	4112033	0.2100	not detected	no	no	1.0707	1.0977	1.0707	1.0707	1.2333	5.36	5.65	5.93	5.68	5.80	572708	1041952	1043704	1060660	1040056
SRR29024534	OXFORD_NANOPORE	4332588	0.0730	not detected	no	no	0.9965	0.9965	0.9965	0.9965	1.0248	19.93	19.59	19.54	19.36	19.51	834016	837740	851776	854296	854612
SRR29081115	OXFORD_NANOPORE	4445477	0.6830	not detected	no	no	1.3817	1.3817	1.3817	1.3817	2.8602	12.73	12.88	12.88	13.10	13.27	179188	170936	184892	193172	190948
SRR29081119	OXFORD_NANOPORE	4445673	0.6500	not detected	no	no	1.3777	1.3777	1.3777	1.3777	2.7594	13.47	13.06	13.24	13.48	14.27	232884	235052	242000	259488	267340
SRR29090061	OXFORD_NANOPORE	7078966	0.1060	not detected	no	no	0.9654	0.9654	0.9654	0.9654	1.0588	10.55	10.53	10.69	10.85	10.80	508888	508400	522268	542564	547180
SRR29090066	OXFORD_NANOPORE	5225065	0.2260	not detected	no	no	0.9794	0.9794	0.9794	0.9794	1.0389	40.72	38.94	39.05	38.85	38.76	1332944	1248184	1325612	1354116	1379672
SRR29099095	OXFORD_NANOPORE	4026995	0.1870	not detected	no	no	0.9680	0.9680	0.9680	0.9680	1.0428	38.29	38.60	38.51	38.35	38.52	1320460	1363564	1353076	1289632	1335244
SRR29099096	OXFORD_NANOPORE	4026412	0.1940	not detected	no	no	0.9789	0.9789	0.9789	0.9789	1.0446	49.69	49.89	49.76	48.28	48.94	1507416	1424896	1474836	1485144	1450172
SRR29099101	OXFORD_NANOPORE	4002559	0.1770	not detected	no	no	0.9474	0.9474	0.9474	0.9474	1.0527	29.97	29.27	29.46	29.06	29.62	1232064	1233244	1285264	1279412	1258520
SRR29099102	OXFORD_NANOPORE	3996574	0.1780	not detected	no	no	0.9520	0.9520	0.9520	0.9520	1.0333	53.47	53.31	52.13	52.14	52.55	1756728	1681396	1810860	1860240	1813284
SRR29099103	OXFORD_NANOPORE	3992193	0.1820	not detected	no	no	0.9750	0.9750	0.9750	0.9750	1.0501	47.88	46.46	45.91	46.94	46.22	1386388	1399276	1400316	1402792	1408068
SRR29131298	PACBIO_SMRT	4224675	0.1810	not detected	no	no	1.2127	1.2127	1.2127	1.2127	1.4491	7.09	7.11	7.44	7.33	7.40	837928	840592	857708	858084	859164
SRR29131303	PACBIO_SMRT	6274003	0.2170	not detected	no	no	1.2956	1.2956	1.2956	1.2956	1.6144	6.67	6.76	6.83	6.91	6.99	615692	617472	636444	630100	628496
SRR29131306	PACBIO_SMRT	6275199	0.2100	not detected	no	no	1.2786	1.2786	1.2786	1.2786	1.5651	6.63	6.61	7.01	6.86	6.97	620816	633096	650080	654180	658272
SRR29131317	PACBIO_SMRT	6275453	0.2660	not detected	no	no	1.3764	1.3764	1.3764	1.3764	1.7930	7.40	7.35	7.60	7.93	7.79	883020	875340	907260	937296	904068
SRR29131322	PACBIO_SMRT	4227051	0.4640	detected	yes	no	1.8238	1.8101	1.8101	1.8238	2.4819	10.21	9.94	19.51	19.30	19.68	629372	591516	704284	757108	728456
SRR29190359	OXFORD_NANOPORE	4733117	0.2710	detected	yes	no	1.0118	1.0072	1.0072	1.0118	1.1515	29.83	29.57	39.60	38.84	39.12	881676	880784	952904	900164	912828
SRR29203347	OXFORD_NANOPORE	2848613	0.1060	not detected	no	no	0.9950	0.9950	0.9950	0.9950	1.0895	9.25	9.22	9.62	9.42	9.48	868496	872012	882572	892568	882416
SRR2924715	PACBIO_SMRT	4639914	0.4160	not detected	no	no	1.4184	1.4184	1.4184	1.4184	2.1001	13.33	10.35	12.91	13.75	13.55	1061208	1047544	1090248	1066272	1091792
SRR29248331	OXFORD_NANOPORE	5475811	0.1640	not detected	no	no	0.9514	0.9514	0.9514	0.9514	1.0199	40.11	39.17	38.84	39.90	39.11	1570292	1580512	1601332	1596604	1600456
SRR2925029	PACBIO_SMRT	4089027	0.3840	not detected	no	no	1.5609	1.5609	1.5609	1.5609	2.3235	17.78	17.58	18.21	16.12	18.11	1114380	1101996	1156512	1172648	1167044
SRR29307546	OXFORD_NANOPORE	4461099	0.1730	not detected	no	no	0.9666	0.9666	0.9666	0.9666	1.0997	29.71	29.40	30.39	29.99	30.20	1065276	1023052	1089652	1065004	1098236
SRR29314677	OXFORD_NANOPORE	3623697	0.2410	not detected	no	no	1.0566	1.0566	1.0566	1.0566	1.2162	34.25	34.90	34.61	34.69	34.73	1099360	1106600	1127708	1150188	1121364
SRR29321010	OXFORD_NANOPORE	3191899	0.6080	not detected	no	no	1.9491	1.9491	1.9491	1.9491	3.5586	3.70	3.59	3.90	3.59	3.78	594060	585964	627560	610952	652656
SRR29360624	PACBIO_SMRT	3265637	0.1960	not detected	no	no	1.1611	1.1611	1.1611	1.1611	1.3660	8.52	8.53	8.57	8.75	8.84	1122904	1119860	1139476	1139864	1139176
SRR29360690	OXFORD_NANOPORE	2673297	0.4300	not detected	no	no	1.1159	1.1159	1.1159	1.1159	1.4103	21.13	21.14	21.47	21.33	21.55	1007152	968156	994200	1015388	1011012
SRR29457729	OXFORD_NANOPORE	4434229	0.4580	not detected	no	no	1.0530	1.0530	1.0530	1.0530	1.5922	16.99	16.72	17.42	18.29	17.01	416416	417736	444652	445084	443928
SRR29500127	PACBIO_SMRT	2265305	0.1850	not detected	no	no	0.9660	0.9660	0.9660	0.9660	1.0004	259.99	249.39	255.40	265.60	272.29	2440156	2438908	2452676	2442644	2469332
SRR29504274	PACBIO_SMRT	2265305	0.2240	not detected	no	no	0.9407	0.9407	0.9407	0.9407	1.0229	269.81	263.14	258.80	258.51	266.90	2223556	2241808	2290276	2286548	2247428
SRR29506353	PACBIO_SMRT	2291622	0.1630	not detected	no	no	0.9808	0.9808	0.9808	0.9808	0.9960	246.68	241.74	240.67	241.85	240.76	2523032	2557032	2580676	2572632	2535968
SRR29516537	OXFORD_NANOPORE	6445396	0.1790	not detected	no	no	0.9477	0.9477	0.9477	0.9477	1.0501	24.03	24.19	24.44	24.67	23.82	1052624	1035004	1123612	1082220	1035516
SRR29516540	OXFORD_NANOPORE	6397839	0.2410	not detected	no	no	0.9542	0.9542	0.9542	0.9542	1.0570	21.25	21.82	21.76	21.41	21.72	881468	871248	930160	941716	930960
SRR29516548	OXFORD_NANOPORE	6365678	0.1720	not detected	no	no	0.9852	0.9852	0.9852	0.9852	1.0542	22.43	22.05	22.83	22.53	28.02	1069920	1058788	1122588	1147400	1071888
SRR29516549	OXFORD_NANOPORE	6119233	0.3970	detected	yes	no	0.9222	0.9406	0.9406	0.9222	1.2547	16.30	16.22	24.93	24.49	24.78	521584	498296	571916	544424	557176
SRR29525484	PACBIO_SMRT	2282939	0.1220	not detected	no	no	0.9975	0.9975	0.9975	0.9975	1.0131	230.83	223.20	221.41	223.52	250.83	2333084	2337280	2289740	2293000	2375012
SRR29533363	PACBIO_SMRT	2289796	0.1630	not detected	no	no	0.9922	0.9922	0.9922	0.9922	1.0055	216.23	209.19	202.50	207.32	203.02	1924308	1923228	1970756	1986552	1906072
SRR29553744	PACBIO_SMRT	2216970	0.1260	not detected	no	no	1.0067	1.0067	1.0067	1.0067	1.0215	171.19	191.99	216.75	273.31	176.81	2008072	2042756	1955392	2043052	1974140
SRR29553879	PACBIO_SMRT	2295778	0.1260	not detected	no	no	0.9787	0.9787	0.9787	0.9787	0.9953	162.42	158.49	156.34	157.12	157.91	1884080	1814784	1900660	1892920	1885620
SRR29606854	PACBIO_SMRT	3350345	0.2520	not detected	no	no	0.8975	0.8975	0.8975	0.8975	0.9416	56.08	55.38	55.31	54.97	54.50	1116136	1096056	1143888	1147428	1142852
SRR29632262	PACBIO_SMRT	2251573	0.1250	not detected	no	no	0.9832	0.9832	0.9832	0.9832	1.0035	180.09	176.26	176.39	176.36	176.77	1923248	1930592	1883000	1938232	1951612
SRR29635771	PACBIO_SMRT	2297675	0.1340	not detected	no	no	0.9819	0.9819	0.9819	0.9819	0.9992	160.76	165.53	163.53	164.26	164.41	1896792	1912772	1908748	1834060	1892836
SRR29644585	PACBIO_SMRT	7215835	0.4210	not detected	no	no	0.8516	0.8516	0.8516	0.8516	1.0068	59.84	57.88	58.91	58.37	59.05	1409844	1446544	1473080	1479316	1464084
SRR29650136	PACBIO_SMRT	2425487	0.0900	not detected	no	no	0.9918	0.9918	0.9918	0.9918	1.0088	113.08	112.76	111.97	112.69	114.10	1571972	1579640	1611240	1566044	1572176
SRR29675657	OXFORD_NANOPORE	2878122	0.1130	not detected	no	no	1.1105	1.1105	1.1105	1.1105	1.2059	4.60	4.35	4.81	4.63	4.67	377204	382504	405116	404860	399868
SRR29675658	OXFORD_NANOPORE	2883827	0.1060	not detected	no	no	1.0819	1.0819	1.0819	1.0819	1.1738	3.49	3.46	3.52	3.46	3.48	324452	315104	335188	335004	341760
SRR29675659	OXFORD_NANOPORE	2879544	0.1120	not detected	no	no	1.1249	1.1249	1.1249	1.1249	1.2248	6.70	6.71	6.65	6.82	6.73	542500	525640	538780	554724	544172
SRR29676179	PACBIO_SMRT	2434017	0.0950	not detected	no	no	0.9935	0.9935	0.9935	0.9935	1.0114	124.65	122.82	124.11	122.73	124.75	1722632	1695036	1698380	1704340	1679308
SRR29686943	PACBIO_SMRT	2482095	0.1550	not detected	no	no	0.9518	0.9518	0.9518	0.9518	1.0121	166.21	163.22	162.68	159.53	160.45	1932428	1859588	1859972	1876360	1871360
SRR29687153	PACBIO_SMRT	2430581	0.1180	not detected	no	no	0.9634	0.9634	0.9634	0.9634	1.0043	132.19	128.92	129.10	128.78	131.76	1805384	1814956	1798644	1796608	1808768
SRR29688496	PACBIO_SMRT	2486799	0.1210	not detected	no	no	0.9766	0.9766	0.9766	0.9766	1.0087	215.96	209.05	209.00	208.75	210.02	2246112	2216508	2202508	2244544	2206712
SRR29688497	PACBIO_SMRT	2427823	0.0990	not detected	no	no	0.9745	0.9745	0.9745	0.9745	1.0019	249.37	244.22	246.76	308.72	252.51	2410576	2292116	2370120	2339452	2289068
SRR29688498	PACBIO_SMRT	2458744	0.2280	not detected	no	no	0.9075	0.9075	0.9075	0.9075	1.0308	147.52	146.12	143.82	145.64	144.26	1904952	1904856	1848888	1914256	1910256
SRR29688558	PACBIO_SMRT	2374838	0.3170	not detected	no	no	0.9413	0.9413	0.9413	0.9413	1.0025	90.79	87.29	89.80	89.73	89.90	1154376	1198344	1209644	1169836	1197120
SRR29688559	PACBIO_SMRT	2348918	0.3310	not detected	no	no	0.9629	0.9629	0.9629	0.9629	1.0045	98.30	96.50	96.56	94.98	94.84	1241712	1210948	1222980	1265096	1234736
SRR29688560	PACBIO_SMRT	2403676	0.2890	not detected	no	no	0.9171	0.9171	0.9171	0.9171	0.9786	84.08	82.70	83.62	82.26	82.17	1130452	1132040	1161692	1162788	1166348
SRR29688561	PACBIO_SMRT	2364007	0.2980	not detected	no	no	0.9573	0.9573	0.9573	0.9573	1.0014	77.62	78.78	78.30	78.48	78.23	1110084	1133340	1138196	1162532	1131156
SRR29688562	PACBIO_SMRT	2495200	0.1630	not detected	no	no	0.9665	0.9665	0.9665	0.9665	1.0205	252.74	252.17	246.53	243.25	244.87	2491036	2444212	2507464	2511620	2484928
SRR29688624	PACBIO_SMRT	2473468	0.1410	not detected	no	no	0.9734	0.9734	0.9734	0.9734	0.9994	173.41	172.58	171.13	175.00	173.10	1874164	1876900	1911868	1881360	1925000
SRR29707290	OXFORD_NANOPORE	5912259	0.2040	not detected	no	no	1.0975	1.0891	1.0975	1.0975	1.2554	8.23	7.62	7.63	7.90	7.63	668464	1105588	1115416	1125952	1121096
SRR29726873	OXFORD_NANOPORE	4756536	0.2180	not detected	no	no	1.0321	1.0321	1.0321	1.0321	1.2191	54.66	52.49	56.04	48.19	49.71	1396556	1448160	1402948	1394072	1407504
SRR29726874	OXFORD_NANOPORE	4776070	0.2600	not detected	no	no	0.9970	0.9970	0.9970	0.9970	1.1645	34.67	33.81	34.84	37.50	34.67	1418664	1405628	1453048	1411556	1420732
SRR29726875	OXFORD_NANOPORE	5058847	0.2540	not detected	no	no	0.9830	0.9830	0.9830	0.9830	1.1414	31.17	31.20	30.80	30.70	31.02	1277012	1279088	1275240	1300328	1265488
SRR29726883	OXFORD_NANOPORE	4963005	0.2870	not detected	no	no	0.9865	0.9865	0.9865	0.9865	1.1554	32.18	31.80	32.02	31.94	32.11	1238388	1227632	1231424	1267148	1267360
SRR29726885	OXFORD_NANOPORE	4799808	0.2140	not detected	no	no	0.9760	0.9766	0.9760	0.9760	1.0754	29.57	23.40	17.73	27.53	19.93	695668	1176776	1152512	1144588	1140336
SRR29726886	OXFORD_NANOPORE	4742157	0.2440	not detected	no	no	0.9929	0.9887	0.9929	0.9929	1.1034	40.52	38.63	38.30	38.14	38.15	1778080	1820656	1867972	1814088	1911452
SRR29726889	OXFORD_NANOPORE	4774335	0.2630	not detected	no	no	0.9953	0.9892	0.9953	0.9953	1.1396	8.31	8.71	8.80	8.90	8.80	387084	827548	837904	867944	860740
SRR29726894	OXFORD_NANOPORE	4674538	0.2230	not detected	no	no	0.9931	0.9803	0.9931	0.9931	1.0957	40.79	35.52	35.34	33.64	34.44	1079124	1527468	1512864	1536748	1529380
SRR29726897	OXFORD_NANOPORE	4737245	0.1780	not detected	no	no	0.9607	0.9607	0.9607	0.9607	1.0445	26.45	26.24	26.36	26.85	26.26	1166540	1124348	1179020	1181316	1179068
SRR29744428	OXFORD_NANOPORE	2339215	0.2690	detected	yes	no	1.1266	1.0437	1.0437	1.1266	1.3729	17.51	18.61	32.23	37.99	40.58	505440	530032	587272	597696	558736
SRR29761484	OXFORD_NANOPORE	3357622	0.2360	not detected	no	no	1.0990	1.0990	1.0990	1.0990	1.2355	24.80	24.73	25.02	25.30	25.44	1029504	1007496	1051708	1034500	1054804
SRR29761485	OXFORD_NANOPORE	3390740	0.2390	not detected	no	no	1.0851	1.0851	1.0851	1.0851	1.2471	16.32	16.32	16.57	16.54	16.65	828024	830340	849728	817404	848732
SRR29788353	OXFORD_NANOPORE	2773562	0.1580	not detected	no	no	1.0012	1.0012	1.0012	1.0012	1.0509	31.54	30.94	30.94	31.13	35.63	1006492	1011452	1024152	1026600	1015636
SRR29821702	OXFORD_NANOPORE	4649352	0.4390	not detected	no	no	1.2655	1.2655	1.2655	1.2655	2.0903	14.14	13.63	14.66	14.21	14.17	290824	292216	336908	335832	335356
SRR29831488	OXFORD_NANOPORE	3896973	0.1080	not detected	no	no	0.9839	0.9859	0.9839	0.9839	1.0136	91.92	89.44	88.52	88.68	87.71	2296464	2237056	2228804	2270844	2280696
SRR29831490	OXFORD_NANOPORE	4778649	0.1030	not detected	no	no	0.9954	0.9954	0.9954	0.9954	1.0432	15.90	15.91	15.99	15.65	15.64	727232	724992	766552	760636	760820
SRR29831492	OXFORD_NANOPORE	3833975	0.0720	not detected	no	no	0.9948	1.0021	0.9948	0.9948	1.0282	36.60	33.97	32.83	32.14	32.20	1203004	1198604	1234268	1246856	1225732
SRR29831493	OXFORD_NANOPORE	5283909	0.1000	not detected	no	no	0.9689	0.9689	0.9689	0.9689	1.0018	12.49	12.38	12.80	12.57	12.56	526732	518740	540672	538868	538868
SRR29859744	OXFORD_NANOPORE	4849319	0.3330	not detected	no	no	1.0123	1.0123	1.0123	1.0123	1.2652	22.09	21.98	21.53	21.66	21.68	947500	937448	936072	942644	953356
SRR29859747	OXFORD_NANOPORE	4924798	0.4220	not detected	no	no	1.0561	1.0561	1.0561	1.0561	1.4367	9.69	9.53	9.88	10.00	10.09	606228	608400	625212	624520	624036
SRR29859748	OXFORD_NANOPORE	4994650	0.4580	not detected	no	no	1.0561	1.0561	1.0561	1.0561	1.5767	6.82	7.21	11.60	9.05	6.81	473792	473804	494384	494872	503364
SRR29859760	OXFORD_NANOPORE	4887257	0.4040	not detected	no	no	1.0374	1.0374	1.0374	1.0374	1.3770	17.14	17.18	17.59	17.46	17.40	603300	602112	626672	626668	626668
SRR29882844	OXFORD_NANOPORE	4911077	0.1450	not detected	no	no	0.9861	0.9861	0.9861	0.9861	1.0630	12.24	12.24	12.60	12.27	12.54	674556	677456	716192	710036	712772
SRR29882849	OXFORD_NANOPORE	6215402	0.1800	not detected	no	no	0.9656	0.9656	0.9656	0.9656	1.0339	57.49	51.66	51.29	59.16	61.89	1285268	1298740	1343788	1336044	1290032
SRR29882858	OXFORD_NANOPORE	6925468	0.2060	not detected	no	no	0.9392	0.9392	0.9392	0.9392	1.0260	17.53	16.83	17.04	16.87	16.78	868548	860072	882512	894644	891796
SRR29911121	OXFORD_NANOPORE	7456045	0.3040	not detected	no	no	0.9789	0.9789	0.9789	0.9789	1.1673	29.60	29.90	42.25	35.64	42.97	1671332	1636248	1698144	1745000	1699816
SRR29931579	OXFORD_NANOPORE	3053755	0.0740	not detected	no	no	0.9794	0.9794	0.9794	0.9794	1.0128	20.17	20.44	20.53	20.54	20.52	596456	596468	618308	616504	618304
SRR29944176	PACBIO_SMRT	4796457	0.2560	not detected	no	no	1.3157	1.3157	1.3157	1.3157	1.6107	6.61	6.62	6.93	6.92	6.89	1010944	1010624	1026600	1035776	1034476
SRR30016546	OXFORD_NANOPORE	5121263	0.6000	not detected	no	no	1.1526	1.1526	1.1526	1.1526	1.7493	5.72	5.64	5.66	5.72	5.68	537100	523064	563876	539516	539356
SRR30016866	OXFORD_NANOPORE	5226816	0.3510	not detected	no	no	1.0205	1.0205	1.0205	1.0205	1.2594	17.82	18.10	18.34	17.93	17.85	867892	842212	899464	898956	905336
SRR30037587	OXFORD_NANOPORE	5128352	0.8370	detected	yes	yes	2.9423	1.1834	1.1834	1.2508	2.9423	13.69	13.94	24.06	24.30	24.27	164384	172204	234688	231960	239912
SRR30037662	OXFORD_NANOPORE	5058119	0.2670	not detected	no	no	1.0216	1.0216	1.0216	1.0216	1.1912	25.99	25.61	25.61	26.21	24.99	953316	954544	933384	950760	946932
SRR30037663	OXFORD_NANOPORE	5055457	0.2760	not detected	no	no	1.0364	1.0364	1.0364	1.0364	1.2267	20.55	20.94	32.47	28.46	25.21	815780	860656	904936	904428	878856
SRR30037664	OXFORD_NANOPORE	4963467	0.2810	not detected	no	no	1.0451	1.0451	1.0451	1.0451	1.2757	18.18	17.15	17.73	18.10	17.84	744288	707012	730928	737284	734632
SRR30037665	OXFORD_NANOPORE	4984018	0.4790	not detected	no	no	1.0077	1.0077	1.0077	1.0077	1.1687	33.13	33.13	33.36	32.90	33.29	974984	981148	1003224	1007840	987376
SRR30037790	OXFORD_NANOPORE	4919079	0.6540	not detected	no	no	1.2395	1.2395	1.2395	1.2395	2.5572	10.51	9.34	10.80	10.21	9.57	267184	291880	313436	311024	286132
SRR30037791	OXFORD_NANOPORE	4874443	0.5840	not detected	no	no	1.1609	1.1609	1.1609	1.1609	2.1200	6.47	6.44	6.45	6.51	6.53	363008	365056	386188	386196	387992
SRR30037810	OXFORD_NANOPORE	5338260	0.6820	not detected	no	no	1.0317	1.0317	1.0317	1.0317	1.4426	18.06	17.88	17.82	18.39	18.28	550904	566944	583352	562432	576548
SRR30037949	OXFORD_NANOPORE	4994144	0.3720	not detected	no	no	1.0575	1.0575	1.0575	1.0575	1.3035	15.60	15.45	15.67	15.77	15.79	869784	863880	870836	904224	899300
SRR30037950	OXFORD_NANOPORE	5147669	0.2990	not detected	no	no	1.0016	1.0016	1.0016	1.0016	1.2070	19.79	19.38	19.93	19.56	19.77	759692	756128	787104	779756	782152
SRR30040119	OXFORD_NANOPORE	5066983	0.3860	not detected	no	no	1.0036	1.0036	1.0036	1.0036	1.1856	29.92	29.54	29.59	30.36	29.46	843420	852296	848140	855380	892100
SRR30040122	OXFORD_NANOPORE	5097754	0.2600	not detected	no	no	1.0056	1.0056	1.0056	1.0056	1.1822	31.06	32.03	28.44	30.00	29.39	857336	854584	879212	877200	881016
SRR30040123	OXFORD_NANOPORE	4723121	0.4670	not detected	no	no	0.9786	0.9786	0.9786	0.9786	1.1968	26.85	26.75	27.01	27.23	27.05	838216	835132	846176	834256	861984
SRR30040124	OXFORD_NANOPORE	5294628	0.3510	not detected	no	no	0.9921	0.9921	0.9921	0.9921	1.1692	25.85	25.16	25.73	25.36	25.50	963932	964924	985544	964088	968792
SRR30040126	OXFORD_NANOPORE	5300433	0.3550	not detected	no	no	1.0206	1.0206	1.0206	1.0206	1.2386	21.62	21.68	22.07	21.93	22.03	778304	776220	792876	772392	804732
SRR30040127	OXFORD_NANOPORE	5300433	0.3880	not detected	no	no	1.0023	1.0023	1.0023	1.0023	1.2232	22.35	22.25	22.50	22.68	22.74	827068	814288	814164	848032	817908
SRR30040129	OXFORD_NANOPORE	5180219	0.3490	not detected	no	no	1.0091	1.0091	1.0091	1.0091	1.2238	24.44	24.38	24.82	24.26	24.32	715124	714404	749304	751304	756444
SRR30040130	OXFORD_NANOPORE	5137406	0.6950	not detected	no	no	0.9869	0.9869	0.9869	0.9869	1.1843	33.78	32.93	33.84	33.49	34.10	962548	971568	983784	1019032	1005592
SRR30040131	OXFORD_NANOPORE	5203950	0.2790	not detected	no	no	1.0226	1.0226	1.0226	1.0226	1.2488	17.96	18.06	18.33	18.20	18.27	717064	719184	759772	756668	761720
SRR30040132	OXFORD_NANOPORE	5151289	0.3760	not detected	no	no	1.0358	1.0358	1.0358	1.0358	1.2862	13.90	13.61	13.73	13.79	13.91	581632	579588	600384	602436	603308
SRR30040133	OXFORD_NANOPORE	4909649	0.3080	not detected	no	no	1.0272	1.0272	1.0272	1.0272	1.2551	16.92	16.87	17.04	16.69	17.12	707148	705116	728492	728088	728928
SRR30040135	OXFORD_NANOPORE	5139480	0.3340	not detected	no	no	1.0052	1.0052	1.0052	1.0052	1.2069	20.00	19.83	19.68	20.26	19.96	731528	737372	762592	766116	764660
SRR30040136	OXFORD_NANOPORE	5140111	0.2500	not detected	no	no	1.0236	1.0236	1.0236	1.0236	1.2025	24.59	36.87	28.36	25.03	25.08	878992	860848	865028	857860	882552
SRR30040142	OXFORD_NANOPORE	4878572	0.2730	not detected	no	no	1.0516	1.0516	1.0516	1.0516	1.2870	21.36	21.50	21.92	21.36	21.79	618496	618496	642112	643524	638956
SRR30040143	OXFORD_NANOPORE	4855809	0.2590	not detected	no	no	1.0145	1.0145	1.0145	1.0145	1.2208	23.76	24.11	24.41	24.18	24.53	709216	707908	731884	728296	730548
SRR30040144	OXFORD_NANOPORE	4863901	0.2690	not detected	no	no	1.0366	1.0366	1.0366	1.0366	1.2520	19.29	19.59	19.85	19.66	19.86	714372	722572	734560	734512	729504
SRR30040145	OXFORD_NANOPORE	4917739	0.2770	not detected	no	no	1.0353	1.0353	1.0353	1.0353	1.2549	19.61	19.38	20.29	20.08	20.04	773512	778296	816532	811536	796452
SRR30041326	OXFORD_NANOPORE	5233534	0.4610	not detected	no	no	1.0118	1.0118	1.0118	1.0118	1.2570	20.79	20.80	21.36	22.13	24.73	586208	586204	608796	608800	608800
SRR30041329	OXFORD_NANOPORE	5037527	0.2440	not detected	no	no	1.0417	1.0417	1.0417	1.0417	1.2520	18.82	18.63	18.54	18.86	18.62	800604	811472	800392	847856	812268
SRR30049752	PACBIO_SMRT	3872269	0.2910	not detected	no	no	1.4792	1.4792	1.4792	1.4792	1.9960	7.98	7.91	8.27	8.25	8.31	1133792	1133156	1156480	1160020	1160016
SRR30049938	PACBIO_SMRT	10410654	0.5790	not detected	no	no	1.4762	1.4762	1.4762	1.4762	2.1854	7.36	7.37	7.59	7.57	7.68	1173152	1182760	1205704	1207080	1207220
SRR30076315	PACBIO_SMRT	8753169	0.3190	not detected	no	no	1.2349	1.2349	1.2349	1.2349	1.5552	7.92	7.84	8.20	8.28	8.93	1134388	1134616	1166692	1181060	1176212
SRR30076316	PACBIO_SMRT	7998085	0.3590	not detected	no	no	1.8152	1.8152	1.8152	1.8152	2.6005	6.52	6.61	6.80	6.79	6.81	1049176	1043064	1073960	1068592	1072564
SRR30077469	PACBIO_SMRT	5074034	0.2070	not detected	no	no	1.1189	1.1189	1.1189	1.1189	1.3675	8.22	8.33	8.94	8.98	9.01	1154880	1159624	1179912	1180760	1182448
SRR30082401	PACBIO_SMRT	6119030	0.3130	not detected	no	no	1.7395	1.7395	1.7395	1.7395	2.4276	6.36	6.39	6.65	6.56	6.59	1063864	1057116	1084212	1084464	1084376
SRR30087447	PACBIO_SMRT	7738336	0.3560	not detected	no	no	1.0891	1.0891	1.0891	1.0891	1.4440	7.23	7.23	7.47	7.44	7.41	1150744	1155432	1176332	1179232	1176860
SRR30110356	OXFORD_NANOPORE	3059566	0.1120	not detected	no	no	1.0138	1.0138	1.0138	1.0138	1.0672	33.29	33.88	41.91	38.86	36.94	1056792	1052196	1062280	1079584	1102320
SRR30128336	PACBIO_SMRT	5830992	0.3080	not detected	no	no	0.8731	0.8731	0.8731	0.8731	1.1048	14.48	14.43	14.73	14.91	14.63	431708	419832	452604	433108	447684
SRR30162148	PACBIO_SMRT	9426838	0.5070	detected	yes	no	0.8252	0.8202	0.8202	0.8252	0.9588	31.05	31.11	38.29	38.05	38.07	1092372	1094880	1303140	1302824	1302300
SRR30162149	PACBIO_SMRT	11093179	0.9450	detected	yes	yes	0.8641	0.1152	0.1152	0.3425	0.8641	113.78	112.06	95.57	95.17	95.21	1689844	1639532	1648496	1616352	1672792
SRR30167947	OXFORD_NANOPORE	9704287	0.4070	not detected	no	no	1.1309	1.1309	1.1309	1.1309	1.4424	5.31	5.31	5.43	5.45	5.46	396104	401056	424332	418832	420672
SRR30183520	OXFORD_NANOPORE	5833127	0.3480	not detected	no	no	1.0071	1.0071	1.0071	1.0071	1.1923	24.67	25.08	24.89	22.68	23.58	903848	934184	971132	915956	971852
SRR3019206	PACBIO_SMRT	4194523	0.4100	not detected	no	no	1.6995	1.6995	1.6995	1.6995	2.5693	15.08	14.78	14.94	14.94	15.05	1097164	1095744	1120268	1120868	1120140
SRR30211838	PACBIO_SMRT	8004949	0.5380	not detected	no	no	1.4010	1.4010	1.4010	1.4010	2.1732	10.94	9.35	8.71	12.08	8.39	1173528	1147544	1177044	1199932	1148284
SRR30223606	PACBIO_SMRT	7079060	0.2790	not detected	no	no	0.9407	0.9407	0.9407	0.9407	1.0138	30.04	29.44	29.83	29.97	29.79	903076	934328	930600	968320	931492
SRR30238144	PACBIO_SMRT	6362976	0.1080	not detected	no	no	0.9255	0.9255	0.9255	0.9255	0.9777	32.27	32.27	32.26	31.93	32.30	902856	900752	997236	995044	954340
SRR30238161	PACBIO_SMRT	9919656	0.5960	detected	yes	no	0.8141	0.8058	0.8058	0.8141	0.9487	36.78	33.30	45.70	46.19	45.05	1030164	1066500	1222648	1220860	1198536
SRR30255941	PACBIO_SMRT	7086255	0.3600	not detected	no	no	1.5613	1.5613	1.5613	1.5613	2.2462	6.54	6.45	6.70	6.81	6.93	926240	922756	937932	940808	940344
SRR30275311	PACBIO_SMRT	8104678	0.5240	not detected	no	no	1.3741	1.3741	1.3741	1.3741	2.1498	7.52	7.47	7.81	8.00	7.80	1123320	1124100	1145448	1149552	1148480
SRR30284786	OXFORD_NANOPORE	5006047	0.7410	detected	yes	no	0.9436	0.9408	0.9408	0.9436	1.2074	41.04	40.20	45.29	45.39	45.72	1317068	1316440	1291680	1268680	1353184
SRR3028939	PACBIO_SMRT	4084533	0.4220	not detected	no	no	1.7546	1.7546	1.7546	1.7546	2.6275	15.91	15.59	15.91	15.92	15.94	1056344	1055560	1077676	1080360	1075224
SRR30291089	OXFORD_NANOPORE	6292437	0.2430	not detected	no	no	1.0654	1.0654	1.0654	1.0654	1.1966	83.45	64.38	49.17	78.67	55.70	1856196	1816280	1864276	1874920	1929468
SRR30291090	OXFORD_NANOPORE	6101021	0.3190	not detected	no	no	1.0983	1.0983	1.0983	1.0983	1.3148	23.93	23.78	23.92	24.01	23.92	1113252	1073144	1107208	1138456	1120984
SRR30291092	OXFORD_NANOPORE	3891623	0.1680	not detected	no	no	1.0441	1.0441	1.0441	1.0441	1.2110	24.68	24.80	24.62	24.54	24.88	714236	714964	748368	748152	749524
SRR30293562	OXFORD_NANOPORE	5137109	0.2610	not detected	no	no	1.0639	1.0639	1.0639	1.0639	1.3034	20.27	20.28	20.49	20.54	20.78	589824	589824	612768	612772	612772
SRR30293568	OXFORD_NANOPORE	5349194	0.3410	not detected	no	no	1.0679	1.0679	1.0679	1.0679	1.3426	21.98	21.58	22.02	22.38	21.89	943220	916344	952652	955620	966376
SRR30293569	OXFORD_NANOPORE	5155540	0.2940	not detected	no	no	1.0439	1.0439	1.0439	1.0439	1.2978	25.13	23.67	30.07	23.20	25.70	917124	888216	939644	924044	925232
SRR30293580	OXFORD_NANOPORE	5393983	0.4370	detected	yes	no	1.0112	1.0047	1.0047	1.0112	1.2600	24.74	24.71	32.06	31.71	31.80	994816	996908	1147028	1165308	1077476
SRR30293594	OXFORD_NANOPORE	5031220	0.2290	not detected	no	no	1.0077	1.0077	1.0077	1.0077	1.2096	21.62	21.56	21.92	21.96	21.92	860568	848148	893648	872392	889292
SRR30293595	OXFORD_NANOPORE	4863839	0.2570	not detected	no	no	1.0227	1.0227	1.0227	1.0227	1.2448	34.15	33.85	34.39	33.53	33.78	1185976	1208508	1322660	1286804	1278940
SRR30293600	OXFORD_NANOPORE	4782611	0.2220	not detected	no	no	1.0121	1.0121	1.0121	1.0121	1.2004	31.56	31.19	31.27	32.19	31.45	1087492	1135156	1081516	1105868	1110608
SRR30293610	OXFORD_NANOPORE	4896868	0.2670	not detected	no	no	1.0511	1.0511	1.0511	1.0511	1.3136	19.67	19.44	20.03	19.96	19.95	617712	614692	637816	639584	636280
SRR30293611	OXFORD_NANOPORE	5182574	0.4040	detected	yes	no	1.0211	1.0502	1.0502	1.0211	1.2548	25.74	25.21	35.81	35.03	35.74	812324	854236	1006776	999148	1039824
SRR30295439	OXFORD_NANOPORE	4747121	0.2200	not detected	no	no	0.9947	0.9947	0.9947	0.9947	1.1717	22.41	22.16	22.36	22.73	22.52	684196	683484	709332	711396	712196
SRR30295613	OXFORD_NANOPORE	5126824	0.4300	detected	yes	no	1.0516	1.0434	1.0434	1.0516	1.3193	22.00	21.40	29.84	30.02	29.98	797212	795432	977976	981316	972152
SRR30295657	OXFORD_NANOPORE	4919644	0.2920	not detected	no	no	1.0717	1.0717	1.0717	1.0717	1.2988	22.79	22.95	23.06	23.30	23.41	809420	834544	830200	858864	829728
SRR30357352	OXFORD_NANOPORE	3954841	0.2490	not detected	no	no	0.9873	0.9873	0.9873	0.9873	1.0468	77.56	74.54	74.21	73.21	74.24	2127160	2046868	2216700	2183928	2225764
SRR30357565	PACBIO_SMRT	2791411	0.8450	not detected	no	yes	0.9921	0.2377	0.2377	0.2377	0.9921	420.90	415.89	418.59	415.61	412.30	3889976	4021968	4060264	3910908	4029804
SRR30357566	PACBIO_SMRT	2834287	0.7780	detected	yes	no	0.4047	0.3914	0.3914	0.4047	0.9900	336.97	337.55	345.29	342.32	344.37	3713052	3949592	3628528	3663264	3648132
SRR30357567	PACBIO_SMRT	2897507	0.8450	detected	yes	yes	1.0203	0.2446	0.2446	0.2351	1.0203	444.30	439.30	452.19	437.65	443.35	3864296	3962080	4108708	4056992	3944352
SRR30357568	PACBIO_SMRT	2759957	0.8190	detected	yes	yes	0.9966	0.2109	0.2109	0.2909	0.9966	416.96	405.18	429.47	434.82	419.81	3976448	3638684	3791424	3979132	3996400
SRR3038646	PACBIO_SMRT	3914565	0.3830	not detected	no	no	1.7010	1.7010	1.7010	1.7010	2.4784	16.09	15.99	16.31	15.99	16.23	1105012	1107972	1128504	1134676	1127216
SRR3038655	PACBIO_SMRT	4159640	0.3260	not detected	no	no	1.5668	1.5668	1.5668	1.5668	2.1613	19.37	17.67	19.96	19.75	19.75	1081488	1077604	1144368	1156972	1158880
SRR3038659	PACBIO_SMRT	3945134	0.3070	not detected	no	no	1.4384	1.4384	1.4384	1.4384	1.9069	19.24	19.37	19.79	19.79	19.57	1069520	1070388	1128664	1099880	1088728
SRR30397318	PACBIO_SMRT	3366048	0.6930	not detected	no	no	0.8606	0.8606	0.8606	0.8606	0.9777	92.23	89.44	91.11	91.53	91.72	1521516	1549796	1547220	1545768	1520240
SRR30573099	PACBIO_SMRT	3586765	0.1610	not detected	no	no	0.9885	0.9885	0.9885	0.9885	1.0193	22.49	22.83	22.77	22.68	22.72	766888	764040	788000	788204	788356
SRR30599898	PACBIO_SMRT	6347129	0.3340	not detected	no	no	1.7528	1.7528	1.7528	1.7528	2.5505	6.80	6.77	6.95	6.96	6.99	1044548	1041688	1068484	1068652	1072840
SRR30602136	OXFORD_NANOPORE	5447794	0.0900	not detected	no	no	1.0262	1.0262	1.0262	1.0262	1.1004	15.02	15.04	15.19	14.93	15.08	1003444	1005496	1013884	1002748	1023128
SRR30602156	OXFORD_NANOPORE	6923737	0.1780	not detected	no	no	0.9932	0.9932	0.9932	0.9932	1.0790	10.76	10.68	11.00	10.94	10.82	962528	966656	980868	984600	983640
SRR30602158	OXFORD_NANOPORE	4429804	0.0820	not detected	no	no	1.0508	1.0508	1.0508	1.0508	1.1253	15.96	16.42	16.55	16.47	16.36	922204	926624	990376	950744	955284
SRR30602159	OXFORD_NANOPORE	3988742	0.0930	not detected	no	no	1.0674	1.0674	1.0674	1.0674	1.1597	15.52	15.61	16.18	15.90	16.00	563608	567324	598404	599248	600992
SRR30638105	OXFORD_NANOPORE	5576157	0.1740	not detected	no	no	0.9742	0.9742	0.9742	0.9742	1.0362	52.50	57.81	56.01	58.81	54.15	1380444	1448660	1469904	1460356	1420616
SRR30640849	PACBIO_SMRT	4422110	0.2940	not detected	no	no	0.9142	0.9142	0.9142	0.9142	0.9967	105.86	103.06	192.04	103.72	125.07	1712512	1646768	1697564	1738580	1713152
SRR30641007	PACBIO_SMRT	4422110	0.2930	not detected	no	no	0.9273	0.9273	0.9273	0.9273	0.9965	108.81	104.64	103.00	101.19	103.20	1683680	1754744	1755468	1698064	1776940
SRR30669827	OXFORD_NANOPORE	2554190	0.1960	not detected	no	no	1.0364	1.0364	1.0364	1.0364	1.1519	13.19	13.11	13.48	13.18	13.19	655020	658556	680652	679648	678804
SRR30730934	OXFORD_NANOPORE	4196112	0.0620	not detected	no	no	0.9983	0.9983	0.9983	0.9983	1.0347	12.76	12.61	12.84	13.19	12.93	764792	739960	782240	784676	778292
SRR30867952	OXFORD_NANOPORE	4227051	0.4160	detected	yes	no	1.2199	1.3940	1.3940	1.2199	1.6446	36.54	35.64	23.45	22.67	23.52	1433328	1429016	780008	786100	783228
SRR30868057	OXFORD_NANOPORE	4216868	0.2050	not detected	no	no	0.9851	0.9851	0.9851	0.9851	1.1715	19.32	19.15	19.35	19.36	19.19	1068412	1034272	1085776	1081556	1059620
SRR30868068	OXFORD_NANOPORE	5067227	0.3100	not detected	no	no	1.0647	1.0647	1.0647	1.0647	1.3777	12.73	13.21	13.68	15.20	13.13	1031964	1086384	1093152	1090852	1046868
SRR30868085	OXFORD_NANOPORE	4774484	0.3710	not detected	no	no	1.0859	1.0859	1.0859	1.0859	1.4449	18.45	18.14	18.46	17.56	18.64	921448	917064	919464	920664	921228
SRR30868088	OXFORD_NANOPORE	4638787	0.2990	detected	yes	no	1.0772	1.4828	1.4828	1.0772	1.3171	16.25	16.45	29.90	29.08	29.24	645888	635936	1160264	1155876	1153520
SRR30868089	OXFORD_NANOPORE	6274003	0.3030	not detected	no	no	1.0932	1.0932	1.0932	1.0932	1.4248	14.48	14.50	15.02	14.98	15.02	998324	997568	1004468	998228	1002916
SRR30868091	OXFORD_NANOPORE	6275199	0.2500	not detected	no	no	1.0372	1.0372	1.0372	1.0372	1.2588	20.44	26.08	20.70	26.45	21.15	1309564	1323016	1314596	1348568	1319560
SRR30868094	OXFORD_NANOPORE	6281640	0.3030	not detected	no	no	1.0948	1.0948	1.0948	1.0948	1.4177	13.92	14.15	14.24	14.30	14.22	931408	932268	943104	952252	941852
SRR30868095	OXFORD_NANOPORE	6275453	0.2610	not detected	no	no	1.0402	1.0402	1.0402	1.0402	1.2898	16.35	16.30	16.89	16.49	16.77	1174148	1173840	1213260	1199452	1209264
SRR30868096	OXFORD_NANOPORE	4224675	0.3370	not detected	no	no	1.1349	1.1349	1.1349	1.1349	1.4994	16.30	16.54	16.67	16.98	16.95	744488	747768	766856	768092	766532
SRR30868131	OXFORD_NANOPORE	6275045	0.2980	not detected	no	no	1.1048	1.1048	1.1048	1.1048	1.4322	15.82	16.07	16.30	16.11	16.34	889904	890348	912812	916360	912304
SRR30868133	OXFORD_NANOPORE	4147684	0.2650	not detected	no	no	1.0237	1.0237	1.0237	1.0237	1.2729	19.66	19.84	20.24	20.06	20.30	1023792	1017584	1028144	1035876	1031740
SRR30868137	OXFORD_NANOPORE	4645241	0.2910	not detected	no	no	0.9995	0.9995	0.9995	0.9995	1.2218	34.08	34.54	27.38	32.91	34.27	1278216	1285944	1335876	1364440	1339912
SRR30868138	OXFORD_NANOPORE	4638994	0.3550	not detected	no	no	1.1818	1.1818	1.1818	1.1818	1.5824	14.49	14.74	15.00	14.94	14.91	757188	755712	780028	769720	777624
SRR30868140	OXFORD_NANOPORE	4644386	0.3540	not detected	no	no	1.0862	1.0862	1.0862	1.0862	1.4374	17.28	16.48	20.20	19.94	17.13	844016	831156	879728	864640	864668
SRR30868141	OXFORD_NANOPORE	4648175	0.3880	not detected	no	no	1.2273	1.2273	1.2273	1.2273	1.6551	16.56	16.49	17.17	17.22	17.15	801044	797276	822144	813588	809552
SRR30868142	OXFORD_NANOPORE	4957473	0.3940	not detected	no	no	1.1648	1.1648	1.1648	1.1648	1.6595	16.21	16.47	17.50	18.22	18.34	640020	647168	672192	674436	678592
SRR30868145	OXFORD_NANOPORE	4295479	0.3820	not detected	no	no	1.1854	1.1854	1.1854	1.1854	1.6182	9.47	9.45	9.60	9.39	9.53	609152	602776	632208	629900	633888
SRR30868146	OXFORD_NANOPORE	4299551	0.3090	not detected	no	no	1.0447	1.0447	1.0447	1.0447	1.3949	15.99	19.27	19.67	19.63	19.94	805300	833588	845808	842632	875880
SRR30868147	OXFORD_NANOPORE	4299489	0.2120	not detected	no	no	1.0714	1.0714	1.0714	1.0714	1.2991	16.11	16.03	16.28	16.12	16.08	807812	813932	824124	824332	822616
SRR30868148	OXFORD_NANOPORE	4299771	0.3140	not detected	no	no	1.1210	1.1210	1.1210	1.1210	1.4965	13.79	13.59	13.89	13.71	14.27	843268	848628	853352	862568	863744
SRR30868149	OXFORD_NANOPORE	4299525	0.3250	not detected	no	no	1.1044	1.1044	1.1044	1.1044	1.4773	15.15	15.01	15.23	15.30	15.27	790972	802924	811312	815088	809952
SRR30868150	OXFORD_NANOPORE	4299264	0.2590	not detected	no	no	1.0159	1.0159	1.0159	1.0159	1.2512	18.99	18.94	18.97	19.10	18.90	1011584	1010604	996656	999184	1020148
SRR30868151	OXFORD_NANOPORE	4298779	0.2860	not detected	no	no	1.0108	1.0108	1.0108	1.0108	1.2868	16.96	16.72	16.68	16.55	16.47	892876	891308	878428	882968	901588
SRR30868152	OXFORD_NANOPORE	4298990	0.2910	not detected	no	no	1.0896	1.0896	1.0896	1.0896	1.4287	17.98	17.99	18.47	17.99	18.32	949392	926640	956832	960616	961592
SRR30868153	OXFORD_NANOPORE	4057895	0.2470	not detected	no	no	1.0456	1.0456	1.0456	1.0456	1.2921	18.67	18.55	18.93	18.86	18.83	1164576	1163248	1171240	1173292	1176796
SRR30868160	OXFORD_NANOPORE	4217427	0.3250	not detected	no	no	1.0905	1.0905	1.0905	1.0905	1.4419	16.18	15.90	19.61	16.95	17.85	840772	817800	858120	843480	843464
SRR30868163	OXFORD_NANOPORE	4220251	0.3160	not detected	no	no	1.0475	1.0475	1.0475	1.0475	1.3758	16.52	16.63	17.10	16.94	17.14	835796	860764	873176	863848	858812
SRR3109671	PACBIO_SMRT	3584812	0.4770	not detected	no	no	1.7605	1.7605	1.7605	1.7605	2.7620	16.62	16.70	16.75	17.35	17.43	1118876	1120084	1140724	1146652	1143424
SRR3109909	PACBIO_SMRT	4169506	0.4260	not detected	no	no	1.8191	1.8191	1.8191	1.8191	2.7694	16.06	16.27	16.90	17.01	16.94	970668	975544	993624	988660	992316
SRR3109926	PACBIO_SMRT	4109153	0.4080	not detected	no	no	1.6117	1.6117	1.6117	1.6117	2.3609	21.77	18.33	21.83	21.93	19.20	1175936	1160440	1266112	1250568	1216568
SRR3109930	PACBIO_SMRT	3211717	0.3530	not detected	no	no	1.3773	1.3773	1.3773	1.3773	1.9424	16.18	16.35	16.80	16.76	16.53	1110904	1110448	1133848	1133660	1133136
SRR3109983	PACBIO_SMRT	4020063	0.4230	not detected	no	no	1.7526	1.7526	1.7526	1.7526	2.6277	17.32	20.12	20.23	17.70	19.74	1139712	1135620	1163488	1166076	1157908
SRR3114698	PACBIO_SMRT	1974262	0.2840	not detected	no	no	1.2625	1.2625	1.2625	1.2625	1.6317	19.24	19.34	19.93	19.60	19.69	1207916	1204392	1230416	1234124	1235664
SRR3114710	PACBIO_SMRT	2199877	0.4800	not detected	no	no	1.3279	1.3279	1.3279	1.3279	1.9582	19.85	20.02	20.53	20.15	20.30	1199208	1201064	1226204	1227524	1229868
SRR3356468	PACBIO_SMRT	5643099	0.4630	not detected	no	no	1.5701	1.5701	1.5701	1.5701	2.3856	16.15	16.04	16.37	16.58	16.49	1660844	1665804	1684144	1682740	1681800
SRR3356531	PACBIO_SMRT	5601971	0.4900	not detected	no	no	1.5622	1.5622	1.5622	1.5622	2.4360	12.88	13.36	13.47	13.26	13.56	1133936	1131568	1154676	1151036	1153592
SRR3441689	PACBIO_SMRT	4103417	0.1860	not detected	no	no	1.0487	1.0487	1.0487	1.0487	1.1241	3.10	3.07	3.96	3.08	3.00	286692	286692	307848	307880	307844
SRR3441720	PACBIO_SMRT	4133777	0.9780	not detected	no	yes	71.9492	23.0823	23.0823	23.0823	71.9492	19.43	19.63	19.94	19.92	20.15	2189956	2189440	2223688	2221848	2224432
SRR3593477	PACBIO_SMRT	3425292	0.4750	not detected	no	no	1.7084	1.7084	1.7084	1.7084	3.0644	19.84	19.56	19.29	18.61	19.31	1293476	1211132	1302872	1250004	1250128
SRR3880289	PACBIO_SMRT	4574859	0.4220	not detected	no	no	1.9326	1.9326	1.9326	1.9326	3.1059	16.90	16.68	16.74	16.89	16.91	560440	584684	605264	614368	602984
SRR3880290	PACBIO_SMRT	6626583	0.4540	not detected	no	no	2.6049	2.6049	2.6049	2.6049	3.8507	17.08	16.86	17.28	17.14	17.36	553776	531388	546164	578164	576396
SRR3880376	PACBIO_SMRT	4403499	0.3970	not detected	no	no	2.1309	2.1309	2.1309	2.1309	3.2398	13.57	13.27	13.67	13.67	13.41	358028	354808	379832	385692	379480
SRR3880379	PACBIO_SMRT	4674684	0.3860	not detected	no	no	1.8204	1.8204	1.8204	1.8204	2.7164	15.21	15.35	15.69	15.65	15.71	1059932	1058672	1077676	1076100	1081636
SRR3880380	PACBIO_SMRT	4964647	0.3900	not detected	no	no	1.9484	1.9484	1.9484	1.9484	2.9718	14.87	15.37	15.59	15.76	15.59	1011572	1015024	1034004	1030776	1033784
SRR4017189	PACBIO_SMRT	3431804	0.1920	not detected	no	no	0.9716	0.8890	0.9716	0.9716	1.0123	8.94	13.05	18.92	16.31	22.11	161596	638336	663300	661892	661792
SRR4097312	PACBIO_SMRT	6643823	0.2560	not detected	no	no	1.2580	1.2580	1.2580	1.2580	1.5621	17.34	17.13	17.36	17.49	17.39	1746984	1751764	1774616	1777612	1778032
SRR4097316	PACBIO_SMRT	6642996	0.2470	not detected	no	no	1.2716	1.2716	1.2716	1.2716	1.5670	17.95	18.50	18.01	18.19	18.46	2025080	2087712	2030264	2036632	2064140
SRR4097329	PACBIO_SMRT	6681992	0.2350	not detected	no	no	1.2185	1.2185	1.2185	1.2185	1.4782	14.39	14.26	14.51	14.44	14.51	2032656	2026064	2056716	2057280	2060696
SRR4097352	PACBIO_SMRT	6645477	0.2310	not detected	no	no	1.2134	1.2134	1.2134	1.2134	1.4663	13.94	11.96	16.43	16.55	16.58	1671076	1667708	1751140	1740848	1749920
SRR4097552	PACBIO_SMRT	6681975	0.2400	not detected	no	no	1.2596	1.2596	1.2596	1.2596	1.5135	14.70	14.60	14.94	15.15	15.22	2080256	2086044	2108520	2104224	2108052
SRR4097624	PACBIO_SMRT	6639108	0.2290	not detected	no	no	1.2223	1.2223	1.2223	1.2223	1.4810	12.76	12.63	12.82	12.81	12.68	1793148	1794648	1814196	1814912	1814988
SRR4097691	PACBIO_SMRT	6681981	0.2510	not detected	no	no	1.2549	1.2549	1.2549	1.2549	1.5645	13.57	13.60	13.79	13.68	12.66	2060376	2055224	2025836	2075140	2025724
SRR4097763	PACBIO_SMRT	6683204	0.2430	not detected	no	no	1.2608	1.2608	1.2608	1.2608	1.5337	10.30	10.64	10.65	10.55	10.60	1684168	1684868	1711716	1708812	1712540
SRR4300073	PACBIO_SMRT	5531320	0.4250	not detected	no	no	1.3980	1.3980	1.3980	1.3980	2.0425	20.91	23.36	20.28	20.27	24.14	1263916	1282680	1309884	1315172	1314744
SRR4300075	PACBIO_SMRT	5530258	0.6020	not detected	no	no	2.3400	2.3400	2.3400	2.3400	4.9552	19.70	18.88	22.52	19.12	20.01	1183052	1165792	1232372	1196364	1227744
SRR5066061	PACBIO_SMRT	6852809	0.4740	not detected	no	no	1.7265	1.7265	1.7265	1.7265	2.6427	13.89	13.64	13.69	13.95	13.85	1539764	1539912	1565108	1565108	1561020
SRR5179548	PACBIO_SMRT	6441270	0.2650	not detected	no	no	1.4628	1.4628	1.4628	1.4628	1.9064	5.98	6.30	5.64	5.78	5.93	582636	560008	553128	579272	603088
SRR5282539	PACBIO_SMRT	7222235	0.4080	not detected	no	no	1.4543	1.4543	1.4543	1.4543	2.0683	18.77	18.56	18.66	19.11	19.03	1199724	1197008	1219860	1224644	1225800
SRR5320247	PACBIO_SMRT	2802697	0.2850	not detected	no	no	1.3226	1.3226	1.3226	1.3226	1.6968	22.21	22.07	22.79	19.26	18.64	1237728	1200784	1299320	1279052	1303688
SRR5320430	PACBIO_SMRT	5386612	0.4860	not detected	no	no	1.6237	1.6237	1.6237	1.6237	2.6494	17.00	17.34	17.29	17.54	17.28	1748148	1750380	1774768	1768696	1768188
SRR5362220	PACBIO_SMRT	2414275	0.8670	not detected	no	yes	45.1894	7.7296	7.7296	7.7296	45.1894	34.52	33.29	34.57	34.10	33.54	2312252	2307548	2348224	2344384	2348320
SRR5362225	PACBIO_SMRT	2838633	0.8330	not detected	no	yes	30.5748	6.1132	6.1132	6.1132	30.5748	33.22	21.23	34.61	23.18	35.19	2136304	2078760	2175644	2156360	2232612
SRR5400280	PACBIO_SMRT	4934662	0.7900	not detected	no	no	3.3488	3.3488	3.3488	3.3488	13.5807	21.47	21.53	21.54	21.68	21.71	2405376	2410260	2446640	2439920	2440520
SRR5440732	PACBIO_SMRT	5501145	0.9410	not detected	no	yes	61.9765	6.8156	6.8156	6.8156	61.9765	27.31	28.41	28.74	28.68	29.35	4694872	4690348	4731508	4731256	4729468
SRR5635115	OXFORD_NANOPORE	5456823	0.3630	not detected	no	no	1.2619	1.2619	1.2619	1.2619	1.7067	6.37	6.59	6.97	6.54	6.57	1061040	1060032	1091980	1093888	1093668
SRR5635116	PACBIO_SMRT	5732200	0.3640	not detected	no	no	1.3584	1.3584	1.3584	1.3584	1.8036	17.96	17.98	18.53	17.42	17.95	1103480	1100420	1123272	1123956	1123136
SRR5665590	OXFORD_NANOPORE	5766429	0.3990	not detected	no	no	0.9813	0.9375	0.9813	0.9813	1.2356	4.22	4.64	4.81	4.71	4.81	331832	1047364	1075644	1080828	1073504
SRR5665591	OXFORD_NANOPORE	5736111	0.3450	not detected	no	no	1.0064	1.0059	1.0064	1.0064	1.2285	8.02	7.67	7.92	8.05	8.19	992820	1187952	1211872	1215560	1209148
SRR5665599	OXFORD_NANOPORE	5702263	0.3430	not detected	no	no	1.0152	1.0152	1.0152	1.0152	1.2549	16.17	16.28	16.45	16.52	16.58	2292060	2311984	2339700	2341528	2344720
SRR5810498	PACBIO_SMRT	2343999	0.3850	not detected	no	no	1.4741	1.4844	1.4741	1.4741	2.2902	5.37	5.08	5.19	5.15	5.03	1021380	1053332	1081796	1080580	1076204
SRR5810500	PACBIO_SMRT	2334880	0.4750	not detected	no	no	1.8717	1.8730	1.8717	1.8717	3.5963	5.90	5.87	5.83	5.81	5.82	1132628	1130188	1152736	1149916	1151676
SRR5817725	OXFORD_NANOPORE	6614036	0.1900	not detected	no	no	1.0256	1.0293	1.0256	1.0256	1.1504	3.25	4.41	3.34	3.47	3.26	338912	465568	505144	517252	485488
SRR5826156	PACBIO_SMRT	4103251	0.8780	not detected	no	yes	26.8734	6.4129	6.4129	6.4129	26.8734	18.84	18.98	19.51	19.09	19.11	1267588	1281936	1374832	1344132	1372952
SRR5829677	PACBIO_SMRT	4088698	0.8720	not detected	no	yes	23.8506	4.6050	4.6050	4.6050	23.8506	15.72	15.39	15.59	15.56	15.54	1266264	1262808	1317488	1313616	1238604
SRR5829729	PACBIO_SMRT	4111644	0.9100	not detected	no	yes	54.0247	7.6439	7.6439	7.6439	54.0247	27.79	27.10	27.38	27.60	27.99	2699736	2700992	2736232	2731512	2732548
SRR5855230	PACBIO_SMRT	2153937	0.1830	not detected	no	no	1.1626	1.1626	1.1626	1.1626	1.3724	21.33	21.63	21.94	22.49	22.05	1643344	1641908	1667760	1664464	1670296
SRR5949107	PACBIO_SMRT	7437059	0.4850	not detected	no	no	2.1222	2.1222	2.1222	2.1222	3.3584	14.69	14.84	15.03	15.02	15.10	1150696	1144540	1170704	1173492	1171228
SRR5949108	PACBIO_SMRT	7436980	0.4540	not detected	no	no	1.9099	1.9099	1.9099	1.9099	3.0264	17.08	16.89	17.24	17.39	17.30	1179556	1188076	1207476	1193524	1201328
SRR6008331	PACBIO_SMRT	7207640	0.3900	not detected	no	no	1.6641	1.6641	1.6641	1.6641	2.4761	17.96	17.77	18.56	18.12	18.06	1893136	1889268	1916676	1916080	1918428
SRR6029562	PACBIO_SMRT	9611874	0.4950	not detected	no	no	2.3091	2.3091	2.3091	2.3091	3.6255	8.73	8.75	8.80	8.83	8.82	569488	579320	590932	595848	598080
SRR6118140	OXFORD_NANOPORE	5563075	0.3160	not detected	no	no	0.9743	0.9743	0.9743	0.9743	1.0962	15.48	15.51	15.61	15.77	15.71	1142536	1140240	1156792	1161224	1160268
SRR6129216	OXFORD_NANOPORE	820043	0.2880	not detected	no	no	1.2539	1.2539	1.2539	1.2539	1.6494	30.44	29.69	30.30	31.00	30.96	1281056	1283624	1289784	1277376	1288688
SRR6129218	OXFORD_NANOPORE	807195	0.3100	not detected	no	no	1.2419	1.2419	1.2419	1.2419	1.6744	24.34	24.23	24.47	24.55	24.48	1170916	1209496	1198848	1236688	1231832
SRR6175467	OXFORD_NANOPORE	5768986	0.3050	not detected	no	no	1.2781	1.2781	1.2781	1.2781	1.5703	9.76	9.71	10.02	10.15	10.37	1173212	1172548	1260060	1245296	1271908
SRR6175468	OXFORD_NANOPORE	5768996	0.2930	not detected	no	no	1.2247	1.2247	1.2247	1.2247	1.4801	8.96	9.05	9.07	8.97	8.98	1194528	1195136	1212512	1216700	1215832
SRR6192954	OXFORD_NANOPORE	5768890	0.3190	not detected	no	no	1.2616	1.2616	1.2616	1.2616	1.5373	6.73	7.07	7.28	6.98	7.26	1169396	1162964	1187708	1195488	1232128
SRR6202031	OXFORD_NANOPORE	5731216	0.2970	not detected	no	no	1.2545	1.2545	1.2545	1.2545	1.5144	9.03	9.26	9.28	9.10	9.10	1167856	1164500	1178676	1197588	1187396
SRR6202032	OXFORD_NANOPORE	5732200	0.3260	not detected	no	no	1.3322	1.3322	1.3322	1.3322	1.6843	7.60	6.85	7.00	7.94	6.53	1109716	1149364	1136516	1137528	1179724
SRR6224382	OXFORD_NANOPORE	847967	0.3550	not detected	no	no	1.1744	1.1744	1.1744	1.1744	1.6026	19.15	19.11	19.04	19.30	19.21	1016540	1006292	1000568	999724	1022740
SRR6331514	PACBIO_SMRT	2468871	0.9010	not detected	no	yes	38.3847	4.9458	4.9458	4.9458	38.3847	22.14	22.01	23.40	23.67	27.79	2286928	2391056	2462420	2426556	2430128
SRR6364637	OXFORD_NANOPORE	908214	0.4230	not detected	no	no	1.6512	1.6512	1.6512	1.6512	2.8500	5.22	5.11	5.38	5.10	5.25	322384	321528	341228	315296	328892
SRR6413814	PACBIO_SMRT	7278330	0.3740	not detected	no	no	1.8821	1.8821	1.8821	1.8821	2.7183	19.49	19.63	20.87	19.70	20.74	1235656	1243172	1252964	1232904	1226364
SRR6515889	PACBIO_SMRT	5629494	0.6570	not detected	no	no	2.8197	2.8197	2.8197	2.8197	6.3477	12.43	12.76	13.13	12.88	13.18	1981192	1977388	2012212	2009056	2004564
SRR6635820	PACBIO_SMRT	5079402	0.6000	not detected	no	no	2.1366	2.1366	2.1366	2.1366	4.3054	11.94	11.94	12.13	12.21	12.15	2034412	2033120	2059220	2056172	2057724
SRR6635822	PACBIO_SMRT	5079402	0.6400	not detected	no	no	1.9634	1.9634	1.9634	1.9634	4.3905	15.31	15.40	15.79	15.82	15.89	2272768	2283552	2311164	2309132	2311032
SRR6742499	PACBIO_SMRT	6462637	0.4140	not detected	no	no	1.7655	1.7655	1.7655	1.7655	2.6645	16.08	15.77	16.03	16.05	16.41	1198932	1204904	1227828	1229208	1227256
SRR6747884	OXFORD_NANOPORE	5674561	0.3220	not detected	no	no	1.2470	1.2470	1.2470	1.2470	1.6875	13.35	13.39	14.02	13.82	13.95	828764	811916	840832	842772	830576
SRR6780912	OXFORD_NANOPORE	3346458	0.3860	not detected	no	no	1.2284	1.2284	1.2284	1.2284	1.6836	3.77	3.74	3.77	3.81	3.80	446328	446328	481376	485472	481372
SRR6780922	OXFORD_NANOPORE	2299539	0.4730	not detected	no	no	2.0447	2.0479	2.0447	2.0447	3.4144	3.65	3.83	3.93	3.72	3.83	588524	677608	718704	710756	711024
SRR6785587	OXFORD_NANOPORE	6268469	0.2280	not detected	no	no	1.1723	1.1787	1.1723	1.1723	1.4147	5.18	5.41	5.71	5.51	5.58	536152	1070484	1103332	1085176	1098000
SRR6825087	PACBIO_SMRT	3502671	0.5280	not detected	no	no	2.5619	2.5619	2.5619	2.5619	4.9732	17.91	18.35	19.51	18.37	18.89	1131936	1173068	1160432	1135564	1187176
SRR6873507	OXFORD_NANOPORE	2186621	0.3080	not detected	no	no	1.0782	1.0782	1.0782	1.0782	1.3823	16.75	23.50	17.89	27.28	17.47	1213424	1270364	1230108	1232000	1220792
SRR6873508	OXFORD_NANOPORE	2186621	0.2980	not detected	no	no	1.0587	1.0587	1.0587	1.0587	1.3651	17.63	17.91	17.54	17.81	17.54	1347488	1347272	1357612	1357760	1358276
SRR6873509	OXFORD_NANOPORE	2276164	0.3160	not detected	no	no	1.0698	1.0698	1.0698	1.0698	1.3533	17.76	17.48	17.67	17.83	17.57	1355332	1352252	1396024	1390456	1388636
SRR6873510	OXFORD_NANOPORE	2276164	0.3280	not detected	no	no	1.0900	1.0900	1.0900	1.0900	1.3857	23.12	17.98	24.23	18.14	25.43	1268996	1231644	1335820	1265580	1313584
SRR6982907	PACBIO_SMRT	5553146	0.6080	not detected	no	no	2.0620	2.0620	2.0620	2.0620	4.6970	24.87	25.40	28.09	28.03	26.27	2162916	2272332	2280028	2374316	2283756
SRR6982908	PACBIO_SMRT	5555919	0.6270	not detected	no	no	2.2536	2.2536	2.2536	2.2536	5.2780	20.18	20.70	21.05	20.85	20.48	2252708	2256744	2299168	2303608	2299864
SRR6982909	PACBIO_SMRT	5553249	0.5280	not detected	no	no	1.6746	1.6746	1.6746	1.6746	3.0831	20.13	19.97	20.57	20.32	20.34	2077736	2082700	2102072	2104852	2108644
SRR6982910	PACBIO_SMRT	5553251	0.4660	not detected	no	no	1.4711	1.4711	1.4711	1.4711	2.3685	21.25	19.62	20.11	19.77	19.78	2070812	2068296	2088540	2088776	2096100
SRR6982911	PACBIO_SMRT	5553154	0.4420	not detected	no	no	1.5962	1.5962	1.5962	1.5962	2.4599	20.40	19.96	20.94	21.00	20.41	2153488	2160332	2157028	2278736	2196356
SRR6982912	PACBIO_SMRT	5553163	0.4270	not detected	no	no	1.4755	1.4755	1.4755	1.4755	2.1564	17.53	17.39	17.65	17.67	17.78	1934752	1935964	1961300	1959496	1965004
SRR6982913	PACBIO_SMRT	5553169	0.4210	not detected	no	no	1.4603	1.4603	1.4603	1.4603	2.1714	19.71	16.10	19.55	19.03	19.50	2252196	2193536	2281844	2218644	2300348
SRR6982914	PACBIO_SMRT	5553158	0.4890	not detected	no	no	1.6487	1.6487	1.6487	1.6487	2.7748	19.86	19.49	19.54	19.50	19.53	2182480	2186096	2213252	2207192	2208156
SRR6982915	PACBIO_SMRT	5555913	0.4230	not detected	no	no	1.9938	1.9938	1.9938	1.9938	3.1861	15.63	15.28	15.45	15.70	15.60	1010176	1014164	1074868	1058636	1049456
SRR6982916	PACBIO_SMRT	5555925	0.5080	not detected	no	no	1.2930	1.2930	1.2930	1.2930	2.1446	20.04	19.82	20.07	20.10	20.15	2219080	2227604	2248284	2251076	2251808
SRR6982917	PACBIO_SMRT	5551313	0.3630	not detected	no	no	1.2075	1.2075	1.2075	1.2075	1.5870	18.06	18.70	17.82	17.33	17.44	1997972	2029056	2070516	2040036	2090844
SRR6982918	PACBIO_SMRT	5553158	0.3920	not detected	no	no	1.2502	1.2502	1.2502	1.2502	1.7439	19.68	19.65	19.58	20.61	20.47	2036868	2034500	2059956	2059592	2065356
SRR6982919	PACBIO_SMRT	5552230	0.4680	not detected	no	no	1.4271	1.4271	1.4271	1.4271	2.1454	18.48	18.52	18.65	18.57	18.53	1968660	1972136	1997632	1997204	1994932
SRR6982920	PACBIO_SMRT	5531321	0.4880	not detected	no	no	1.3698	1.3698	1.3698	1.3698	2.1778	17.03	16.79	17.33	17.41	17.78	1973672	1973836	1996892	1999952	2001904
SRR6982921	PACBIO_SMRT	5542245	0.5150	not detected	no	no	1.4273	1.4273	1.4273	1.4273	2.4465	18.07	18.10	18.41	18.18	18.28	1959512	1953364	1981460	1986368	1983448
SRR6982922	PACBIO_SMRT	5559170	0.3930	not detected	no	no	1.2943	1.2943	1.2943	1.2943	1.6857	14.41	14.49	14.48	14.61	14.47	2279952	2280660	2320400	2321628	2322584
SRR6982923	PACBIO_SMRT	5542240	0.3940	not detected	no	no	1.2296	1.2296	1.2296	1.2296	1.6441	20.40	20.00	20.42	20.44	20.38	2036332	2035064	2059492	2066304	2060620
SRR6982924	PACBIO_SMRT	5542244	0.4320	not detected	no	no	1.2924	1.2924	1.2924	1.2924	1.8549	18.67	18.49	18.89	18.79	19.03	2020888	2025084	2022140	2031948	2031780
SRR6982925	PACBIO_SMRT	5600993	0.4530	not detected	no	no	1.2990	1.2990	1.2990	1.2990	1.9193	21.25	20.13	23.43	20.27	21.15	2043320	2025124	2075416	2052184	2049168
SRR6982926	PACBIO_SMRT	5601006	0.4360	not detected	no	no	1.2497	1.2497	1.2497	1.2497	1.7503	20.82	22.14	23.47	22.12	23.37	2028492	2012620	2095732	2151156	2141676
SRR6982927	PACBIO_SMRT	5680026	0.5980	not detected	no	no	2.0369	2.0369	2.0369	2.0369	4.5556	19.71	19.72	20.16	20.14	20.05	2185764	2189044	2199404	2209340	2218628
SRR6982928	PACBIO_SMRT	5697472	0.5610	not detected	no	no	1.7711	1.7711	1.7711	1.7711	3.4397	20.88	20.64	21.49	22.92	25.19	2157288	2182056	2272740	2195516	2203516
SRR6982929	PACBIO_SMRT	5555919	0.3920	not detected	no	no	1.2266	1.2266	1.2266	1.2266	1.7313	20.62	20.57	20.88	20.68	21.05	2170128	2172076	2195632	2198504	2190952
SRR6982931	PACBIO_SMRT	5551589	0.4380	not detected	no	no	1.3730	1.3730	1.3730	1.3730	1.9776	19.55	19.41	19.82	19.95	19.80	2065520	2060884	2082864	2091836	2089996
SRR6982932	PACBIO_SMRT	5551339	0.5950	not detected	no	no	2.1830	2.1830	2.1830	2.1830	4.7807	16.33	16.30	16.60	16.62	16.56	1984664	1983612	2010860	2011356	2006340
SRR6982933	PACBIO_SMRT	5555563	0.3290	not detected	no	no	1.1395	1.1395	1.1395	1.1395	1.4612	16.03	15.92	16.49	16.45	16.54	2189296	2189856	2215564	2214824	2215724
SRR6982934	PACBIO_SMRT	5553074	0.4680	not detected	no	no	1.4498	1.4498	1.4498	1.4498	2.3702	18.67	18.71	19.38	19.02	19.09	2007972	2002832	2023060	2030044	2028656
SRR6982935	PACBIO_SMRT	5555919	0.4340	not detected	no	no	1.3630	1.3630	1.3630	1.3630	2.0736	21.68	18.39	19.32	19.02	20.00	1646688	1650016	1673600	1673396	1667460
SRR6982936	PACBIO_SMRT	5555917	0.4100	not detected	no	no	1.2670	1.2670	1.2670	1.2670	1.7706	22.14	22.27	22.85	22.33	22.76	2091904	2068960	2092396	2086804	2089524
SRR6982937	PACBIO_SMRT	5546907	0.4800	not detected	no	no	1.7061	1.7061	1.7061	1.7061	2.9210	18.48	19.13	19.55	19.14	19.64	2160928	2149668	2179936	2184892	2185960
SRR6982938	PACBIO_SMRT	5495749	0.4270	not detected	no	no	1.3356	1.3356	1.3356	1.3356	1.9340	19.44	19.68	19.69	19.94	19.74	2067032	2081292	2099764	2093480	2088540
SRR6982939	PACBIO_SMRT	5553168	0.4030	not detected	no	no	1.2312	1.2312	1.2312	1.2312	1.6788	19.42	19.27	19.43	20.24	19.67	2191856	2191556	2220524	2217644	2215012
SRR6982940	PACBIO_SMRT	5555918	0.3880	not detected	no	no	1.3324	1.3324	1.3324	1.3324	1.8925	15.10	15.96	15.70	15.68	15.99	1979076	1973460	2005544	2000424	2005240
SRR6982941	PACBIO_SMRT	5553150	0.4320	not detected	no	no	1.3520	1.3520	1.3520	1.3520	2.0398	16.52	16.42	16.65	16.65	16.68	2001528	1999060	2030760	2030700	2030776
SRR6982942	PACBIO_SMRT	5517290	0.4750	not detected	no	no	1.3256	1.3256	1.3256	1.3256	2.1133	18.94	18.78	19.05	18.97	18.69	2201248	2197736	2237176	2237608	2231360
SRR6982943	PACBIO_SMRT	5517227	0.3460	not detected	no	no	1.2348	1.2348	1.2348	1.2348	1.7525	17.34	17.45	17.79	17.78	17.84	1133220	1134792	1164112	1161780	1162512
SRR6982945	PACBIO_SMRT	5577185	0.5390	not detected	no	no	1.5032	1.5032	1.5032	1.5032	2.7304	19.06	19.18	19.71	19.76	19.18	2177316	2176992	2207892	2222776	2209968
SRR6985643	PACBIO_SMRT	2855408	0.9250	not detected	no	yes	77.3917	12.6588	12.6588	12.6588	77.3917	20.73	20.66	20.93	21.01	21.30	4125292	4133644	4162468	4164188	4160812
SRR6985735	PACBIO_SMRT	4897845	0.6760	not detected	no	no	2.6000	2.6000	2.6000	2.6000	6.8709	19.90	19.75	20.34	20.27	20.57	2371032	2371508	2401844	2400252	2400596
SRR7183053	PACBIO_SMRT	3005997	0.6570	not detected	no	no	3.9638	3.9638	3.9638	3.9638	10.1913	12.13	12.18	12.32	12.36	12.08	1729680	1725076	1753696	1751892	1751896
SRR7183054	PACBIO_SMRT	3005997	0.6150	not detected	no	no	3.8533	3.8533	3.8533	3.8533	8.9882	11.32	11.47	11.67	11.74	12.51	1675992	1680908	1706636	1705016	1706796
SRR7183055	PACBIO_SMRT	3005997	0.5980	not detected	no	no	2.9982	2.9982	2.9982	2.9982	6.7207	12.77	14.71	13.68	14.87	15.10	1742204	1776096	1733244	1794884	1816584
SRR7205491	PACBIO_SMRT	5379839	0.3960	not detected	no	no	1.3750	1.3629	1.3750	1.3750	1.8233	3.87	3.22	4.09	3.20	3.16	314784	592564	612460	600140	596452
SRR7521703	OXFORD_NANOPORE	6730253	0.2640	not detected	no	no	1.0732	1.0732	1.0732	1.0732	1.3577	10.38	10.27	10.45	10.47	10.45	1502132	1499996	1536516	1524000	1528548
SRR7532470	OXFORD_NANOPORE	4018503	0.3800	not detected	no	no	1.1144	1.1144	1.1144	1.1144	1.2485	20.09	20.16	20.63	20.44	20.45	1690264	1693960	1703680	1703152	1656840
SRR7640589	PACBIO_SMRT	2566193	0.3900	not detected	no	no	1.5925	1.5925	1.5925	1.5925	2.3632	11.19	10.71	11.36	12.56	12.68	1063620	1085940	1108784	1102164	1098600
SRR7640590	PACBIO_SMRT	2566193	0.3810	not detected	no	no	1.5472	1.5472	1.5472	1.5472	2.3372	4.55	4.50	4.61	4.57	4.58	999332	1004860	1020620	1021344	1021128
SRR7640788	PACBIO_SMRT	4141708	0.4740	not detected	no	no	2.5064	2.5064	2.5064	2.5064	4.1643	11.56	11.80	11.71	12.15	11.89	1049204	1060620	1066008	1066676	1071236
SRR7668116	PACBIO_SMRT	2478942	0.4650	not detected	no	no	2.7897	2.7897	2.7897	2.7897	4.6954	9.34	9.37	9.54	9.53	9.55	285584	283492	300176	300172	300176
SRR7686016	PACBIO_SMRT	3628651	0.4740	not detected	no	no	1.6929	1.6929	1.6929	1.6929	2.5659	8.97	8.99	9.18	9.49	9.23	1746720	1745088	1771212	1769988	1770532
SRR7686591	PACBIO_SMRT	4614212	0.3080	not detected	no	no	1.3672	1.3672	1.3672	1.3672	1.8045	17.83	17.80	18.29	18.28	18.17	1181736	1177712	1199728	1196064	1200828
SRR7692455	PACBIO_SMRT	1833864	0.4910	not detected	no	no	2.0614	2.0614	2.0614	2.0614	3.6960	6.36	6.40	6.41	6.42	6.46	796172	794616	807180	816044	818068
SRR7692458	PACBIO_SMRT	1838740	0.4290	not detected	no	no	1.9079	1.9079	1.9079	1.9079	3.1177	7.14	7.15	7.19	7.24	7.24	999044	988868	1013860	1014740	1011708
SRR7692459	PACBIO_SMRT	1833710	0.4390	not detected	no	no	1.8929	1.8929	1.8929	1.8929	3.1891	7.39	7.64	7.57	7.61	8.04	930012	931268	945292	940904	947972
SRR7692460	PACBIO_SMRT	1840062	0.4560	not detected	no	no	1.9550	1.9550	1.9550	1.9550	3.4052	7.99	7.48	7.12	8.71	7.36	887772	924108	892372	941212	929728
SRR7692504	PACBIO_SMRT	1833305	0.4510	not detected	no	no	1.8147	1.8147	1.8147	1.8147	3.0032	6.66	6.68	6.83	6.81	6.82	998544	997300	1017152	1018056	1017256
SRR7692507	PACBIO_SMRT	2013003	0.4730	not detected	no	no	1.8770	1.8770	1.8770	1.8770	3.2223	6.71	7.19	6.98	7.44	7.10	938224	952488	990616	930760	935928
SRR7721906	PACBIO_SMRT	2337902	0.9430	not detected	no	yes	73.8188	7.1688	7.1688	7.1688	73.8188	29.61	30.10	30.64	29.38	29.85	3012776	3039772	3062644	3055736	3057764
SRR7781231	PACBIO_SMRT	3558757	0.3510	not detected	no	no	1.8895	1.8895	1.8895	1.8895	2.9217	6.13	6.70	6.57	6.47	6.70	606488	586572	625324	596264	643232
SRR7817081	PACBIO_SMRT	5642022	0.4780	not detected	no	no	1.4577	1.4577	1.4577	1.4577	2.2814	19.84	20.43	22.70	21.06	20.95	1838184	1870576	1861160	1904576	1898932
SRR7896260	OXFORD_NANOPORE	5131000	0.3720	not detected	no	no	1.1415	1.1415	1.1415	1.1415	1.5550	9.66	8.48	8.56	9.26	9.17	848432	850408	879992	861656	874532
SRR7896261	OXFORD_NANOPORE	5442997	0.4820	not detected	no	no	1.1461	1.1461	1.1461	1.1461	1.7331	9.10	9.10	9.36	9.36	9.39	599996	595780	616736	620664	615900
SRR7896264	OXFORD_NANOPORE	5505679	0.4470	not detected	no	no	1.0883	1.0883	1.0883	1.0883	1.4942	16.49	16.66	17.14	16.93	16.84	831080	823156	844484	850608	844508
SRR7896265	OXFORD_NANOPORE	5680623	0.4480	not detected	no	no	1.0750	1.0750	1.0750	1.0750	1.4950	15.65	15.63	15.79	15.74	15.69	659212	661272	713836	706036	707748
SRR7908033	OXFORD_NANOPORE	4102412	0.2510	not detected	no	no	1.0449	1.0449	1.0449	1.0449	1.2369	61.51	60.79	61.50	61.67	62.06	3795700	3680044	3843312	3827740	3718380
SRR7941349	OXFORD_NANOPORE	4727462	0.1440	not detected	no	no	1.0117	1.0117	1.0117	1.0117	1.1184	30.43	30.06	30.17	30.12	29.67	1970868	1968084	1984232	1998620	1993420
SRR7962491	OXFORD_NANOPORE	4626472	0.3890	not detected	no	no	1.2651	1.2651	1.2651	1.2651	1.8025	17.64	17.29	17.92	17.49	17.52	1132328	1074340	1104428	1090592	1144372
SRR7962743	OXFORD_NANOPORE	5096894	0.2110	not detected	no	no	0.9814	0.9814	0.9814	0.9814	1.1016	27.86	28.01	28.20	28.08	28.08	2354916	2300996	2332148	2378836	2378648
SRR7971250	PACBIO_SMRT	5581536	0.9080	not detected	no	yes	32.7403	4.3567	4.3567	4.3567	32.7403	22.77	22.62	22.81	23.74	22.95	4411552	4409968	4453844	4457800	4455828
SRR7971259	PACBIO_SMRT	5638235	0.8000	not detected	no	no	2.6476	2.6476	2.6476	2.6476	10.6029	23.95	25.70	25.35	31.07	26.88	3908168	3886584	4040488	4023672	3997920
SRR8105427	PACBIO_SMRT	3387846	0.2040	not detected	no	no	1.2082	1.2082	1.2082	1.2082	1.4392	19.59	19.73	19.80	19.39	19.67	1204432	1201376	1234952	1230856	1230856
SRR8112132	OXFORD_NANOPORE	6236552	0.1860	not detected	no	no	1.0275	1.0275	1.0275	1.0275	1.1910	21.87	21.98	21.81	21.97	22.24	1556916	1548740	1548028	1571272	1550880
SRR8113455	OXFORD_NANOPORE	2911280	0.5140	not detected	no	no	1.0707	1.0707	1.0707	1.0707	1.3567	18.86	18.68	19.00	18.71	18.80	804556	813840	827224	817324	837480
SRR8185373	OXFORD_NANOPORE	5868661	0.3020	not detected	no	no	1.2082	1.2082	1.2082	1.2082	1.5760	12.03	11.90	12.13	11.73	12.19	1229152	1224808	1290204	1279136	1294932
SRR8194171	OXFORD_NANOPORE	1833100	0.4680	not detected	no	no	1.3846	1.3846	1.3846	1.3846	2.7339	4.12	4.00	4.07	4.10	4.15	328124	311952	332272	327840	335952
SRR8258035	PACBIO_SMRT	1908276	0.5670	not detected	no	no	0.5517	0.5517	0.5517	0.5517	1.5514	16.79	16.80	17.05	16.98	17.81	1056168	1068356	1040244	1082016	1054424
SRR8283322	PACBIO_SMRT	1273530	0.2160	not detected	no	no	0.8775	0.8775	0.8775	0.8775	0.9430	7.79	7.59	7.61	7.57	7.45	294024	292064	309308	309308	309312
SRR8293886	PACBIO_SMRT	5096894	0.2270	not detected	no	no	1.1474	1.1474	1.1474	1.1474	1.3451	15.60	16.01	16.00	15.96	15.70	2093084	2105080	2119616	2129708	2117412
SRR8305981	PACBIO_SMRT	4806207	0.3400	not detected	no	no	1.6101	1.6101	1.6101	1.6101	2.3670	6.67	6.63	6.89	6.99	6.95	1098484	1098616	1119660	1122536	1118956
SRR8305998	PACBIO_SMRT	4459473	0.2990	not detected	no	no	1.3931	1.3931	1.3931	1.3931	1.9115	6.30	6.32	6.45	6.52	6.43	1143176	1141236	1169736	1161668	1167588
SRR8306355	PACBIO_SMRT	4688242	0.2810	not detected	no	no	1.3876	1.3876	1.3876	1.3876	1.8229	7.64	7.68	7.90	7.74	7.88	1126828	1130892	1149172	1151216	1155704
SRR8306745	PACBIO_SMRT	4774176	0.2800	not detected	no	no	1.3637	1.3637	1.3637	1.3637	1.8263	10.14	9.18	10.00	8.89	10.73	1153840	1166596	1215660	1160276	1222080
SRR8327213	PACBIO_SMRT	7367863	0.3660	not detected	no	no	1.8046	1.8046	1.8046	1.8046	2.5883	16.17	16.23	16.26	15.94	15.52	1017488	1007392	1088776	1055800	1026408
SRR8335316	OXFORD_NANOPORE	5761749	0.4180	not detected	no	no	1.0477	1.0477	1.0477	1.0477	1.2616	23.63	22.59	31.04	23.37	23.68	1657576	1663040	1689344	1754016	1694068
SRR8335317	OXFORD_NANOPORE	5778004	0.3830	not detected	no	no	1.0565	1.0565	1.0565	1.0565	1.3075	18.85	18.78	18.54	19.14	18.52	1962704	1962008	1976116	1981600	1974612
SRR8362596	PACBIO_SMRT	4917491	0.3020	not detected	no	no	1.4536	1.4536	1.4536	1.4536	2.0167	7.88	8.10	8.31	8.08	8.31	1107252	1106076	1125744	1126532	1132836
SRR8362597	PACBIO_SMRT	5220569	0.2610	not detected	no	no	1.3481	1.3481	1.3481	1.3481	1.7454	7.54	7.54	7.82	7.86	7.94	1101456	1106096	1128520	1126916	1126468
SRR8362616	PACBIO_SMRT	4949027	0.5440	not detected	no	no	1.3316	1.3316	1.3316	1.3316	1.9757	7.32	7.66	7.86	7.84	7.76	1120916	1119440	1143924	1143624	1140760
SRR8362618	PACBIO_SMRT	2939705	0.2880	not detected	no	no	1.3895	1.3895	1.3895	1.3895	1.8514	7.26	7.25	7.35	7.39	7.28	1125348	1126540	1148912	1149072	1148172
SRR8362621	PACBIO_SMRT	5645678	0.3480	not detected	no	no	1.3397	1.3397	1.3397	1.3397	1.9827	6.75	6.76	7.06	7.08	7.18	1100212	1105300	1119704	1123728	1129704
SRR8362625	PACBIO_SMRT	5536651	0.2760	not detected	no	no	1.3470	1.3470	1.3470	1.3470	1.7671	7.28	7.26	7.83	7.58	7.53	1091528	1097700	1127144	1120124	1120724
SRR8362631	PACBIO_SMRT	4581781	0.2820	not detected	no	no	1.4043	1.4043	1.4043	1.4043	1.8507	7.78	7.92	8.21	8.11	8.18	1132896	1132904	1152544	1154788	1161536
SRR8365081	OXFORD_NANOPORE	4860161	0.3530	not detected	no	no	0.8801	0.8781	0.8801	0.8801	1.0901	149.26	142.16	141.80	141.36	139.97	4076108	4358488	4356100	4385520	4203972
SRR8365815	PACBIO_SMRT	8025568	0.5030	not detected	no	no	2.6705	2.6705	2.6705	2.6705	4.3879	7.85	7.75	8.08	8.02	8.08	1131712	1130704	1161356	1152860	1144768
SRR8400040	OXFORD_NANOPORE	6241875	0.2610	not detected	no	no	1.0460	1.0460	1.0460	1.0460	1.2632	24.58	25.40	25.06	25.59	24.93	1716392	1749012	1775360	1780116	1780184
SRR8416122	PACBIO_SMRT	2996750	0.4380	not detected	no	no	1.9775	1.9775	1.9775	1.9775	3.3919	20.71	22.91	20.29	20.53	21.08	1189652	1232936	1259016	1324136	1271736
SRR8416224	PACBIO_SMRT	3824290	0.4100	not detected	no	no	1.7178	1.7178	1.7178	1.7178	2.6531	17.77	17.61	17.91	17.79	17.78	1159788	1161792	1184164	1184608	1187256
SRR8457073	OXFORD_NANOPORE	2221636	0.4440	detected	yes	no	1.0355	1.1179	1.1179	1.0355	1.3674	10.08	10.34	12.17	12.56	12.37	818876	792952	1021172	1020528	1015428
SRR8457074	OXFORD_NANOPORE	2222042	0.4300	detected	yes	no	1.0546	1.1230	1.1230	1.0546	1.4518	23.20	21.76	31.74	34.59	31.17	695684	691340	921516	856324	838144
SRR8457079	OXFORD_NANOPORE	2221735	0.4550	detected	yes	no	1.0686	1.1517	1.1517	1.0686	1.4859	7.53	7.54	8.48	8.41	8.58	646864	645100	792868	781240	795420
SRR8489231	PACBIO_SMRT	4774876	0.2750	not detected	no	no	1.4692	1.4692	1.4692	1.4692	1.9612	4.64	4.63	4.96	4.80	4.58	1076352	1056356	1081104	1080216	1076156
SRR8489233	PACBIO_SMRT	4727462	0.2830	not detected	no	no	1.4603	1.4603	1.4603	1.4603	1.9568	8.48	7.12	7.02	7.09	7.56	1065800	1094516	1068200	1070828	1107060
SRR8489307	PACBIO_SMRT	5144090	0.2810	not detected	no	no	1.3715	1.3715	1.3715	1.3715	1.8632	7.37	7.33	7.54	7.55	7.42	1129856	1133152	1157068	1157824	1159288
SRR8489315	PACBIO_SMRT	4727570	0.2860	not detected	no	no	1.4664	1.4664	1.4664	1.4664	2.0007	5.91	6.43	6.22	6.34	6.66	1046240	1058244	1072396	1080472	1078768
SRR8523153	OXFORD_NANOPORE	3132860	0.4520	detected	yes	no	0.9488	0.9751	0.9751	0.9488	1.0709	18.13	18.08	23.83	23.68	23.71	804668	802316	861028	863576	875244
SRR8523155	OXFORD_NANOPORE	3135868	0.4600	detected	yes	no	0.9726	0.8971	0.8971	0.9726	1.0781	19.57	19.90	26.50	25.00	25.83	873348	851776	923304	879412	915092
SRR8549120	PACBIO_SMRT	5305706	0.3050	not detected	no	no	1.3390	1.3390	1.3390	1.3390	1.7615	8.84	8.66	9.10	9.39	9.17	1179408	1172148	1198368	1197856	1198688
SRR8549885	PACBIO_SMRT	4858998	0.3570	not detected	no	no	1.4650	1.4650	1.4650	1.4650	2.0850	16.76	16.87	17.50	17.25	17.57	1162528	1172456	1196388	1190224	1167496
SRR8560598	OXFORD_NANOPORE	4005505	0.2240	not detected	no	no	1.0655	1.0619	1.0655	1.0655	1.2248	13.72	13.19	13.00	13.04	13.24	1253948	1651652	1655244	1664544	1664292
SRR8618952	PACBIO_SMRT	4907789	0.3240	not detected	no	no	1.1886	1.1886	1.1886	1.1886	1.4695	9.57	9.47	9.75	9.52	9.79	1206512	1220384	1234140	1229676	1235404
SRR8638908	OXFORD_NANOPORE	7336816	0.0600	not detected	no	no	0.9882	1.0008	0.9882	0.9882	1.0265	10.25	10.99	11.26	11.14	11.11	686712	1497612	1525844	1531196	1534332
SRR8639572	OXFORD_NANOPORE	6749717	0.0810	not detected	no	no	0.9991	1.0036	0.9991	0.9991	1.0653	8.18	8.97	8.52	8.61	8.47	594868	1203684	1272344	1216852	1272436
SRR8639574	OXFORD_NANOPORE	6530403	0.1160	not detected	no	no	1.0007	0.9933	1.0007	1.0007	1.0845	12.27	12.35	12.49	12.57	12.38	722568	1647972	1681676	1676540	1675984
SRR8647639	OXFORD_NANOPORE	975069	0.2250	not detected	no	no	0.9945	0.9815	0.9945	0.9945	1.2140	12.18	11.08	11.23	11.26	11.20	441088	657260	654276	651112	670352
SRR8647641	OXFORD_NANOPORE	975073	0.2200	not detected	no	no	0.9737	0.9636	0.9737	0.9737	1.1833	15.88	14.19	14.24	14.21	14.36	637104	885036	911084	911660	912904
SRR8697007	OXFORD_NANOPORE	4240930	0.1150	not detected	no	no	0.9618	0.9618	0.9618	0.9618	1.0369	31.30	31.09	33.81	32.89	36.58	1773572	1767376	1844144	1749852	1833524
SRR8697008	OXFORD_NANOPORE	3150039	0.1300	not detected	no	no	0.9715	0.9715	0.9715	0.9715	1.0364	38.93	38.58	38.92	39.80	39.53	2000608	2071524	2105484	2094560	2095016
SRR8707511	OXFORD_NANOPORE	4611179	0.1320	not detected	no	no	0.9559	0.9559	0.9559	0.9559	1.0321	23.92	25.75	33.25	38.92	35.52	1750548	1739068	1785152	1793252	1793748
SRR8740797	OXFORD_NANOPORE	4927300	0.2740	not detected	no	no	1.0383	1.0383	1.0383	1.0383	1.2785	17.74	18.00	18.36	18.13	18.29	843172	846988	867044	867000	866276
SRR8754885	OXFORD_NANOPORE	6039562	0.2210	not detected	no	no	1.2479	1.2479	1.2479	1.2479	1.5204	4.83	4.75	4.79	4.93	4.83	312052	323908	337316	330704	339976
SRR8767346	OXFORD_NANOPORE	6039562	0.5210	not detected	no	no	2.5719	2.5719	2.5719	2.5719	4.3239	6.32	6.33	6.47	6.44	6.36	1119200	1117932	1148692	1146708	1142932
SRR8776787	OXFORD_NANOPORE	2800216	0.4080	not detected	no	no	1.0632	1.0632	1.0632	1.0632	1.4161	17.80	17.28	18.15	17.81	17.68	887716	876048	863380	873620	894348
SRR8776793	OXFORD_NANOPORE	2823974	0.3090	not detected	no	no	1.0354	1.0354	1.0354	1.0354	1.2630	20.99	20.95	21.33	21.46	21.41	1002832	1008636	995772	1026188	1025724
SRR8776794	OXFORD_NANOPORE	2747791	0.3420	not detected	no	no	1.0445	1.0445	1.0445	1.0445	1.3340	15.53	15.47	15.89	15.57	15.57	832816	806108	854600	855724	857104
SRR8776821	OXFORD_NANOPORE	2790390	0.3360	not detected	no	no	1.0172	1.0172	1.0172	1.0172	1.3126	18.01	18.02	18.23	18.35	18.34	868488	874860	887764	887116	860920
SRR8776864	OXFORD_NANOPORE	2825436	0.2460	not detected	no	no	1.0464	1.0464	1.0464	1.0464	1.2861	18.36	18.24	18.95	18.57	18.81	1148228	1133304	1155932	1156864	1162084
SRR8776865	OXFORD_NANOPORE	2824060	0.2710	not detected	no	no	1.0567	1.0567	1.0567	1.0567	1.3050	17.17	17.50	17.30	17.59	17.66	1108124	1104440	1105672	1145056	1119320
SRR8776873	OXFORD_NANOPORE	2904316	0.2930	not detected	no	no	1.0113	1.0113	1.0113	1.0113	1.2423	21.01	21.23	21.57	21.25	21.79	987752	984052	974232	994840	1008140
SRR8776876	OXFORD_NANOPORE	2932277	0.2660	not detected	no	no	1.0623	1.0623	1.0623	1.0623	1.2848	21.82	31.63	27.74	20.81	31.02	1277796	1218820	1300224	1223648	1300332
SRR8776877	OXFORD_NANOPORE	2887396	0.2220	not detected	no	no	1.0390	1.0390	1.0390	1.0390	1.2277	27.78	27.96	27.34	19.34	19.02	1209264	1246156	1230536	1225384	1277496
SRR8776879	OXFORD_NANOPORE	2871741	0.2240	not detected	no	no	1.0185	1.0185	1.0185	1.0185	1.1958	19.87	19.99	20.89	20.39	20.50	1226960	1226036	1232424	1248792	1232940
SRR8776882	OXFORD_NANOPORE	2881240	0.2290	not detected	no	no	1.0427	1.0427	1.0427	1.0427	1.2115	22.74	23.00	24.54	22.63	28.10	1280876	1340580	1358232	1345668	1365792
SRR8776883	OXFORD_NANOPORE	2846956	0.2780	not detected	no	no	1.0882	1.0882	1.0882	1.0882	1.3546	14.41	14.75	14.66	14.82	14.83	983424	988036	998484	996952	1047980
SRR8776890	OXFORD_NANOPORE	2771208	0.3370	not detected	no	no	1.0634	1.0634	1.0634	1.0634	1.3579	16.91	16.86	17.36	17.43	17.34	866084	861548	859068	878004	880004
SRR8885333	OXFORD_NANOPORE	4018858	0.3450	not detected	no	no	1.1099	1.1099	1.1099	1.1099	1.5471	15.65	15.89	16.22	15.90	16.09	587380	599868	648044	596008	652300
SRR8885335	OXFORD_NANOPORE	4052320	0.3150	not detected	no	no	1.0727	1.0727	1.0727	1.0727	1.4186	14.90	14.76	15.12	15.11	14.98	638592	654432	701752	702252	686092
SRR8885336	OXFORD_NANOPORE	3921030	0.3440	not detected	no	no	1.0927	1.0927	1.0927	1.0927	1.5282	15.25	15.29	17.20	16.79	18.34	589968	587308	643456	607016	644140
SRR8893065	OXFORD_NANOPORE	5316784	0.4390	not detected	no	no	1.1766	1.1766	1.1766	1.1766	1.6665	7.01	7.41	7.19	7.22	7.15	1041492	1049360	1075976	1082636	1060788
SRR8893068	PACBIO_SMRT	5316784	0.3110	not detected	no	no	1.4477	1.4477	1.4477	1.4477	2.0383	4.67	4.72	4.82	4.92	4.91	679900	684036	696828	698464	693516
SRR8902593	OXFORD_NANOPORE	5346495	0.1760	not detected	no	no	1.0387	1.0387	1.0387	1.0387	1.1415	7.39	7.37	7.44	7.38	7.51	845480	842296	858336	866712	865620
SRR8902595	OXFORD_NANOPORE	5005840	0.4300	not detected	no	no	1.1517	1.1517	1.1517	1.1517	1.5455	7.58	7.68	7.78	7.59	7.70	823292	813948	830368	838660	840188
SRR8902596	OXFORD_NANOPORE	4995830	0.3170	not detected	no	no	1.1000	1.1000	1.1000	1.1000	1.4234	8.66	8.87	8.64	10.11	9.26	1013236	1059784	1019612	1087408	1062052
SRR8902597	OXFORD_NANOPORE	5237229	0.1980	not detected	no	no	1.0497	1.0497	1.0497	1.0497	1.1658	9.38	9.83	9.84	10.06	10.56	996556	990368	1068384	1009228	1001648
SRR8902599	OXFORD_NANOPORE	4955652	0.3960	not detected	no	no	1.4221	1.4221	1.4221	1.4221	1.9898	3.93	3.93	3.96	3.93	3.96	600956	598996	632044	626912	626896
SRR8902600	OXFORD_NANOPORE	4930644	0.1210	not detected	no	no	1.0137	1.0137	1.0137	1.0137	1.1086	11.56	11.67	12.00	11.64	11.82	1135740	1137120	1141240	1154692	1150860
SRR8902601	OXFORD_NANOPORE	4962621	0.4280	not detected	no	no	1.1789	1.1789	1.1789	1.1789	1.6301	5.22	5.64	5.49	5.41	5.59	654568	641672	705176	699932	665948
SRR8902602	OXFORD_NANOPORE	5131386	0.3120	not detected	no	no	1.1506	1.1494	1.1506	1.1506	1.4584	7.33	7.16	7.08	7.02	7.16	825000	884224	900828	897348	905356
SRR8902603	OXFORD_NANOPORE	4992679	0.4690	not detected	no	no	1.2387	1.2387	1.2387	1.2387	1.7788	4.82	4.85	4.86	4.78	4.87	593544	582588	614708	611812	615252
SRR8902605	OXFORD_NANOPORE	4996602	0.2840	not detected	no	no	1.0495	1.0472	1.0495	1.0495	1.3041	6.15	6.00	6.08	6.03	6.13	806572	847440	885456	870756	888404
SRR8902607	OXFORD_NANOPORE	5123430	0.3400	not detected	no	no	1.1324	1.1324	1.1324	1.1324	1.5226	5.47	5.56	5.64	5.80	5.50	720240	724420	745840	742860	743864
SRR8902608	OXFORD_NANOPORE	5006968	0.3190	not detected	no	no	1.2115	1.2129	1.2115	1.2115	1.5514	6.04	5.96	6.08	6.10	6.07	1071356	1072768	1089000	1089868	1086324
SRR8902610	OXFORD_NANOPORE	4948841	0.1290	not detected	no	no	1.0335	1.0335	1.0335	1.0335	1.1247	8.75	8.57	8.72	8.77	8.64	971660	980952	1010488	1013092	1008224
SRR8902611	OXFORD_NANOPORE	4909329	0.3450	not detected	no	no	1.3060	1.3060	1.3060	1.3060	1.8227	4.97	4.86	5.01	5.09	5.03	975092	980756	996520	992608	1000656
SRR8902613	OXFORD_NANOPORE	5111827	0.3460	not detected	no	no	1.2891	1.2891	1.2891	1.2891	1.8008	5.03	4.96	5.07	5.09	5.12	1019424	1024084	1047816	1047636	1049344
SRR8902614	OXFORD_NANOPORE	5031864	0.4160	not detected	no	no	1.4606	1.4606	1.4606	1.4606	2.1811	4.13	4.10	4.20	4.19	4.16	599120	599532	621768	618436	624200
SRR8902616	OXFORD_NANOPORE	5030765	0.3970	not detected	no	no	1.4380	1.4380	1.4380	1.4380	2.0848	4.24	4.21	4.25	4.22	4.30	761276	749192	773740	766028	797828
SRR8902617	OXFORD_NANOPORE	5219843	0.3790	not detected	no	no	1.1560	1.1560	1.1560	1.1560	1.5856	6.25	6.57	6.27	6.19	6.41	633804	631216	654096	656720	651612
SRR8902618	OXFORD_NANOPORE	4980441	0.4650	detected	yes	no	1.2791	1.3655	1.3655	1.2791	1.8907	4.68	4.75	6.18	6.08	6.28	592768	584464	706672	712124	640208
SRR8902620	OXFORD_NANOPORE	5036798	0.3380	not detected	no	no	1.1237	1.1237	1.1237	1.1237	1.5040	6.27	6.35	6.40	6.31	6.36	796664	788664	809316	801100	814100
SRR8902621	OXFORD_NANOPORE	4974125	0.3860	not detected	no	no	1.5329	1.5302	1.5329	1.5329	2.1119	3.72	3.90	3.90	3.92	3.73	603460	693968	679620	681668	679856
SRR8961729	OXFORD_NANOPORE	5504076	0.3590	not detected	no	no	1.1938	1.1938	1.1938	1.1938	1.6243	11.07	11.14	11.25	11.22	11.15	1150068	1155168	1169140	1172672	1170100
SRR8961731	OXFORD_NANOPORE	5504076	0.3530	not detected	no	no	1.0697	1.0697	1.0697	1.0697	1.4455	7.53	7.37	7.56	7.63	7.53	1104500	1070332	1103116	1098068	1100980
SRR8961732	PACBIO_SMRT	5504076	0.3390	not detected	no	no	1.5205	1.5205	1.5205	1.5205	2.2416	5.10	5.05	4.87	5.00	5.01	784824	802484	793616	843652	838904
SRR8984467	PACBIO_SMRT	4581018	0.6280	not detected	no	no	2.0703	2.0703	2.0703	2.0703	4.7420	14.25	14.35	14.30	14.25	14.42	2048548	2017444	2073392	2051624	2061512
SRR8989648	PACBIO_SMRT	6478619	0.8470	not detected	no	yes	18.4466	4.0552	4.0552	4.0552	18.4466	23.21	23.13	28.96	24.39	23.53	2345752	2318520	2427000	2418572	2368012
SRR8993900	OXFORD_NANOPORE	4013643	0.1920	not detected	no	no	1.1110	1.1110	1.1110	1.1110	1.2880	22.25	20.43	20.28	22.28	21.59	1632572	1623980	1646740	1652680	1648584
SRR9027110	PACBIO_SMRT	7163595	0.3200	not detected	no	no	1.4324	1.4324	1.4324	1.4324	1.9709	15.83	16.34	16.14	16.47	15.97	1193348	1186568	1207028	1218712	1209140
SRR9030015	OXFORD_NANOPORE	7887247	0.7820	not detected	no	no	1.2129	1.2129	1.2129	1.2129	2.1886	11.42	11.45	11.84	12.20	11.91	313356	311300	344024	337884	341972
SRR9030017	OXFORD_NANOPORE	9234448	0.7410	not detected	no	no	1.0772	1.0772	1.0772	1.0772	2.2640	3.38	3.40	3.54	3.50	3.47	293776	286972	302112	301168	299312
SRR9030018	OXFORD_NANOPORE	7387676	0.6660	not detected	no	no	1.2362	1.2362	1.2362	1.2362	2.3570	11.38	11.08	11.51	11.07	11.45	307212	281988	295008	312052	288468
SRR9033707	OXFORD_NANOPORE	9879831	0.6730	not detected	no	no	1.0422	1.0422	1.0422	1.0422	1.9849	11.57	11.54	11.79	11.95	11.86	303788	301900	327884	321108	324820
SRR9043820	PACBIO_SMRT	3561338	0.7990	not detected	no	no	3.0559	3.0559	3.0559	3.0559	10.8568	20.83	20.56	20.61	20.64	20.59	2442196	2446872	2481508	2478736	2477688
SRR9052984	PACBIO_SMRT	1898954	0.2440	not detected	no	no	1.2497	1.2497	1.2497	1.2497	1.5497	19.80	20.02	20.11	20.30	20.57	1201164	1205556	1232040	1224260	1227800
SRR9056840	PACBIO_SMRT	5120753	0.2300	not detected	no	no	1.2791	1.2791	1.2791	1.2791	1.6023	6.14	6.15	6.38	6.47	6.56	900408	901908	919632	915644	924128
SRR9061458	OXFORD_NANOPORE	5742753	0.3150	not detected	no	no	1.0785	1.0785	1.0785	1.0785	1.3587	23.35	20.52	18.66	19.56	20.68	1074728	1129472	1104488	1121000	1119760
SRR9097966	OXFORD_NANOPORE	4028093	0.3310	not detected	no	no	0.9872	0.9872	0.9872	0.9872	1.1504	32.62	32.61	33.04	33.15	32.90	1706212	1655528	1715888	1715264	1711844
SRR9097968	OXFORD_NANOPORE	4891702	0.2200	not detected	no	no	1.0126	1.0126	1.0126	1.0126	1.1565	20.63	29.19	32.01	32.01	29.01	1656540	1606908	1690388	1723648	1724456
SRR9099567	OXFORD_NANOPORE	4767334	0.1610	not detected	no	no	1.0040	1.0040	1.0040	1.0040	1.1587	6.74	6.82	6.82	6.71	6.72	826928	817068	843160	845404	856268
SRR9119442	PACBIO_SMRT	5031277	0.5780	not detected	no	no	3.8887	3.8887	3.8887	3.8887	7.2855	16.05	15.97	17.19	16.93	16.26	1153232	1140828	1172236	1169508	1170884
SRR9119443	PACBIO_SMRT	5031277	0.5670	not detected	no	no	3.7352	3.7352	3.7352	3.7352	7.0840	15.87	16.30	16.07	15.95	15.97	1140552	1147488	1170332	1164476	1168428
SRR9136339	OXFORD_NANOPORE	5337328	0.2060	not detected	no	no	1.1647	1.1647	1.1647	1.1647	1.4031	3.98	4.06	4.07	4.03	3.97	596580	596268	611152	614480	612448
SRR9136341	OXFORD_NANOPORE	5337328	0.2110	not detected	no	no	1.1896	1.1896	1.1896	1.1896	1.4707	4.63	4.66	5.06	5.18	5.18	604120	612356	669088	659588	677252
SRR9136344	OXFORD_NANOPORE	5337328	0.1040	not detected	no	no	1.0067	1.0067	1.0067	1.0067	1.1062	7.52	7.43	7.34	7.54	7.70	1064780	1118796	1136548	1139860	1139216
SRR9136346	OXFORD_NANOPORE	5337328	0.2220	not detected	no	no	1.1413	1.1448	1.1413	1.1413	1.4069	2.38	2.37	2.38	2.39	2.38	304660	534212	546744	543896	543968
SRR9150091	PACBIO_SMRT	2801264	0.6690	not detected	no	no	4.4180	4.4180	4.4180	4.4180	11.0162	14.64	14.83	14.98	14.77	14.97	1174408	1168676	1193216	1197312	1193352
SRR9165326	OXFORD_NANOPORE	3721518	0.2230	not detected	no	no	1.0352	1.0364	1.0352	1.0352	1.1780	8.38	9.14	9.37	9.38	9.34	379912	969200	989076	967112	991716
SRR9176580	PACBIO_SMRT	2652717	0.6410	not detected	no	no	2.1076	2.1076	2.1076	2.1076	5.1353	12.99	13.28	13.31	13.12	13.30	2068812	2063556	2095080	2098856	2097232
SRR9221458	OXFORD_NANOPORE	5365489	0.4010	not detected	no	no	1.1584	1.1584	1.1584	1.1584	1.5559	14.72	14.61	14.56	14.27	14.46	609076	601440	623032	622156	623416
SRR9221467	OXFORD_NANOPORE	5519241	0.4090	not detected	no	no	1.1392	1.1392	1.1392	1.1392	1.5387	15.78	15.95	19.16	19.05	16.24	652380	647492	681072	686980	685368
SRR9269163	OXFORD_NANOPORE	4639375	0.2610	not detected	no	no	1.0901	1.0901	1.0901	1.0901	1.3606	23.71	19.38	21.14	20.87	19.87	881560	846276	909748	906416	865640
SRR9313687	PACBIO_SMRT	3896541	0.5570	not detected	no	no	1.6992	1.6992	1.6992	1.6992	3.6181	21.18	21.02	21.21	21.41	21.00	2319560	2318340	2359412	2356956	2359496
SRR9588640	PACBIO_SMRT	4426525	0.4470	not detected	no	no	1.6580	1.6580	1.6580	1.6580	2.7087	15.91	15.78	16.18	16.24	16.39	1168388	1169252	1198156	1198864	1194908
SRR9609586	PACBIO_SMRT	2738835	0.3770	not detected	no	no	1.9387	1.9387	1.9387	1.9387	3.1500	5.01	5.25	5.31	5.24	5.82	590376	642444	606684	630224	643192
SRR9641469	PACBIO_SMRT	3352987	0.7280	not detected	no	no	2.9544	2.9544	2.9544	2.9544	9.5704	22.00	23.08	22.53	23.32	22.39	2399756	2406052	2433936	2439368	2431320
SRR9693851	PACBIO_SMRT	5645963	0.4190	not detected	no	no	1.6084	1.6084	1.6084	1.6084	2.4468	18.27	17.53	18.01	18.02	17.88	1652452	1743480	1765280	1696168	1717168
SRR9694229	PACBIO_SMRT	5503522	0.4840	not detected	no	no	1.8707	1.8707	1.8707	1.8707	3.0626	17.59	17.58	17.58	17.32	17.48	1180184	1178964	1200752	1197668	1202656
SRR9701318	PACBIO_SMRT	3983303	0.4690	not detected	no	no	2.9217	2.9217	2.9217	2.9217	4.9882	7.59	7.71	7.93	7.72	7.82	1132824	1130564	1152156	1148384	1152508
SRR9701320	PACBIO_SMRT	3983323	0.3840	not detected	no	no	1.6362	1.6362	1.6362	1.6362	2.3838	9.41	9.01	11.97	12.23	11.49	1145092	1178776	1249424	1234168	1221760
SRR9722910	OXFORD_NANOPORE	5674561	0.3280	not detected	no	no	1.2628	1.2628	1.2628	1.2628	1.7003	13.08	13.24	13.63	13.30	13.40	822048	823372	836152	835804	843636
SRR9733839	OXFORD_NANOPORE	5592065	0.1080	not detected	no	no	1.0427	1.0412	1.0427	1.0427	1.1260	12.19	11.85	12.14	11.80	11.97	1210112	1651340	1665488	1665648	1660396
SRR9794369	PACBIO_SMRT	2430152	0.5020	not detected	no	no	2.1131	2.1131	2.1131	2.1131	4.0768	20.01	20.07	20.18	16.71	19.54	1180228	1198448	1229808	1191884	1239760
SRR9821894	OXFORD_NANOPORE	5592065	0.1110	not detected	no	no	1.0137	1.0230	1.0137	1.0137	1.1017	9.80	9.29	9.31	9.13	9.07	1081016	1454840	1481176	1479432	1483880
SRR9822007	OXFORD_NANOPORE	5316008	0.6460	not detected	no	no	1.9578	1.9578	1.9578	1.9578	3.1245	3.54	3.35	3.28	3.90	3.61	530592	573196	551628	544668	585184
SRR9822117	PACBIO_SMRT	5082434	0.3870	not detected	no	no	1.7715	1.7715	1.7715	1.7715	2.7130	3.36	3.13	3.25	3.40	3.22	556856	544448	560432	575572	532136
SRR9849528	OXFORD_NANOPORE	4104272	0.4010	not detected	no	no	1.0869	1.0869	1.0869	1.0869	1.4809	10.10	10.14	10.43	10.37	10.39	795748	814000	829024	832808	840072
SRR9849534	OXFORD_NANOPORE	4106091	0.4270	not detected	no	no	1.1093	1.1093	1.1093	1.1093	1.5231	13.63	17.34	14.32	16.19	17.67	695792	731736	756284	751604	739444
SRR9849535	OXFORD_NANOPORE	4107406	0.4030	not detected	no	no	1.0953	1.0953	1.0953	1.0953	1.4845	10.34	10.25	10.44	10.42	10.44	788164	806580	825076	827288	833196
SRR9849538	OXFORD_NANOPORE	4134221	0.4110	not detected	no	no	1.1011	1.1011	1.1011	1.1011	1.4963	9.33	9.39	9.56	9.58	9.54	696392	690388	707692	709692	707984
SRR9849550	OXFORD_NANOPORE	4107436	0.3620	not detected	no	no	1.0739	1.0739	1.0739	1.0739	1.3992	16.15	16.09	16.34	16.45	16.48	855380	854276	870716	868056	858128
SRR9849555	OXFORD_NANOPORE	4105329	0.3410	not detected	no	no	1.0486	1.0486	1.0486	1.0486	1.3401	14.20	14.31	14.25	14.35	14.37	905724	908120	931136	927468	935408
SRR9849561	OXFORD_NANOPORE	4103224	0.3730	not detected	no	no	1.1010	1.1010	1.1010	1.1010	1.4714	10.35	10.28	10.53	10.60	10.58	783692	783084	825068	805020	807244
SRR9849570	OXFORD_NANOPORE	4106161	0.3670	not detected	no	no	1.0758	1.0758	1.0758	1.0758	1.4035	14.71	17.65	14.78	19.11	16.51	896076	891444	900372	892532	933916
SRR9849571	OXFORD_NANOPORE	4107409	0.3540	not detected	no	no	1.0770	1.0770	1.0770	1.0770	1.4009	23.03	26.14	21.62	22.11	21.29	872876	941728	940608	922548	958888
SRR9850530	OXFORD_NANOPORE	4123685	0.1330	not detected	no	no	1.0125	1.0125	1.0125	1.0125	1.1391	3.98	4.03	3.99	4.03	4.08	430396	440556	449904	462988	461140
SRR9861703	PACBIO_SMRT	2722946	0.4570	not detected	no	no	1.0306	1.0306	1.0306	1.0306	1.3337	11.77	11.96	12.44	12.39	12.77	1150256	1163324	1174940	1179300	1181644
SRR9887248	PACBIO_SMRT	7075587	0.3520	not detected	no	no	1.5210	1.5210	1.5210	1.5210	2.3202	4.92	5.07	5.53	5.14	5.23	1028992	1032048	1050496	1049020	1044788
SRR9899748	OXFORD_NANOPORE	1348030	0.5840	not detected	no	no	1.4580	1.4580	1.4580	1.4580	2.7477	13.65	13.67	14.04	13.67	13.70	341424	346916	356572	356592	356628
SRR9900640	OXFORD_NANOPORE	4707626	0.5650	not detected	no	no	1.4458	1.4458	1.4458	1.4458	2.3917	11.95	12.27	12.77	12.36	12.60	278332	296496	318304	300384	304764
SRR9901958	OXFORD_NANOPORE	5255410	0.5590	not detected	no	no	1.2339	1.2339	1.2339	1.2339	1.8272	12.80	12.03	12.29	11.62	11.39	793492	801620	819368	837224	819548
SRR9970116	OXFORD_NANOPORE	4028093	0.3260	not detected	no	no	1.0110	1.0110	1.0110	1.0110	1.2034	28.88	29.07	42.16	31.67	43.52	1700668	1700592	1772804	1748628	1712688
SRR9970117	OXFORD_NANOPORE	4891702	0.2300	not detected	no	no	1.0183	1.0183	1.0183	1.0183	1.1849	19.60	21.02	21.67	20.02	20.74	1598900	1634732	1678424	1681888	1682936
SRR9988395	OXFORD_NANOPORE	6835731	0.3090	not detected	no	no	1.1049	1.1049	1.1049	1.1049	1.4109	15.12	12.26	11.47	11.71	11.64	892128	919856	925776	929396	909264
