run	platform	true_size	v030_estimate	v1_estimate	v030_relative_error	v1_relative_error	source
DRR072240	PACBIO_SMRT	2877864	16321066	5790440	467.1243	101.2062	pb_preset
DRR126367	PACBIO_SMRT	3320462	4489858	4009540	35.2179	20.7525	pb_preset
DRR126418	PACBIO_SMRT	3138474	4512398	4050806	43.7768	29.0693	pb_preset
DRR126420	PACBIO_SMRT	3171737	4394832	3995281	38.5623	25.9651	pb_preset
DRR140496	PACBIO_SMRT	6191129	12617819	10298930	103.8048	66.3498	pb_preset
DRR148418	PACBIO_SMRT	4852135	8429857	6626556	73.7350	36.5699	pb_preset
DRR154116	OXFORD_NANOPORE	2096423	2635155	2635155	25.6977	25.6977	norm
DRR157860	PACBIO_SMRT	5307994	8980414	7958944	69.1866	49.9426	pb_preset
DRR161250	OXFORD_NANOPORE	6225779	6981820	6981820	12.1437	12.1437	norm
DRR161253	OXFORD_NANOPORE	4458926	4950611	4950611	11.0270	11.0270	norm
DRR161254	OXFORD_NANOPORE	5657388	6523893	6523893	15.3163	15.3163	norm
DRR161255	OXFORD_NANOPORE	6301681	7072418	7072418	12.2307	12.2307	norm
DRR161257	OXFORD_NANOPORE	4566186	5070969	5070969	11.0548	11.0548	norm
DRR161260	OXFORD_NANOPORE	5788994	6551393	6551393	13.1698	13.1698	norm
DRR161262	OXFORD_NANOPORE	5318517	5814093	5814093	9.3179	9.3179	norm
DRR161264	OXFORD_NANOPORE	5929171	6582066	6582066	11.0116	11.0116	norm
DRR161266	OXFORD_NANOPORE	5979623	7074600	7074600	18.3118	18.3118	norm
DRR161268	OXFORD_NANOPORE	6008916	6770635	6770635	12.6765	12.6765	norm
DRR161269	OXFORD_NANOPORE	5732362	6163724	6163724	7.5250	7.5250	norm
DRR161273	OXFORD_NANOPORE	5940375	6795844	6795844	14.4009	14.4009	norm
DRR161274	OXFORD_NANOPORE	5876557	6495052	6495052	10.5248	10.5248	norm
DRR161276	OXFORD_NANOPORE	6237139	6843240	6843240	9.7176	9.7176	norm
DRR161277	OXFORD_NANOPORE	6219859	6722052	6722052	8.0740	8.0740	norm
DRR161282	OXFORD_NANOPORE	6585921	7201740	7201740	9.3505	9.3505	norm
DRR161284	OXFORD_NANOPORE	6042466	6592346	6592346	9.1003	9.1003	norm
DRR161286	OXFORD_NANOPORE	5531300	6326072	6326072	14.3686	14.3686	norm
DRR161287	OXFORD_NANOPORE	4577045	5038094	5038094	10.0731	10.0731	norm
DRR161289	OXFORD_NANOPORE	6085955	6624698	6624698	8.8522	8.8522	norm
DRR161292	OXFORD_NANOPORE	5579510	6246918	6246918	11.9618	11.9618	norm
DRR161301	OXFORD_NANOPORE	5696751	6710100	6710100	17.7882	17.7882	norm
DRR161302	OXFORD_NANOPORE	4828255	5258194	5258194	8.9046	8.9046	norm
DRR164908	OXFORD_NANOPORE	2870544	3214808	3214808	11.9930	11.9930	norm
DRR164909	OXFORD_NANOPORE	2361227	2847606	2847606	20.5986	20.5986	norm
DRR164910	OXFORD_NANOPORE	2490107	3435796	3435796	37.9778	37.9778	norm
DRR164912	OXFORD_NANOPORE	2290729	2377424	2377424	3.7846	3.7846	norm
DRR164913	OXFORD_NANOPORE	2604381	2612465	2612465	0.3104	0.3104	norm
DRR164914	OXFORD_NANOPORE	2337418	2829438	2829438	21.0497	21.0497	norm
DRR174575	OXFORD_NANOPORE	5655563	5898260	5898260	4.2913	4.2913	norm
DRR174804	PACBIO_SMRT	4768325	8172083	7408560	71.3827	55.3703	pb_preset
DRR174806	PACBIO_SMRT	4811855	6149730	5646643	27.8037	17.3486	pb_preset
DRR174808	PACBIO_SMRT	4770723	6174184	5665774	29.4182	18.7613	pb_preset
DRR174985	PACBIO_SMRT	2579134	3235420	3021025	25.4460	17.1333	pb_preset
DRR177331	OXFORD_NANOPORE	2652264	2871373	2871373	8.2612	8.2612	norm
DRR179484	PACBIO_SMRT	3301347	3770280	3659589	14.2043	10.8514	pb_preset
DRR179485	PACBIO_SMRT	2962376	3433126	3327653	15.8910	12.3305	pb_preset
DRR179488	PACBIO_SMRT	3302129	3747216	3641714	13.4788	10.2838	pb_preset
DRR180484	OXFORD_NANOPORE	4018824	4031793	4031793	0.3227	0.3227	norm
DRR180486	OXFORD_NANOPORE	5199498	5179458	5179458	-0.3854	-0.3854	norm
DRR180575	PACBIO_SMRT	2957206	5174018	4709988	74.9631	59.2716	pb_preset
DRR180676	OXFORD_NANOPORE	4229996	5389095	5389095	27.4019	27.4019	norm
DRR184353	OXFORD_NANOPORE	2169490	2635125	2635125	21.4629	21.4629	norm
DRR187482	OXFORD_NANOPORE	4737839	4922504	4922504	3.8977	3.8977	norm
DRR187571	OXFORD_NANOPORE	2754388	3155106	3155106	14.5483	14.5483	norm
DRR189760	PACBIO_SMRT	4950731	11857879	8439858	139.5177	70.4770	pb_preset
DRR198111	PACBIO_SMRT	2878459	3107547	3091788	7.9587	7.4112	pb_preset
DRR202929	OXFORD_NANOPORE	7982451	8037293	8037293	0.6870	0.6870	norm
DRR203156	OXFORD_NANOPORE	2072807	2134421	2134421	2.9725	2.9725	norm
DRR204804	OXFORD_NANOPORE	841695	1022883	1271778	21.5266	51.0973	norm
DRR205605	OXFORD_NANOPORE	4706935	6326824	6326824	34.4149	34.4149	norm
DRR206394	OXFORD_NANOPORE	5736485	5885563	5885563	2.5988	2.5988	norm
DRR206400	OXFORD_NANOPORE	5808629	6419739	6419739	10.5207	10.5207	norm
DRR206401	OXFORD_NANOPORE	5675722	5869499	5869499	3.4141	3.4141	norm
DRR207366	OXFORD_NANOPORE	3924221	3527690	3949117	-10.1047	0.6344	norm
DRR207436	OXFORD_NANOPORE	6089454	7776832	7776832	27.7098	27.7098	norm
DRR207928	PACBIO_SMRT	2908404	3515859	3373965	20.8862	16.0074	pb_preset
DRR213976	OXFORD_NANOPORE	3927137	1693397	2959145	-56.8796	-24.6488	norm
DRR218311	PACBIO_SMRT	3095585	3898204	3683658	25.9279	18.9972	pb_preset
DRR218419	OXFORD_NANOPORE	2157617	2250388	2250388	4.2997	4.2997	norm
DRR218421	OXFORD_NANOPORE	2178238	2210062	2210062	1.4610	1.4610	norm
DRR228291	PACBIO_SMRT	9470940	16344734	12786986	72.5777	35.0128	pb_preset
DRR228292	PACBIO_SMRT	11246397	22368648	15726472	98.8961	39.8356	pb_preset
DRR239359	OXFORD_NANOPORE	2158609	3011974	3011974	39.5331	39.5331	norm
DRR239360	OXFORD_NANOPORE	2111518	3000296	3000296	42.0919	42.0919	norm
DRR241428	PACBIO_SMRT	3693126	6607590	5047191	78.9159	36.6645	pb_preset
DRR248582	PACBIO_SMRT	9216772	17529824	12017277	90.1948	30.3849	pb_preset
DRR252636	OXFORD_NANOPORE	5381024	5194518	5194518	-3.4660	-3.4660	norm
DRR252637	OXFORD_NANOPORE	5469393	5310189	5310189	-2.9108	-2.9108	norm
DRR252638	OXFORD_NANOPORE	5073921	5063536	5063536	-0.2047	-0.2047	norm
DRR257742	OXFORD_NANOPORE	2750811	2741869	2741869	-0.3251	-0.3251	norm
DRR257743	OXFORD_NANOPORE	2751556	2709082	2709082	-1.5436	-1.5436	norm
DRR258632	OXFORD_NANOPORE	2863321	3181343	3181343	11.1068	11.1068	norm
DRR258751	OXFORD_NANOPORE	3567646	3732094	3732094	4.6094	4.6094	norm
DRR259339	OXFORD_NANOPORE	4936681	5156043	5156043	4.4435	4.4435	norm
DRR261204	OXFORD_NANOPORE	4406941	5550900	5550900	25.9581	25.9581	norm
DRR261205	OXFORD_NANOPORE	4418245	5543889	5543889	25.4772	25.4772	norm
DRR276529	OXFORD_NANOPORE	2927356	2931129	2931129	0.1289	0.1289	norm
DRR276531	OXFORD_NANOPORE	6411763	7054795	7054795	10.0289	10.0289	norm
DRR276630	OXFORD_NANOPORE	5720643	6244294	6244294	9.1537	9.1537	norm
DRR283417	OXFORD_NANOPORE	5091405	6693996	6693996	31.4764	31.4764	norm
DRR286071	OXFORD_NANOPORE	3399245	3547978	3547978	4.3755	4.3755	norm
DRR287515	OXFORD_NANOPORE	2831391	3200085	3200085	13.0217	13.0217	norm
DRR295877	OXFORD_NANOPORE	4799506	5135326	5135326	6.9970	6.9970	norm
DRR296284	PACBIO_SMRT	6732290	6319411	6417458	-6.1328	-4.6764	pb_preset
DRR300286	OXFORD_NANOPORE	2781077	2862710	2862710	2.9353	2.9353	norm
DRR307107	PACBIO_SMRT	2727503	3282754	3085505	20.3575	13.1256	pb_preset
DRR307112	PACBIO_SMRT	3812179	4968606	4693215	30.3351	23.1111	pb_preset
DRR307121	PACBIO_SMRT	3608085	4637166	4368288	28.5215	21.0694	pb_preset
DRR307122	PACBIO_SMRT	3608087	3956382	3827491	9.6532	6.0809	pb_preset
DRR307155	PACBIO_SMRT	4117255	5007674	4749620	21.6265	15.3589	pb_preset
DRR307162	PACBIO_SMRT	2686623	3449576	3216002	28.3982	19.7043	pb_preset
DRR311297	OXFORD_NANOPORE	2116070	2692259	2692259	27.2292	27.2292	norm
DRR313296	OXFORD_NANOPORE	2197308	2471034	2471034	12.4573	12.4573	norm
DRR328211	OXFORD_NANOPORE	4951975	4856771	4856771	-1.9225	-1.9225	norm
DRR328964	OXFORD_NANOPORE	6063247	6492989	6492989	7.0877	7.0877	norm
DRR328966	OXFORD_NANOPORE	6064587	6034049	6034049	-0.5035	-0.5035	norm
DRR328968	OXFORD_NANOPORE	6057347	6277535	6277535	3.6351	3.6351	norm
DRR328970	OXFORD_NANOPORE	6030782	6121904	6121904	1.5109	1.5109	norm
DRR331382	PACBIO_SMRT	4604912	10324912	8450020	124.2152	83.5001	pb_preset
DRR331672	PACBIO_SMRT	2687455	7490536	5046306	178.7223	87.7727	pb_preset
DRR331673	PACBIO_SMRT	2687455	6658907	4623679	147.7774	72.0468	pb_preset
DRR331674	PACBIO_SMRT	2687455	6138386	4369669	128.4089	62.5951	pb_preset
DRR331675	PACBIO_SMRT	2687455	6056863	4306841	125.3754	60.2572	pb_preset
DRR331676	PACBIO_SMRT	2687455	5244165	3954901	95.1350	47.1616	pb_preset
DRR331677	PACBIO_SMRT	2687455	5073317	3857216	88.7777	43.5267	pb_preset
DRR331678	PACBIO_SMRT	2687455	5103061	3910451	89.8845	45.5076	pb_preset
DRR331679	PACBIO_SMRT	2687455	4984582	3841122	85.4759	42.9279	pb_preset
DRR332829	OXFORD_NANOPORE	2115310	2013427	2199349	-4.8165	3.9729	norm
DRR346609	OXFORD_NANOPORE	3816932	3869280	3869280	1.3715	1.3715	norm
DRR346622	OXFORD_NANOPORE	2423923	2368430	2531472	-2.2894	4.4370	norm
DRR346624	OXFORD_NANOPORE	3892282	3987097	3987097	2.4360	2.4360	norm
DRR346902	PACBIO_SMRT	3598496	3465627	3474207	-3.6923	-3.4539	pb_preset
DRR376827	PACBIO_SMRT	6034532	7053056	6664376	16.8783	10.4373	pb_preset
DRR378333	PACBIO_SMRT	5050229	10630263	8026772	110.4907	58.9388	pb_preset
DRR379710	PACBIO_SMRT	6768296	31372318	15301771	363.5187	126.0801	pb_preset
DRR381751	OXFORD_NANOPORE	5630853	5288198	5288198	-6.0853	-6.0853	norm
DRR381752	OXFORD_NANOPORE	5571929	5458871	5458871	-2.0291	-2.0291	norm
DRR381753	OXFORD_NANOPORE	5524294	5122468	5122468	-7.2738	-7.2738	norm
DRR381755	OXFORD_NANOPORE	5526458	5271658	5271658	-4.6105	-4.6105	norm
DRR381756	OXFORD_NANOPORE	5582377	5573065	5573065	-0.1668	-0.1668	norm
DRR381758	OXFORD_NANOPORE	5545203	5588546	5588546	0.7816	0.7816	norm
DRR381759	OXFORD_NANOPORE	5731303	5267880	5267880	-8.0858	-8.0858	norm
DRR381761	OXFORD_NANOPORE	5449642	5213704	5213704	-4.3294	-4.3294	norm
DRR381762	OXFORD_NANOPORE	5407703	5452922	5452922	0.8362	0.8362	norm
DRR381763	OXFORD_NANOPORE	5627247	5240167	5240167	-6.8787	-6.8787	norm
DRR381764	OXFORD_NANOPORE	5489831	5284178	5284178	-3.7461	-3.7461	norm
DRR381765	OXFORD_NANOPORE	5553625	5321412	5321412	-4.1813	-4.1813	norm
DRR385322	OXFORD_NANOPORE	5385758	4933880	4933880	-8.3902	-8.3902	norm
DRR396223	PACBIO_SMRT	5914097	6829525	6446176	15.4787	8.9968	pb_preset
DRR396380	OXFORD_NANOPORE	4943131	4469802	4469802	-9.5755	-9.5755	norm
DRR397251	OXFORD_NANOPORE	4818874	5274072	4958977	9.4461	2.9074	norm
DRR402772	OXFORD_NANOPORE	5423024	6389354	6389354	17.8190	17.8190	norm
DRR403240	OXFORD_NANOPORE	5021947	5253631	4961343	4.6134	-1.2068	norm
DRR403244	PACBIO_SMRT	3403863	3343241	3336527	-1.7810	-1.9782	pb_preset
DRR403326	PACBIO_SMRT	3762062	3643688	3648976	-3.1465	-3.0060	pb_preset
DRR403997	PACBIO_SMRT	2896423	4942152	4564791	70.6295	57.6010	pb_preset
DRR403998	PACBIO_SMRT	2839476	3375290	3103354	18.8702	9.2932	pb_preset
DRR403999	PACBIO_SMRT	2818420	5017518	4548535	78.0259	61.3860	pb_preset
DRR404003	PACBIO_SMRT	2853704	4870772	4456352	70.6825	56.1603	pb_preset
DRR409419	PACBIO_SMRT	6168102	9293074	8044758	50.6634	30.4252	pb_preset
DRR412797	OXFORD_NANOPORE	6272366	8469752	8469752	35.0328	35.0328	norm
DRR412801	OXFORD_NANOPORE	7431165	7733902	7733902	4.0739	4.0739	norm
DRR412803	OXFORD_NANOPORE	6134265	7415434	7415434	20.8855	20.8855	norm
DRR413267	PACBIO_SMRT	1868546	1887464	1896946	1.0124	1.5199	pb_preset
DRR413434	PACBIO_SMRT	2594181	2576532	2585890	-0.6803	-0.3196	pb_preset
DRR413435	PACBIO_SMRT	2773381	2739204	2728721	-1.2323	-1.6103	pb_preset
DRR420784	OXFORD_NANOPORE	5501810	5806638	5806638	5.5405	5.5405	norm
DRR420786	OXFORD_NANOPORE	5351204	5982378	5982378	11.7950	11.7950	norm
DRR424510	OXFORD_NANOPORE	5922257	5435744	5435744	-8.2150	-8.2150	norm
DRR424511	OXFORD_NANOPORE	5809914	5249624	5249624	-9.6437	-9.6437	norm
DRR424517	OXFORD_NANOPORE	6107920	5350566	5350566	-12.3995	-12.3995	norm
DRR424518	OXFORD_NANOPORE	5882574	5308029	5308029	-9.7669	-9.7669	norm
DRR424728	OXFORD_NANOPORE	1195152	1318119	1298359	10.2888	8.6355	norm
DRR424729	OXFORD_NANOPORE	1195152	1034507	1187776	-13.4414	-0.6172	norm
DRR438598	OXFORD_NANOPORE	5464897	5839422	5839422	6.8533	6.8533	norm
DRR439537	OXFORD_NANOPORE	6054104	6220068	6220068	2.7413	2.7413	norm
DRR451308	OXFORD_NANOPORE	4113600	4395310	4395310	6.8483	6.8483	norm
DRR454390	OXFORD_NANOPORE	4489222	5017178	5017178	11.7605	11.7605	norm
DRR457762	OXFORD_NANOPORE	2804089	2847670	2847670	1.5542	1.5542	norm
DRR463739	OXFORD_NANOPORE	4475395	4263368	4263368	-4.7376	-4.7376	norm
DRR465249	OXFORD_NANOPORE	2050376	2191809	2191809	6.8979	6.8979	norm
DRR465255	OXFORD_NANOPORE	2066045	2178174	2369301	5.4272	14.6781	norm
DRR465265	OXFORD_NANOPORE	2066045	2125529	2125529	2.8791	2.8791	norm
DRR482528	OXFORD_NANOPORE	1634766	1621969	1629551	-0.7828	-0.3190	norm
DRR482530	OXFORD_NANOPORE	1781408	1811356	1811356	1.6811	1.6811	norm
DRR482533	OXFORD_NANOPORE	1770410	1686466	1778705	-4.7415	0.4685	norm
DRR482539	OXFORD_NANOPORE	1755387	1751460	1783941	-0.2237	1.6266	norm
DRR482540	OXFORD_NANOPORE	1777664	1793535	1814766	0.8928	2.0871	norm
DRR482541	OXFORD_NANOPORE	1677003	1644132	1729315	-1.9601	3.1194	norm
DRR482546	OXFORD_NANOPORE	1655063	1679827	1679810	1.4963	1.4952	norm
DRR482548	OXFORD_NANOPORE	1752046	1797667	1801911	2.6039	2.8461	norm
DRR482549	OXFORD_NANOPORE	1640912	1666207	1666207	1.5415	1.5415	norm
DRR482551	OXFORD_NANOPORE	1821325	1805765	1810215	-0.8543	-0.6100	norm
DRR482554	OXFORD_NANOPORE	1678366	1656182	1656182	-1.3218	-1.3218	norm
DRR482557	OXFORD_NANOPORE	1817972	1867228	1867070	2.7094	2.7007	norm
DRR482559	OXFORD_NANOPORE	1693323	1761493	1763379	4.0258	4.1372	norm
DRR482560	OXFORD_NANOPORE	1642684	1885298	1885298	14.7694	14.7694	norm
DRR482562	OXFORD_NANOPORE	1728674	1747346	1747346	1.0801	1.0801	norm
DRR482569	OXFORD_NANOPORE	1654288	1793162	1793162	8.3948	8.3948	norm
DRR482572	OXFORD_NANOPORE	1720098	1647498	1672872	-4.2207	-2.7455	norm
DRR482574	OXFORD_NANOPORE	1659717	1637657	1682031	-1.3291	1.3444	norm
DRR482580	OXFORD_NANOPORE	1789392	1716936	1716936	-4.0492	-4.0492	norm
DRR482585	OXFORD_NANOPORE	1670990	1748861	1748861	4.6602	4.6602	norm
DRR482590	OXFORD_NANOPORE	1629728	1627932	1631442	-0.1102	0.1052	norm
DRR488392	PACBIO_SMRT	6050184	5849102	5665328	-3.3236	-6.3611	pb_preset
DRR490216	PACBIO_SMRT	5125506	4743750	4761904	-7.4482	-7.0940	pb_preset
DRR491367	PACBIO_SMRT	2213206	2075213	2114754	-6.2350	-4.4484	pb_preset
DRR492952	OXFORD_NANOPORE	5507507	5693424	5693424	3.3757	3.3757	norm
DRR492953	OXFORD_NANOPORE	5507508	5669426	5669426	2.9400	2.9400	norm
DRR492954	OXFORD_NANOPORE	5654881	5992293	5992293	5.9667	5.9667	norm
DRR492955	OXFORD_NANOPORE	5548378	5996716	5996716	8.0805	8.0805	norm
DRR505221	OXFORD_NANOPORE	4696213	4413614	4413614	-6.0176	-6.0176	norm
DRR506547	PACBIO_SMRT	9922990	8861198	9016015	-10.7003	-9.1401	pb_preset
DRR508925	OXFORD_NANOPORE	4773722	4906424	4906424	2.7798	2.7798	norm
DRR511540	OXFORD_NANOPORE	2852436	3274630	3274630	14.8012	14.8012	norm
DRR513091	OXFORD_NANOPORE	5746956	6230870	6230870	8.4204	8.4204	norm
DRR513096	OXFORD_NANOPORE	5521407	5531440	5531440	0.1817	0.1817	norm
DRR513694	PACBIO_SMRT	10833180	8664654	8937566	-20.0174	-17.4982	pb_preset
DRR513997	OXFORD_NANOPORE	2593422	3018808	4002556	16.4025	54.3349	norm
DRR514775	PACBIO_SMRT	3122901	3793624	3610971	21.4776	15.6287	pb_preset
DRR514873	PACBIO_SMRT	3793644	3723424	3739924	-1.8510	-1.4161	pb_preset
DRR514962	PACBIO_SMRT	5219685	5024070	5042154	-3.7476	-3.4012	pb_preset
DRR514964	PACBIO_SMRT	4591558	4320405	4344648	-5.9055	-5.3775	pb_preset
DRR514966	PACBIO_SMRT	4253521	4071011	4089270	-4.2908	-3.8615	pb_preset
DRR515422	OXFORD_NANOPORE	2853896	3020661	3020661	5.8434	5.8434	norm
DRR546153	PACBIO_SMRT	4219519	3933858	3995570	-6.7700	-5.3075	pb_preset
DRR546398	PACBIO_SMRT	5370016	5182300	5230839	-3.4956	-2.5917	pb_preset
DRR546667	PACBIO_SMRT	3591470	3097292	3109338	-13.7598	-13.4244	pb_preset
DRR567738	PACBIO_SMRT	3920899	3643554	3624562	-7.0735	-7.5579	pb_preset
DRR567791	OXFORD_NANOPORE	6398572	6259528	6259528	-2.1730	-2.1730	norm
DRR568656	PACBIO_SMRT	3846721	3768724	3776580	-2.0276	-1.8234	pb_preset
ERR10359830	OXFORD_NANOPORE	2799887	2661574	2661574	-4.9399	-4.9399	norm
ERR10359903	OXFORD_NANOPORE	2290161	2351312	2351312	2.6702	2.6702	norm
ERR10360290	OXFORD_NANOPORE	2542510	2323153	2485280	-8.6276	-2.2509	norm
ERR10360381	OXFORD_NANOPORE	2444274	2272379	2272379	-7.0326	-7.0326	norm
ERR10367348	OXFORD_NANOPORE	5768986	5787563	5787563	0.3220	0.3220	norm
ERR10367379	OXFORD_NANOPORE	5419864	5393080	5410912	-0.4942	-0.1652	norm
ERR10513163	OXFORD_NANOPORE	2946483	2833430	2853464	-3.8369	-3.1570	norm
ERR10762505	OXFORD_NANOPORE	6034252	6823135	6823135	13.0734	13.0734	norm
ERR10846345	OXFORD_NANOPORE	5647759	5353593	5353593	-5.2085	-5.2085	norm
ERR11011593	OXFORD_NANOPORE	4663684	4512978	4512978	-3.2315	-3.2315	norm
ERR11749495	OXFORD_NANOPORE	5425457	5317302	5317302	-1.9935	-1.9935	norm
ERR11749503	OXFORD_NANOPORE	5142398	5570357	6098264	8.3222	18.5879	norm
ERR11843499	OXFORD_NANOPORE	5224726	7459524	7459524	42.7735	42.7735	norm
ERR11843500	OXFORD_NANOPORE	5453374	7976428	7976428	46.2659	46.2659	norm
ERR11843501	OXFORD_NANOPORE	4341397	6865598	6865598	58.1426	58.1426	norm
ERR11843502	OXFORD_NANOPORE	4794172	6862358	6862358	43.1396	43.1396	norm
ERR12041378	OXFORD_NANOPORE	4468467	4578099	4578099	2.4535	2.4535	norm
ERR12041384	OXFORD_NANOPORE	2401490	2381208	2406320	-0.8446	0.2011	norm
ERR12041388	OXFORD_NANOPORE	5662787	5604242	5604242	-1.0339	-1.0339	norm
ERR12075675	OXFORD_NANOPORE	5102716	5212166	5047796	2.1449	-1.0763	norm
ERR12075676	OXFORD_NANOPORE	2587876	2625158	2625158	1.4406	1.4406	norm
ERR12075677	OXFORD_NANOPORE	4895951	4908968	4908968	0.2659	0.2659	norm
ERR12075678	OXFORD_NANOPORE	2185688	2342518	2378945	7.1753	8.8419	norm
ERR12308179	OXFORD_NANOPORE	4658079	4781007	4781007	2.6390	2.6390	norm
ERR12321267	OXFORD_NANOPORE	4658079	4886358	4886358	4.9007	4.9007	norm
ERR13600299	OXFORD_NANOPORE	5605568	5569310	5569310	-0.6468	-0.6468	norm
ERR13600311	OXFORD_NANOPORE	5606091	5398758	5398758	-3.6984	-3.6984	norm
ERR13600315	OXFORD_NANOPORE	5306834	5061156	5061156	-4.6295	-4.6295	norm
ERR13600320	OXFORD_NANOPORE	5430337	5138160	5138160	-5.3805	-5.3805	norm
ERR13600327	OXFORD_NANOPORE	5190314	5102379	5102379	-1.6942	-1.6942	norm
ERR13600329	OXFORD_NANOPORE	5134070	5058304	5058304	-1.4757	-1.4757	norm
ERR13600333	OXFORD_NANOPORE	5476043	5114897	5114897	-6.5950	-6.5950	norm
ERR13600334	OXFORD_NANOPORE	5351084	5015248	5015248	-6.2760	-6.2760	norm
ERR13600335	OXFORD_NANOPORE	5482177	5296228	5296228	-3.3919	-3.3919	norm
ERR13600341	OXFORD_NANOPORE	5105113	4802381	4802381	-5.9300	-5.9300	norm
ERR13600342	OXFORD_NANOPORE	5406955	5136684	5172164	-4.9986	-4.3424	norm
ERR13600343	OXFORD_NANOPORE	5351251	5086252	5086252	-4.9521	-4.9521	norm
ERR13600344	OXFORD_NANOPORE	5351057	4969157	4969157	-7.1369	-7.1369	norm
ERR13600346	OXFORD_NANOPORE	5473829	5340398	5340398	-2.4376	-2.4376	norm
ERR13600351	OXFORD_NANOPORE	5542103	5207250	5207250	-6.0420	-6.0420	norm
ERR13600356	OXFORD_NANOPORE	5471593	5301666	5302359	-3.1056	-3.0930	norm
ERR13600361	OXFORD_NANOPORE	5384784	5202626	5202626	-3.3828	-3.3828	norm
ERR13600362	OXFORD_NANOPORE	5699850	5456990	5456990	-4.2608	-4.2608	norm
ERR13600365	OXFORD_NANOPORE	5412914	5191413	5191413	-4.0921	-4.0921	norm
ERR13600367	OXFORD_NANOPORE	5540302	5380251	5380251	-2.8888	-2.8888	norm
ERR13600371	OXFORD_NANOPORE	5618962	5477927	5457882	-2.5100	-2.8667	norm
ERR13600376	OXFORD_NANOPORE	5382252	5038515	5038515	-6.3865	-6.3865	norm
ERR13600378	OXFORD_NANOPORE	5368913	5226503	5226503	-2.6525	-2.6525	norm
ERR4658342	OXFORD_NANOPORE	2951169	3017236	3017236	2.2387	2.2387	norm
ERR4658343	OXFORD_NANOPORE	3038549	3096094	3096094	1.8938	1.8938	norm
SRR10013755	PACBIO_SMRT	4954714	6742462	5781125	36.0818	16.6793	pb_preset
SRR10019385	PACBIO_SMRT	7324898	20774180	13091298	183.6105	78.7233	pb_preset
SRR10051055	OXFORD_NANOPORE	2522703	2540836	2540836	0.7188	0.7188	norm
SRR10063223	OXFORD_NANOPORE	5867608	6037031	6037031	2.8874	2.8874	norm
SRR10064710	OXFORD_NANOPORE	3649547	3762471	3762471	3.0942	3.0942	norm
SRR10064714	OXFORD_NANOPORE	4299846	4421442	4421442	2.8279	2.8279	norm
SRR10064716	OXFORD_NANOPORE	6316887	6458270	6458270	2.2382	2.2382	norm
SRR10064720	OXFORD_NANOPORE	7308448	7399412	7399412	1.2446	1.2446	norm
SRR10064722	OXFORD_NANOPORE	6466929	6904213	6904213	6.7618	6.7618	norm
SRR10064723	OXFORD_NANOPORE	7308410	7504403	7504403	2.6817	2.6817	norm
SRR10064731	OXFORD_NANOPORE	4539645	4594253	4594253	1.2029	1.2029	norm
SRR10064740	OXFORD_NANOPORE	6109947	6095736	6095736	-0.2326	-0.2326	norm
SRR10070368	PACBIO_SMRT	6846621	10564758	8707590	54.3062	27.1808	pb_preset
SRR10078297	PACBIO_SMRT	7618936	13086272	11377720	71.7598	49.3348	pb_preset
SRR10140034	PACBIO_SMRT	2846871	3589718	3251930	26.0935	14.2282	pb_preset
SRR10162491	OXFORD_NANOPORE	1767432	1788312	1788312	1.1814	1.1814	norm
SRR10173075	OXFORD_NANOPORE	3885710	4149097	4149097	6.7783	6.7783	norm
SRR10173077	OXFORD_NANOPORE	3885710	4187698	4238560	7.7718	9.0807	norm
SRR10238991	OXFORD_NANOPORE	2096943	3051668	2989600	45.5294	42.5694	norm
SRR10259774	OXFORD_NANOPORE	4614086	4824610	4824610	4.5626	4.5626	norm
SRR10259776	OXFORD_NANOPORE	4807288	4898750	5024983	1.9026	4.5284	norm
SRR10259778	OXFORD_NANOPORE	4848320	509882	2125186	-89.4833	-56.1665	norm
SRR10259780	OXFORD_NANOPORE	4759144	5209095	5209095	9.4545	9.4545	norm
SRR10259782	OXFORD_NANOPORE	4783760	5488163	5509941	14.7249	15.1801	norm
SRR10259784	OXFORD_NANOPORE	4806721	5040530	5040530	4.8642	4.8642	norm
SRR10278956	OXFORD_NANOPORE	5943629	6052453	6052453	1.8309	1.8309	norm
SRR10297953	OXFORD_NANOPORE	4264018	4388208	4388208	2.9125	2.9125	norm
SRR10297959	OXFORD_NANOPORE	3806748	3853550	3853550	1.2294	1.2294	norm
SRR10297961	OXFORD_NANOPORE	5889290	6594494	6594494	11.9743	11.9743	norm
SRR10297966	OXFORD_NANOPORE	5298761	5384775	5384775	1.6233	1.6233	norm
SRR10297968	OXFORD_NANOPORE	4501013	5306218	4686347	17.8894	4.1176	norm
SRR10297973	OXFORD_NANOPORE	5880604	6082860	6082860	3.4394	3.4394	norm
SRR10297975	OXFORD_NANOPORE	5298227	5433371	5433371	2.5507	2.5507	norm
SRR10297977	OXFORD_NANOPORE	4297624	4546308	4546308	5.7865	5.7865	norm
SRR10297980	OXFORD_NANOPORE	4033062	4059056	4059056	0.6445	0.6445	norm
SRR10297981	OXFORD_NANOPORE	4788766	4825885	4825885	0.7751	0.7751	norm
SRR10297982	OXFORD_NANOPORE	4313266	4400527	4400527	2.0231	2.0231	norm
SRR10297990	OXFORD_NANOPORE	3971051	4124231	4124231	3.8574	3.8574	norm
SRR10297997	OXFORD_NANOPORE	4039579	4138757	4138757	2.4552	2.4552	norm
SRR10297999	OXFORD_NANOPORE	4087834	3603540	3603540	-11.8472	-11.8472	norm
SRR10298003	OXFORD_NANOPORE	3340253	3446591	3446591	3.1835	3.1835	norm
SRR10336613	OXFORD_NANOPORE	2922148	2880410	2882979	-1.4283	-1.3404	norm
SRR10336614	OXFORD_NANOPORE	2939732	2866890	2866890	-2.4778	-2.4778	norm
SRR10336615	OXFORD_NANOPORE	2939733	2853696	2853696	-2.9267	-2.9267	norm
SRR10336616	OXFORD_NANOPORE	2939729	2849698	2849698	-3.0626	-3.0626	norm
SRR10336617	OXFORD_NANOPORE	2939705	2842824	2842824	-3.2956	-3.2956	norm
SRR10337242	OXFORD_NANOPORE	4806605	4714179	4714179	-1.9229	-1.9229	norm
SRR10337247	OXFORD_NANOPORE	4459473	4314476	4314476	-3.2514	-3.2514	norm
SRR10340795	OXFORD_NANOPORE	6326501	5929512	5929512	-6.2750	-6.2750	norm
SRR10340798	OXFORD_NANOPORE	4917491	4769640	4769640	-3.0066	-3.0066	norm
SRR10340799	OXFORD_NANOPORE	5645678	4857865	4857865	-13.9543	-13.9543	norm
SRR10340800	OXFORD_NANOPORE	4581781	4559186	4559186	-0.4931	-0.4931	norm
SRR10340801	OXFORD_NANOPORE	5220569	4985852	4985852	-4.4960	-4.4960	norm
SRR10340802	OXFORD_NANOPORE	5536651	5318536	5318536	-3.9395	-3.9395	norm
SRR10340803	OXFORD_NANOPORE	4949027	3734996	4127250	-24.5307	-16.6048	norm
SRR10345480	OXFORD_NANOPORE	5144090	5015600	5038179	-2.4978	-2.0589	norm
SRR10353548	OXFORD_NANOPORE	2269994	37867	2332247	-98.3318	2.7424	norm
SRR10386880	OXFORD_NANOPORE	2675479	3478626	3478626	30.0188	30.0188	norm
SRR10388020	OXFORD_NANOPORE	2218399	778305	2314366	-64.9159	4.3260	norm
SRR10390692	OXFORD_NANOPORE	4063468	4191820	4191820	3.1587	3.1587	norm
SRR10390693	OXFORD_NANOPORE	4299726	4766316	4766316	10.8516	10.8516	norm
SRR10390695	OXFORD_NANOPORE	4299727	4654199	4654199	8.2441	8.2441	norm
SRR10390697	OXFORD_NANOPORE	4083248	4449460	4449460	8.9686	8.9686	norm
SRR10390703	OXFORD_NANOPORE	4275601	4623242	4623242	8.1308	8.1308	norm
SRR10390705	OXFORD_NANOPORE	4225362	4421824	4421824	4.6496	4.6496	norm
SRR10390706	OXFORD_NANOPORE	4156459	4439863	4439863	6.8184	6.8184	norm
SRR10405212	PACBIO_SMRT	4528123	4546550	4560279	0.4069	0.7101	pb_preset
SRR10411457	PACBIO_SMRT	5533130	7367660	6346870	33.1554	14.7067	pb_preset
SRR10428552	PACBIO_SMRT	5037217	7446680	6743602	47.8332	33.8756	pb_preset
SRR10436012	OXFORD_NANOPORE	5877726	6409179	6409179	9.0418	9.0418	norm
SRR10436014	OXFORD_NANOPORE	5879168	6521944	6521944	10.9331	10.9331	norm
SRR10441470	OXFORD_NANOPORE	4203861	4319254	4319254	2.7449	2.7449	norm
SRR10504699	OXFORD_NANOPORE	5161232	5096352	5096352	-1.2571	-1.2571	norm
SRR10507067	PACBIO_SMRT	1832173	3927818	2146964	114.3803	17.1813	pb_preset
SRR10520608	PACBIO_SMRT	5647778	8691616	7807099	53.8944	38.2331	pb_preset
SRR10523785	OXFORD_NANOPORE	5045617	5150138	5062272	2.0715	0.3301	norm
SRR10523787	OXFORD_NANOPORE	4731476	4802604	4802604	1.5033	1.5033	norm
SRR10523788	OXFORD_NANOPORE	4683671	4743846	4743846	1.2848	1.2848	norm
SRR10539275	OXFORD_NANOPORE	2746973	2708723	2708723	-1.3924	-1.3924	norm
SRR10609644	OXFORD_NANOPORE	3035657	3362651	3362651	10.7718	10.7718	norm
SRR10609646	OXFORD_NANOPORE	3036451	3267589	3267589	7.6121	7.6121	norm
SRR10609650	OXFORD_NANOPORE	3085162	3294653	3294653	6.7903	6.7903	norm
SRR10613303	PACBIO_SMRT	4321452	7419941	6018262	71.7002	39.2648	pb_preset
SRR10662281	PACBIO_SMRT	5370228	8573911	7056261	59.6564	31.3959	pb_preset
SRR10672466	PACBIO_SMRT	3674400	5171339	4778654	40.7397	30.0526	pb_preset
SRR10672468	PACBIO_SMRT	3396816	4866252	4523058	43.2592	33.1558	pb_preset
SRR10672473	PACBIO_SMRT	3669945	8025498	5435066	118.6817	48.0967	pb_preset
SRR10686562	OXFORD_NANOPORE	5794831	5883170	5883170	1.5244	1.5244	norm
SRR10695014	PACBIO_SMRT	4684771	5193425	4992652	10.8576	6.5720	pb_preset
SRR10725519	OXFORD_NANOPORE	2744548	2662068	2662068	-3.0052	-3.0052	norm
SRR10728566	PACBIO_SMRT	7075587	10761944	9399752	52.0997	32.8477	pb_preset
SRR10728904	OXFORD_NANOPORE	5776319	6059400	6059400	4.9007	4.9007	norm
SRR10741801	PACBIO_SMRT	2939729	4388744	4009802	49.2908	36.4004	pb_preset
SRR10743286	PACBIO_SMRT	1677515	1809683	1680204	7.8788	0.1603	pb_preset
SRR10752810	PACBIO_SMRT	2187612	4447050	3942845	103.2833	80.2351	pb_preset
SRR10752811	PACBIO_SMRT	1983159	3236653	3025541	63.2069	52.5617	pb_preset
SRR10752812	PACBIO_SMRT	2349358	4707505	3912099	100.3741	66.5178	pb_preset
SRR10766199	PACBIO_SMRT	5176451	6700402	6350341	29.4401	22.6775	pb_preset
SRR10803141	PACBIO_SMRT	3539411	6432483	4893677	81.7388	38.2625	pb_preset
SRR10803142	PACBIO_SMRT	3539411	6663403	4965178	88.2630	40.2826	pb_preset
SRR10803143	PACBIO_SMRT	3539411	6558555	4914279	85.3007	38.8445	pb_preset
SRR10810416	OXFORD_NANOPORE	3378310	3436203	3436203	1.7137	1.7137	norm
SRR10820824	OXFORD_NANOPORE	5232477	7620896	7620896	45.6460	45.6460	norm
SRR10831793	PACBIO_SMRT	1656288	5803800	4812958	250.4101	190.5870	pb_preset
SRR10851446	PACBIO_SMRT	4530564	5616131	5325488	23.9610	17.5458	pb_preset
SRR10861747	OXFORD_NANOPORE	2211092	42504	2161004	-98.0777	-2.2653	norm
SRR10861751	OXFORD_NANOPORE	2220590	39754	2200418	-98.2098	-0.9084	norm
SRR10882607	PACBIO_SMRT	5417742	8158675	7394477	50.5918	36.4863	pb_preset
SRR10882862	OXFORD_NANOPORE	2904316	3051628	3051628	5.0722	5.0722	norm
SRR10882871	OXFORD_NANOPORE	2771208	2921746	2921746	5.4322	5.4322	norm
SRR10882880	OXFORD_NANOPORE	2790390	2790094	2790094	-0.0106	-0.0106	norm
SRR10882888	OXFORD_NANOPORE	2747791	2831034	2831034	3.0295	3.0295	norm
SRR10882894	OXFORD_NANOPORE	2823974	2916226	2916226	3.2667	3.2667	norm
SRR10882896	OXFORD_NANOPORE	2800216	3033134	3033134	8.3179	8.3179	norm
SRR10912284	OXFORD_NANOPORE	4162637	4706626	4706626	13.0684	13.0684	norm
SRR10912288	OXFORD_NANOPORE	3628592	4223683	4223683	16.4001	16.4001	norm
SRR10912290	OXFORD_NANOPORE	3597743	4942394	4942394	37.3748	37.3748	norm
SRR10912303	OXFORD_NANOPORE	4612414	6499222	6499222	40.9072	40.9072	norm
SRR10912305	OXFORD_NANOPORE	3214120	3716192	3716192	15.6208	15.6208	norm
SRR10912906	PACBIO_SMRT	5338743	13117924	8699950	145.7118	62.9588	pb_preset
SRR10958851	OXFORD_NANOPORE	3564999	4598777	4598777	28.9980	28.9980	norm
SRR10968456	OXFORD_NANOPORE	3985392	4024732	4024732	0.9871	0.9871	norm
SRR10968457	OXFORD_NANOPORE	2568766	2625057	2625057	2.1914	2.1914	norm
SRR10969384	OXFORD_NANOPORE	8653730	8954058	8954058	3.4705	3.4705	norm
SRR10973936	OXFORD_NANOPORE	2896994	2868508	2868508	-0.9833	-0.9833	norm
SRR11038960	OXFORD_NANOPORE	5234237	5628812	5628812	7.5383	7.5383	norm
SRR11038962	OXFORD_NANOPORE	4910586	4922704	4922704	0.2468	0.2468	norm
SRR11038983	OXFORD_NANOPORE	4827947	4675094	4675094	-3.1660	-3.1660	norm
SRR11061015	OXFORD_NANOPORE	3591816	3688381	3688381	2.6885	2.6885	norm
SRR11067105	OXFORD_NANOPORE	4251700	5345325	5345325	25.7221	25.7221	norm
SRR11069766	OXFORD_NANOPORE	3962631	4776812	4776812	20.5465	20.5465	norm
SRR11070451	OXFORD_NANOPORE	4120823	4390934	4390934	6.5548	6.5548	norm
SRR11078307	PACBIO_SMRT	6818519	10435181	9307500	53.0418	36.5032	pb_preset
SRR11091770	PACBIO_SMRT	2332391	3334358	3570359	42.9588	53.0772	pb_preset
SRR11096308	OXFORD_NANOPORE	4073650	3986144	3982696	-2.1481	-2.2327	norm
SRR11096309	OXFORD_NANOPORE	4065371	4166874	4166874	2.4968	2.4968	norm
SRR11096311	OXFORD_NANOPORE	4094766	4156620	4156620	1.5106	1.5106	norm
SRR11096313	OXFORD_NANOPORE	4062813	3886396	3886396	-4.3422	-4.3422	norm
SRR11108582	OXFORD_NANOPORE	1912310	1927784	1927784	0.8092	0.8092	norm
SRR11110294	OXFORD_NANOPORE	5349947	5390382	5390382	0.7558	0.7558	norm
SRR11140579	PACBIO_SMRT	4591950	5914112	5587968	28.7930	21.6905	pb_preset
SRR11140580	PACBIO_SMRT	4432553	6052603	5638502	36.5489	27.2066	pb_preset
SRR11140588	PACBIO_SMRT	4585350	5801250	5451226	26.5171	18.8835	pb_preset
SRR11176972	OXFORD_NANOPORE	3980230	4158249	4148817	4.4726	4.2356	norm
SRR11179864	PACBIO_SMRT	4957773	8760623	7479334	76.7048	50.8608	pb_preset
SRR11179865	OXFORD_NANOPORE	4957773	9678285	9678285	95.2144	95.2144	norm
SRR11179866	OXFORD_NANOPORE	4957773	5712544	5712544	15.2240	15.2240	norm
SRR11193092	OXFORD_NANOPORE	8848153	9113167	9113167	2.9951	2.9951	norm
SRR11193104	OXFORD_NANOPORE	9323419	10586030	10586030	13.5424	13.5424	norm
SRR11211679	OXFORD_NANOPORE	6009800	6285088	6285088	4.5807	4.5807	norm
SRR11212804	PACBIO_SMRT	5561850	6159516	5883044	10.7458	5.7749	pb_preset
SRR11215186	PACBIO_SMRT	1318700	1670578	1627146	26.6837	23.3902	pb_preset
SRR11215567	OXFORD_NANOPORE	4996832	5002632	4987816	0.1161	-0.1804	norm
SRR11215569	OXFORD_NANOPORE	5130533	5547518	5511018	8.1275	7.4161	norm
SRR11215570	OXFORD_NANOPORE	4911078	5660908	5653049	15.2681	15.1081	norm
SRR11248242	PACBIO_SMRT	6517592	7877426	7398252	20.8641	13.5120	pb_preset
SRR11248247	PACBIO_SMRT	6286188	7945642	7472110	26.3984	18.8655	pb_preset
SRR11248338	PACBIO_SMRT	7957748	9674878	9073942	21.5781	14.0265	pb_preset
SRR11248995	OXFORD_NANOPORE	5748078	6820440	6820440	18.6560	18.6560	norm
SRR11249001	OXFORD_NANOPORE	5761802	6745477	6745477	17.0723	17.0723	norm
SRR11252625	OXFORD_NANOPORE	5301911	5228648	5228648	-1.3818	-1.3818	norm
SRR11268100	OXFORD_NANOPORE	6275136	5181622	5231196	-17.4261	-16.6361	norm
SRR11278929	OXFORD_NANOPORE	6266737	5218612	5191583	-16.7252	-17.1565	norm
SRR11278930	OXFORD_NANOPORE	6288998	5226939	5279787	-16.8876	-16.0472	norm
SRR11280748	OXFORD_NANOPORE	4313277	5056022	5056022	17.2200	17.2200	norm
SRR11288494	PACBIO_SMRT	3938593	21395254	15004836	443.2207	280.9694	pb_preset
SRR11290117	PACBIO_SMRT	6536046	8958004	7557487	37.0554	15.6278	pb_preset
SRR11290118	PACBIO_SMRT	6277301	10638441	7975806	69.4748	27.0579	pb_preset
SRR11290119	PACBIO_SMRT	6892015	25664564	13344810	272.3811	93.6271	pb_preset
SRR11306710	PACBIO_SMRT	4832009	7173646	6789074	48.4609	40.5021	pb_preset
SRR11317973	PACBIO_SMRT	5004825	9828561	7748658	96.3817	54.8238	pb_preset
SRR11321271	OXFORD_NANOPORE	2371107	2897509	2897509	22.2007	22.2007	norm
SRR11321336	OXFORD_NANOPORE	4118995	4707453	4707453	14.2864	14.2864	norm
SRR11362850	OXFORD_NANOPORE	7675262	6722856	6722856	-12.4088	-12.4088	norm
SRR11365219	PACBIO_SMRT	4934027	7736324	6915351	56.7953	40.1563	pb_preset
SRR11425847	OXFORD_NANOPORE	4847360	4952802	4960830	2.1752	2.3409	norm
SRR11425849	OXFORD_NANOPORE	4829486	4882190	4882190	1.0913	1.0913	norm
SRR11425851	OXFORD_NANOPORE	4848540	4982958	4982958	2.7723	2.7723	norm
SRR11425853	OXFORD_NANOPORE	4839384	4923112	4923112	1.7301	1.7301	norm
SRR11425855	OXFORD_NANOPORE	4797988	5069026	5069026	5.6490	5.6490	norm
SRR11425858	OXFORD_NANOPORE	4859063	5017661	5025320	3.2640	3.4216	norm
SRR11451958	PACBIO_SMRT	6902589	18140604	12181331	162.8087	76.4748	pb_preset
SRR11457987	OXFORD_NANOPORE	4978047	6657828	6657828	33.7438	33.7438	norm
SRR11457989	OXFORD_NANOPORE	4978088	5998152	5998152	20.4911	20.4911	norm
SRR11461817	OXFORD_NANOPORE	9860181	9608635	9608635	-2.5511	-2.5511	norm
SRR11462379	PACBIO_SMRT	9116672	13387070	10705918	46.8416	17.4323	pb_preset
SRR11483168	OXFORD_NANOPORE	6010585	8715313	8715313	44.9994	44.9994	norm
SRR11483170	OXFORD_NANOPORE	5155009	7983792	7983792	54.8745	54.8745	norm
SRR11483196	OXFORD_NANOPORE	5823634	12019123	12019123	106.3853	106.3853	norm
SRR11483199	OXFORD_NANOPORE	5034577	8185878	8185878	62.5932	62.5932	norm
SRR11483657	OXFORD_NANOPORE	4642566	5346870	5346870	15.1706	15.1706	norm
SRR11485268	OXFORD_NANOPORE	5146159	4807423	4807423	-6.5823	-6.5823	norm
SRR11507283	PACBIO_SMRT	6288195	7568324	7140686	20.3577	13.5570	pb_preset
SRR11513892	PACBIO_SMRT	5353174	9492177	8194734	77.3187	53.0818	pb_preset
SRR11513901	PACBIO_SMRT	5139892	6100565	5659787	18.6905	10.1149	pb_preset
SRR11513908	PACBIO_SMRT	4860289	8881699	7720925	82.7401	58.8573	pb_preset
SRR11536936	OXFORD_NANOPORE	5527237	10789885	10789885	95.2130	95.2130	norm
SRR11553454	PACBIO_SMRT	5357194	5851215	5570328	9.2216	3.9785	pb_preset
SRR11553455	PACBIO_SMRT	5357194	5572015	5290942	4.0100	-1.2367	pb_preset
SRR11559465	OXFORD_NANOPORE	1941174	2164232	2164232	11.4909	11.4909	norm
SRR11579119	OXFORD_NANOPORE	6530403	7828376	7828376	19.8758	19.8758	norm
SRR11579120	OXFORD_NANOPORE	6530403	8469394	8469394	29.6918	29.6918	norm
SRR11613597	OXFORD_NANOPORE	5306277	5821112	5821112	9.7024	9.7024	norm
SRR11653777	OXFORD_NANOPORE	6509129	6940597	6940597	6.6287	6.6287	norm
SRR11653778	OXFORD_NANOPORE	6003863	5944634	5944634	-0.9865	-0.9865	norm
SRR11653779	OXFORD_NANOPORE	6003946	6019888	6019888	0.2655	0.2655	norm
SRR11653780	OXFORD_NANOPORE	6471780	6642945	6642945	2.6448	2.6448	norm
SRR11653781	OXFORD_NANOPORE	7300098	7250208	7250208	-0.6834	-0.6834	norm
SRR11653786	OXFORD_NANOPORE	7105297	7343558	7343558	3.3533	3.3533	norm
SRR11653787	OXFORD_NANOPORE	7105260	7266518	7266518	2.2696	2.2696	norm
SRR11687566	OXFORD_NANOPORE	4591696	5374898	5787913	17.0569	26.0517	norm
SRR11747307	OXFORD_NANOPORE	2028901	2058178	2058178	1.4430	1.4430	norm
SRR11747671	OXFORD_NANOPORE	2002415	2108462	2108462	5.2960	5.2960	norm
SRR11747673	OXFORD_NANOPORE	2051359	1953769	1953769	-4.7573	-4.7573	norm
SRR11773625	OXFORD_NANOPORE	7118658	7689663	7689663	8.0212	8.0212	norm
SRR11778447	PACBIO_SMRT	5704030	8337772	6899517	46.1734	20.9586	pb_preset
SRR11809904	OXFORD_NANOPORE	3834012	3736056	3736056	-2.5549	-2.5549	norm
SRR11853262	OXFORD_NANOPORE	2139666	2645320	2645320	23.6324	23.6324	norm
SRR11858646	OXFORD_NANOPORE	4713964	5570673	5570673	18.1739	18.1739	norm
SRR11880653	PACBIO_SMRT	6357750	9623558	8783914	51.3674	38.1607	pb_preset
SRR11901803	OXFORD_NANOPORE	750518	829293	829293	10.4961	10.4961	norm
SRR11901804	OXFORD_NANOPORE	681374	744316	744316	9.2375	9.2375	norm
SRR11901806	OXFORD_NANOPORE	700135	763080	763080	8.9904	8.9904	norm
SRR11901832	OXFORD_NANOPORE	780024	1066850	1066850	36.7714	36.7714	norm
SRR11905711	OXFORD_NANOPORE	4938634	4977076	4977076	0.7784	0.7784	norm
SRR11909877	OXFORD_NANOPORE	4779842	4886686	4886686	2.2353	2.2353	norm
SRR11909885	OXFORD_NANOPORE	5276672	5455146	5455146	3.3823	3.3823	norm
SRR11951435	OXFORD_NANOPORE	5713496	6533612	6533612	14.3540	14.3540	norm
SRR11969189	OXFORD_NANOPORE	6791021	9167062	9167062	34.9880	34.9880	norm
SRR11977808	PACBIO_SMRT	3820375	3605687	3761180	-5.6196	-1.5495	pb_preset
SRR12020159	PACBIO_SMRT	2585348	3175451	2968223	22.8249	14.8094	pb_preset
SRR12032899	OXFORD_NANOPORE	5549910	5255462	5255462	-5.3055	-5.3055	norm
SRR12042540	PACBIO_SMRT	4810361	6994337	6089264	45.4015	26.5864	pb_preset
SRR12066800	PACBIO_SMRT	6820876	14205525	11829715	108.2654	73.4340	pb_preset
SRR12073574	PACBIO_SMRT	6321947	10267467	8688789	62.4099	37.4385	pb_preset
SRR12073575	PACBIO_SMRT	6321947	12674900	10053376	100.4905	59.0234	pb_preset
SRR12135868	PACBIO_SMRT	8473046	66422400	37279924	683.9259	339.9826	pb_preset
SRR12135869	OXFORD_NANOPORE	8473046	8458858	8458858	-0.1674	-0.1674	norm
SRR12147485	PACBIO_SMRT	3849224	5129296	4384489	33.2553	13.9058	pb_preset
SRR12158098	PACBIO_SMRT	4980968	7842048	6461554	57.4402	29.7249	pb_preset
SRR12158100	PACBIO_SMRT	5077082	8032370	6533502	58.2084	28.6862	pb_preset
SRR12160981	OXFORD_NANOPORE	5352820	5688187	5688187	6.2652	6.2652	norm
SRR12165703	OXFORD_NANOPORE	1627620	1848836	1848836	13.5914	13.5914	norm
SRR12165704	OXFORD_NANOPORE	1627624	1799569	1799569	10.5642	10.5642	norm
SRR12165705	OXFORD_NANOPORE	1627622	1829137	1829137	12.3809	12.3809	norm
SRR12165706	OXFORD_NANOPORE	1627623	1840653	1840653	13.0884	13.0884	norm
SRR12211926	PACBIO_SMRT	3963437	9300718	6409002	134.6629	61.7031	pb_preset
SRR12214315	OXFORD_NANOPORE	6499247	6276010	6276010	-3.4348	-3.4348	norm
SRR12247512	OXFORD_NANOPORE	4734159	4787985	4787985	1.1370	1.1370	norm
SRR12247514	OXFORD_NANOPORE	6236239	6585250	6585250	5.5965	5.5965	norm
SRR12247516	OXFORD_NANOPORE	6236453	6656670	6656670	6.7381	6.7381	norm
SRR12247526	OXFORD_NANOPORE	4956050	5102857	5102857	2.9622	2.9622	norm
SRR12247539	OXFORD_NANOPORE	5040939	5723361	5723361	13.5376	13.5376	norm
SRR12247545	OXFORD_NANOPORE	4852323	5039242	5039242	3.8522	3.8522	norm
SRR12247548	OXFORD_NANOPORE	5149681	5378147	5378147	4.4365	4.4365	norm
SRR12247564	OXFORD_NANOPORE	4873383	5312736	5312736	9.0154	9.0154	norm
SRR12247594	OXFORD_NANOPORE	4811688	4799293	4799293	-0.2576	-0.2576	norm
SRR12247681	OXFORD_NANOPORE	5067008	4761939	5624726	-6.0207	11.0069	norm
SRR12247701	OXFORD_NANOPORE	5062122	6096638	5716260	20.4364	12.9222	norm
SRR12247704	OXFORD_NANOPORE	5284469	5754226	5754226	8.8894	8.8894	norm
SRR12247705	OXFORD_NANOPORE	5284470	5639630	5639630	6.7208	6.7208	norm
SRR12247712	OXFORD_NANOPORE	4948386	5471050	5471050	10.5623	10.5623	norm
SRR12247721	OXFORD_NANOPORE	4893505	5016606	5016606	2.5156	2.5156	norm
SRR12247731	OXFORD_NANOPORE	5222894	5443397	5443397	4.2219	4.2219	norm
SRR12247737	OXFORD_NANOPORE	4687823	4764695	4764695	1.6398	1.6398	norm
SRR12247743	OXFORD_NANOPORE	4700814	5125252	5125252	9.0290	9.0290	norm
SRR12247756	OXFORD_NANOPORE	4780041	4911618	5047818	2.7526	5.6020	norm
SRR12247758	OXFORD_NANOPORE	4809559	5054490	5054490	5.0926	5.0926	norm
SRR12280256	OXFORD_NANOPORE	5374479	5238265	5238265	-2.5345	-2.5345	norm
SRR12280257	OXFORD_NANOPORE	5374479	5337913	5337913	-0.6804	-0.6804	norm
SRR12280475	OXFORD_NANOPORE	6337561	6073686	6073686	-4.1637	-4.1637	norm
SRR12280476	OXFORD_NANOPORE	6337561	6157279	6157279	-2.8447	-2.8447	norm
SRR12282614	OXFORD_NANOPORE	6112257	6308546	6308546	3.2114	3.2114	norm
SRR12298352	PACBIO_SMRT	5309420	7856479	6459128	47.9725	21.6541	pb_preset
SRR12298376	OXFORD_NANOPORE	6043975	7093896	7093896	17.3714	17.3714	norm
SRR12298378	OXFORD_NANOPORE	6091660	7242534	6967160	18.8926	14.3721	norm
SRR12298422	OXFORD_NANOPORE	5374500	6431025	6431025	19.6581	19.6581	norm
SRR12298423	OXFORD_NANOPORE	4915705	5970202	5970202	21.4516	21.4516	norm
SRR12298437	OXFORD_NANOPORE	4904566	5631277	5631277	14.8170	14.8170	norm
SRR12298445	OXFORD_NANOPORE	5568728	6793418	6793418	21.9923	21.9923	norm
SRR12298448	PACBIO_SMRT	5566305	7863942	6724205	41.2776	20.8020	pb_preset
SRR12298467	OXFORD_NANOPORE	4652007	4903126	4903126	5.3981	5.3981	norm
SRR12298472	OXFORD_NANOPORE	4652001	5060435	5060435	8.7797	8.7797	norm
SRR12298476	OXFORD_NANOPORE	4991577	5548465	5548465	11.1566	11.1566	norm
SRR12298477	OXFORD_NANOPORE	4992648	5529904	5529904	10.7609	10.7609	norm
SRR12298485	OXFORD_NANOPORE	5059614	6309506	6212680	24.7033	22.7896	norm
SRR12298508	OXFORD_NANOPORE	6236062	7603684	7603684	21.9309	21.9309	norm
SRR12298531	OXFORD_NANOPORE	4637518	5102882	5102882	10.0348	10.0348	norm
SRR12298612	OXFORD_NANOPORE	5580368	5499428	6144442	-1.4504	10.1082	norm
SRR12298664	OXFORD_NANOPORE	6332934	6878716	6569019	8.6182	3.7279	norm
SRR12298670	OXFORD_NANOPORE	4887958	5305284	5305284	8.5378	8.5378	norm
SRR12298691	OXFORD_NANOPORE	5170324	6562271	6310991	26.9219	22.0618	norm
SRR12298706	OXFORD_NANOPORE	5238808	6025349	6025349	15.0137	15.0137	norm
SRR12298707	OXFORD_NANOPORE	5018130	5731322	5731322	14.2123	14.2123	norm
SRR12298723	OXFORD_NANOPORE	5414996	5711338	5711338	5.4726	5.4726	norm
SRR12298735	OXFORD_NANOPORE	4981985	5170833	5170833	3.7906	3.7906	norm
SRR12298810	OXFORD_NANOPORE	5640008	6439830	6439830	14.1812	14.1812	norm
SRR12298818	OXFORD_NANOPORE	5234715	5674742	5674742	8.4059	8.4059	norm
SRR12298845	OXFORD_NANOPORE	4382172	5123358	5123358	16.9137	16.9137	norm
SRR12298990	OXFORD_NANOPORE	4946286	5203200	5203200	5.1941	5.1941	norm
SRR12298997	OXFORD_NANOPORE	4888717	5426702	5426702	11.0046	11.0046	norm
SRR12299048	OXFORD_NANOPORE	5377148	5892296	5892296	9.5803	9.5803	norm
SRR12299051	OXFORD_NANOPORE	4987558	5117172	5841250	2.5987	17.1164	norm
SRR12299058	OXFORD_NANOPORE	5175883	4185130	5427106	-19.1417	4.8537	norm
SRR12299098	OXFORD_NANOPORE	4843970	5703690	5703690	17.7483	17.7483	norm
SRR12299115	OXFORD_NANOPORE	4828684	6308276	6308276	30.6417	30.6417	norm
SRR12299137	OXFORD_NANOPORE	5495884	5503298	5503298	0.1349	0.1349	norm
SRR12299142	OXFORD_NANOPORE	5521511	6034824	5972827	9.2966	8.1738	norm
SRR12299175	OXFORD_NANOPORE	5673126	5906960	5906960	4.1218	4.1218	norm
SRR12328710	OXFORD_NANOPORE	4208122	4401205	4401205	4.5883	4.5883	norm
SRR12328712	OXFORD_NANOPORE	3816508	4096266	4096266	7.3302	7.3302	norm
SRR12328713	OXFORD_NANOPORE	3810320	3927176	3927176	3.0668	3.0668	norm
SRR12329010	OXFORD_NANOPORE	5227144	5370872	5371742	2.7496	2.7663	norm
SRR12339180	PACBIO_SMRT	5049889	5018806	5003466	-0.6155	-0.9193	pb_preset
SRR12342986	OXFORD_NANOPORE	5295190	5498938	5498938	3.8478	3.8478	norm
SRR12342988	OXFORD_NANOPORE	4774395	5041520	5041520	5.5949	5.5949	norm
SRR12343853	OXFORD_NANOPORE	2741087	2625695	2616104	-4.2097	-4.5596	norm
SRR12343854	OXFORD_NANOPORE	2743582	2643684	2662388	-3.6412	-2.9594	norm
SRR12343942	OXFORD_NANOPORE	2816536	2707307	2704669	-3.8781	-3.9718	norm
SRR12343949	OXFORD_NANOPORE	2768180	2698560	2705658	-2.5150	-2.2586	norm
SRR12343955	OXFORD_NANOPORE	2791157	2582563	2598993	-7.4734	-6.8847	norm
SRR12343957	OXFORD_NANOPORE	2800541	2762554	2752070	-1.3564	-1.7308	norm
SRR12343960	OXFORD_NANOPORE	2735271	2706173	2689678	-1.0638	-1.6669	norm
SRR12343965	OXFORD_NANOPORE	2723848	2600620	2592754	-4.5240	-4.8128	norm
SRR12343973	OXFORD_NANOPORE	2717651	2657734	2657734	-2.2047	-2.2047	norm
SRR12343978	OXFORD_NANOPORE	2797313	2695036	2694397	-3.6563	-3.6791	norm
SRR12343982	OXFORD_NANOPORE	2739777	2666768	2680379	-2.6648	-2.1680	norm
SRR12343987	OXFORD_NANOPORE	2801757	2790965	2779846	-0.3852	-0.7820	norm
SRR12343988	OXFORD_NANOPORE	2810143	2709592	2722683	-3.5781	-3.1123	norm
SRR12343990	OXFORD_NANOPORE	2909026	2659736	2637007	-8.5695	-9.3509	norm
SRR12343994	OXFORD_NANOPORE	2736151	2640066	2662576	-3.5117	-2.6890	norm
SRR12344005	OXFORD_NANOPORE	2779091	2687716	2708915	-3.2879	-2.5251	norm
SRR12344009	OXFORD_NANOPORE	2769434	2670828	2670828	-3.5605	-3.5605	norm
SRR12344012	OXFORD_NANOPORE	2735946	2575725	2594136	-5.8561	-5.1832	norm
SRR12344015	OXFORD_NANOPORE	2743409	2587776	2603029	-5.6730	-5.1170	norm
SRR12356814	OXFORD_NANOPORE	6775260	7805882	7805882	15.2115	15.2115	norm
SRR12367305	PACBIO_SMRT	10375238	27967366	18410636	169.5588	77.4478	pb_preset
SRR12367307	OXFORD_NANOPORE	10375238	10636654	10541409	2.5196	1.6016	norm
SRR12390689	PACBIO_SMRT	4934017	7499976	6573724	52.0055	33.2327	pb_preset
SRR12390701	PACBIO_SMRT	5387171	7635680	6894215	41.7382	27.9747	pb_preset
SRR12395855	OXFORD_NANOPORE	3918289	3408606	3408606	-13.0078	-13.0078	norm
SRR12396136	PACBIO_SMRT	3918289	5629753	4913368	43.6789	25.3958	pb_preset
SRR12464724	OXFORD_NANOPORE	5842465	5686812	5684674	-2.6642	-2.7008	norm
SRR12492388	OXFORD_NANOPORE	5627653	5987459	5987459	6.3935	6.3935	norm
SRR12492393	OXFORD_NANOPORE	5406561	5795654	5795654	7.1967	7.1967	norm
SRR12492394	OXFORD_NANOPORE	5969148	7216000	7216000	20.8883	20.8883	norm
SRR12492395	OXFORD_NANOPORE	5543425	7252689	7252689	30.8341	30.8341	norm
SRR12492530	OXFORD_NANOPORE	5730426	7990876	7200654	39.4465	25.6565	norm
SRR12492531	OXFORD_NANOPORE	5305481	5560127	5560127	4.7997	4.7997	norm
SRR12492532	OXFORD_NANOPORE	5226758	5850101	5850101	11.9260	11.9260	norm
SRR12492533	OXFORD_NANOPORE	5481241	6048179	6048179	10.3432	10.3432	norm
SRR12502384	OXFORD_NANOPORE	3475666	3284041	3284041	-5.5133	-5.5133	norm
SRR12507228	OXFORD_NANOPORE	1804582	2176562	2176562	20.6131	20.6131	norm
SRR12507229	PACBIO_SMRT	1804582	2445897	2229497	35.5381	23.5465	pb_preset
SRR12507231	OXFORD_NANOPORE	1863075	2479616	2479616	33.0927	33.0927	norm
SRR12507232	PACBIO_SMRT	1863075	2611886	2368516	40.1922	27.1294	pb_preset
SRR12562769	OXFORD_NANOPORE	2335429	2873607	2877286	23.0441	23.2016	norm
SRR12563834	PACBIO_SMRT	5213616	7169255	6586196	37.5102	26.3268	pb_preset
SRR12607128	PACBIO_SMRT	2933059	3686816	3386039	25.6987	15.4439	pb_preset
SRR12615804	OXFORD_NANOPORE	2062281	2178048	2200463	5.6135	6.7004	norm
SRR12616185	OXFORD_NANOPORE	2045304	2140968	2140968	4.6773	4.6773	norm
SRR12619349	OXFORD_NANOPORE	2011542	2080742	2080742	3.4401	3.4401	norm
SRR12622389	OXFORD_NANOPORE	2277197	2616460	2616460	14.8983	14.8983	norm
SRR12622390	OXFORD_NANOPORE	2277197	2689715	2689715	18.1152	18.1152	norm
SRR12622391	OXFORD_NANOPORE	2277198	2934824	2934824	28.8787	28.8787	norm
SRR12622397	OXFORD_NANOPORE	2277198	2566452	2566452	12.7022	12.7022	norm
SRR12622398	OXFORD_NANOPORE	2277198	2752090	2752090	20.8542	20.8542	norm
SRR12622399	OXFORD_NANOPORE	2277198	2564403	2564403	12.6122	12.6122	norm
SRR12622400	OXFORD_NANOPORE	2277198	2777674	2777674	21.9777	21.9777	norm
SRR12622555	PACBIO_SMRT	3922746	7436545	6050804	89.5750	54.2492	pb_preset
SRR12628169	OXFORD_NANOPORE	5746424	6040104	6040104	5.1107	5.1107	norm
SRR12695182	OXFORD_NANOPORE	2957228	3076938	3076938	4.0480	4.0480	norm
SRR12697331	OXFORD_NANOPORE	7367353	7193856	7193856	-2.3549	-2.3549	norm
SRR12697332	OXFORD_NANOPORE	6870625	6986598	6986598	1.6880	1.6880	norm
SRR12697334	OXFORD_NANOPORE	7240218	7023290	7023290	-2.9962	-2.9962	norm
SRR12704060	PACBIO_SMRT	5185050	6914088	5988924	33.3466	15.5037	pb_preset
SRR12704061	PACBIO_SMRT	6093178	7864874	6931958	29.0767	13.7659	pb_preset
SRR12713672	OXFORD_NANOPORE	4187797	5776458	5776458	37.9355	37.9355	norm
SRR12720144	OXFORD_NANOPORE	3013505	3090440	3090440	2.5530	2.5530	norm
SRR12739076	PACBIO_SMRT	3077465	6544207	5096526	112.6493	65.6079	pb_preset
SRR12739077	PACBIO_SMRT	3077465	7162544	5348761	132.7417	73.8041	pb_preset
SRR12739078	PACBIO_SMRT	3077465	6566920	5147204	113.3873	67.2547	pb_preset
SRR12765273	OXFORD_NANOPORE	2958807	3237108	3237108	9.4059	9.4059	norm
SRR12799752	OXFORD_NANOPORE	2496734	2517456	2517456	0.8300	0.8300	norm
SRR12800422	PACBIO_SMRT	891641	1310067	1141334	46.9276	28.0038	pb_preset
SRR12801728	OXFORD_NANOPORE	4399032	4983390	4983390	13.2838	13.2838	norm
SRR12804324	OXFORD_NANOPORE	2093987	3260061	3260061	55.6868	55.6868	norm
SRR12805687	OXFORD_NANOPORE	2018144	3034861	3034861	50.3788	50.3788	norm
SRR12805693	OXFORD_NANOPORE	2022727	3052194	3052194	50.8950	50.8950	norm
SRR12811577	PACBIO_SMRT	5896689	12166913	10634205	106.3347	80.3420	pb_preset
SRR12811583	PACBIO_SMRT	5825322	20001288	16151100	243.3508	177.2568	pb_preset
SRR12811588	PACBIO_SMRT	5515915	18037576	14963388	227.0097	171.2766	pb_preset
SRR12811598	PACBIO_SMRT	5624921	10009393	8812124	77.9473	56.6622	pb_preset
SRR12824648	OXFORD_NANOPORE	3020299	3012482	3012482	-0.2588	-0.2588	norm
SRR12824650	OXFORD_NANOPORE	2799835	2821693	2821693	0.7807	0.7807	norm
SRR12825098	OXFORD_NANOPORE	5015190	4709205	4856187	-6.1012	-3.1704	norm
SRR12825305	OXFORD_NANOPORE	1775624	1766319	1766319	-0.5240	-0.5240	norm
SRR12825849	PACBIO_SMRT	2132299	2865090	2681023	34.3662	25.7339	pb_preset
SRR12825855	PACBIO_SMRT	3152123	4454447	4118470	41.3158	30.6570	pb_preset
SRR12825871	OXFORD_NANOPORE	6306352	8664836	8664836	37.3985	37.3985	norm
SRR12825879	PACBIO_SMRT	4647315	5356755	5108926	15.2656	9.9329	pb_preset
SRR12825882	PACBIO_SMRT	2075758	2539504	2396677	22.3410	15.4603	pb_preset
SRR12881567	OXFORD_NANOPORE	1728764	2236532	2715058	29.3717	57.0520	norm
SRR12881568	OXFORD_NANOPORE	1728764	1685164	1699846	-2.5220	-1.6728	norm
SRR12883149	OXFORD_NANOPORE	3562720	3346502	3346502	-6.0689	-6.0689	norm
SRR12905381	OXFORD_NANOPORE	7189892	7770009	7770009	8.0685	8.0685	norm
SRR12919160	OXFORD_NANOPORE	8085095	11270118	11270118	39.3938	39.3938	norm
SRR12921566	OXFORD_NANOPORE	1702402	1794954	1794954	5.4366	5.4366	norm
SRR12921573	OXFORD_NANOPORE	1706438	1711600	1711600	0.3025	0.3025	norm
SRR12921574	OXFORD_NANOPORE	1662107	1852599	1846200	11.4609	11.0759	norm
SRR12921575	OXFORD_NANOPORE	1734736	1807032	1807032	4.1676	4.1676	norm
SRR12933777	PACBIO_SMRT	2479638	2164078	1026505	-12.7261	-58.6026	pb_preset
SRR12933779	PACBIO_SMRT	2479638	2953936	2795020	19.1277	12.7189	pb_preset
SRR12934924	PACBIO_SMRT	5200450	7303922	6288413	40.4479	20.9206	pb_preset
SRR12934927	PACBIO_SMRT	4593248	6564594	5747610	42.9183	25.1317	pb_preset
SRR12935942	OXFORD_NANOPORE	9137078	9623578	9623578	5.3245	5.3245	norm
SRR12935945	OXFORD_NANOPORE	8489442	9332282	9332282	9.9281	9.9281	norm
SRR12935947	OXFORD_NANOPORE	8312872	9411253	9411253	13.2130	13.2130	norm
SRR12935953	OXFORD_NANOPORE	8358211	14665788	14665788	75.4656	75.4656	norm
SRR12935955	OXFORD_NANOPORE	10772313	17303844	17303844	60.6326	60.6326	norm
SRR12935957	OXFORD_NANOPORE	8798068	19577624	19577624	122.5219	122.5219	norm
SRR12935959	OXFORD_NANOPORE	8795756	20191220	20191220	129.5564	129.5564	norm
SRR12935970	OXFORD_NANOPORE	8514676	20211310	20211310	137.3703	137.3703	norm
SRR12935974	OXFORD_NANOPORE	9195219	18447996	18447996	100.6260	100.6260	norm
SRR12935990	OXFORD_NANOPORE	8543891	15815336	15815336	85.1069	85.1069	norm
SRR12936005	OXFORD_NANOPORE	8663238	14969910	14969910	72.7981	72.7981	norm
SRR12936016	OXFORD_NANOPORE	8094900	14907168	14907168	84.1551	84.1551	norm
SRR12936022	OXFORD_NANOPORE	7471060	17357396	17357396	132.3284	132.3284	norm
SRR12936035	OXFORD_NANOPORE	9494728	18187076	18187076	91.5492	91.5492	norm
SRR12936660	PACBIO_SMRT	2904831	3572721	3335819	22.9924	14.8369	pb_preset
SRR12937579	OXFORD_NANOPORE	4032448	4010708	4010708	-0.5391	-0.5391	norm
SRR12937956	PACBIO_SMRT	2583917	4535196	3928698	75.5163	52.0443	pb_preset
SRR12937959	PACBIO_SMRT	5484374	7826331	7061546	42.7024	28.7576	pb_preset
SRR12938614	PACBIO_SMRT	5275260	6947373	6473288	31.6973	22.7103	pb_preset
SRR12938618	PACBIO_SMRT	2669288	4008627	3680840	50.1759	37.8959	pb_preset
SRR12938891	PACBIO_SMRT	2634722	3840494	3594872	45.7647	36.4422	pb_preset
SRR12938913	PACBIO_SMRT	2556308	3409992	3182853	33.3952	24.5098	pb_preset
SRR12938915	PACBIO_SMRT	2543530	3303340	3099898	29.8723	21.8739	pb_preset
SRR12938961	PACBIO_SMRT	3026517	3999014	3670009	32.1325	21.2618	pb_preset
SRR12951179	OXFORD_NANOPORE	3984955	3799673	3799673	-4.6495	-4.6495	norm
SRR12951264	OXFORD_NANOPORE	4299254	5371068	5371068	24.9302	24.9302	norm
SRR12953601	PACBIO_SMRT	4745224	9381543	6924468	97.7050	45.9250	pb_preset
SRR12970172	PACBIO_SMRT	3712988	5023842	4720180	35.3046	27.1262	pb_preset
SRR12970238	PACBIO_SMRT	3982951	6030420	5797292	51.4058	45.5527	pb_preset
SRR12970287	PACBIO_SMRT	3520443	5359726	5034100	52.2458	42.9962	pb_preset
SRR12975746	PACBIO_SMRT	3267287	3901938	3685014	19.4244	12.7851	pb_preset
SRR12995612	OXFORD_NANOPORE	6950092	6821664	6821664	-1.8479	-1.8479	norm
SRR12995722	OXFORD_NANOPORE	2140969	2667913	2667913	24.6124	24.6124	norm
SRR12995723	OXFORD_NANOPORE	2040445	2828302	2828302	38.6120	38.6120	norm
SRR12995724	OXFORD_NANOPORE	2044877	2284860	2284860	11.7358	11.7358	norm
SRR12995728	OXFORD_NANOPORE	2154778	2548172	2518348	18.2568	16.8727	norm
SRR13009132	OXFORD_NANOPORE	2726177	1801319	1312035	-33.9251	-51.8727	norm
SRR13014004	OXFORD_NANOPORE	3364212	3241137	3241137	-3.6584	-3.6584	norm
SRR13014167	PACBIO_SMRT	2297680	3593963	3142184	56.4170	36.7546	pb_preset
SRR13051579	OXFORD_NANOPORE	2654961	2284888	2424671	-13.9389	-8.6740	norm
SRR13067349	OXFORD_NANOPORE	7401610	7529788	7529788	1.7318	1.7318	norm
SRR13067350	OXFORD_NANOPORE	7622528	7705779	7705779	1.0922	1.0922	norm
SRR13106728	OXFORD_NANOPORE	4940458	5055064	5024428	2.3197	1.6996	norm
SRR13148778	OXFORD_NANOPORE	1011807	1014660	1054237	0.2820	4.1935	norm
SRR13170267	OXFORD_NANOPORE	3290672	3603204	3603204	9.4975	9.4975	norm
SRR13181161	PACBIO_SMRT	2474943	3138020	2914888	26.7916	17.7760	pb_preset
SRR13181163	PACBIO_SMRT	2823217	3573284	3318994	26.5678	17.5607	pb_preset
SRR13181232	PACBIO_SMRT	2886678	3643291	3371752	26.2105	16.8039	pb_preset
SRR13181256	PACBIO_SMRT	2446807	3142872	2930340	28.4479	19.7618	pb_preset
SRR13181480	PACBIO_SMRT	2493537	3201290	2933694	28.3835	17.6519	pb_preset
SRR13181598	PACBIO_SMRT	2093459	2468035	2334336	17.8927	11.5062	pb_preset
SRR13181644	PACBIO_SMRT	2652865	3363295	3154084	26.7797	18.8935	pb_preset
SRR13181648	PACBIO_SMRT	8031696	13644343	11545004	69.8812	43.7430	pb_preset
SRR13181652	PACBIO_SMRT	8053224	14287582	11946517	77.4144	48.3445	pb_preset
SRR13181654	PACBIO_SMRT	8082614	15528770	12628480	92.1256	56.2425	pb_preset
SRR13181655	PACBIO_SMRT	8084048	16307282	13220236	101.7217	63.5349	pb_preset
SRR13181968	PACBIO_SMRT	3928855	5009844	4635940	27.5141	17.9972	pb_preset
SRR13181987	PACBIO_SMRT	4570957	5599141	5267151	22.4938	15.2308	pb_preset
SRR13182350	PACBIO_SMRT	3619096	4761036	4380864	31.5532	21.0486	pb_preset
SRR13182352	PACBIO_SMRT	4813143	6161951	5760689	28.0234	19.6866	pb_preset
SRR13182360	PACBIO_SMRT	6613968	8397694	7786774	26.9691	17.7323	pb_preset
SRR13182422	PACBIO_SMRT	4812038	5984071	5518660	24.3563	14.6845	pb_preset
SRR13182559	PACBIO_SMRT	9798102	13650878	12419030	39.3217	26.7493	pb_preset
SRR13182589	PACBIO_SMRT	2774993	3333935	3111955	20.1421	12.1428	pb_preset
SRR13182691	PACBIO_SMRT	5058561	5944551	5568185	17.5147	10.0745	pb_preset
SRR13183063	PACBIO_SMRT	6409097	8180275	7535846	27.6354	17.5805	pb_preset
SRR13183064	PACBIO_SMRT	6409097	1932965	1513291	-69.8403	-76.3884	pb_preset
SRR13183065	PACBIO_SMRT	6409097	7671859	7093073	19.7027	10.6720	pb_preset
SRR13183067	PACBIO_SMRT	4808040	1825389	768420	-62.0347	-84.0180	pb_preset
SRR13183068	PACBIO_SMRT	4808040	5796811	5369347	20.5649	11.6743	pb_preset
SRR13183069	PACBIO_SMRT	4808040	5896958	5490794	22.6479	14.2003	pb_preset
SRR13183070	PACBIO_SMRT	4808040	6229520	5733018	29.5646	19.2382	pb_preset
SRR13183072	PACBIO_SMRT	4808040	5734646	4970590	19.2720	3.3808	pb_preset
SRR13183073	PACBIO_SMRT	4808040	8317840	6634914	72.9986	37.9962	pb_preset
SRR13195542	PACBIO_SMRT	3202093	6160477	4432080	92.3891	38.4120	pb_preset
SRR13206615	OXFORD_NANOPORE	3858501	3746398	3746398	-2.9054	-2.9054	norm
SRR13213119	OXFORD_NANOPORE	3433913	4943742	4943742	43.9682	43.9682	norm
SRR13232968	OXFORD_NANOPORE	2605463	2599818	2599818	-0.2167	-0.2167	norm
SRR13238532	PACBIO_SMRT	3038845	3867432	3468227	27.2665	14.1298	pb_preset
SRR13238693	OXFORD_NANOPORE	5457289	5859068	5859068	7.3622	7.3622	norm
SRR13243581	OXFORD_NANOPORE	3176084	3099650	3099650	-2.4065	-2.4065	norm
SRR13249531	OXFORD_NANOPORE	4309805	4885082	4885082	13.3481	13.3481	norm
SRR13249533	OXFORD_NANOPORE	5198760	5377986	5377986	3.4475	3.4475	norm
SRR13258485	OXFORD_NANOPORE	3095810	3532993	3532993	14.1218	14.1218	norm
SRR13260924	OXFORD_NANOPORE	7832041	8796318	8796318	12.3120	12.3120	norm
SRR13289773	OXFORD_NANOPORE	2482394	2693420	2693420	8.5009	8.5009	norm
SRR13295144	OXFORD_NANOPORE	6144893	5946996	5946996	-3.2205	-3.2205	norm
SRR13295147	OXFORD_NANOPORE	6419483	6738026	6738026	4.9621	4.9621	norm
SRR13348937	OXFORD_NANOPORE	5685062	6340197	6340197	11.5238	11.5238	norm
SRR13348939	OXFORD_NANOPORE	5676463	6273286	6273286	10.5140	10.5140	norm
SRR13348942	OXFORD_NANOPORE	5391123	5917062	5917062	9.7556	9.7556	norm
SRR13355265	PACBIO_SMRT	5282528	6332272	5806527	19.8720	9.9195	pb_preset
SRR13365414	PACBIO_SMRT	8193177	10326596	8632594	26.0390	5.3632	pb_preset
SRR13443114	PACBIO_SMRT	2871334	3372512	3214902	17.4545	11.9654	pb_preset
SRR13447360	PACBIO_SMRT	2886896	3399632	3239616	17.7608	12.2180	pb_preset
SRR13449989	PACBIO_SMRT	2901393	3441586	3280316	18.6184	13.0600	pb_preset
SRR13495179	OXFORD_NANOPORE	9073954	9510572	9510572	4.8118	4.8118	norm
SRR13496244	OXFORD_NANOPORE	6423694	5721505	5913659	-10.9312	-7.9399	norm
SRR13500706	OXFORD_NANOPORE	2222653	2187257	2187257	-1.5925	-1.5925	norm
SRR13601331	OXFORD_NANOPORE	5186229	5519812	5519812	6.4321	6.4321	norm
SRR13624705	OXFORD_NANOPORE	6407559	6605178	6605178	3.0842	3.0842	norm
SRR13642592	PACBIO_SMRT	10410654	12476064	11529194	19.8394	10.7442	pb_preset
SRR13668413	PACBIO_SMRT	5758155	7189443	6535454	24.8567	13.4991	pb_preset
SRR13668427	PACBIO_SMRT	5557539	7012409	6443350	26.1783	15.9389	pb_preset
SRR13668439	PACBIO_SMRT	5488143	6366689	5956060	16.0081	8.5260	pb_preset
SRR13670000	PACBIO_SMRT	5082423	6062884	5690766	19.2912	11.9695	pb_preset
SRR13670059	OXFORD_NANOPORE	2481998	3945950	3945950	58.9828	58.9828	norm
SRR13670061	OXFORD_NANOPORE	2431961	3293614	3293614	35.4304	35.4304	norm
SRR13670131	PACBIO_SMRT	5346695	6127756	5759562	14.6083	7.7219	pb_preset
SRR13670628	PACBIO_SMRT	5590265	6374596	5977903	14.0303	6.9342	pb_preset
SRR13672888	PACBIO_SMRT	5168953	5873575	5504788	13.6318	6.4972	pb_preset
SRR13674228	PACBIO_SMRT	5278156	6259779	5860330	18.5978	11.0299	pb_preset
SRR13674234	PACBIO_SMRT	5271331	7118825	6456596	35.0480	22.4851	pb_preset
SRR13674408	PACBIO_SMRT	3373067	4623481	4181320	37.0705	23.9620	pb_preset
SRR13674440	PACBIO_SMRT	1981414	2466406	2303624	24.4771	16.2616	pb_preset
SRR13674457	PACBIO_SMRT	4105080	5230020	4625726	27.4036	12.6830	pb_preset
SRR13674459	PACBIO_SMRT	4105436	5004319	4524508	21.8949	10.2077	pb_preset
SRR13674460	PACBIO_SMRT	4105604	6154266	5235158	49.8992	27.5125	pb_preset
SRR13674462	PACBIO_SMRT	4105067	5880155	5115497	43.2414	24.6142	pb_preset
SRR13674464	PACBIO_SMRT	4104031	6172347	5303914	50.3972	29.2367	pb_preset
SRR13679345	OXFORD_NANOPORE	1988065	1999021	1999021	0.5511	0.5511	norm
SRR13684572	OXFORD_NANOPORE	5990776	7350882	7350882	22.7033	22.7033	norm
SRR13684636	OXFORD_NANOPORE	5235458	8137625	8137625	55.4329	55.4329	norm
SRR13706186	OXFORD_NANOPORE	5821889	6406500	6406500	10.0416	10.0416	norm
SRR13734254	OXFORD_NANOPORE	4993755	5016682	5016682	0.4591	0.4591	norm
SRR13758474	OXFORD_NANOPORE	3300602	3569081	3569081	8.1342	8.1342	norm
SRR13759105	OXFORD_NANOPORE	5194957	7100280	7100280	36.6764	36.6764	norm
SRR13759106	OXFORD_NANOPORE	5194957	6972316	6972316	34.2132	34.2132	norm
SRR13775335	OXFORD_NANOPORE	7266754	8582090	8582090	18.1007	18.1007	norm
SRR13781387	OXFORD_NANOPORE	5755538	6012744	6012744	4.4688	4.4688	norm
SRR13837247	PACBIO_SMRT	4131713	4058372	4061610	-1.7751	-1.6967	pb_preset
SRR13950234	OXFORD_NANOPORE	5506261	5653677	5653677	2.6772	2.6772	norm
SRR13950235	OXFORD_NANOPORE	5506561	5785995	5785995	5.0746	5.0746	norm
SRR13950237	OXFORD_NANOPORE	5506152	5645107	5645107	2.5236	2.5236	norm
SRR13950244	OXFORD_NANOPORE	5324563	6408604	6408604	20.3592	20.3592	norm
SRR13950255	OXFORD_NANOPORE	5505637	5970959	6058637	8.4517	10.0443	norm
SRR13950258	OXFORD_NANOPORE	5505780	5642800	5642800	2.4887	2.4887	norm
SRR13950259	OXFORD_NANOPORE	5501188	5430240	5430240	-1.2897	-1.2897	norm
SRR13950262	OXFORD_NANOPORE	5506524	5800324	5800324	5.3355	5.3355	norm
SRR13950267	OXFORD_NANOPORE	5504459	5820942	5820942	5.7496	5.7496	norm
SRR13950269	OXFORD_NANOPORE	5483579	5870812	5870812	7.0617	7.0617	norm
SRR13950270	OXFORD_NANOPORE	5505497	5896390	5896390	7.1000	7.1000	norm
SRR13950271	OXFORD_NANOPORE	5506528	2994408	5545598	-45.6208	0.7095	norm
SRR13950272	OXFORD_NANOPORE	5505142	5288628	5416742	-3.9329	-1.6058	norm
SRR13950274	OXFORD_NANOPORE	5323525	5295092	5295092	-0.5341	-0.5341	norm
SRR13950275	OXFORD_NANOPORE	5505898	5594690	5594690	1.6127	1.6127	norm
SRR13950277	OXFORD_NANOPORE	5506783	5924316	5924316	7.5822	7.5822	norm
SRR13988657	OXFORD_NANOPORE	8773899	9307032	9307032	6.0764	6.0764	norm
SRR13994224	OXFORD_NANOPORE	2514993	2416229	2416229	-3.9270	-3.9270	norm
SRR13997396	OXFORD_NANOPORE	6557255	9406630	9406630	43.4538	43.4538	norm
SRR13997403	OXFORD_NANOPORE	6359424	6430544	6541069	1.1183	2.8563	norm
SRR13997408	OXFORD_NANOPORE	6052372	11574453	11440658	91.2383	89.0277	norm
SRR13997411	OXFORD_NANOPORE	6660163	9193955	9193955	38.0440	38.0440	norm
SRR13997413	OXFORD_NANOPORE	6660338	7936984	7936984	19.1679	19.1679	norm
SRR13997416	OXFORD_NANOPORE	6172967	6614907	6614907	7.1593	7.1593	norm
SRR13997540	OXFORD_NANOPORE	6704238	7015235	7015235	4.6388	4.6388	norm
SRR14069006	PACBIO_SMRT	11399526	13173216	11337739	15.5593	-0.5420	pb_preset
SRR14069081	PACBIO_SMRT	11474152	13742545	12033218	19.7696	4.8724	pb_preset
SRR14069623	PACBIO_SMRT	8753169	10098672	9373901	15.3716	7.0915	pb_preset
SRR14074355	OXFORD_NANOPORE	3316585	4563784	4563784	37.6049	37.6049	norm
SRR14074357	OXFORD_NANOPORE	1999512	2019903	2019903	1.0198	1.0198	norm
SRR14075991	PACBIO_SMRT	11609901	17279114	14051552	48.8308	21.0308	pb_preset
SRR14103433	PACBIO_SMRT	5329607	5633903	5513927	5.7095	3.4584	pb_preset
SRR14108820	PACBIO_SMRT	5024671	6149560	5699194	22.3873	13.4242	pb_preset
SRR14108825	PACBIO_SMRT	5114786	6032189	5670897	17.9363	10.8726	pb_preset
SRR14108827	PACBIO_SMRT	5120965	6169764	5783977	20.4805	12.9470	pb_preset
SRR14139163	OXFORD_NANOPORE	5447405	7066053	7066053	29.7141	29.7141	norm
SRR14140347	PACBIO_SMRT	4434434	5189962	4905822	17.0378	10.6302	pb_preset
SRR14173251	OXFORD_NANOPORE	5649484	5488498	5488498	-2.8496	-2.8496	norm
SRR14181225	PACBIO_SMRT	4301978	11360082	9962500	164.0665	131.5795	pb_preset
SRR14230911	OXFORD_NANOPORE	2114033	2468369	2468369	16.7611	16.7611	norm
SRR14230912	OXFORD_NANOPORE	2056769	2326391	2326391	13.1090	13.1090	norm
SRR14230917	OXFORD_NANOPORE	2136182	2580962	2580962	20.8213	20.8213	norm
SRR14230918	OXFORD_NANOPORE	2136182	2717324	2717324	27.2047	27.2047	norm
SRR14230919	OXFORD_NANOPORE	2099536	2346406	2346406	11.7583	11.7583	norm
SRR14230920	OXFORD_NANOPORE	2090429	2197744	2211521	5.1336	5.7927	norm
SRR14230921	OXFORD_NANOPORE	2117704	2322199	2322199	9.6564	9.6564	norm
SRR14230922	OXFORD_NANOPORE	2101534	2394702	2394702	13.9502	13.9502	norm
SRR14230960	OXFORD_NANOPORE	2075620	2110334	2110334	1.6725	1.6725	norm
SRR14230963	OXFORD_NANOPORE	2137402	2154602	2154602	0.8047	0.8047	norm
SRR14230973	OXFORD_NANOPORE	2097492	2325694	2325694	10.8798	10.8798	norm
SRR14230976	OXFORD_NANOPORE	2100561	2113224	2113224	0.6028	0.6028	norm
SRR14230984	OXFORD_NANOPORE	2140995	2148477	2148477	0.3495	0.3495	norm
SRR14294771	PACBIO_SMRT	1931655	1758680	1780543	-8.9548	-7.8229	pb_preset
SRR14294773	PACBIO_SMRT	1935288	1867845	1877834	-3.4849	-2.9688	pb_preset
SRR14294776	PACBIO_SMRT	1963796	1849698	1855493	-5.8101	-5.5150	pb_preset
SRR14294777	PACBIO_SMRT	1931655	1800674	1821909	-6.7808	-5.6814	pb_preset
SRR14294779	PACBIO_SMRT	1935288	2372372	2155642	22.5850	11.3861	pb_preset
SRR14294782	PACBIO_SMRT	1963796	2378372	2145328	21.1110	9.2439	pb_preset
SRR14294783	PACBIO_SMRT	1931655	2321055	2100377	20.1589	8.7346	pb_preset
SRR14294785	PACBIO_SMRT	1935288	1812694	1834101	-6.3347	-5.2285	pb_preset
SRR14294788	PACBIO_SMRT	1963796	1785724	1795392	-9.0677	-8.5754	pb_preset
SRR14294789	PACBIO_SMRT	1955459	1864089	1868964	-4.6726	-4.4233	pb_preset
SRR14318404	PACBIO_SMRT	9796466	11680336	11131493	19.2301	13.6276	pb_preset
SRR14417043	PACBIO_SMRT	5000591	6221260	5780498	24.4105	15.5963	pb_preset
SRR14419376	PACBIO_SMRT	5509697	7180250	6142488	30.3202	11.4850	pb_preset
SRR14419378	PACBIO_SMRT	5634629	6380094	5684563	13.2301	0.8862	pb_preset
SRR14419384	PACBIO_SMRT	5639358	8316827	6794010	47.4783	20.4749	pb_preset
SRR14419388	PACBIO_SMRT	5555594	8549484	6937986	53.8896	24.8829	pb_preset
SRR14455658	OXFORD_NANOPORE	9635564	9183447	9183447	-4.6922	-4.6922	norm
SRR14458708	PACBIO_SMRT	9359382	11842680	10733012	26.5327	14.6765	pb_preset
SRR14480597	OXFORD_NANOPORE	2246389	2007048	2007048	-10.6545	-10.6545	norm
SRR14506983	OXFORD_NANOPORE	6592641	6840504	6840504	3.7597	3.7597	norm
SRR14619782	PACBIO_SMRT	2915057	4040451	3770962	38.6062	29.3615	pb_preset
SRR14621278	PACBIO_SMRT	2901641	4039840	3771427	39.2260	29.9757	pb_preset
SRR14621967	PACBIO_SMRT	2912948	3948976	3725034	35.5663	27.8785	pb_preset
SRR14640385	OXFORD_NANOPORE	6481491	6787331	6787331	4.7187	4.7187	norm
SRR14684522	OXFORD_NANOPORE	5896793	6785662	6785662	15.0738	15.0738	norm
SRR14684523	OXFORD_NANOPORE	6188426	7993802	7993802	29.1734	29.1734	norm
SRR14684526	OXFORD_NANOPORE	6384123	5876156	6347889	-7.9567	-0.5676	norm
SRR14684527	OXFORD_NANOPORE	5978719	6358346	6358346	6.3496	6.3496	norm
SRR14684528	OXFORD_NANOPORE	5080097	5416140	5416140	6.6149	6.6149	norm
SRR14684531	OXFORD_NANOPORE	5019735	5174360	5174360	3.0803	3.0803	norm
SRR14684532	OXFORD_NANOPORE	5191848	5735224	5735224	10.4659	10.4659	norm
SRR14684533	OXFORD_NANOPORE	5471029	5847154	5886848	6.8748	7.6004	norm
SRR14693196	PACBIO_SMRT	5405563	8025816	7001791	48.4733	29.5294	pb_preset
SRR14693198	PACBIO_SMRT	5346370	7942710	6892636	48.5627	28.9218	pb_preset
SRR14721505	OXFORD_NANOPORE	3364113	3480774	3480774	3.4678	3.4678	norm
SRR14757211	PACBIO_SMRT	2719233	3206226	2961088	17.9092	8.8942	pb_preset
SRR14757212	PACBIO_SMRT	2719235	3210004	2969228	18.0481	9.1935	pb_preset
SRR14757213	PACBIO_SMRT	2719166	3344807	3075117	23.0086	13.0904	pb_preset
SRR14757215	PACBIO_SMRT	2766978	3279686	3040352	18.5295	9.8799	pb_preset
SRR14757216	PACBIO_SMRT	2766976	3233014	2960293	16.8429	6.9866	pb_preset
SRR14757217	PACBIO_SMRT	2766976	3338022	3055624	20.6379	10.4319	pb_preset
SRR14757218	PACBIO_SMRT	2766978	3237734	2977985	17.0134	7.6259	pb_preset
SRR14757219	PACBIO_SMRT	2766975	3171067	2940276	14.6041	6.2632	pb_preset
SRR14757220	PACBIO_SMRT	2766975	3293694	3031007	19.0359	9.5423	pb_preset
SRR14757221	PACBIO_SMRT	2766990	3354664	3094908	21.2387	11.8511	pb_preset
SRR14757222	PACBIO_SMRT	2766976	3287970	3027876	18.8290	9.4291	pb_preset
SRR14757224	PACBIO_SMRT	2766976	3363690	3092999	21.5656	11.7826	pb_preset
SRR14766790	OXFORD_NANOPORE	6551245	6496316	6496316	-0.8385	-0.8385	norm
SRR14766796	OXFORD_NANOPORE	5607668	5724538	5724538	2.0841	2.0841	norm
SRR14766797	OXFORD_NANOPORE	7026924	9229090	9229090	31.3390	31.3390	norm
SRR14766802	OXFORD_NANOPORE	5046521	5069541	5069541	0.4562	0.4562	norm
SRR14766804	OXFORD_NANOPORE	5393636	5553402	5553402	2.9621	2.9621	norm
SRR14766806	OXFORD_NANOPORE	6630739	6754808	6754808	1.8711	1.8711	norm
SRR14766807	OXFORD_NANOPORE	6573451	6866377	6866377	4.4562	4.4562	norm
SRR14766808	OXFORD_NANOPORE	5758328	5713684	5713684	-0.7753	-0.7753	norm
SRR14766809	OXFORD_NANOPORE	6147080	6098060	6098060	-0.7975	-0.7975	norm
SRR14766813	OXFORD_NANOPORE	5987104	5685820	5685820	-5.0322	-5.0322	norm
SRR14766814	OXFORD_NANOPORE	6879672	6879815	6879815	0.0021	0.0021	norm
SRR14766826	OXFORD_NANOPORE	6621778	6607660	6607660	-0.2132	-0.2132	norm
SRR14766831	OXFORD_NANOPORE	6045338	6097260	6097260	0.8589	0.8589	norm
SRR14766833	OXFORD_NANOPORE	6073514	6075530	6075530	0.0332	0.0332	norm
SRR14766834	OXFORD_NANOPORE	6054205	6075762	6075762	0.3561	0.3561	norm
SRR14766839	OXFORD_NANOPORE	6307666	6382677	6382677	1.1892	1.1892	norm
SRR14766841	OXFORD_NANOPORE	6240195	6699760	6699760	7.3646	7.3646	norm
SRR14766842	OXFORD_NANOPORE	6107031	6242758	6242758	2.2225	2.2225	norm
SRR14804996	OXFORD_NANOPORE	5191720	5733896	5733896	10.4431	10.4431	norm
SRR14844078	OXFORD_NANOPORE	5527654	5767244	5767244	4.3344	4.3344	norm
SRR14844080	OXFORD_NANOPORE	6228218	7198120	7198120	15.5727	15.5727	norm
SRR14852514	OXFORD_NANOPORE	3917947	3926304	3926304	0.2133	0.2133	norm
SRR14852537	OXFORD_NANOPORE	4061599	4049340	4049340	-0.3018	-0.3018	norm
SRR14852546	OXFORD_NANOPORE	4091717	3972476	3972476	-2.9142	-2.9142	norm
SRR14862582	OXFORD_NANOPORE	4160315	4068983	4068983	-2.1953	-2.1953	norm
SRR14867659	PACBIO_SMRT	2206600	3094674	2526928	40.2463	14.5168	pb_preset
SRR14873908	OXFORD_NANOPORE	4793405	5465810	5465810	14.0277	14.0277	norm
SRR14933397	OXFORD_NANOPORE	2801457	3700965	3801891	32.1086	35.7112	norm
SRR14996184	OXFORD_NANOPORE	6788275	6609722	6609722	-2.6303	-2.6303	norm
SRR14996193	OXFORD_NANOPORE	7050019	6882294	6882294	-2.3791	-2.3791	norm
SRR14996195	OXFORD_NANOPORE	6588245	6470960	6470960	-1.7802	-1.7802	norm
SRR15006049	OXFORD_NANOPORE	1564967	1758025	1737050	12.3362	10.9960	norm
SRR15006050	OXFORD_NANOPORE	1282705	1391807	1490714	8.5056	16.2164	norm
SRR15006051	OXFORD_NANOPORE	1599772	1517615	1775781	-5.1355	11.0021	norm
SRR15006052	OXFORD_NANOPORE	1868579	681272	1646084	-63.5406	-11.9072	norm
SRR15006054	OXFORD_NANOPORE	1579967	1535435	1609500	-2.8185	1.8692	norm
SRR15006055	OXFORD_NANOPORE	1498568	1434100	1580469	-4.3020	5.4653	norm
SRR15032814	PACBIO_SMRT	2174189	2239572	2107697	3.0072	-3.0582	pb_preset
SRR15032816	PACBIO_SMRT	2234079	2277408	2166002	1.9395	-3.0472	pb_preset
SRR15032817	PACBIO_SMRT	2177032	2280143	2132458	4.7363	-2.0475	pb_preset
SRR15070654	PACBIO_SMRT	3838032	4799402	4630202	25.0485	20.6400	pb_preset
SRR15070656	PACBIO_SMRT	3980134	4886438	4688118	22.7707	17.7879	pb_preset
SRR15075397	PACBIO_SMRT	5021319	5982462	5708584	19.1412	13.6869	pb_preset
SRR15075399	PACBIO_SMRT	2510261	2891118	2771136	15.1720	10.3923	pb_preset
SRR15075400	PACBIO_SMRT	2881812	3362580	3214461	16.6828	11.5430	pb_preset
SRR15075449	PACBIO_SMRT	5602625	6489618	6239589	15.8317	11.3690	pb_preset
SRR15075454	PACBIO_SMRT	4915930	5766554	5549246	17.3034	12.8829	pb_preset
SRR15075462	PACBIO_SMRT	4782529	5652788	5436187	18.1966	13.6676	pb_preset
SRR15076203	PACBIO_SMRT	5281764	6150702	5924642	16.4517	12.1717	pb_preset
SRR15076260	PACBIO_SMRT	4543156	5329824	5157279	17.3155	13.5175	pb_preset
SRR15076386	PACBIO_SMRT	2019345	2473808	2416914	22.5055	19.6880	pb_preset
SRR15076581	PACBIO_SMRT	4922539	6664164	6033582	35.3806	22.5705	pb_preset
SRR15076584	PACBIO_SMRT	4539453	6346798	5774498	39.8142	27.2069	pb_preset
SRR15076596	PACBIO_SMRT	4493834	7337684	6259998	63.2834	39.3019	pb_preset
SRR15076597	PACBIO_SMRT	4346429	6453411	5677814	48.4762	30.6317	pb_preset
SRR15076623	PACBIO_SMRT	4454045	6237210	5650423	40.0347	26.8605	pb_preset
SRR15076625	PACBIO_SMRT	4614193	6302351	5763443	36.5862	24.9068	pb_preset
SRR15076628	PACBIO_SMRT	4645825	6208738	5651554	33.6412	21.6480	pb_preset
SRR15076629	PACBIO_SMRT	4518831	6168450	5660125	36.5054	25.2564	pb_preset
SRR15076632	PACBIO_SMRT	4701520	6351579	5797819	35.0963	23.3180	pb_preset
SRR15079688	PACBIO_SMRT	4819779	6647322	6024966	37.9176	25.0050	pb_preset
SRR15079691	PACBIO_SMRT	4793224	6337463	5832423	32.2171	21.6806	pb_preset
SRR15079693	PACBIO_SMRT	4844434	7062141	6266221	45.7785	29.3489	pb_preset
SRR15079695	PACBIO_SMRT	4738672	6770597	6077458	42.8796	28.2523	pb_preset
SRR15079697	PACBIO_SMRT	4377952	6766759	5812812	54.5645	32.7747	pb_preset
SRR15079699	PACBIO_SMRT	4510294	6333809	5781650	40.4301	28.1879	pb_preset
SRR15079701	PACBIO_SMRT	4588770	6000731	5563531	30.7699	21.2423	pb_preset
SRR15083976	OXFORD_NANOPORE	4921682	4851022	4851022	-1.4357	-1.4357	norm
SRR15083977	OXFORD_NANOPORE	4615841	4683811	4683811	1.4725	1.4725	norm
SRR15083979	OXFORD_NANOPORE	5843246	5808272	5803558	-0.5985	-0.6792	norm
SRR15095813	OXFORD_NANOPORE	2516803	2243564	2456034	-10.8566	-2.4145	norm
SRR15135847	OXFORD_NANOPORE	5960991	6114611	6114611	2.5771	2.5771	norm
SRR15136871	OXFORD_NANOPORE	5772816	6057612	6057612	4.9334	4.9334	norm
SRR15139186	PACBIO_SMRT	5800740	7160908	6632935	23.4482	14.3464	pb_preset
SRR15140980	PACBIO_SMRT	8538927	10471917	9627211	22.6374	12.7450	pb_preset
SRR15143041	OXFORD_NANOPORE	6260102	6190302	6190302	-1.1150	-1.1150	norm
SRR15157810	OXFORD_NANOPORE	6245940	6145075	6145075	-1.6149	-1.6149	norm
SRR15171166	OXFORD_NANOPORE	3869542	4084724	4084724	5.5609	5.5609	norm
SRR15171167	OXFORD_NANOPORE	2857445	2915020	2915020	2.0149	2.0149	norm
SRR15171168	OXFORD_NANOPORE	2780015	2826120	2826120	1.6584	1.6584	norm
SRR15171169	OXFORD_NANOPORE	2305309	2403186	2403186	4.2457	4.2457	norm
SRR15171257	PACBIO_SMRT	6931886	8329258	7848750	20.1586	13.2268	pb_preset
SRR15171258	OXFORD_NANOPORE	3244954	3469992	3469992	6.9350	6.9350	norm
SRR15171260	OXFORD_NANOPORE	3649956	3608276	3608276	-1.1419	-1.1419	norm
SRR15171261	OXFORD_NANOPORE	2733858	2650224	2650224	-3.0592	-3.0592	norm
SRR15171269	OXFORD_NANOPORE	4749455	4535626	4535626	-4.5022	-4.5022	norm
SRR15171274	OXFORD_NANOPORE	1965422	1975528	1975528	0.5142	0.5142	norm
SRR15171275	OXFORD_NANOPORE	2856089	2997248	2997248	4.9424	4.9424	norm
SRR15171278	OXFORD_NANOPORE	2919963	2946024	2946024	0.8925	0.8925	norm
SRR15171279	OXFORD_NANOPORE	3188304	3479298	3479298	9.1269	9.1269	norm
SRR15171281	OXFORD_NANOPORE	3373066	3440310	3440310	1.9936	1.9936	norm
SRR15171282	OXFORD_NANOPORE	2460746	2497891	2497891	1.5095	1.5095	norm
SRR15171293	OXFORD_NANOPORE	4813254	4567081	4567081	-5.1145	-5.1145	norm
SRR15171294	OXFORD_NANOPORE	4577574	4860790	4860790	6.1870	6.1870	norm
SRR15171296	OXFORD_NANOPORE	4685728	4423678	4423678	-5.5925	-5.5925	norm
SRR15171297	OXFORD_NANOPORE	3732965	3594840	3594840	-3.7001	-3.7001	norm
SRR15171300	OXFORD_NANOPORE	4629452	4696349	4696349	1.4450	1.4450	norm
SRR15171302	OXFORD_NANOPORE	4007931	3985487	3985487	-0.5600	-0.5600	norm
SRR15171313	OXFORD_NANOPORE	6472384	6521868	6521868	0.7645	0.7645	norm
SRR15171318	OXFORD_NANOPORE	4206509	4365556	4365556	3.7810	3.7810	norm
SRR15171323	OXFORD_NANOPORE	4570799	4566806	4566806	-0.0874	-0.0874	norm
SRR15171326	OXFORD_NANOPORE	3809618	3816468	3816468	0.1798	0.1798	norm
SRR15173281	OXFORD_NANOPORE	4357928	4251310	4228006	-2.4465	-2.9813	norm
SRR15195250	PACBIO_SMRT	2311508	2416878	2275326	4.5585	-1.5653	pb_preset
SRR15212457	OXFORD_NANOPORE	4829815	5333352	5333352	10.4256	10.4256	norm
SRR15216001	OXFORD_NANOPORE	4739655	5526288	5526288	16.5968	16.5968	norm
SRR15244009	PACBIO_SMRT	4778271	6208574	5692427	29.9335	19.1315	pb_preset
SRR15283797	OXFORD_NANOPORE	5540606	6752077	6752077	21.8653	21.8653	norm
SRR15283805	OXFORD_NANOPORE	4932104	5291714	5274548	7.2912	6.9432	norm
SRR15291770	PACBIO_SMRT	4944441	5282650	5027766	6.8402	1.6852	pb_preset
SRR15291771	PACBIO_SMRT	4944083	5709016	5404575	15.4717	9.3140	pb_preset
SRR15310574	OXFORD_NANOPORE	6544928	6529535	6529535	-0.2352	-0.2352	norm
SRR15323158	OXFORD_NANOPORE	3566216	3999973	3999973	12.1629	12.1629	norm
SRR15342210	OXFORD_NANOPORE	5560418	5864422	5864422	5.4673	5.4673	norm
SRR15371362	OXFORD_NANOPORE	1439615	1572968	1572968	9.2631	9.2631	norm
SRR15372744	OXFORD_NANOPORE	6607534	6598123	6598123	-0.1424	-0.1424	norm
SRR15390434	PACBIO_SMRT	4791764	5132060	4742674	7.1017	-1.0245	pb_preset
SRR15390484	PACBIO_SMRT	5028051	5631414	4859359	11.9999	-3.3550	pb_preset
SRR15403666	OXFORD_NANOPORE	5171893	7254058	7254058	40.2592	40.2592	norm
SRR15428981	OXFORD_NANOPORE	3450610	3924416	3924416	13.7311	13.7311	norm
SRR15429008	OXFORD_NANOPORE	3390518	3824660	3824660	12.8046	12.8046	norm
SRR15460238	OXFORD_NANOPORE	4961663	4861663	4861663	-2.0155	-2.0155	norm
SRR15507454	OXFORD_NANOPORE	2253850	2362283	2363588	4.8110	4.8689	norm
SRR15521836	PACBIO_SMRT	5374479	10466614	8696130	94.7466	61.8041	pb_preset
SRR15521837	PACBIO_SMRT	6935738	11261577	9750509	62.3703	40.5836	pb_preset
SRR15521842	PACBIO_SMRT	6352228	11458319	9838912	80.3827	54.8892	pb_preset
SRR15521844	PACBIO_SMRT	6337561	11846063	10299989	86.9183	62.5229	pb_preset
SRR15521845	PACBIO_SMRT	5307048	10053747	8636963	89.4414	62.7451	pb_preset
SRR15530284	PACBIO_SMRT	6128315	11509618	8638936	87.8105	40.9676	pb_preset
SRR15540408	PACBIO_SMRT	5608872	31328442	21593188	458.5516	284.9827	pb_preset
SRR15540421	PACBIO_SMRT	5504345	20722658	15205997	276.4782	176.2544	pb_preset
SRR15560883	OXFORD_NANOPORE	4942431	6254731	6254731	26.5517	26.5517	norm
SRR15600651	PACBIO_SMRT	5620975	6661866	6016738	18.5180	7.0408	pb_preset
SRR15616890	PACBIO_SMRT	8841474	15694518	11714052	77.5102	32.4898	pb_preset
SRR15634573	OXFORD_NANOPORE	9346321	8803456	8803456	-5.8083	-5.8083	norm
SRR15647452	OXFORD_NANOPORE	6353853	5947578	5947578	-6.3942	-6.3942	norm
SRR15655205	OXFORD_NANOPORE	4541259	4358782	4358782	-4.0182	-4.0182	norm
SRR15665316	OXFORD_NANOPORE	6550644	6679058	6679058	1.9603	1.9603	norm
SRR15674629	OXFORD_NANOPORE	5582682	5844144	5844144	4.6834	4.6834	norm
SRR15674694	PACBIO_SMRT	2098200	2720023	2472662	29.6360	17.8468	pb_preset
SRR15683785	OXFORD_NANOPORE	6255857	6736902	6736902	7.6895	7.6895	norm
SRR15683928	PACBIO_SMRT	7749151	9468954	8795666	22.1934	13.5049	pb_preset
SRR15719825	OXFORD_NANOPORE	7751039	8130406	8130406	4.8944	4.8944	norm
SRR15838435	PACBIO_SMRT	3604761	6398155	5437357	77.4918	50.8382	pb_preset
SRR15860221	OXFORD_NANOPORE	5157963	5205695	5205695	0.9254	0.9254	norm
SRR15860459	OXFORD_NANOPORE	6146223	6291114	6291114	2.3574	2.3574	norm
SRR15860841	OXFORD_NANOPORE	2649260	2749106	2749106	3.7688	3.7688	norm
SRR15871657	PACBIO_SMRT	4630138	6185186	5528500	33.5853	19.4025	pb_preset
SRR15883739	OXFORD_NANOPORE	4635932	4730058	4730058	2.0304	2.0304	norm
SRR15901075	OXFORD_NANOPORE	3889382	4095598	4095598	5.3020	5.3020	norm
SRR15959708	PACBIO_SMRT	8262828	11312563	10260519	36.9091	24.1768	pb_preset
SRR15987647	OXFORD_NANOPORE	2447242	2651334	2705430	8.3397	10.5502	norm
SRR16004117	OXFORD_NANOPORE	1981319	2297082	2297082	15.9370	15.9370	norm
SRR16004119	OXFORD_NANOPORE	2074537	2412276	2437448	16.2802	17.4936	norm
SRR16004123	OXFORD_NANOPORE	1562350	2913294	2979307	86.4687	90.6940	norm
SRR16014001	OXFORD_NANOPORE	5511597	5930138	5930138	7.5938	7.5938	norm
SRR16014003	OXFORD_NANOPORE	6178487	6297456	6297456	1.9255	1.9255	norm
SRR16014011	OXFORD_NANOPORE	6008638	6322107	6322107	5.2170	5.2170	norm
SRR16014015	OXFORD_NANOPORE	7412165	7988554	7988554	7.7763	7.7763	norm
SRR16016662	PACBIO_SMRT	9696490	13572931	11043733	39.9778	13.8941	pb_preset
SRR16027114	OXFORD_NANOPORE	6596445	7212734	7212734	9.3427	9.3427	norm
SRR16038736	OXFORD_NANOPORE	4320404	4095074	4095074	-5.2155	-5.2155	norm
SRR16039382	OXFORD_NANOPORE	1858156	2126195	2126195	14.4250	14.4250	norm
SRR16069087	OXFORD_NANOPORE	5657623	5297056	5297056	-6.3731	-6.3731	norm
SRR16069089	OXFORD_NANOPORE	4958769	4879746	4879746	-1.5936	-1.5936	norm
SRR16074235	OXFORD_NANOPORE	5003442	4626694	4626694	-7.5298	-7.5298	norm
SRR16074239	OXFORD_NANOPORE	4796000	4577826	4577826	-4.5491	-4.5491	norm
SRR16074242	OXFORD_NANOPORE	4968036	4649692	4649692	-6.4078	-6.4078	norm
SRR16074245	OXFORD_NANOPORE	5022038	4805973	4805973	-4.3023	-4.3023	norm
SRR16074247	OXFORD_NANOPORE	5021930	4864798	4864798	-3.1289	-3.1289	norm
SRR16074251	OXFORD_NANOPORE	4994806	4700368	4700368	-5.8949	-5.8949	norm
SRR16074258	OXFORD_NANOPORE	4922671	5136274	5136274	4.3392	4.3392	norm
SRR16074264	OXFORD_NANOPORE	4762339	4635356	4635356	-2.6664	-2.6664	norm
SRR16074265	OXFORD_NANOPORE	4796539	4544248	4544248	-5.2599	-5.2599	norm
SRR16074268	OXFORD_NANOPORE	4638563	4671256	4671256	0.7048	0.7048	norm
SRR16074269	OXFORD_NANOPORE	5032027	4624741	4624741	-8.0939	-8.0939	norm
SRR16086228	OXFORD_NANOPORE	5048993	5311030	5311030	5.1899	5.1899	norm
SRR16089729	PACBIO_SMRT	2747362	3763576	3225964	36.9887	17.4204	pb_preset
SRR16089745	PACBIO_SMRT	2891282	3175690	2919906	9.8367	0.9900	pb_preset
SRR16089767	PACBIO_SMRT	2795270	4521468	3562568	61.7542	27.4499	pb_preset
SRR16089769	PACBIO_SMRT	2807142	3141671	2886619	11.9171	2.8312	pb_preset
SRR16089773	PACBIO_SMRT	2793634	3263432	2967957	16.8167	6.2400	pb_preset
SRR16089781	PACBIO_SMRT	2814864	3104466	2906576	10.2883	3.2581	pb_preset
SRR16089785	PACBIO_SMRT	2808924	3212936	2966087	14.3832	5.5951	pb_preset
SRR16089787	PACBIO_SMRT	2792354	3050130	2802172	9.2315	0.3516	pb_preset
SRR16089789	PACBIO_SMRT	2792354	3139505	2911206	12.4322	4.2563	pb_preset
SRR16089793	PACBIO_SMRT	2866983	3031813	2805112	5.7492	-2.1581	pb_preset
SRR16089794	PACBIO_SMRT	2866983	3376487	3074421	17.7714	7.2354	pb_preset
SRR16089807	PACBIO_SMRT	2800686	3107328	2853802	10.9488	1.8965	pb_preset
SRR16093181	PACBIO_SMRT	5234516	6231368	5840346	19.0438	11.5738	pb_preset
SRR16093182	PACBIO_SMRT	5234513	6201626	5799968	18.4757	10.8024	pb_preset
SRR16093183	PACBIO_SMRT	5234480	6258818	5829937	19.5690	11.3757	pb_preset
SRR16109997	OXFORD_NANOPORE	5129640	6077219	6077219	18.4726	18.4726	norm
SRR16109998	OXFORD_NANOPORE	4131315	4452450	4452450	7.7732	7.7732	norm
SRR16109999	OXFORD_NANOPORE	4132063	4363683	4363683	5.6054	5.6054	norm
SRR16110001	OXFORD_NANOPORE	1967290	2095042	2095042	6.4938	6.4938	norm
SRR16167635	OXFORD_NANOPORE	6068595	6376809	6376809	5.0788	5.0788	norm
SRR16167665	OXFORD_NANOPORE	5827158	5454419	5454419	-6.3966	-6.3966	norm
SRR16167670	OXFORD_NANOPORE	5674050	6273253	6273253	10.5604	10.5604	norm
SRR16167676	OXFORD_NANOPORE	5401030	7385647	7385647	36.7452	36.7452	norm
SRR16178825	PACBIO_SMRT	3919248	5172258	4750024	31.9707	21.1973	pb_preset
SRR16201921	OXFORD_NANOPORE	4844293	4538512	4538512	-6.3122	-6.3122	norm
SRR16249240	PACBIO_SMRT	6930499	11711921	9803128	68.9910	41.4491	pb_preset
SRR16249248	PACBIO_SMRT	5071999	6720461	6171732	32.5012	21.6824	pb_preset
SRR16249284	PACBIO_SMRT	3484743	4123867	3836020	18.3406	10.0804	pb_preset
SRR16249301	PACBIO_SMRT	4375351	5348222	5036443	22.2353	15.1095	pb_preset
SRR16249313	PACBIO_SMRT	2582814	3036986	2850365	17.5844	10.3589	pb_preset
SRR16249315	PACBIO_SMRT	2561893	3031039	2871362	18.3125	12.0797	pb_preset
SRR16249366	PACBIO_SMRT	2677377	3492556	3240033	30.4469	21.0152	pb_preset
SRR16249368	PACBIO_SMRT	2881836	4063526	3709202	41.0048	28.7097	pb_preset
SRR16251405	PACBIO_SMRT	4645928	5757076	5375257	23.9166	15.6982	pb_preset
SRR16251406	PACBIO_SMRT	1928240	2551148	2398093	32.3045	24.3669	pb_preset
SRR16251409	PACBIO_SMRT	1760933	2206114	2093853	25.2810	18.9059	pb_preset
SRR16251423	PACBIO_SMRT	5162579	6585205	6111652	27.5565	18.3837	pb_preset
SRR16251444	PACBIO_SMRT	4416959	5961363	5553170	34.9653	25.7238	pb_preset
SRR16259016	PACBIO_SMRT	1946727	2294435	2182928	17.8612	12.1332	pb_preset
SRR16259204	PACBIO_SMRT	6195642	7572768	7080921	22.2273	14.2887	pb_preset
SRR16259360	PACBIO_SMRT	1934868	2275286	2181359	17.5939	12.7394	pb_preset
SRR16259583	PACBIO_SMRT	1832872	2213286	2108241	20.7551	15.0239	pb_preset
SRR16259731	PACBIO_SMRT	2615469	3227190	3060082	23.3886	16.9994	pb_preset
SRR16263410	PACBIO_SMRT	5307108	6839339	6401784	28.8713	20.6266	pb_preset
SRR16263412	PACBIO_SMRT	1965420	2424469	2305173	23.3563	17.2865	pb_preset
SRR16263435	PACBIO_SMRT	3409142	3928520	3794673	15.2349	11.3087	pb_preset
SRR16277835	OXFORD_NANOPORE	3439340	4335232	4335232	26.0484	26.0484	norm
SRR16308509	PACBIO_SMRT	6811662	14720648	10340563	116.1095	51.8068	pb_preset
SRR16494726	PACBIO_SMRT	2533318	2973079	2804764	17.3591	10.7150	pb_preset
SRR16494727	PACBIO_SMRT	2534678	3100776	2930201	22.3341	15.6045	pb_preset
SRR16494730	PACBIO_SMRT	2532287	2922246	2754914	15.3995	8.7915	pb_preset
SRR16556289	OXFORD_NANOPORE	7695589	7851516	7851516	2.0262	2.0262	norm
SRR16591572	OXFORD_NANOPORE	7759404	7662298	7662298	-1.2515	-1.2515	norm
SRR16591807	OXFORD_NANOPORE	7840710	8034892	8034892	2.4766	2.4766	norm
SRR16608001	OXFORD_NANOPORE	4558291	4816519	4816519	5.6650	5.6650	norm
SRR16631313	PACBIO_SMRT	4966657	260413	632783	-94.7568	-87.2594	pb_preset
SRR16676985	PACBIO_SMRT	7720745	9289130	8247160	20.3139	6.8182	pb_preset
SRR16676988	PACBIO_SMRT	7796014	9625704	8411398	23.4696	7.8936	pb_preset
SRR16690171	OXFORD_NANOPORE	5492674	7301447	7301447	32.9306	32.9306	norm
SRR16767125	PACBIO_SMRT	4963479	304556	882453	-93.8641	-82.2211	pb_preset
SRR16805543	PACBIO_SMRT	9161304	10406976	9739893	13.5971	6.3156	pb_preset
SRR16893579	OXFORD_NANOPORE	2482394	2518368	2761882	1.4492	11.2588	norm
SRR16897915	OXFORD_NANOPORE	5562023	4142752	4147063	-25.5172	-25.4397	norm
SRR16917661	OXFORD_NANOPORE	2323337	2701534	2480311	16.2782	6.7564	norm
SRR16950002	PACBIO_SMRT	6219103	7671168	7013880	23.3485	12.7796	pb_preset
SRR16950003	PACBIO_SMRT	6130790	7462586	6840047	21.7231	11.5688	pb_preset
SRR16950004	PACBIO_SMRT	6788027	8380572	7462473	23.4611	9.9358	pb_preset
SRR16950006	PACBIO_SMRT	6448716	8278077	7013894	28.3678	8.7642	pb_preset
SRR16950007	PACBIO_SMRT	6774308	8440452	7545304	24.5950	11.3812	pb_preset
SRR16950008	PACBIO_SMRT	6855336	8836865	7714392	28.9049	12.5312	pb_preset
SRR16950009	PACBIO_SMRT	7123501	8887396	7389362	24.7616	3.7322	pb_preset
SRR16962373	PACBIO_SMRT	5827164	7251908	6600101	24.4500	13.2644	pb_preset
SRR16962374	PACBIO_SMRT	6494068	7966705	7174564	22.6766	10.4787	pb_preset
SRR16962375	PACBIO_SMRT	6468924	7560488	6979835	16.8740	7.8979	pb_preset
SRR16962376	PACBIO_SMRT	6413006	7824842	7135858	22.0152	11.2717	pb_preset
SRR16962377	PACBIO_SMRT	6550594	8167964	7362394	24.6904	12.3928	pb_preset
SRR16962378	PACBIO_SMRT	6784155	8644358	7705842	27.4198	13.5859	pb_preset
SRR16962380	PACBIO_SMRT	6046332	7563065	6855270	25.0852	13.3790	pb_preset
SRR16962382	PACBIO_SMRT	5714883	8998723	7509461	57.4612	31.4018	pb_preset
SRR16962383	PACBIO_SMRT	5931766	7898954	7102616	33.1636	19.7386	pb_preset
SRR16962385	PACBIO_SMRT	6591181	8342041	7526352	26.5637	14.1882	pb_preset
SRR16962387	PACBIO_SMRT	5727781	7456292	6750895	30.1777	17.8623	pb_preset
SRR16962389	PACBIO_SMRT	5578888	7532550	6452743	35.0188	15.6636	pb_preset
SRR16962390	PACBIO_SMRT	6414521	8041005	6906022	25.3563	7.6623	pb_preset
SRR16962391	PACBIO_SMRT	6753303	8844054	7774299	30.9589	15.1185	pb_preset
SRR16962393	PACBIO_SMRT	5665049	7333842	6299433	29.4577	11.1982	pb_preset
SRR16962394	PACBIO_SMRT	5858994	7179870	6344329	22.5444	8.2836	pb_preset
SRR16962395	PACBIO_SMRT	5917749	6758622	6201880	14.2093	4.8013	pb_preset
SRR16962396	PACBIO_SMRT	5935759	7263849	6598844	22.3744	11.1710	pb_preset
SRR16962397	PACBIO_SMRT	5975010	7125133	6540702	19.2489	9.4676	pb_preset
SRR16962400	PACBIO_SMRT	6493931	7667179	6916728	18.0668	6.5106	pb_preset
SRR16962406	PACBIO_SMRT	5874598	6941712	6311278	18.1649	7.4334	pb_preset
SRR16962407	PACBIO_SMRT	6472652	8186542	7365124	26.4789	13.7884	pb_preset
SRR16962408	PACBIO_SMRT	5897256	7461990	6515406	26.5333	10.4820	pb_preset
SRR16972384	PACBIO_SMRT	1853687	3044531	2674194	64.2419	44.2635	pb_preset
SRR16992657	OXFORD_NANOPORE	6946939	7745258	7745258	11.4917	11.4917	norm
SRR16992658	OXFORD_NANOPORE	6946939	7357932	7357932	5.9162	5.9162	norm
SRR16992659	OXFORD_NANOPORE	6946939	7629942	7629942	9.8317	9.8317	norm
SRR16992661	OXFORD_NANOPORE	6946939	7303707	7303707	5.1356	5.1356	norm
SRR16993324	OXFORD_NANOPORE	7256878	7974836	7974836	9.8935	9.8935	norm
SRR16993325	OXFORD_NANOPORE	7256878	7955804	7955804	9.6312	9.6312	norm
SRR17000714	PACBIO_SMRT	6984675	13075043	11554419	87.1962	65.4253	pb_preset
SRR17027004	OXFORD_NANOPORE	4544016	5521698	5521698	21.5158	21.5158	norm
SRR17027411	OXFORD_NANOPORE	5798677	7815728	7815728	34.7847	34.7847	norm
SRR17030008	OXFORD_NANOPORE	2663299	2946714	2946714	10.6415	10.6415	norm
SRR17030009	OXFORD_NANOPORE	2776930	2976258	2976258	7.1780	7.1780	norm
SRR17030010	OXFORD_NANOPORE	2973662	3612420	3612420	21.4805	21.4805	norm
SRR17030011	OXFORD_NANOPORE	3046846	4196312	4196312	37.7264	37.7264	norm
SRR17030678	OXFORD_NANOPORE	9529571	10009081	10009081	5.0318	5.0318	norm
SRR17041183	OXFORD_NANOPORE	2406631	2461387	2461387	2.2752	2.2752	norm
SRR17042237	OXFORD_NANOPORE	8149227	8862593	8862593	8.7538	8.7538	norm
SRR17042239	OXFORD_NANOPORE	8149227	8822740	8884401	8.2647	9.0214	norm
SRR17042240	OXFORD_NANOPORE	8149227	5677484	8691748	-30.3310	6.6573	norm
SRR17050026	OXFORD_NANOPORE	5469024	5296082	5296082	-3.1622	-3.1622	norm
SRR17102516	OXFORD_NANOPORE	4310313	6636543	6636543	53.9689	53.9689	norm
SRR17102517	OXFORD_NANOPORE	5872224	7069153	7069153	20.3829	20.3829	norm
SRR17115571	PACBIO_SMRT	1974909	2487144	2373928	25.9371	20.2044	pb_preset
SRR17117120	PACBIO_SMRT	2281730	2795896	2665389	22.5340	16.8144	pb_preset
SRR17117122	PACBIO_SMRT	2571801	3105024	2973415	20.7334	15.6161	pb_preset
SRR17117123	PACBIO_SMRT	2713235	3376120	3212675	24.4315	18.4075	pb_preset
SRR17117164	PACBIO_SMRT	2463627	2917402	2762932	18.4190	12.1490	pb_preset
SRR17117182	PACBIO_SMRT	1984762	2294543	2153374	15.6080	8.4953	pb_preset
SRR17118586	PACBIO_SMRT	4812066	5429646	5230492	12.8340	8.6954	pb_preset
SRR17118588	PACBIO_SMRT	3168227	3698645	3527019	16.7418	11.3247	pb_preset
SRR17119282	PACBIO_SMRT	5090549	6154936	5816422	20.9091	14.2592	pb_preset
SRR17122010	PACBIO_SMRT	5575661	6784572	6411208	21.6819	14.9856	pb_preset
SRR17124527	PACBIO_SMRT	6127734	7478470	7017900	22.0430	14.5268	pb_preset
SRR17124529	PACBIO_SMRT	6453872	8058445	7550500	24.8622	16.9918	pb_preset
SRR17124558	PACBIO_SMRT	6455194	7542905	7244210	16.8502	12.2230	pb_preset
SRR17126946	PACBIO_SMRT	2333188	2994849	2853470	28.3587	22.2992	pb_preset
SRR17126948	PACBIO_SMRT	2460750	3090996	2934026	25.6119	19.2330	pb_preset
SRR17133875	PACBIO_SMRT	4766157	5884752	5710526	23.4695	19.8141	pb_preset
SRR17188519	PACBIO_SMRT	4929712	526523	944904	-89.3194	-80.8325	pb_preset
SRR17234886	PACBIO_SMRT	4397821	17702168	10662396	302.5213	142.4472	pb_preset
SRR17234888	PACBIO_SMRT	4420979	16797022	10407967	279.9390	135.4222	pb_preset
SRR17234894	PACBIO_SMRT	4407304	18966648	11627266	330.3458	163.8181	pb_preset
SRR17234895	PACBIO_SMRT	4431508	25546350	13915180	476.4708	214.0055	pb_preset
SRR17234896	PACBIO_SMRT	4421169	20751004	11294832	369.3556	155.4716	pb_preset
SRR17234900	PACBIO_SMRT	4406184	17502420	9982866	297.2240	126.5649	pb_preset
SRR17234903	PACBIO_SMRT	4416715	22445430	12939771	408.1929	192.9727	pb_preset
SRR17284493	PACBIO_SMRT	4159450	7482585	6081852	79.8936	46.2177	pb_preset
SRR17284691	PACBIO_SMRT	4421981	7800159	6375658	76.3951	44.1810	pb_preset
SRR17327075	OXFORD_NANOPORE	4027360	4191156	4191156	4.0671	4.0671	norm
SRR17390676	PACBIO_SMRT	5261336	5714047	5205922	8.6045	-1.0532	pb_preset
SRR17479173	OXFORD_NANOPORE	2336109	1338160	1889802	-42.7184	-19.1047	norm
SRR17544102	OXFORD_NANOPORE	3314304	3440298	3440298	3.8015	3.8015	norm
SRR17562209	OXFORD_NANOPORE	5461127	6607519	6607519	20.9919	20.9919	norm
SRR17662746	OXFORD_NANOPORE	2947230	2874974	2874974	-2.4517	-2.4517	norm
SRR17662747	OXFORD_NANOPORE	2756141	2734804	2734804	-0.7742	-0.7742	norm
SRR17665523	PACBIO_SMRT	5478817	6057124	5903480	10.5553	7.7510	pb_preset
SRR17687077	OXFORD_NANOPORE	5644528	5522881	5519568	-2.1551	-2.2138	norm
SRR17687085	OXFORD_NANOPORE	5443802	5360384	5360384	-1.5323	-1.5323	norm
SRR17687496	OXFORD_NANOPORE	5714135	6038978	5809139	5.6849	1.6626	norm
SRR17689167	OXFORD_NANOPORE	2069241	2022578	2022578	-2.2551	-2.2551	norm
SRR17696101	OXFORD_NANOPORE	2297328	2427796	2427796	5.6791	5.6791	norm
SRR17709479	OXFORD_NANOPORE	10137108	9227071	9227071	-8.9773	-8.9773	norm
SRR17758649	OXFORD_NANOPORE	5116984	5694421	5694421	11.2847	11.2847	norm
SRR17772283	OXFORD_NANOPORE	5130570	5300936	5300936	3.3206	3.3206	norm
SRR17772285	OXFORD_NANOPORE	5369757	5547018	5547018	3.3011	3.3011	norm
SRR17772290	OXFORD_NANOPORE	5171503	5305217	5305217	2.5856	2.5856	norm
SRR17772291	OXFORD_NANOPORE	5025350	5150966	5150966	2.4996	2.4996	norm
SRR17772297	OXFORD_NANOPORE	5182539	5530769	5530769	6.7193	6.7193	norm
SRR17782760	PACBIO_SMRT	11474152	17252556	15380004	50.3602	34.0404	pb_preset
SRR17833884	OXFORD_NANOPORE	2521740	2839828	2941133	12.6138	16.6311	norm
SRR17837621	OXFORD_NANOPORE	1819909	2235139	2235139	22.8160	22.8160	norm
SRR17838411	OXFORD_NANOPORE	2557614	2901811	2901811	13.4577	13.4577	norm
SRR17841630	PACBIO_SMRT	3625784	4576198	4174014	26.2126	15.1203	pb_preset
SRR17842125	OXFORD_NANOPORE	4041483	3915892	3915892	-3.1075	-3.1075	norm
SRR17842140	OXFORD_NANOPORE	3937922	3801934	3801934	-3.4533	-3.4533	norm
SRR17842141	OXFORD_NANOPORE	4068658	3917496	3917496	-3.7153	-3.7153	norm
SRR17842142	OXFORD_NANOPORE	3913930	3807465	3807465	-2.7202	-2.7202	norm
SRR17842153	OXFORD_NANOPORE	3997993	4070593	4070593	1.8159	1.8159	norm
SRR17853485	PACBIO_SMRT	5478817	6057124	5903480	10.5553	7.7510	pb_preset
SRR17853486	OXFORD_NANOPORE	2624884	2970560	2970560	13.1692	13.1692	norm
SRR17858527	OXFORD_NANOPORE	4829077	4752793	4752793	-1.5797	-1.5797	norm
SRR17873538	PACBIO_SMRT	3126090	4698210	4179446	50.2903	33.6956	pb_preset
SRR17880880	OXFORD_NANOPORE	6009817	6065804	6088111	0.9316	1.3028	norm
SRR17883358	OXFORD_NANOPORE	2604089	3249604	2919382	24.7885	12.1076	norm
SRR17953824	OXFORD_NANOPORE	5109908	5831606	5831606	14.1235	14.1235	norm
SRR17970931	OXFORD_NANOPORE	6458275	7130962	7130962	10.4159	10.4159	norm
SRR18010266	PACBIO_SMRT	5892443	6420978	6026047	8.9697	2.2674	pb_preset
SRR18038245	OXFORD_NANOPORE	3968176	3873888	3873888	-2.3761	-2.3761	norm
SRR18042579	OXFORD_NANOPORE	2410448	5373908	5373908	122.9423	122.9423	norm
SRR18059838	OXFORD_NANOPORE	4086948	4673100	4673100	14.3420	14.3420	norm
SRR18070731	OXFORD_NANOPORE	6313959	5962858	5962858	-5.5607	-5.5607	norm
SRR18098685	OXFORD_NANOPORE	5149877	5048668	5048668	-1.9653	-1.9653	norm
SRR18120112	PACBIO_SMRT	4656683	6129060	5307153	31.6186	13.9685	pb_preset
SRR18121410	OXFORD_NANOPORE	4233040	4232884	4232884	-0.0037	-0.0037	norm
SRR18159241	OXFORD_NANOPORE	5213766	5183402	5195346	-0.5824	-0.3533	norm
SRR18206676	PACBIO_SMRT	4708077	7210005	6234630	53.1412	32.4241	pb_preset
SRR18206677	PACBIO_SMRT	4661643	7562234	6404584	62.2225	37.3890	pb_preset
SRR18212745	OXFORD_NANOPORE	6251522	6115848	6115848	-2.1703	-2.1703	norm
SRR18264653	OXFORD_NANOPORE	8601311	10158772	10158772	18.1073	18.1073	norm
SRR18274952	OXFORD_NANOPORE	3842332	4015972	4015972	4.5191	4.5191	norm
SRR18274953	OXFORD_NANOPORE	4021421	4220504	4220504	4.9506	4.9506	norm
SRR18274954	OXFORD_NANOPORE	4068881	4241290	4241290	4.2373	4.2373	norm
SRR18274955	OXFORD_NANOPORE	3664824	3822276	3822276	4.2963	4.2963	norm
SRR18274961	OXFORD_NANOPORE	3935981	3979290	3979290	1.1003	1.1003	norm
SRR18286440	OXFORD_NANOPORE	5534595	4182118	4182118	-24.4368	-24.4368	norm
SRR18292862	OXFORD_NANOPORE	4500898	4647594	4647594	3.2593	3.2593	norm
SRR18299176	PACBIO_SMRT	6349913	8039863	7584086	26.6138	19.4361	pb_preset
SRR18299177	PACBIO_SMRT	6664435	8330744	7850032	25.0030	17.7899	pb_preset
SRR18299183	PACBIO_SMRT	6720071	8544225	8011530	27.1449	19.2179	pb_preset
SRR18299185	PACBIO_SMRT	6892247	8791420	8337273	27.5552	20.9660	pb_preset
SRR18299186	PACBIO_SMRT	6511042	8431708	7918981	29.4986	21.6239	pb_preset
SRR18299189	PACBIO_SMRT	6974398	8899389	8342446	27.6008	19.6153	pb_preset
SRR18299192	PACBIO_SMRT	7009041	8901344	8370603	26.9980	19.4258	pb_preset
SRR18328645	OXFORD_NANOPORE	4957390	5990408	5990408	20.8379	20.8379	norm
SRR18331509	OXFORD_NANOPORE	3510837	3427366	3397013	-2.3775	-3.2421	norm
SRR18331510	OXFORD_NANOPORE	3294393	3375246	3375246	2.4543	2.4543	norm
SRR18331511	OXFORD_NANOPORE	3294048	3397455	3397455	3.1392	3.1392	norm
SRR18360446	OXFORD_NANOPORE	4151098	4123138	4123138	-0.6736	-0.6736	norm
SRR18371756	PACBIO_SMRT	1876737	2264756	2096870	20.6752	11.7296	pb_preset
SRR18425953	PACBIO_SMRT	5850727	6900116	6564640	17.9360	12.2021	pb_preset
SRR18439254	OXFORD_NANOPORE	5177823	5309243	5309243	2.5381	2.5381	norm
SRR18439256	OXFORD_NANOPORE	5484552	5622411	5622411	2.5136	2.5136	norm
SRR18476736	PACBIO_SMRT	6970036	12015038	9982884	72.3813	43.2257	pb_preset
SRR18500010	OXFORD_NANOPORE	4069304	4114596	4114596	1.1130	1.1130	norm
SRR18500014	OXFORD_NANOPORE	4005937	4008082	4008082	0.0535	0.0535	norm
SRR18500024	OXFORD_NANOPORE	4006979	3187510	3187510	-20.4510	-20.4510	norm
SRR18500025	OXFORD_NANOPORE	4166040	4249928	4249928	2.0136	2.0136	norm
SRR18500027	OXFORD_NANOPORE	4192037	4290698	4290698	2.3535	2.3535	norm
SRR18500031	OXFORD_NANOPORE	4113458	4116020	4087055	0.0623	-0.6419	norm
SRR18508951	OXFORD_NANOPORE	4395474	4730552	4730552	7.6233	7.6233	norm
SRR18513231	OXFORD_NANOPORE	7000089	6742652	6742652	-3.6776	-3.6776	norm
SRR18516215	OXFORD_NANOPORE	4903744	7485572	7485572	52.6501	52.6501	norm
SRR18516322	OXFORD_NANOPORE	4525667	3889596	3889596	-14.0547	-14.0547	norm
SRR18516661	OXFORD_NANOPORE	4850562	5738970	5738970	18.3156	18.3156	norm
SRR18554891	OXFORD_NANOPORE	2106259	2382298	2382298	13.1057	13.1057	norm
SRR18559473	OXFORD_NANOPORE	2409995	2444499	2472188	1.4317	2.5806	norm
SRR18560242	OXFORD_NANOPORE	2418866	2304203	2304203	-4.7404	-4.7404	norm
SRR18686633	OXFORD_NANOPORE	5568581	5585826	5601774	0.3097	0.5961	norm
SRR18740465	OXFORD_NANOPORE	2224507	2241432	2241432	0.7608	0.7608	norm
SRR18740467	OXFORD_NANOPORE	2223178	2228730	2228730	0.2497	0.2497	norm
SRR18777559	OXFORD_NANOPORE	5577330	4860842	4860842	-12.8464	-12.8464	norm
SRR18827659	OXFORD_NANOPORE	2088456	2026641	2026641	-2.9598	-2.9598	norm
SRR18884269	OXFORD_NANOPORE	973640	980155	1087266	0.6691	11.6702	norm
SRR18884270	OXFORD_NANOPORE	824084	926964	926964	12.4842	12.4842	norm
SRR18904150	PACBIO_SMRT	1848461	2074387	1977326	12.2224	6.9715	pb_preset
SRR18904155	PACBIO_SMRT	1873403	2035381	1917172	8.6462	2.3363	pb_preset
SRR18915762	OXFORD_NANOPORE	1949382	2261214	2261214	15.9965	15.9965	norm
SRR18918020	PACBIO_SMRT	3878974	9963451	6974212	156.8579	79.7953	pb_preset
SRR18959309	OXFORD_NANOPORE	5241545	6226724	6226724	18.7956	18.7956	norm
SRR18959311	OXFORD_NANOPORE	5241545	6608854	6608854	26.0860	26.0860	norm
SRR19049135	OXFORD_NANOPORE	2301561	2906510	2906510	26.2843	26.2843	norm
SRR19090479	OXFORD_NANOPORE	6668956	6193876	6193876	-7.1238	-7.1238	norm
SRR19119756	OXFORD_NANOPORE	5708010	7063998	7063998	23.7559	23.7559	norm
SRR19119757	OXFORD_NANOPORE	5586262	5937924	5937924	6.2951	6.2951	norm
SRR19119759	OXFORD_NANOPORE	5593754	5960776	5960776	6.5613	6.5613	norm
SRR19119760	OXFORD_NANOPORE	5414205	5465684	5465684	0.9508	0.9508	norm
SRR19119766	OXFORD_NANOPORE	2732108	2813040	2813040	2.9623	2.9623	norm
SRR19154492	OXFORD_NANOPORE	2064866	2571641	2571641	24.5428	24.5428	norm
SRR19154493	OXFORD_NANOPORE	2100841	2437717	2437717	16.0353	16.0353	norm
SRR19154494	OXFORD_NANOPORE	2175466	2691630	2691630	23.7266	23.7266	norm
SRR19156781	OXFORD_NANOPORE	2066285	2461619	2461619	19.1326	19.1326	norm
SRR19160253	PACBIO_SMRT	3197704	3671017	3436535	14.8017	7.4688	pb_preset
SRR19165762	OXFORD_NANOPORE	5087395	4993260	4993260	-1.8504	-1.8504	norm
SRR19165765	OXFORD_NANOPORE	5347110	5029870	5029870	-5.9329	-5.9329	norm
SRR19165766	OXFORD_NANOPORE	5106755	4958592	4958592	-2.9013	-2.9013	norm
SRR19165768	OXFORD_NANOPORE	4929699	4812670	4684316	-2.3740	-4.9776	norm
SRR19165774	OXFORD_NANOPORE	5337629	4731628	4731628	-11.3534	-11.3534	norm
SRR19165776	OXFORD_NANOPORE	6243900	5976007	5976007	-4.2905	-4.2905	norm
SRR19165786	OXFORD_NANOPORE	5494983	5455281	5246070	-0.7225	-4.5298	norm
SRR19165787	OXFORD_NANOPORE	5315023	5419485	5419485	1.9654	1.9654	norm
SRR19165789	OXFORD_NANOPORE	4918774	5011912	5011912	1.8935	1.8935	norm
SRR19165795	OXFORD_NANOPORE	5125971	4941473	5079260	-3.5993	-0.9113	norm
SRR19165797	OXFORD_NANOPORE	5010740	4985393	4985393	-0.5059	-0.5059	norm
SRR19165805	OXFORD_NANOPORE	5446111	5183666	5109541	-4.8189	-6.1800	norm
SRR19165806	OXFORD_NANOPORE	5618800	5330215	5330215	-5.1361	-5.1361	norm
SRR19165809	OXFORD_NANOPORE	4990445	4602450	4602450	-7.7748	-7.7748	norm
SRR19165811	OXFORD_NANOPORE	5534853	5420964	5219151	-2.0577	-5.7039	norm
SRR19165826	OXFORD_NANOPORE	6420321	6760302	6342782	5.2954	-1.2077	norm
SRR19169392	OXFORD_NANOPORE	2047560	2438814	2438814	19.1083	19.1083	norm
SRR19169393	OXFORD_NANOPORE	2137231	2613258	2613258	22.2731	22.2731	norm
SRR19169394	OXFORD_NANOPORE	2182071	2332779	2332779	6.9066	6.9066	norm
SRR19205248	PACBIO_SMRT	8435845	14441844	12876676	71.1962	52.6424	pb_preset
SRR19324999	OXFORD_NANOPORE	5376378	5209746	5209746	-3.0993	-3.0993	norm
SRR19325000	OXFORD_NANOPORE	4924737	4957333	4957333	0.6619	0.6619	norm
SRR19328590	OXFORD_NANOPORE	3336758	3423783	3423783	2.6081	2.6081	norm
SRR19328962	OXFORD_NANOPORE	5334056	4794941	4794941	-10.1070	-10.1070	norm
SRR19329821	OXFORD_NANOPORE	2470932	2385200	2381629	-3.4696	-3.6141	norm
SRR19331786	OXFORD_NANOPORE	2306919	2368382	2368382	2.6643	2.6643	norm
SRR19331789	OXFORD_NANOPORE	2314161	2352138	2352138	1.6411	1.6411	norm
SRR19349781	OXFORD_NANOPORE	6861391	7407939	7407939	7.9656	7.9656	norm
SRR19349782	OXFORD_NANOPORE	6917362	7352644	7352644	6.2926	6.2926	norm
SRR19349784	OXFORD_NANOPORE	6586589	7101612	7101612	7.8193	7.8193	norm
SRR19349785	OXFORD_NANOPORE	3641587	4129670	4129670	13.4030	13.4030	norm
SRR19349794	OXFORD_NANOPORE	3719682	4013082	4013082	7.8878	7.8878	norm
SRR19349796	OXFORD_NANOPORE	3949713	4142048	4142048	4.8696	4.8696	norm
SRR19349814	OXFORD_NANOPORE	7732132	8543441	8543441	10.4927	10.4927	norm
SRR19349815	OXFORD_NANOPORE	4516153	4670734	4670734	3.4228	3.4228	norm
SRR19349820	OXFORD_NANOPORE	4481708	4830344	4830344	7.7791	7.7791	norm
SRR19349821	OXFORD_NANOPORE	3981416	4024600	4024600	1.0846	1.0846	norm
SRR19349828	OXFORD_NANOPORE	7059162	8008876	8008876	13.4536	13.4536	norm
SRR19349832	OXFORD_NANOPORE	6974722	7508054	7508054	7.6466	7.6466	norm
SRR19349836	OXFORD_NANOPORE	7284553	7650098	7650098	5.0181	5.0181	norm
SRR19349841	OXFORD_NANOPORE	6566274	6987686	6987686	6.4178	6.4178	norm
SRR19349846	OXFORD_NANOPORE	6845873	7429672	7429672	8.5278	8.5278	norm
SRR19349849	OXFORD_NANOPORE	7235595	7688227	7688227	6.2556	6.2556	norm
SRR19349850	OXFORD_NANOPORE	7137336	7617136	7617136	6.7224	6.7224	norm
SRR19349851	OXFORD_NANOPORE	6788906	7156402	7156402	5.4132	5.4132	norm
SRR19357507	OXFORD_NANOPORE	6788906	6935020	6935020	2.1522	2.1522	norm
SRR19357509	OXFORD_NANOPORE	7137336	7361272	7361272	3.1375	3.1375	norm
SRR19357511	OXFORD_NANOPORE	7059162	7560708	7560708	7.1049	7.1049	norm
SRR19357515	OXFORD_NANOPORE	6586589	6719243	6719243	2.0140	2.0140	norm
SRR19357516	OXFORD_NANOPORE	6917362	7094502	7094502	2.5608	2.5608	norm
SRR19357517	OXFORD_NANOPORE	6861391	7119516	7119516	3.7620	3.7620	norm
SRR19357518	OXFORD_NANOPORE	7235595	7418100	7418100	2.5223	2.5223	norm
SRR19357522	OXFORD_NANOPORE	6845873	7264429	7264429	6.1140	6.1140	norm
SRR19357527	OXFORD_NANOPORE	6566274	6684847	6684847	1.8058	1.8058	norm
SRR19357532	OXFORD_NANOPORE	7284553	7330534	7330534	0.6312	0.6312	norm
SRR19357536	OXFORD_NANOPORE	6974722	7170984	7170984	2.8139	2.8139	norm
SRR19357547	OXFORD_NANOPORE	3981416	3872476	3872476	-2.7362	-2.7362	norm
SRR19357548	OXFORD_NANOPORE	4481708	4653008	4653008	3.8222	3.8222	norm
SRR19357553	OXFORD_NANOPORE	4516153	4461438	4461438	-1.2115	-1.2115	norm
SRR19357554	OXFORD_NANOPORE	7732132	8132053	8132053	5.1722	5.1722	norm
SRR19357572	OXFORD_NANOPORE	3949713	3994764	3994764	1.1406	1.1406	norm
SRR19357573	OXFORD_NANOPORE	3719682	3900970	3900970	4.8737	4.8737	norm
SRR19357574	OXFORD_NANOPORE	3641587	3880648	3880648	6.5647	6.5647	norm
SRR19369650	OXFORD_NANOPORE	4546452	4619562	4619562	1.6081	1.6081	norm
SRR19409820	OXFORD_NANOPORE	4130445	4955397	4955397	19.9725	19.9725	norm
SRR19433003	OXFORD_NANOPORE	2873962	2743213	2743213	-4.5494	-4.5494	norm
SRR19445089	OXFORD_NANOPORE	6877688	7456661	7456661	8.4181	8.4181	norm
SRR19519852	PACBIO_SMRT	2682232	2950460	2902448	10.0002	8.2102	pb_preset
SRR19519855	PACBIO_SMRT	2722604	3111846	3053270	14.2967	12.1452	pb_preset
SRR19519856	PACBIO_SMRT	2568159	2937739	2793839	14.3909	8.7876	pb_preset
SRR19519859	PACBIO_SMRT	2560239	2874101	2809094	12.2591	9.7200	pb_preset
SRR19519874	PACBIO_SMRT	2854929	3289729	3204844	15.2298	12.2565	pb_preset
SRR19519875	PACBIO_SMRT	2855157	3260342	3185088	14.1913	11.5556	pb_preset
SRR19519886	PACBIO_SMRT	2815114	3056968	2954908	8.5913	4.9658	pb_preset
SRR19519887	PACBIO_SMRT	2714075	3116600	3047224	14.8310	12.2749	pb_preset
SRR19519889	PACBIO_SMRT	2818719	3143625	3074215	11.5267	9.0643	pb_preset
SRR19519893	PACBIO_SMRT	2751027	3051649	2989722	10.9276	8.6766	pb_preset
SRR19519894	PACBIO_SMRT	2682239	3142127	3073749	17.1457	14.5964	pb_preset
SRR19519903	PACBIO_SMRT	2552216	2862465	2712848	12.1561	6.2938	pb_preset
SRR19519904	PACBIO_SMRT	2664378	3020377	2959422	13.3614	11.0737	pb_preset
SRR19519905	PACBIO_SMRT	2789553	3107230	3017510	11.3881	8.1718	pb_preset
SRR19519906	PACBIO_SMRT	2639354	3055560	2983330	15.7692	13.0326	pb_preset
SRR19519907	PACBIO_SMRT	2700284	2975864	2904651	10.2056	7.5684	pb_preset
SRR19519908	PACBIO_SMRT	2793276	3107118	3020048	11.2356	8.1185	pb_preset
SRR19519909	PACBIO_SMRT	2616750	2983468	2839127	14.0143	8.4982	pb_preset
SRR19519924	PACBIO_SMRT	2768007	3077832	3019458	11.1931	9.0842	pb_preset
SRR19519925	PACBIO_SMRT	2828586	3123778	3049088	10.4360	7.7955	pb_preset
SRR19519933	PACBIO_SMRT	2706864	3027009	2958630	11.8272	9.3010	pb_preset
SRR19519935	PACBIO_SMRT	2432232	2782736	2725176	14.4108	12.0442	pb_preset
SRR19519936	PACBIO_SMRT	2481135	2741070	2680260	10.4765	8.0256	pb_preset
SRR19519939	PACBIO_SMRT	2462679	2754216	2711431	11.8382	10.1009	pb_preset
SRR19519940	PACBIO_SMRT	2488720	2770445	2722221	11.3201	9.3824	pb_preset
SRR19523863	OXFORD_NANOPORE	2522850	2865315	2865315	13.5745	13.5745	norm
SRR19570818	PACBIO_SMRT	6383989	7123328	6592386	11.5811	3.2644	pb_preset
SRR19572345	PACBIO_SMRT	3390424	4045953	3934834	19.3347	16.0573	pb_preset
SRR19573022	OXFORD_NANOPORE	4799068	4761044	4761044	-0.7923	-0.7923	norm
SRR19612266	OXFORD_NANOPORE	2062839	2019319	2014992	-2.1097	-2.3195	norm
SRR19612275	OXFORD_NANOPORE	2822320	2961872	2961078	4.9446	4.9165	norm
SRR19612277	OXFORD_NANOPORE	2776930	2790212	2790212	0.4783	0.4783	norm
SRR19612278	OXFORD_NANOPORE	2715550	2749580	2749580	1.2532	1.2532	norm
SRR19612280	OXFORD_NANOPORE	2963571	3199976	3199976	7.9770	7.9770	norm
SRR19612282	OXFORD_NANOPORE	2975607	2977798	2977079	0.0736	0.0495	norm
SRR19612284	OXFORD_NANOPORE	2825432	2888154	2894720	2.2199	2.4523	norm
SRR19612287	OXFORD_NANOPORE	2858420	3020847	3022554	5.6824	5.7421	norm
SRR19612289	OXFORD_NANOPORE	2798038	2904334	2918122	3.7989	4.2917	norm
SRR19646378	PACBIO_SMRT	5969148	5748673	5824842	-3.6936	-2.4175	pb_preset
SRR19646389	PACBIO_SMRT	5915411	5674398	5761998	-4.0743	-2.5934	pb_preset
SRR19646390	PACBIO_SMRT	5918345	5744351	5801754	-2.9399	-1.9700	pb_preset
SRR19646391	PACBIO_SMRT	5986784	5762413	5831928	-3.7478	-2.5866	pb_preset
SRR19646392	PACBIO_SMRT	5988833	5715036	5788623	-4.5718	-3.3431	pb_preset
SRR19646394	PACBIO_SMRT	6005098	5853343	5906720	-2.5271	-1.6382	pb_preset
SRR19646395	PACBIO_SMRT	9120800	8441906	8575355	-7.4434	-5.9802	pb_preset
SRR19646396	PACBIO_SMRT	9122278	8459458	8556824	-7.2659	-6.1986	pb_preset
SRR19725955	OXFORD_NANOPORE	3056428	3218872	3218872	5.3148	5.3148	norm
SRR19761443	OXFORD_NANOPORE	5141614	5266474	5266474	2.4284	2.4284	norm
SRR19761445	OXFORD_NANOPORE	5497959	5672201	5672201	3.1692	3.1692	norm
SRR19807560	PACBIO_SMRT	4450115	10811248	7490017	142.9431	68.3106	pb_preset
SRR19816770	OXFORD_NANOPORE	3669960	3653927	3690943	-0.4369	0.5718	norm
SRR19816785	OXFORD_NANOPORE	6909549	7254590	7254590	4.9937	4.9937	norm
SRR19816788	OXFORD_NANOPORE	6055669	6333931	6333931	4.5951	4.5951	norm
SRR19816789	OXFORD_NANOPORE	7405831	7552980	7552980	1.9869	1.9869	norm
SRR19816796	OXFORD_NANOPORE	7514708	7807000	7807000	3.8896	3.8896	norm
SRR19816800	OXFORD_NANOPORE	7494256	7806514	7806514	4.1666	4.1666	norm
SRR19816801	OXFORD_NANOPORE	7279817	7528416	7528416	3.4149	3.4149	norm
SRR19816803	OXFORD_NANOPORE	3814036	4032152	4059453	5.7188	6.4346	norm
SRR19816809	OXFORD_NANOPORE	6671596	6724898	6724898	0.7989	0.7989	norm
SRR19816813	OXFORD_NANOPORE	4131944	4181904	4181904	1.2091	1.2091	norm
SRR19816818	OXFORD_NANOPORE	5219956	5677050	5677050	8.7567	8.7567	norm
SRR19816822	OXFORD_NANOPORE	7008155	7413422	7413422	5.7828	5.7828	norm
SRR19816828	OXFORD_NANOPORE	7190617	7604840	7604840	5.7606	5.7606	norm
SRR19816837	OXFORD_NANOPORE	7001614	7149318	7149318	2.1096	2.1096	norm
SRR19816838	OXFORD_NANOPORE	6761576	6942806	6942806	2.6803	2.6803	norm
SRR19816839	OXFORD_NANOPORE	6839915	7388706	7388706	8.0234	8.0234	norm
SRR19816842	OXFORD_NANOPORE	5810370	5316926	5316926	-8.4925	-8.4925	norm
SRR19816847	OXFORD_NANOPORE	3815734	3813936	3813936	-0.0471	-0.0471	norm
SRR19820501	OXFORD_NANOPORE	6979603	7457504	7457504	6.8471	6.8471	norm
SRR19820502	OXFORD_NANOPORE	7714111	8036846	8036846	4.1837	4.1837	norm
SRR19820504	OXFORD_NANOPORE	6913689	6976942	6976942	0.9149	0.9149	norm
SRR19820506	OXFORD_NANOPORE	6859859	7039354	7039354	2.6166	2.6166	norm
SRR19820513	OXFORD_NANOPORE	3885383	3658400	3658400	-5.8420	-5.8420	norm
SRR19820519	OXFORD_NANOPORE	7543334	7881263	7881263	4.4798	4.4798	norm
SRR19820520	OXFORD_NANOPORE	6804354	7048280	7048280	3.5849	3.5849	norm
SRR19820522	OXFORD_NANOPORE	6893391	7115092	7115092	3.2161	3.2161	norm
SRR19820523	OXFORD_NANOPORE	6765542	7163604	7163604	5.8837	5.8837	norm
SRR19820526	OXFORD_NANOPORE	6873755	7018826	7018826	2.1105	2.1105	norm
SRR19820527	OXFORD_NANOPORE	6965501	7146655	7146655	2.6007	2.6007	norm
SRR19820532	OXFORD_NANOPORE	6994851	7151702	7151702	2.2424	2.2424	norm
SRR19820535	OXFORD_NANOPORE	3989418	4091823	4091823	2.5669	2.5669	norm
SRR19820537	OXFORD_NANOPORE	3879077	3876470	3876470	-0.0672	-0.0672	norm
SRR19820538	OXFORD_NANOPORE	4088156	3849540	3849540	-5.8368	-5.8368	norm
SRR19820541	OXFORD_NANOPORE	4012673	3710330	3710330	-7.5347	-7.5347	norm
SRR19820546	OXFORD_NANOPORE	5094979	4891007	4891007	-4.0034	-4.0034	norm
SRR19820549	OXFORD_NANOPORE	3631029	3597130	3747152	-0.9336	3.1981	norm
SRR19820555	OXFORD_NANOPORE	3715020	3920475	3920475	5.5304	5.5304	norm
SRR19820556	OXFORD_NANOPORE	3833489	4106523	4106523	7.1223	7.1223	norm
SRR19820561	OXFORD_NANOPORE	3746132	3958900	3958900	5.6797	5.6797	norm
SRR19820563	OXFORD_NANOPORE	3841910	3967209	3967209	3.2614	3.2614	norm
SRR19820564	OXFORD_NANOPORE	7021979	7462435	7462435	6.2725	6.2725	norm
SRR19820565	OXFORD_NANOPORE	6783894	6818822	6818822	0.5149	0.5149	norm
SRR19820566	OXFORD_NANOPORE	4146080	4140062	4140062	-0.1451	-0.1451	norm
SRR19820570	OXFORD_NANOPORE	7717252	7781095	7781095	0.8273	0.8273	norm
SRR19820582	OXFORD_NANOPORE	7735646	7899720	7899720	2.1210	2.1210	norm
SRR19820596	OXFORD_NANOPORE	4533577	4610854	4610854	1.7045	1.7045	norm
SRR19820602	OXFORD_NANOPORE	7331725	7349534	7349534	0.2429	0.2429	norm
SRR19820604	OXFORD_NANOPORE	3694522	3933300	3933300	6.4630	6.4630	norm
SRR19820605	OXFORD_NANOPORE	2221298	2296296	2296296	3.3763	3.3763	norm
SRR19820607	OXFORD_NANOPORE	3778380	3744206	3744206	-0.9045	-0.9045	norm
SRR19820608	OXFORD_NANOPORE	3837677	4031824	4031824	5.0590	5.0590	norm
SRR19820613	OXFORD_NANOPORE	3670487	4057288	4057288	10.5381	10.5381	norm
SRR19820616	OXFORD_NANOPORE	7145828	7156518	7156518	0.1496	0.1496	norm
SRR19820620	OXFORD_NANOPORE	3729481	3742184	3742184	0.3406	0.3406	norm
SRR19820621	OXFORD_NANOPORE	3766524	3763433	3763433	-0.0821	-0.0821	norm
SRR19820622	OXFORD_NANOPORE	3949224	4065872	4065872	2.9537	2.9537	norm
SRR19820625	OXFORD_NANOPORE	3694909	3723712	3723712	0.7795	0.7795	norm
SRR19820634	OXFORD_NANOPORE	2796846	2922788	2922788	4.5030	4.5030	norm
SRR19820639	OXFORD_NANOPORE	2818391	2827027	2827027	0.3064	0.3064	norm
SRR19820641	OXFORD_NANOPORE	4716880	5127632	5127632	8.7081	8.7081	norm
SRR19820647	OXFORD_NANOPORE	7459600	8052078	8052078	7.9425	7.9425	norm
SRR19820649	OXFORD_NANOPORE	4042941	3802134	3802134	-5.9562	-5.9562	norm
SRR19820654	OXFORD_NANOPORE	4277638	4336820	4336820	1.3835	1.3835	norm
SRR19820658	OXFORD_NANOPORE	4032783	4482854	4482854	11.1603	11.1603	norm
SRR19820660	OXFORD_NANOPORE	5295870	4418850	4418850	-16.5605	-16.5605	norm
SRR19820668	OXFORD_NANOPORE	4059496	4178797	4178797	2.9388	2.9388	norm
SRR19820670	OXFORD_NANOPORE	7279089	7495306	7495306	2.9704	2.9704	norm
SRR19820674	OXFORD_NANOPORE	6935360	7165704	7165704	3.3213	3.3213	norm
SRR19820680	OXFORD_NANOPORE	6584427	7043242	7043242	6.9682	6.9682	norm
SRR19820686	OXFORD_NANOPORE	3733973	3912060	3912060	4.7694	4.7694	norm
SRR19820687	OXFORD_NANOPORE	3810398	4019846	4019846	5.4967	5.4967	norm
SRR19820692	OXFORD_NANOPORE	4128289	4162417	4162417	0.8267	0.8267	norm
SRR19820697	OXFORD_NANOPORE	3814701	3911151	3911151	2.5284	2.5284	norm
SRR19820698	OXFORD_NANOPORE	3956336	3874268	3874268	-2.0743	-2.0743	norm
SRR19820699	OXFORD_NANOPORE	3890372	3836988	3836988	-1.3722	-1.3722	norm
SRR19820704	OXFORD_NANOPORE	3983342	4008872	4008872	0.6409	0.6409	norm
SRR19820708	OXFORD_NANOPORE	3796011	3945230	3945230	3.9309	3.9309	norm
SRR19820710	OXFORD_NANOPORE	4153633	3979845	3979845	-4.1840	-4.1840	norm
SRR19820712	OXFORD_NANOPORE	3726907	4015738	4015738	7.7499	7.7499	norm
SRR19820714	OXFORD_NANOPORE	3779964	3875388	3875388	2.5245	2.5245	norm
SRR19820716	OXFORD_NANOPORE	7094360	7241336	7241336	2.0717	2.0717	norm
SRR19820717	OXFORD_NANOPORE	3742241	3906619	3906619	4.3925	4.3925	norm
SRR19820720	OXFORD_NANOPORE	3623182	3697820	3697820	2.0600	2.0600	norm
SRR19820722	OXFORD_NANOPORE	7284758	7364320	7364320	1.0922	1.0922	norm
SRR19820723	OXFORD_NANOPORE	7011582	7245278	7245278	3.3330	3.3330	norm
SRR19843264	OXFORD_NANOPORE	8346813	9021142	9021142	8.0789	8.0789	norm
SRR19843275	OXFORD_NANOPORE	6930927	7114092	7114092	2.6427	2.6427	norm
SRR19843276	OXFORD_NANOPORE	7005912	6961736	6961736	-0.6306	-0.6306	norm
SRR19843278	OXFORD_NANOPORE	3724142	3842126	3842126	3.1681	3.1681	norm
SRR19843287	OXFORD_NANOPORE	4136829	4031020	4116991	-2.5577	-0.4795	norm
SRR19843290	OXFORD_NANOPORE	7122394	7657896	7657896	7.5186	7.5186	norm
SRR19843305	OXFORD_NANOPORE	7194942	7647376	7647376	6.2882	6.2882	norm
SRR19843306	OXFORD_NANOPORE	3723291	3967072	3967072	6.5475	6.5475	norm
SRR19843307	OXFORD_NANOPORE	3764816	3865888	3865888	2.6846	2.6846	norm
SRR19843308	OXFORD_NANOPORE	3730071	3863333	3863333	3.5726	3.5726	norm
SRR19843309	OXFORD_NANOPORE	4095538	4261892	4261892	4.0618	4.0618	norm
SRR19843319	OXFORD_NANOPORE	3667190	3801728	3801728	3.6687	3.6687	norm
SRR19843321	OXFORD_NANOPORE	6708762	6968683	6968683	3.8744	3.8744	norm
SRR19843325	OXFORD_NANOPORE	3765831	3795011	3795011	0.7749	0.7749	norm
SRR19843327	OXFORD_NANOPORE	3727000	3704797	3704797	-0.5957	-0.5957	norm
SRR19843328	OXFORD_NANOPORE	3772600	3777736	3777736	0.1361	0.1361	norm
SRR19843335	OXFORD_NANOPORE	4329909	4474936	4474936	3.3494	3.3494	norm
SRR19843337	OXFORD_NANOPORE	6070648	6311754	6311754	3.9717	3.9717	norm
SRR19843338	OXFORD_NANOPORE	3701108	3891162	3891162	5.1351	5.1351	norm
SRR19843344	OXFORD_NANOPORE	5276023	5101279	5032549	-3.3120	-4.6147	norm
SRR19843346	OXFORD_NANOPORE	3725535	3915285	3915285	5.0932	5.0932	norm
SRR19843355	OXFORD_NANOPORE	6113266	6294700	6294700	2.9679	2.9679	norm
SRR19843357	OXFORD_NANOPORE	3346030	3439570	3439570	2.7956	2.7956	norm
SRR19843362	OXFORD_NANOPORE	7097857	7287666	7287666	2.6742	2.6742	norm
SRR19843368	OXFORD_NANOPORE	6914259	7076617	7076617	2.3482	2.3482	norm
SRR19843372	OXFORD_NANOPORE	5182658	5189914	5189914	0.1400	0.1400	norm
SRR19843374	OXFORD_NANOPORE	4560768	4814459	4814459	5.5625	5.5625	norm
SRR19843376	OXFORD_NANOPORE	7007881	7173298	7173298	2.3604	2.3604	norm
SRR19843378	OXFORD_NANOPORE	6907658	7369828	7369828	6.6907	6.6907	norm
SRR19843394	OXFORD_NANOPORE	7699912	8238630	8238630	6.9964	6.9964	norm
SRR19843399	OXFORD_NANOPORE	7559925	7777152	7777152	2.8734	2.8734	norm
SRR19843404	OXFORD_NANOPORE	3629869	3806798	3806798	4.8743	4.8743	norm
SRR19843405	OXFORD_NANOPORE	6948040	7184531	7184531	3.4037	3.4037	norm
SRR19843408	OXFORD_NANOPORE	3844909	3959846	3959846	2.9893	2.9893	norm
SRR19843428	OXFORD_NANOPORE	7079420	7509328	7509328	6.0726	6.0726	norm
SRR19880591	PACBIO_SMRT	3030719	3706494	3442088	22.2975	13.5733	pb_preset
SRR19905847	OXFORD_NANOPORE	2278965	1934824	1934824	-15.1008	-15.1008	norm
SRR19969260	OXFORD_NANOPORE	4855498	5272418	5272418	8.5866	8.5866	norm
SRR19974005	OXFORD_NANOPORE	3681770	3358474	3358474	-8.7810	-8.7810	norm
SRR19974024	OXFORD_NANOPORE	4927193	4612806	4612806	-6.3807	-6.3807	norm
SRR19975617	OXFORD_NANOPORE	4885065	5028066	5028066	2.9273	2.9273	norm
SRR19975622	OXFORD_NANOPORE	4809461	4845771	4845771	0.7550	0.7550	norm
SRR19977213	OXFORD_NANOPORE	5335673	4978270	4982470	-6.6984	-6.6197	norm
SRR19977218	OXFORD_NANOPORE	5465387	5178612	5178612	-5.2471	-5.2471	norm
SRR19977219	OXFORD_NANOPORE	5435457	5312698	5312698	-2.2585	-2.2585	norm
SRR19977224	OXFORD_NANOPORE	5238180	5875716	5875716	12.1709	12.1709	norm
SRR19977225	OXFORD_NANOPORE	5179758	4734778	4734778	-8.5907	-8.5907	norm
SRR20000763	OXFORD_NANOPORE	6742135	6503892	6503892	-3.5336	-3.5336	norm
SRR20001172	OXFORD_NANOPORE	7327117	7487264	7487264	2.1857	2.1857	norm
SRR20020692	OXFORD_NANOPORE	1629343	1684569	1684569	3.3895	3.3895	norm
SRR20046040	OXFORD_NANOPORE	3122888	3336718	3304109	6.8472	5.8030	norm
SRR20046042	OXFORD_NANOPORE	3123001	3487422	3487422	11.6689	11.6689	norm
SRR20076306	OXFORD_NANOPORE	1952277	1956728	1966132	0.2280	0.7097	norm
SRR20082805	OXFORD_NANOPORE	4417942	4818871	4818871	9.0750	9.0750	norm
SRR20082812	OXFORD_NANOPORE	4417942	4681661	4681661	5.9693	5.9693	norm
SRR20140463	OXFORD_NANOPORE	5292698	5043589	5043589	-4.7067	-4.7067	norm
SRR20140614	OXFORD_NANOPORE	3037137	3109609	3109609	2.3862	2.3862	norm
SRR20280882	PACBIO_SMRT	2501534	2971064	2766171	18.7697	10.5790	pb_preset
SRR20280883	PACBIO_SMRT	2419744	2978311	2744718	23.0837	13.4301	pb_preset
SRR20280884	PACBIO_SMRT	2755930	3309932	3061166	20.1022	11.0756	pb_preset
SRR20280886	PACBIO_SMRT	2420532	3363667	3039518	38.9640	25.5723	pb_preset
SRR20280887	PACBIO_SMRT	2679563	3209313	3076537	19.7700	14.8149	pb_preset
SRR20280888	PACBIO_SMRT	2749212	3268876	3111449	18.9023	13.1760	pb_preset
SRR20280891	PACBIO_SMRT	2205122	4306867	3134820	95.3120	42.1608	pb_preset
SRR20280894	PACBIO_SMRT	2492712	3090232	2853595	23.9707	14.4775	pb_preset
SRR20336622	OXFORD_NANOPORE	2389603	2443725	2443725	2.2649	2.2649	norm
SRR20336623	OXFORD_NANOPORE	2337040	2468884	2460408	5.6415	5.2788	norm
SRR20414474	OXFORD_NANOPORE	5228717	5498020	5498020	5.1505	5.1505	norm
SRR20461782	OXFORD_NANOPORE	8820026	12611570	12611570	42.9879	42.9879	norm
SRR20461783	OXFORD_NANOPORE	8820026	10365367	10365367	17.5208	17.5208	norm
SRR20632761	OXFORD_NANOPORE	8543434	8353862	8353862	-2.2189	-2.2189	norm
SRR20746747	PACBIO_SMRT	3303475	3811733	3672234	15.3856	11.1628	pb_preset
SRR20852345	OXFORD_NANOPORE	6267852	5820707	5820707	-7.1339	-7.1339	norm
SRR20852780	OXFORD_NANOPORE	10859970	9641256	9641256	-11.2221	-11.2221	norm
SRR20853546	OXFORD_NANOPORE	11540835	9396672	9396672	-18.5789	-18.5789	norm
SRR20907454	PACBIO_SMRT	5153871	9846842	7469256	91.0572	44.9252	pb_preset
SRR20950142	PACBIO_SMRT	4963702	6418160	5628620	29.3019	13.3956	pb_preset
SRR20980344	OXFORD_NANOPORE	4235444	5150824	5150824	21.6124	21.6124	norm
SRR20999547	OXFORD_NANOPORE	6398286	7182264	7182264	12.2529	12.2529	norm
SRR21026239	OXFORD_NANOPORE	6056872	5631185	5631185	-7.0282	-7.0282	norm
SRR21074465	OXFORD_NANOPORE	4095848	4111069	4111069	0.3716	0.3716	norm
SRR21079302	PACBIO_SMRT	2781669	3389182	3163542	21.8399	13.7282	pb_preset
SRR21079304	PACBIO_SMRT	6515978	8916095	8119962	36.8343	24.6162	pb_preset
SRR21131455	OXFORD_NANOPORE	2543277	2504950	2504950	-1.5070	-1.5070	norm
SRR21131463	OXFORD_NANOPORE	2636626	2601590	2601590	-1.3288	-1.3288	norm
SRR21131590	PACBIO_SMRT	2040580	2613799	2401181	28.0910	17.6715	pb_preset
SRR21133403	PACBIO_SMRT	4980142	6663734	6106044	33.8061	22.6078	pb_preset
SRR21133406	PACBIO_SMRT	6163560	7860260	7243410	27.5279	17.5199	pb_preset
SRR21133407	PACBIO_SMRT	3936223	4988024	4589830	26.7211	16.6049	pb_preset
SRR21133412	OXFORD_NANOPORE	5319859	5379118	5379118	1.1139	1.1139	norm
SRR21133413	OXFORD_NANOPORE	5623714	5736420	5736420	2.0041	2.0041	norm
SRR21133416	OXFORD_NANOPORE	6093551	6402924	6402924	5.0771	5.0771	norm
SRR21143302	OXFORD_NANOPORE	2638230	2558345	2558345	-3.0280	-3.0280	norm
SRR21166831	PACBIO_SMRT	2171060	2388677	2260822	10.0235	4.1345	pb_preset
SRR21197995	OXFORD_NANOPORE	10128441	10216636	10216636	0.8708	0.8708	norm
SRR21198992	OXFORD_NANOPORE	10115897	10340897	10340897	2.2242	2.2242	norm
SRR21224253	OXFORD_NANOPORE	1226577	1140743	1239612	-6.9978	1.0627	norm
SRR21276823	PACBIO_SMRT	1935434	2325130	2210702	20.1348	14.2225	pb_preset
SRR21285060	PACBIO_SMRT	4980142	6664145	6061242	33.8144	21.7082	pb_preset
SRR21285063	PACBIO_SMRT	6163560	7851905	7258130	27.3924	17.7587	pb_preset
SRR21285064	PACBIO_SMRT	3936223	4982200	4561739	26.5731	15.8913	pb_preset
SRR21292614	OXFORD_NANOPORE	8569708	9703486	9703486	13.2301	13.2301	norm
SRR21293168	OXFORD_NANOPORE	8564906	9958344	9958344	16.2692	16.2692	norm
SRR21294699	OXFORD_NANOPORE	8564906	9889766	9889766	15.4685	15.4685	norm
SRR21295027	OXFORD_NANOPORE	7826830	7815232	7815232	-0.1482	-0.1482	norm
SRR21295096	OXFORD_NANOPORE	7825008	8104278	8104278	3.5689	3.5689	norm
SRR21295163	PACBIO_SMRT	5535488	5331219	5387932	-3.6902	-2.6656	pb_preset
SRR21295172	OXFORD_NANOPORE	7826442	7963400	7963400	1.7499	1.7499	norm
SRR2132330	PACBIO_SMRT	4300706	6355750	5354734	47.7839	24.5083	pb_preset
SRR21362308	OXFORD_NANOPORE	3629232	3714055	3714055	2.3372	2.3372	norm
SRR21362310	OXFORD_NANOPORE	7287539	7325973	7325973	0.5274	0.5274	norm
SRR21362311	OXFORD_NANOPORE	6542498	6602482	6602482	0.9168	0.9168	norm
SRR21362313	OXFORD_NANOPORE	4908118	4954068	4954068	0.9362	0.9362	norm
SRR21362323	OXFORD_NANOPORE	7664057	7729216	7729216	0.8502	0.8502	norm
SRR21362339	OXFORD_NANOPORE	4302534	4462812	4462812	3.7252	3.7252	norm
SRR21362340	OXFORD_NANOPORE	4212748	4402370	4402370	4.5011	4.5011	norm
SRR21362341	OXFORD_NANOPORE	7769164	7796478	7796478	0.3516	0.3516	norm
SRR21362347	OXFORD_NANOPORE	4118798	4324873	4324873	5.0033	5.0033	norm
SRR21362360	OXFORD_NANOPORE	6840164	6931960	6931960	1.3420	1.3420	norm
SRR21362364	OXFORD_NANOPORE	7692657	7804633	7804633	1.4556	1.4556	norm
SRR21362367	OXFORD_NANOPORE	4216310	4430414	4430414	5.0780	5.0780	norm
SRR21362373	OXFORD_NANOPORE	2211521	2118960	2118960	-4.1854	-4.1854	norm
SRR21362377	OXFORD_NANOPORE	4569407	4536038	4536038	-0.7303	-0.7303	norm
SRR21362382	OXFORD_NANOPORE	3627654	3792577	3792577	4.5463	4.5463	norm
SRR21362399	OXFORD_NANOPORE	4347479	4527360	4527360	4.1376	4.1376	norm
SRR21362400	OXFORD_NANOPORE	7427485	7840738	7840738	5.5638	5.5638	norm
SRR21362401	OXFORD_NANOPORE	6782226	7106643	7106643	4.7833	4.7833	norm
SRR21362415	OXFORD_NANOPORE	7403249	8013437	8013437	8.2422	8.2422	norm
SRR21362419	OXFORD_NANOPORE	7553454	7591895	7591895	0.5089	0.5089	norm
SRR21362423	OXFORD_NANOPORE	5828524	5335083	5360890	-8.4660	-8.0232	norm
SRR21415537	OXFORD_NANOPORE	4012673	3940202	3940202	-1.8061	-1.8061	norm
SRR21415541	OXFORD_NANOPORE	7692657	8183944	8183944	6.3864	6.3864	norm
SRR21415542	OXFORD_NANOPORE	5094979	5174574	5174574	1.5622	1.5622	norm
SRR21415548	OXFORD_NANOPORE	3669960	3877558	3877558	5.6567	5.6567	norm
SRR21415549	OXFORD_NANOPORE	3631029	3811232	3811232	4.9629	4.9629	norm
SRR21415563	OXFORD_NANOPORE	4302534	4613239	4613239	7.2214	7.2214	norm
SRR21415564	OXFORD_NANOPORE	6708762	7125637	7125637	6.2139	6.2139	norm
SRR21415565	OXFORD_NANOPORE	4212748	4562198	4562198	8.2951	8.2951	norm
SRR21415572	OXFORD_NANOPORE	5810370	5683138	5683138	-2.1897	-2.1897	norm
SRR21415577	OXFORD_NANOPORE	3815734	4072582	4072582	6.7313	6.7313	norm
SRR21415580	OXFORD_NANOPORE	4118798	4509652	4509652	9.4895	9.4895	norm
SRR21415591	OXFORD_NANOPORE	7559925	8006718	8006718	5.9100	5.9100	norm
SRR21415598	OXFORD_NANOPORE	3629869	3889089	3889089	7.1413	7.1413	norm
SRR21415602	OXFORD_NANOPORE	3844909	4063324	4063324	5.6806	5.6806	norm
SRR21415612	OXFORD_NANOPORE	3890372	4088511	4088511	5.0931	5.0931	norm
SRR21415616	OXFORD_NANOPORE	4153633	4223629	4223629	1.6852	1.6852	norm
SRR21415622	OXFORD_NANOPORE	4347479	4707776	4707776	8.2875	8.2875	norm
SRR21415625	OXFORD_NANOPORE	6873755	7424356	7424356	8.0102	8.0102	norm
SRR21415627	OXFORD_NANOPORE	6965501	7501562	7501562	7.6959	7.6959	norm
SRR21415632	OXFORD_NANOPORE	6994851	7502539	7502539	7.2580	7.2580	norm
SRR21415633	OXFORD_NANOPORE	7021979	7874945	7874945	12.1471	12.1471	norm
SRR21415634	OXFORD_NANOPORE	6783894	6996863	6996863	3.1393	3.1393	norm
SRR21415635	OXFORD_NANOPORE	4146080	4388997	4388997	5.8590	5.8590	norm
SRR21415666	OXFORD_NANOPORE	4533577	4917800	4917800	8.4751	8.4751	norm
SRR21415673	OXFORD_NANOPORE	7331725	7859410	7859410	7.1973	7.1973	norm
SRR21415674	OXFORD_NANOPORE	3629232	3881151	3881151	6.9414	6.9414	norm
SRR21415680	OXFORD_NANOPORE	7403249	8450483	8450483	14.1456	14.1456	norm
SRR21415681	OXFORD_NANOPORE	7459600	8254704	8254704	10.6588	10.6588	norm
SRR21415683	OXFORD_NANOPORE	4042941	3933127	3933127	-2.7162	-2.7162	norm
SRR21415690	OXFORD_NANOPORE	4277638	4586630	4586630	7.2234	7.2234	norm
SRR21415693	OXFORD_NANOPORE	4032783	4846414	4846414	20.1754	20.1754	norm
SRR21415696	OXFORD_NANOPORE	7005912	7071190	7071190	0.9318	0.9318	norm
SRR21415697	OXFORD_NANOPORE	3733973	4024896	4024896	7.7912	7.7912	norm
SRR21415698	OXFORD_NANOPORE	3810398	4327214	4327214	13.5633	13.5633	norm
SRR21415702	OXFORD_NANOPORE	4128289	4378165	4378165	6.0528	6.0528	norm
SRR21415709	OXFORD_NANOPORE	3814701	4028528	4028528	5.6053	5.6053	norm
SRR21415710	OXFORD_NANOPORE	3956336	3956922	3956922	0.0148	0.0148	norm
SRR21415715	OXFORD_NANOPORE	3983342	4244718	4244718	6.5617	6.5617	norm
SRR21415721	OXFORD_NANOPORE	3796011	4070632	4070632	7.2345	7.2345	norm
SRR21415725	OXFORD_NANOPORE	3726907	4206174	4206174	12.8596	12.8596	norm
SRR21415729	OXFORD_NANOPORE	3779964	3983390	3983390	5.3817	5.3817	norm
SRR21415737	OXFORD_NANOPORE	6671596	6994902	6994902	4.8460	4.8460	norm
SRR21415741	OXFORD_NANOPORE	6979603	7914937	7914937	13.4010	13.4010	norm
SRR21415743	OXFORD_NANOPORE	7714111	8224872	8224872	6.6211	6.6211	norm
SRR21415746	OXFORD_NANOPORE	6913689	7289446	7289446	5.4350	5.4350	norm
SRR21415751	OXFORD_NANOPORE	7287539	7456490	7456490	2.3184	2.3184	norm
SRR21415752	OXFORD_NANOPORE	6542498	6728772	6728772	2.8471	2.8471	norm
SRR21415754	OXFORD_NANOPORE	5219956	6132532	6132532	17.4824	17.4824	norm
SRR21415758	OXFORD_NANOPORE	7008155	7808298	7808298	11.4173	11.4173	norm
SRR21415763	OXFORD_NANOPORE	6859859	7461446	7461446	8.7697	8.7697	norm
SRR21415765	OXFORD_NANOPORE	4908118	5136812	5136812	4.6595	4.6595	norm
SRR21415769	OXFORD_NANOPORE	7190617	7580026	7580026	5.4155	5.4155	norm
SRR21415773	OXFORD_NANOPORE	7717252	8081164	8081164	4.7156	4.7156	norm
SRR21415780	OXFORD_NANOPORE	7001614	7378278	7378278	5.3797	5.3797	norm
SRR21415781	OXFORD_NANOPORE	6761576	7150395	7150395	5.7504	5.7504	norm
SRR21415782	OXFORD_NANOPORE	6839915	7383223	7383223	7.9432	7.9432	norm
SRR21415791	OXFORD_NANOPORE	7664057	8147393	8147393	6.3065	6.3065	norm
SRR21415792	OXFORD_NANOPORE	7735646	8094193	8094193	4.6350	4.6350	norm
SRR21415807	OXFORD_NANOPORE	3627654	4011464	4011464	10.5801	10.5801	norm
SRR21415813	OXFORD_NANOPORE	7769164	8200046	8200046	5.5461	5.5461	norm
SRR21415816	OXFORD_NANOPORE	4131944	4359392	4359392	5.5046	5.5046	norm
SRR21415831	OXFORD_NANOPORE	3667190	3985501	3985501	8.6800	8.6800	norm
SRR21415836	OXFORD_NANOPORE	7079420	7718654	7718654	9.0295	9.0295	norm
SRR21415838	OXFORD_NANOPORE	3765831	4008661	4008661	6.4482	6.4482	norm
SRR21415840	OXFORD_NANOPORE	3727000	3907330	3907330	4.8385	4.8385	norm
SRR21415841	OXFORD_NANOPORE	3772600	3945690	3945690	4.5881	4.5881	norm
SRR21415851	OXFORD_NANOPORE	4329909	4640738	4640738	7.1786	7.1786	norm
SRR21415854	OXFORD_NANOPORE	6070648	6588882	6588882	8.5367	8.5367	norm
SRR21415855	OXFORD_NANOPORE	3701108	4098506	4098506	10.7373	10.7373	norm
SRR21415858	OXFORD_NANOPORE	7699912	8516534	8516534	10.6056	10.6056	norm
SRR21415863	OXFORD_NANOPORE	5276023	5338550	5338550	1.1851	1.1851	norm
SRR21415866	OXFORD_NANOPORE	3725535	4185635	4185635	12.3499	12.3499	norm
SRR21415869	OXFORD_NANOPORE	6948040	7365477	7365477	6.0080	6.0080	norm
SRR21415882	OXFORD_NANOPORE	7427485	7929334	7929334	6.7566	6.7566	norm
SRR21415883	OXFORD_NANOPORE	2221298	2452603	2452603	10.4131	10.4131	norm
SRR21415884	OXFORD_NANOPORE	6782226	7352911	7352911	8.4144	8.4144	norm
SRR21415888	OXFORD_NANOPORE	5182658	5321566	5321566	2.6802	2.6802	norm
SRR21415892	OXFORD_NANOPORE	7145828	7396846	7396846	3.5128	3.5128	norm
SRR21415895	OXFORD_NANOPORE	7194942	7927592	7927592	10.1828	10.1828	norm
SRR21415896	OXFORD_NANOPORE	3723291	4017608	4017608	7.9048	7.9048	norm
SRR21415897	OXFORD_NANOPORE	3764816	4038680	4038680	7.2743	7.2743	norm
SRR21415898	OXFORD_NANOPORE	3730071	3956084	3956084	6.0592	6.0592	norm
SRR21415899	OXFORD_NANOPORE	7284758	7794414	7794414	6.9962	6.9962	norm
SRR21415900	OXFORD_NANOPORE	4095538	4365804	4365804	6.5990	6.5990	norm
SRR21415906	OXFORD_NANOPORE	6113266	6404066	6404066	4.7569	4.7569	norm
SRR21415909	OXFORD_NANOPORE	3346030	3523970	3523970	5.3179	5.3179	norm
SRR21415914	OXFORD_NANOPORE	3715020	4161164	4161164	12.0092	12.0092	norm
SRR21415916	OXFORD_NANOPORE	3833489	4394628	4394628	14.6378	14.6378	norm
SRR21415919	OXFORD_NANOPORE	4216310	4832696	4832696	14.6191	14.6191	norm
SRR21415922	OXFORD_NANOPORE	3746132	4107291	4107291	9.6409	9.6409	norm
SRR21415924	OXFORD_NANOPORE	3841910	4099204	4099204	6.6970	6.6970	norm
SRR21415925	OXFORD_NANOPORE	3694522	4113061	4113061	11.3286	11.3286	norm
SRR21415926	OXFORD_NANOPORE	4136829	4267812	4267812	3.1663	3.1663	norm
SRR21415928	OXFORD_NANOPORE	3778380	3858760	3858760	2.1274	2.1274	norm
SRR21415929	OXFORD_NANOPORE	3837677	4269690	4269690	11.2571	11.2571	norm
SRR21415935	OXFORD_NANOPORE	3670487	4281026	4281026	16.6337	16.6337	norm
SRR21415938	OXFORD_NANOPORE	5828524	5588129	5588129	-4.1245	-4.1245	norm
SRR21415945	OXFORD_NANOPORE	3729481	3904942	3904942	4.7047	4.7047	norm
SRR21415946	OXFORD_NANOPORE	3766524	3963216	3963216	5.2221	5.2221	norm
SRR21415947	OXFORD_NANOPORE	3949224	4155261	4155261	5.2172	5.2172	norm
SRR21415952	OXFORD_NANOPORE	7097857	7429402	7429402	4.6711	4.6711	norm
SRR21415958	OXFORD_NANOPORE	6914259	7315006	7315006	5.7960	5.7960	norm
SRR21415959	OXFORD_NANOPORE	7011582	7458939	7458939	6.3803	6.3803	norm
SRR21415964	OXFORD_NANOPORE	4560768	4984182	4984182	9.2838	9.2838	norm
SRR21415966	OXFORD_NANOPORE	7007881	7426426	7426426	5.9725	5.9725	norm
SRR21415968	OXFORD_NANOPORE	6907658	7775844	7775844	12.5685	12.5685	norm
SRR21415981	OXFORD_NANOPORE	8346813	9487830	9487830	13.6701	13.6701	norm
SRR21416000	OXFORD_NANOPORE	6930927	7326730	7326730	5.7107	5.7107	norm
SRR21416002	OXFORD_NANOPORE	3885383	3904149	3904149	0.4830	0.4830	norm
SRR21416007	OXFORD_NANOPORE	7543334	8356294	8356294	10.7772	10.7772	norm
SRR21416008	OXFORD_NANOPORE	6804354	7300318	7300318	7.2889	7.2889	norm
SRR21416010	OXFORD_NANOPORE	6893391	7383497	7383497	7.1098	7.1098	norm
SRR21416014	OXFORD_NANOPORE	6765542	7461742	7461742	10.2904	10.2904	norm
SRR21416017	OXFORD_NANOPORE	5295870	4662238	4662238	-11.9646	-11.9646	norm
SRR21416021	OXFORD_NANOPORE	7553454	7896790	7896790	4.5454	4.5454	norm
SRR21416032	OXFORD_NANOPORE	7279089	7868214	7868214	8.0934	8.0934	norm
SRR21416037	OXFORD_NANOPORE	6935360	7378226	7378226	6.3856	6.3856	norm
SRR21416045	OXFORD_NANOPORE	6584427	7495074	7495074	13.8303	13.8303	norm
SRR21416050	OXFORD_NANOPORE	3724142	3905542	3905542	4.8709	4.8709	norm
SRR21416055	OXFORD_NANOPORE	3694909	3900333	3900333	5.5596	5.5596	norm
SRR21416064	OXFORD_NANOPORE	7122394	8132839	8132839	14.1869	14.1869	norm
SRR21416065	OXFORD_NANOPORE	2796846	3097750	3097750	10.7587	10.7587	norm
SRR21416069	OXFORD_NANOPORE	2818391	2884854	2884854	2.3582	2.3582	norm
SRR21416071	OXFORD_NANOPORE	4716880	5649596	5649596	19.7740	19.7740	norm
SRR21416077	OXFORD_NANOPORE	2211521	2217305	2217305	0.2615	0.2615	norm
SRR21416093	OXFORD_NANOPORE	6909549	7735808	7735808	11.9582	11.9582	norm
SRR21416096	OXFORD_NANOPORE	6055669	6581294	6581294	8.6799	8.6799	norm
SRR21416098	OXFORD_NANOPORE	7405831	7795386	7795386	5.2601	5.2601	norm
SRR21416106	OXFORD_NANOPORE	7514708	7854602	7854602	4.5230	4.5230	norm
SRR21416109	OXFORD_NANOPORE	4569407	4698579	4698579	2.8269	2.8269	norm
SRR21416120	OXFORD_NANOPORE	7494256	8038712	8038712	7.2650	7.2650	norm
SRR21416121	OXFORD_NANOPORE	7279817	7808090	7808090	7.2567	7.2567	norm
SRR21416122	OXFORD_NANOPORE	3814036	4124432	4124432	8.1383	8.1383	norm
SRR21416126	OXFORD_NANOPORE	7094360	7359133	7359133	3.7322	3.7322	norm
SRR21416127	OXFORD_NANOPORE	6840164	7286659	7286659	6.5275	6.5275	norm
SRR21416131	OXFORD_NANOPORE	3742241	4252066	4252066	13.6235	13.6235	norm
SRR21416134	OXFORD_NANOPORE	3623182	3784868	3784868	4.4625	4.4625	norm
SRR21416137	OXFORD_NANOPORE	3989418	4261542	4261542	6.8211	6.8211	norm
SRR21416139	OXFORD_NANOPORE	3879077	4030324	4030324	3.8990	3.8990	norm
SRR21416140	OXFORD_NANOPORE	4088156	4016404	4016404	-1.7551	-1.7551	norm
SRR21430004	PACBIO_SMRT	2595287	2574818	2577460	-0.7887	-0.6869	pb_preset
SRR21439827	OXFORD_NANOPORE	7114147	7825362	7825362	9.9972	9.9972	norm
SRR21440766	OXFORD_NANOPORE	7114147	8279482	8279482	16.3805	16.3805	norm
SRR21449954	OXFORD_NANOPORE	5065552	3428604	5189610	-32.3153	2.4491	norm
SRR21449956	OXFORD_NANOPORE	6147513	6279084	6279084	2.1402	2.1402	norm
SRR21449959	OXFORD_NANOPORE	4971050	5029946	5020042	1.1848	0.9855	norm
SRR21449962	OXFORD_NANOPORE	5192593	4790338	4835014	-7.7467	-6.8863	norm
SRR21449963	OXFORD_NANOPORE	5192593	5216259	5216259	0.4558	0.4558	norm
SRR21449964	OXFORD_NANOPORE	5225279	5055233	5059907	-3.2543	-3.1648	norm
SRR21449968	OXFORD_NANOPORE	5139865	5098198	5110172	-0.8107	-0.5777	norm
SRR21465134	OXFORD_NANOPORE	4754570	5380976	5380976	13.1748	13.1748	norm
SRR21465135	OXFORD_NANOPORE	4754570	5368870	5368870	12.9202	12.9202	norm
SRR21465136	OXFORD_NANOPORE	5524870	5672160	5672160	2.6659	2.6659	norm
SRR21465137	OXFORD_NANOPORE	5579844	5740612	5740612	2.8812	2.8812	norm
SRR21465138	OXFORD_NANOPORE	5207250	5519468	5519468	5.9958	5.9958	norm
SRR21465140	OXFORD_NANOPORE	4957548	5304827	5304827	7.0051	7.0051	norm
SRR21465926	OXFORD_NANOPORE	3503981	3503707	3432814	-0.0078	-2.0310	norm
SRR21472839	OXFORD_NANOPORE	4654979	4357400	4357400	-6.3927	-6.3927	norm
SRR21473046	OXFORD_NANOPORE	4658387	4307011	4307011	-7.5429	-7.5429	norm
SRR21539842	OXFORD_NANOPORE	4799874	4532712	4532712	-5.5660	-5.5660	norm
SRR21539843	OXFORD_NANOPORE	5125631	4769585	4769585	-6.9464	-6.9464	norm
SRR21547805	OXFORD_NANOPORE	5579844	5828421	5828421	4.4549	4.4549	norm
SRR21547808	OXFORD_NANOPORE	1714517	1721917	1753271	0.4316	2.2603	norm
SRR21560188	OXFORD_NANOPORE	5764439	5624771	5624771	-2.4229	-2.4229	norm
SRR21563152	PACBIO_SMRT	3988920	4732450	4362302	18.6399	9.3605	pb_preset
SRR21563324	OXFORD_NANOPORE	8068458	8000474	8000474	-0.8426	-0.8426	norm
SRR21563325	OXFORD_NANOPORE	9958319	9443912	9443912	-5.1656	-5.1656	norm
SRR21563327	OXFORD_NANOPORE	8081901	7991730	7991730	-1.1157	-1.1157	norm
SRR21563328	OXFORD_NANOPORE	12275813	11457697	11457697	-6.6645	-6.6645	norm
SRR21563330	OXFORD_NANOPORE	10093486	9559551	9559551	-5.2899	-5.2899	norm
SRR21563331	OXFORD_NANOPORE	8672617	8397694	8397694	-3.1700	-3.1700	norm
SRR21563332	OXFORD_NANOPORE	10196823	11065822	11065822	8.5223	8.5223	norm
SRR21563334	OXFORD_NANOPORE	9111388	9898616	9898616	8.6400	8.6400	norm
SRR21563335	OXFORD_NANOPORE	10074909	9367397	9367397	-7.0225	-7.0225	norm
SRR21563336	OXFORD_NANOPORE	8050796	8438274	8438274	4.8129	4.8129	norm
SRR21563337	OXFORD_NANOPORE	10117522	9971639	9971639	-1.4419	-1.4419	norm
SRR21563338	OXFORD_NANOPORE	9860799	9228568	9228568	-6.4116	-6.4116	norm
SRR21563341	OXFORD_NANOPORE	5847022	5615487	5615487	-3.9599	-3.9599	norm
SRR21563342	OXFORD_NANOPORE	8089848	8272953	8272953	2.2634	2.2634	norm
SRR21563343	OXFORD_NANOPORE	8850041	8618909	8618909	-2.6116	-2.6116	norm
SRR21563346	OXFORD_NANOPORE	7998820	7823839	7823839	-2.1876	-2.1876	norm
SRR21563347	OXFORD_NANOPORE	8982053	9301484	9301484	3.5563	3.5563	norm
SRR21563351	OXFORD_NANOPORE	9848585	10002489	10002489	1.5627	1.5627	norm
SRR21563356	OXFORD_NANOPORE	9002982	9008432	9008432	0.0605	0.0605	norm
SRR21563357	OXFORD_NANOPORE	9002982	8936605	8936605	-0.7373	-0.7373	norm
SRR21563359	OXFORD_NANOPORE	10725031	10505820	10505820	-2.0439	-2.0439	norm
SRR21563360	OXFORD_NANOPORE	10725031	10447116	10447116	-2.5913	-2.5913	norm
SRR21563363	OXFORD_NANOPORE	8221523	8030211	8030211	-2.3270	-2.3270	norm
SRR21563364	OXFORD_NANOPORE	10715389	10476011	10476011	-2.2340	-2.2340	norm
SRR21563365	OXFORD_NANOPORE	10715389	10439350	10439350	-2.5761	-2.5761	norm
SRR21563366	OXFORD_NANOPORE	9299130	9118520	9118520	-1.9422	-1.9422	norm
SRR21563373	OXFORD_NANOPORE	8269445	7744785	7744785	-6.3446	-6.3446	norm
SRR21563376	OXFORD_NANOPORE	8466399	8954952	8954952	5.7705	5.7705	norm
SRR21563385	OXFORD_NANOPORE	8271519	9177518	9177518	10.9532	10.9532	norm
SRR21563387	OXFORD_NANOPORE	10497525	10515227	10515227	0.1686	0.1686	norm
SRR21563395	OXFORD_NANOPORE	9336717	10792385	10792385	15.5908	15.5908	norm
SRR21563410	OXFORD_NANOPORE	10190356	10531951	10531951	3.3521	3.3521	norm
SRR21563411	OXFORD_NANOPORE	9725030	9821023	9821023	0.9871	0.9871	norm
SRR21563416	OXFORD_NANOPORE	10989260	10727052	11169842	-2.3860	1.6433	norm
SRR21563417	OXFORD_NANOPORE	6972512	7366297	7366297	5.6477	5.6477	norm
SRR21563419	OXFORD_NANOPORE	7288318	8534714	8534714	17.1013	17.1013	norm
SRR21563420	OXFORD_NANOPORE	9576147	9883346	9883346	3.2080	3.2080	norm
SRR21563425	OXFORD_NANOPORE	8565674	8664594	8664594	1.1548	1.1548	norm
SRR21563427	OXFORD_NANOPORE	11328791	11019500	11002114	-2.7301	-2.8836	norm
SRR21563428	OXFORD_NANOPORE	7216567	7124355	7124355	-1.2778	-1.2778	norm
SRR21563430	OXFORD_NANOPORE	10293779	10786991	10786991	4.7914	4.7914	norm
SRR21563438	OXFORD_NANOPORE	7970909	7804714	7804714	-2.0850	-2.0850	norm
SRR21563440	OXFORD_NANOPORE	9203650	9110837	9110837	-1.0084	-1.0084	norm
SRR21563444	OXFORD_NANOPORE	8801236	8923215	8923215	1.3859	1.3859	norm
SRR21563446	OXFORD_NANOPORE	8487842	9493738	9493738	11.8510	11.8510	norm
SRR21563447	OXFORD_NANOPORE	10569674	9806724	9806724	-7.2183	-7.2183	norm
SRR21563460	OXFORD_NANOPORE	9145559	8903176	8903176	-2.6503	-2.6503	norm
SRR21563464	OXFORD_NANOPORE	8843894	9430941	9430941	6.6379	6.6379	norm
SRR21563468	OXFORD_NANOPORE	9789246	9281901	9281901	-5.1827	-5.1827	norm
SRR21563469	OXFORD_NANOPORE	8952109	9427958	9427958	5.3155	5.3155	norm
SRR21563470	OXFORD_NANOPORE	9099298	8663024	8663024	-4.7946	-4.7946	norm
SRR21563471	OXFORD_NANOPORE	7774921	7618393	7429158	-2.0132	-4.4472	norm
SRR21563472	OXFORD_NANOPORE	9829227	9190438	9190438	-6.4989	-6.4989	norm
SRR21563473	OXFORD_NANOPORE	9932863	9312915	9312915	-6.2414	-6.2414	norm
SRR21563494	OXFORD_NANOPORE	10967080	10844075	10844075	-1.1216	-1.1216	norm
SRR21563495	OXFORD_NANOPORE	10967080	10673161	10673161	-2.6800	-2.6800	norm
SRR21563497	OXFORD_NANOPORE	9157283	8982478	8982478	-1.9089	-1.9089	norm
SRR21563498	OXFORD_NANOPORE	9157283	8938450	8938450	-2.3897	-2.3897	norm
SRR21563500	OXFORD_NANOPORE	9730517	9633009	9633009	-1.0021	-1.0021	norm
SRR21563501	OXFORD_NANOPORE	9730517	9593204	9593204	-1.4112	-1.4112	norm
SRR21563516	OXFORD_NANOPORE	7184925	6922033	6922033	-3.6589	-3.6589	norm
SRR21563517	OXFORD_NANOPORE	7896894	7745570	7745570	-1.9162	-1.9162	norm
SRR21563520	OXFORD_NANOPORE	8671343	8839983	8839983	1.9448	1.9448	norm
SRR21563525	OXFORD_NANOPORE	9899169	9606921	9606921	-2.9522	-2.9522	norm
SRR21563528	OXFORD_NANOPORE	9917334	10796747	10796747	8.8674	8.8674	norm
SRR21563531	OXFORD_NANOPORE	11671850	11145849	11145849	-4.5066	-4.5066	norm
SRR21563544	OXFORD_NANOPORE	8330854	8052469	8052469	-3.3416	-3.3416	norm
SRR21563545	OXFORD_NANOPORE	8296325	8048752	8048752	-2.9841	-2.9841	norm
SRR21601282	PACBIO_SMRT	6249144	7883933	7354055	26.1602	17.6810	pb_preset
SRR21606644	OXFORD_NANOPORE	2007883	2182314	2182314	8.6873	8.6873	norm
SRR21607164	OXFORD_NANOPORE	2168186	2439288	2439288	12.5036	12.5036	norm
SRR21607166	OXFORD_NANOPORE	2162388	2505234	2505234	15.8550	15.8550	norm
SRR21629963	OXFORD_NANOPORE	12912080	11836924	11836924	-8.3267	-8.3267	norm
SRR21629967	OXFORD_NANOPORE	11832677	11254226	11254226	-4.8886	-4.8886	norm
SRR21629969	OXFORD_NANOPORE	9238295	9090121	9090121	-1.6039	-1.6039	norm
SRR21629970	OXFORD_NANOPORE	9063152	8280294	8280294	-8.6378	-8.6378	norm
SRR21629973	OXFORD_NANOPORE	8770135	8786880	8786880	0.1909	0.1909	norm
SRR21629975	OXFORD_NANOPORE	8346247	8403034	8403034	0.6804	0.6804	norm
SRR21629978	OXFORD_NANOPORE	9971452	8440645	8440645	-15.3519	-15.3519	norm
SRR21629982	OXFORD_NANOPORE	8572109	8413596	8413596	-1.8492	-1.8492	norm
SRR21629984	OXFORD_NANOPORE	7517952	7480594	7480594	-0.4969	-0.4969	norm
SRR21629986	OXFORD_NANOPORE	4711874	4938222	4938222	4.8038	4.8038	norm
SRR21629988	OXFORD_NANOPORE	9468941	9093575	9093575	-3.9642	-3.9642	norm
SRR21629989	OXFORD_NANOPORE	8329020	7990432	7990432	-4.0652	-4.0652	norm
SRR21629991	OXFORD_NANOPORE	10527525	10356299	10356299	-1.6265	-1.6265	norm
SRR21629992	OXFORD_NANOPORE	8499733	9093862	9093862	6.9900	6.9900	norm
SRR21629993	OXFORD_NANOPORE	8944372	8638819	8638819	-3.4161	-3.4161	norm
SRR21629995	OXFORD_NANOPORE	9077372	8879342	8879342	-2.1816	-2.1816	norm
SRR21629996	OXFORD_NANOPORE	8598676	8206760	8206760	-4.5579	-4.5579	norm
SRR21629999	OXFORD_NANOPORE	4808694	4727163	4727163	-1.6955	-1.6955	norm
SRR21630005	OXFORD_NANOPORE	4841103	4864428	4864428	0.4818	0.4818	norm
SRR21630006	OXFORD_NANOPORE	11001603	10294716	10294716	-6.4253	-6.4253	norm
SRR21630008	OXFORD_NANOPORE	9642853	9414303	9414303	-2.3701	-2.3701	norm
SRR21630009	OXFORD_NANOPORE	9853519	9626416	9626416	-2.3048	-2.3048	norm
SRR21630010	OXFORD_NANOPORE	10309750	9839642	9839642	-4.5598	-4.5598	norm
SRR21630012	OXFORD_NANOPORE	8521284	8304276	8304276	-2.5467	-2.5467	norm
SRR21630013	OXFORD_NANOPORE	10711384	10151967	10151967	-5.2226	-5.2226	norm
SRR21630015	OXFORD_NANOPORE	9248260	8895774	8895774	-3.8114	-3.8114	norm
SRR21630042	OXFORD_NANOPORE	7628471	7688672	7688672	0.7892	0.7892	norm
SRR21630046	OXFORD_NANOPORE	9992462	10110785	10110785	1.1841	1.1841	norm
SRR21630048	OXFORD_NANOPORE	9661321	9837541	9837541	1.8240	1.8240	norm
SRR21630059	OXFORD_NANOPORE	11075804	10747902	10747902	-2.9605	-2.9605	norm
SRR21630061	OXFORD_NANOPORE	9409010	9220061	9220061	-2.0082	-2.0082	norm
SRR21630065	OXFORD_NANOPORE	11145185	10495080	10495080	-5.8331	-5.8331	norm
SRR21630069	OXFORD_NANOPORE	10972925	10973238	10973238	0.0029	0.0029	norm
SRR21630070	OXFORD_NANOPORE	8806723	8942192	8942192	1.5382	1.5382	norm
SRR21630072	OXFORD_NANOPORE	10324489	10061670	10061670	-2.5456	-2.5456	norm
SRR21630075	OXFORD_NANOPORE	6411420	6273007	6273007	-2.1589	-2.1589	norm
SRR21630077	OXFORD_NANOPORE	9910889	9408066	9408066	-5.0734	-5.0734	norm
SRR21630078	OXFORD_NANOPORE	8241378	7749535	7749535	-5.9680	-5.9680	norm
SRR21630081	OXFORD_NANOPORE	9019680	8727148	8727148	-3.2433	-3.2433	norm
SRR21630087	OXFORD_NANOPORE	8621285	7932943	7932943	-7.9842	-7.9842	norm
SRR21630096	OXFORD_NANOPORE	8602329	8238635	8238635	-4.2279	-4.2279	norm
SRR21630099	OXFORD_NANOPORE	10072442	9799867	9799867	-2.7061	-2.7061	norm
SRR21630100	OXFORD_NANOPORE	11324247	10841264	10841264	-4.2650	-4.2650	norm
SRR21630102	OXFORD_NANOPORE	11363729	10481054	10481054	-7.7675	-7.7675	norm
SRR21630103	OXFORD_NANOPORE	10616026	10457116	10457116	-1.4969	-1.4969	norm
SRR21630104	OXFORD_NANOPORE	10798493	10408602	10408602	-3.6106	-3.6106	norm
SRR21630106	OXFORD_NANOPORE	8782423	8698943	8698943	-0.9505	-0.9505	norm
SRR21630107	OXFORD_NANOPORE	10525887	10012438	10012438	-4.8780	-4.8780	norm
SRR21630111	OXFORD_NANOPORE	9983749	10895234	10895234	9.1297	9.1297	norm
SRR21630113	OXFORD_NANOPORE	10850392	11407402	11407402	5.1335	5.1335	norm
SRR21630116	OXFORD_NANOPORE	9299130	10438422	10438422	12.2516	12.2516	norm
SRR21630119	OXFORD_NANOPORE	10384311	10168685	10168685	-2.0765	-2.0765	norm
SRR21630120	OXFORD_NANOPORE	10475789	9787268	9787268	-6.5725	-6.5725	norm
SRR21630121	OXFORD_NANOPORE	9087065	9064834	9064834	-0.2446	-0.2446	norm
SRR21630122	OXFORD_NANOPORE	9848962	8819932	8819932	-10.4481	-10.4481	norm
SRR21630127	OXFORD_NANOPORE	10547576	9874141	9874141	-6.3847	-6.3847	norm
SRR21630128	OXFORD_NANOPORE	7063827	6977907	6977907	-1.2163	-1.2163	norm
SRR21630132	OXFORD_NANOPORE	12223696	11722425	11722425	-4.1008	-4.1008	norm
SRR21630133	OXFORD_NANOPORE	8949492	8867168	8867168	-0.9199	-0.9199	norm
SRR21630136	OXFORD_NANOPORE	10667068	13836784	13836784	29.7150	29.7150	norm
SRR21630137	OXFORD_NANOPORE	10137727	9912734	9912734	-2.2194	-2.2194	norm
SRR21630139	OXFORD_NANOPORE	9270399	9131104	9131104	-1.5026	-1.5026	norm
SRR21630141	OXFORD_NANOPORE	9393169	12675450	12675450	34.9433	34.9433	norm
SRR21630142	OXFORD_NANOPORE	7336920	6960663	6960663	-5.1283	-5.1283	norm
SRR21630143	OXFORD_NANOPORE	10658643	9512226	9512226	-10.7558	-10.7558	norm
SRR21630146	OXFORD_NANOPORE	9315054	9405948	9405948	0.9758	0.9758	norm
SRR21630151	OXFORD_NANOPORE	9856051	9104034	9104034	-7.6300	-7.6300	norm
SRR21630156	OXFORD_NANOPORE	12198498	11476509	11476509	-5.9187	-5.9187	norm
SRR21630205	OXFORD_NANOPORE	8658548	7824495	7824495	-9.6327	-9.6327	norm
SRR21630207	OXFORD_NANOPORE	7231063	6676745	6676745	-7.6658	-7.6658	norm
SRR21630214	OXFORD_NANOPORE	7531209	7655030	7655030	1.6441	1.6441	norm
SRR21630215	OXFORD_NANOPORE	7102204	7022194	7022194	-1.1266	-1.1266	norm
SRR21630216	OXFORD_NANOPORE	8509353	8551592	8551592	0.4964	0.4964	norm
SRR21630219	OXFORD_NANOPORE	10011987	10498947	10498947	4.8638	4.8638	norm
SRR21630221	OXFORD_NANOPORE	10954113	10183324	10183324	-7.0365	-7.0365	norm
SRR21630224	OXFORD_NANOPORE	8333111	8980035	8980035	7.7633	7.7633	norm
SRR21630226	OXFORD_NANOPORE	8274316	8464587	8464587	2.2995	2.2995	norm
SRR21630232	OXFORD_NANOPORE	9182200	8809907	8809907	-4.0545	-4.0545	norm
SRR21630234	OXFORD_NANOPORE	10117404	10086982	10086982	-0.3007	-0.3007	norm
SRR21630235	OXFORD_NANOPORE	7961474	7623241	7623241	-4.2484	-4.2484	norm
SRR21630242	OXFORD_NANOPORE	11080497	11205116	11205116	1.1247	1.1247	norm
SRR21630247	OXFORD_NANOPORE	8893931	9229259	9229259	3.7703	3.7703	norm
SRR21630249	OXFORD_NANOPORE	10308633	9984352	9984352	-3.1457	-3.1457	norm
SRR21630250	OXFORD_NANOPORE	8400290	8474758	8474758	0.8865	0.8865	norm
SRR21630273	OXFORD_NANOPORE	10670226	9145243	9145243	-14.2919	-14.2919	norm
SRR21630297	OXFORD_NANOPORE	10131194	9822956	9822956	-3.0425	-3.0425	norm
SRR21630298	OXFORD_NANOPORE	11146913	10972666	10972666	-1.5632	-1.5632	norm
SRR21630301	OXFORD_NANOPORE	8760989	8739219	8739219	-0.2485	-0.2485	norm
SRR21630302	OXFORD_NANOPORE	7654929	7725364	7725364	0.9201	0.9201	norm
SRR21630304	OXFORD_NANOPORE	8961255	10146810	8912814	13.2298	-0.5406	norm
SRR21630306	OXFORD_NANOPORE	10374860	9753166	9753166	-5.9923	-5.9923	norm
SRR21630308	OXFORD_NANOPORE	8011000	7285868	7285868	-9.0517	-9.0517	norm
SRR21630309	OXFORD_NANOPORE	10802565	10313504	10313504	-4.5273	-4.5273	norm
SRR21630310	OXFORD_NANOPORE	9449196	9030637	9030637	-4.4296	-4.4296	norm
SRR21630311	OXFORD_NANOPORE	10193344	10846641	10846641	6.4091	6.4091	norm
SRR21630312	OXFORD_NANOPORE	8719657	8285014	8285014	-4.9846	-4.9846	norm
SRR21630313	OXFORD_NANOPORE	8689288	8541438	8541438	-1.7015	-1.7015	norm
SRR21630316	OXFORD_NANOPORE	10237418	10380274	10380274	1.3954	1.3954	norm
SRR21630318	OXFORD_NANOPORE	10379698	10119138	10119138	-2.5103	-2.5103	norm
SRR21630319	OXFORD_NANOPORE	11915655	11154277	11154277	-6.3897	-6.3897	norm
SRR21630322	OXFORD_NANOPORE	7725772	8431977	8431977	9.1409	9.1409	norm
SRR21630324	OXFORD_NANOPORE	10417451	16286607	16286607	56.3397	56.3397	norm
SRR21630328	OXFORD_NANOPORE	8101613	7667508	7667508	-5.3583	-5.3583	norm
SRR21630329	OXFORD_NANOPORE	9805310	9525706	9525706	-2.8516	-2.8516	norm
SRR21630333	OXFORD_NANOPORE	5615436	5676197	5676197	1.0820	1.0820	norm
SRR21630334	OXFORD_NANOPORE	7372728	7333763	7333763	-0.5285	-0.5285	norm
SRR21630335	OXFORD_NANOPORE	9485507	9032176	9032176	-4.7792	-4.7792	norm
SRR21630336	OXFORD_NANOPORE	10350652	10392421	10392421	0.4035	0.4035	norm
SRR21630341	OXFORD_NANOPORE	6022264	5953732	5953732	-1.1380	-1.1380	norm
SRR21630344	OXFORD_NANOPORE	8490789	8398204	8398204	-1.0904	-1.0904	norm
SRR21630345	OXFORD_NANOPORE	10744805	11665031	11665031	8.5644	8.5644	norm
SRR21630347	OXFORD_NANOPORE	10072122	9192881	9192881	-8.7295	-8.7295	norm
SRR21630351	OXFORD_NANOPORE	6859429	6448073	6448073	-5.9969	-5.9969	norm
SRR21630353	OXFORD_NANOPORE	10825738	10698838	10698838	-1.1722	-1.1722	norm
SRR21630355	OXFORD_NANOPORE	10316149	9080409	9080409	-11.9787	-11.9787	norm
SRR21630357	OXFORD_NANOPORE	12278258	10749238	10749238	-12.4531	-12.4531	norm
SRR21630358	OXFORD_NANOPORE	8971606	11859423	11859423	32.1884	32.1884	norm
SRR21630361	OXFORD_NANOPORE	9241071	8891682	8891682	-3.7808	-3.7808	norm
SRR21630366	OXFORD_NANOPORE	11766587	10447252	10447252	-11.2126	-11.2126	norm
SRR21630367	OXFORD_NANOPORE	8164743	9817377	9817377	20.2411	20.2411	norm
SRR21630369	OXFORD_NANOPORE	9470289	8953344	8953344	-5.4586	-5.4586	norm
SRR21630370	OXFORD_NANOPORE	11051430	9930316	9930316	-10.1445	-10.1445	norm
SRR21630392	OXFORD_NANOPORE	8963402	8751497	8751497	-2.3641	-2.3641	norm
SRR21630398	OXFORD_NANOPORE	9524224	9005454	9005454	-5.4468	-5.4468	norm
SRR21630401	OXFORD_NANOPORE	8362496	8099851	8099851	-3.1407	-3.1407	norm
SRR21630403	OXFORD_NANOPORE	9165939	10888154	10888154	18.7893	18.7893	norm
SRR21630404	OXFORD_NANOPORE	9165964	8992668	8992668	-1.8906	-1.8906	norm
SRR21630405	OXFORD_NANOPORE	10812875	10543550	10543550	-2.4908	-2.4908	norm
SRR21630409	OXFORD_NANOPORE	8225529	7968746	7968746	-3.1218	-3.1218	norm
SRR21630411	OXFORD_NANOPORE	11090730	9529772	9529772	-14.0744	-14.0744	norm
SRR21630414	OXFORD_NANOPORE	8336306	8515507	8515507	2.1496	2.1496	norm
SRR21630416	OXFORD_NANOPORE	9169300	9020423	9020423	-1.6236	-1.6236	norm
SRR21630419	OXFORD_NANOPORE	8519659	8396168	8396168	-1.4495	-1.4495	norm
SRR21630426	OXFORD_NANOPORE	9601491	9473523	9473523	-1.3328	-1.3328	norm
SRR21630427	OXFORD_NANOPORE	8466399	8977582	8977582	6.0378	6.0378	norm
SRR21630428	OXFORD_NANOPORE	7574921	7663277	7663277	1.1664	1.1664	norm
SRR21630429	OXFORD_NANOPORE	10083910	10592819	10592819	5.0467	5.0467	norm
SRR21630432	OXFORD_NANOPORE	10076411	8990770	8990770	-10.7741	-10.7741	norm
SRR21630435	OXFORD_NANOPORE	7505305	7426647	7426647	-1.0480	-1.0480	norm
SRR21630436	OXFORD_NANOPORE	8923325	8812941	8812941	-1.2370	-1.2370	norm
SRR21630437	OXFORD_NANOPORE	9153806	8647580	8647580	-5.5302	-5.5302	norm
SRR21630440	OXFORD_NANOPORE	8880487	8735488	8735488	-1.6328	-1.6328	norm
SRR21630443	OXFORD_NANOPORE	8190759	7616044	7616044	-7.0166	-7.0166	norm
SRR21630444	OXFORD_NANOPORE	10089300	10019542	10019542	-0.6914	-0.6914	norm
SRR21630446	OXFORD_NANOPORE	9003480	8920370	8920370	-0.9231	-0.9231	norm
SRR21630449	OXFORD_NANOPORE	9648495	10229383	10229383	6.0205	6.0205	norm
SRR21630450	OXFORD_NANOPORE	11121119	10437026	10437026	-6.1513	-6.1513	norm
SRR21630451	OXFORD_NANOPORE	10787473	10539840	10539840	-2.2956	-2.2956	norm
SRR21630452	OXFORD_NANOPORE	7626967	7446347	7446347	-2.3682	-2.3682	norm
SRR21630453	OXFORD_NANOPORE	9449954	9357182	9357182	-0.9817	-0.9817	norm
SRR21630455	OXFORD_NANOPORE	8873106	8598872	8598872	-3.0906	-3.0906	norm
SRR21630456	OXFORD_NANOPORE	10042916	9635644	9635644	-4.0553	-4.0553	norm
SRR21630457	OXFORD_NANOPORE	10628885	10360494	10360494	-2.5251	-2.5251	norm
SRR21630459	OXFORD_NANOPORE	6506653	6404642	6404642	-1.5678	-1.5678	norm
SRR21630461	OXFORD_NANOPORE	8601509	8225442	8225442	-4.3721	-4.3721	norm
SRR2163058	PACBIO_SMRT	4300706	6355750	5354734	47.7839	24.5083	pb_preset
SRR21634502	OXFORD_NANOPORE	3843104	5130132	4293363	33.4893	11.7160	norm
SRR21643318	PACBIO_SMRT	3509359	4200834	3862139	19.7037	10.0525	pb_preset
SRR21669490	OXFORD_NANOPORE	5837226	5827680	5827680	-0.1635	-0.1635	norm
SRR21672106	PACBIO_SMRT	3046103	4416779	3727594	44.9977	22.3726	pb_preset
SRR21680729	OXFORD_NANOPORE	4852968	5497889	5497889	13.2892	13.2892	norm
SRR21680731	OXFORD_NANOPORE	4820944	6163422	6163422	27.8468	27.8468	norm
SRR21680749	OXFORD_NANOPORE	4674977	5094508	5094508	8.9740	8.9740	norm
SRR21680817	OXFORD_NANOPORE	4918847	5036091	5036091	2.3836	2.3836	norm
SRR21681206	OXFORD_NANOPORE	4995398	4991972	4991972	-0.0686	-0.0686	norm
SRR21696209	OXFORD_NANOPORE	7362561	7209037	7209037	-2.0852	-2.0852	norm
SRR21696227	OXFORD_NANOPORE	9394305	9667410	9667410	2.9071	2.9071	norm
SRR21696269	OXFORD_NANOPORE	7267618	8296674	8296674	14.1595	14.1595	norm
SRR21696270	OXFORD_NANOPORE	9081801	8855172	8855172	-2.4954	-2.4954	norm
SRR21696305	OXFORD_NANOPORE	9970855	9939100	9939100	-0.3185	-0.3185	norm
SRR21696306	OXFORD_NANOPORE	11328791	11035216	11035216	-2.5914	-2.5914	norm
SRR21696307	OXFORD_NANOPORE	11497089	11506508	11506508	0.0819	0.0819	norm
SRR21696311	OXFORD_NANOPORE	9499283	10547577	10547577	11.0355	11.0355	norm
SRR21696312	OXFORD_NANOPORE	9167220	10247985	10247985	11.7895	11.7895	norm
SRR21696315	OXFORD_NANOPORE	12995681	12087004	12087004	-6.9921	-6.9921	norm
SRR21696318	OXFORD_NANOPORE	10111527	10269503	10269503	1.5623	1.5623	norm
SRR21696319	OXFORD_NANOPORE	12124816	11657147	11657147	-3.8571	-3.8571	norm
SRR21696320	OXFORD_NANOPORE	8465517	8184347	8184347	-3.3214	-3.3214	norm
SRR21696321	OXFORD_NANOPORE	8397038	8458716	8458716	0.7345	0.7345	norm
SRR21696324	OXFORD_NANOPORE	10569674	10116580	10116580	-4.2867	-4.2867	norm
SRR21696326	OXFORD_NANOPORE	8487842	9306565	9306565	9.6458	9.6458	norm
SRR21696328	OXFORD_NANOPORE	9138776	9275196	9275196	1.4928	1.4928	norm
SRR21696331	OXFORD_NANOPORE	10933242	11174695	11174695	2.2084	2.2084	norm
SRR21696333	OXFORD_NANOPORE	8801236	9001648	9001648	2.2771	2.2771	norm
SRR21696337	OXFORD_NANOPORE	9639990	9249984	9031973	-4.0457	-6.3072	norm
SRR21696338	OXFORD_NANOPORE	10853340	9957706	9957706	-8.2522	-8.2522	norm
SRR21696339	OXFORD_NANOPORE	9461481	9406626	9406626	-0.5798	-0.5798	norm
SRR21696340	OXFORD_NANOPORE	9265359	8794421	8794421	-5.0828	-5.0828	norm
SRR21696341	OXFORD_NANOPORE	10266650	10057652	10057652	-2.0357	-2.0357	norm
SRR21696342	OXFORD_NANOPORE	13505152	13591170	13591170	0.6369	0.6369	norm
SRR21696345	OXFORD_NANOPORE	11470199	10562748	10562748	-7.9114	-7.9114	norm
SRR21696348	OXFORD_NANOPORE	9578283	10727637	10727637	11.9996	11.9996	norm
SRR21696349	OXFORD_NANOPORE	7804964	7753558	7753558	-0.6586	-0.6586	norm
SRR21696350	OXFORD_NANOPORE	9054077	9222492	9222492	1.8601	1.8601	norm
SRR21696351	OXFORD_NANOPORE	9054117	10137242	10137242	11.9628	11.9628	norm
SRR21696352	OXFORD_NANOPORE	9203650	9112196	9112196	-0.9937	-0.9937	norm
SRR21696354	OXFORD_NANOPORE	8976559	8981033	8981033	0.0498	0.0498	norm
SRR21696355	OXFORD_NANOPORE	8078361	7881203	7881203	-2.4406	-2.4406	norm
SRR21696356	OXFORD_NANOPORE	8756431	8901549	8901549	1.6573	1.6573	norm
SRR21696358	OXFORD_NANOPORE	9077533	8989144	8989144	-0.9737	-0.9737	norm
SRR21696359	OXFORD_NANOPORE	9564772	8966914	8966914	-6.2506	-6.2506	norm
SRR21696361	OXFORD_NANOPORE	7801618	8165642	8165642	4.6660	4.6660	norm
SRR21696376	OXFORD_NANOPORE	10229135	9275366	9275366	-9.3240	-9.3240	norm
SRR21696379	OXFORD_NANOPORE	10293779	10822660	10822660	5.1379	5.1379	norm
SRR21696381	OXFORD_NANOPORE	8565674	8846822	8846822	3.2823	3.2823	norm
SRR21696382	OXFORD_NANOPORE	11315690	11044026	11044026	-2.4008	-2.4008	norm
SRR21696383	OXFORD_NANOPORE	8902773	8932152	8932152	0.3300	0.3300	norm
SRR21696384	OXFORD_NANOPORE	7680165	8205968	8205968	6.8462	6.8462	norm
SRR21696387	OXFORD_NANOPORE	7648620	7717177	7717177	0.8963	0.8963	norm
SRR21696388	OXFORD_NANOPORE	10229834	9157187	9157187	-10.4855	-10.4855	norm
SRR21696389	OXFORD_NANOPORE	8981933	11007605	11007605	22.5527	22.5527	norm
SRR21696391	OXFORD_NANOPORE	12015560	11939827	11939827	-0.6303	-0.6303	norm
SRR21696392	OXFORD_NANOPORE	8429929	8596819	8596819	1.9797	1.9797	norm
SRR21696393	OXFORD_NANOPORE	8811944	8978603	8978603	1.8913	1.8913	norm
SRR21696394	OXFORD_NANOPORE	9576147	10010905	10010905	4.5400	4.5400	norm
SRR21696395	OXFORD_NANOPORE	8361142	9568033	9568033	14.4345	14.4345	norm
SRR21696396	OXFORD_NANOPORE	10608739	11313125	11313125	6.6397	6.6397	norm
SRR21696397	OXFORD_NANOPORE	8874522	8827828	8827828	-0.5262	-0.5262	norm
SRR21696399	OXFORD_NANOPORE	7275213	7208222	7208222	-0.9208	-0.9208	norm
SRR21696400	OXFORD_NANOPORE	7288318	9223811	9223811	26.5561	26.5561	norm
SRR21696401	OXFORD_NANOPORE	6420957	6547806	6547806	1.9755	1.9755	norm
SRR21696405	OXFORD_NANOPORE	8379700	8778557	8778557	4.7598	4.7598	norm
SRR21696406	OXFORD_NANOPORE	8221523	7563280	7563280	-8.0063	-8.0063	norm
SRR21696408	OXFORD_NANOPORE	9805183	10667422	10667422	8.7937	8.7937	norm
SRR21696409	OXFORD_NANOPORE	8066947	8620574	8620574	6.8629	6.8629	norm
SRR21696410	OXFORD_NANOPORE	8106388	7389596	7389596	-8.8423	-8.8423	norm
SRR21696411	OXFORD_NANOPORE	11345428	11523444	11523444	1.5691	1.5691	norm
SRR21696415	OXFORD_NANOPORE	11059676	10451378	10451378	-5.5001	-5.5001	norm
SRR21696417	OXFORD_NANOPORE	10989260	12240966	12240966	11.3903	11.3903	norm
SRR21696422	OXFORD_NANOPORE	9695021	10762474	10762474	11.0103	11.0103	norm
SRR21696424	OXFORD_NANOPORE	9383688	10566210	10566210	12.6019	12.6019	norm
SRR21696425	OXFORD_NANOPORE	7559771	10113726	10113726	33.7835	33.7835	norm
SRR21696426	OXFORD_NANOPORE	8513219	7479849	7479849	-12.1384	-12.1384	norm
SRR21696429	OXFORD_NANOPORE	10558057	12439782	12439782	17.8226	17.8226	norm
SRR21696431	OXFORD_NANOPORE	10662691	10183370	10183370	-4.4953	-4.4953	norm
SRR21696435	OXFORD_NANOPORE	9885581	10748250	10748250	8.7265	8.7265	norm
SRR21696436	OXFORD_NANOPORE	10211813	12209608	12209608	19.5636	19.5636	norm
SRR21696437	OXFORD_NANOPORE	9725030	9922767	9922767	2.0333	2.0333	norm
SRR21696442	OXFORD_NANOPORE	6978313	8131366	8131366	16.5234	16.5234	norm
SRR21696444	OXFORD_NANOPORE	7015337	7330890	7406155	4.4980	5.5709	norm
SRR21696445	OXFORD_NANOPORE	7532608	7525032	7525032	-0.1006	-0.1006	norm
SRR21696446	OXFORD_NANOPORE	8505003	8604896	8604896	1.1745	1.1745	norm
SRR21696447	OXFORD_NANOPORE	8069363	8448382	8448382	4.6970	4.6970	norm
SRR21696453	OXFORD_NANOPORE	9736065	9113984	9113984	-6.3894	-6.3894	norm
SRR21696454	OXFORD_NANOPORE	11585837	12445095	12445095	7.4165	7.4165	norm
SRR21696468	OXFORD_NANOPORE	9279395	8373356	8373356	-9.7640	-9.7640	norm
SRR21696469	OXFORD_NANOPORE	8973972	8939204	8939204	-0.3874	-0.3874	norm
SRR21696470	OXFORD_NANOPORE	9191772	8115484	8115484	-11.7093	-11.7093	norm
SRR21696471	OXFORD_NANOPORE	8867118	9193440	9193440	3.6801	3.6801	norm
SRR21696472	OXFORD_NANOPORE	8571085	8555562	8555562	-0.1811	-0.1811	norm
SRR21696475	OXFORD_NANOPORE	9034013	8956532	8956532	-0.8577	-0.8577	norm
SRR21696476	OXFORD_NANOPORE	7718607	8183122	8183122	6.0181	6.0181	norm
SRR21696477	OXFORD_NANOPORE	6900143	7861514	7861514	13.9326	13.9326	norm
SRR21696482	OXFORD_NANOPORE	9208508	9095104	9095104	-1.2315	-1.2315	norm
SRR21696484	OXFORD_NANOPORE	10807193	10489178	10489178	-2.9426	-2.9426	norm
SRR21696486	OXFORD_NANOPORE	9485036	10282898	10282898	8.4118	8.4118	norm
SRR21696491	OXFORD_NANOPORE	7916046	9475469	9475469	19.6995	19.6995	norm
SRR21696492	OXFORD_NANOPORE	7708294	7947615	7947615	3.1047	3.1047	norm
SRR21696495	OXFORD_NANOPORE	8956073	8525909	8525909	-4.8030	-4.8030	norm
SRR21696501	OXFORD_NANOPORE	9174813	9056850	9056850	-1.2857	-1.2857	norm
SRR21696530	OXFORD_NANOPORE	11554491	8563242	8563242	-25.8882	-25.8882	norm
SRR21696536	OXFORD_NANOPORE	9001608	8900865	8900865	-1.1192	-1.1192	norm
SRR21696539	OXFORD_NANOPORE	8933706	8188151	8188151	-8.3454	-8.3454	norm
SRR21696540	OXFORD_NANOPORE	8679014	8524186	8524186	-1.7839	-1.7839	norm
SRR21696542	OXFORD_NANOPORE	10001243	9787823	9787823	-2.1339	-2.1339	norm
SRR21696543	OXFORD_NANOPORE	10321034	9723278	9723278	-5.7916	-5.7916	norm
SRR21696545	OXFORD_NANOPORE	8979200	8827771	8827771	-1.6864	-1.6864	norm
SRR21696546	OXFORD_NANOPORE	9069560	8337816	8337816	-8.0681	-8.0681	norm
SRR21696549	OXFORD_NANOPORE	10190356	10606663	10606663	4.0853	4.0853	norm
SRR21696550	OXFORD_NANOPORE	11360030	11448526	11448526	0.7790	0.7790	norm
SRR21696551	OXFORD_NANOPORE	11090044	12292307	12292307	10.8409	10.8409	norm
SRR21696553	OXFORD_NANOPORE	10336409	9319359	9319359	-9.8395	-9.8395	norm
SRR21696554	OXFORD_NANOPORE	8834773	9838753	9838753	11.3640	11.3640	norm
SRR21696556	OXFORD_NANOPORE	10201169	10710254	10710254	4.9905	4.9905	norm
SRR21696558	OXFORD_NANOPORE	2735685	3053184	3053184	11.6058	11.6058	norm
SRR21696559	OXFORD_NANOPORE	10014434	11973487	11973487	19.5623	19.5623	norm
SRR21696584	OXFORD_NANOPORE	8744813	8926866	8926866	2.0818	2.0818	norm
SRR21696608	OXFORD_NANOPORE	11096612	9324751	9324751	-15.9676	-15.9676	norm
SRR21696630	OXFORD_NANOPORE	7775113	8355842	8355842	7.4691	7.4691	norm
SRR21696638	OXFORD_NANOPORE	6984865	6767657	6767657	-3.1097	-3.1097	norm
SRR21696646	OXFORD_NANOPORE	10251772	9202434	9202434	-10.2357	-10.2357	norm
SRR21696673	OXFORD_NANOPORE	10339220	9557127	9557127	-7.5643	-7.5643	norm
SRR21700513	OXFORD_NANOPORE	2725648	2752660	2752660	0.9910	0.9910	norm
SRR21713686	OXFORD_NANOPORE	5644471	5647447	5647447	0.0527	0.0527	norm
SRR21713687	OXFORD_NANOPORE	5622747	5371829	5371829	-4.4626	-4.4626	norm
SRR21713688	OXFORD_NANOPORE	5696364	5376010	5376010	-5.6238	-5.6238	norm
SRR21719209	OXFORD_NANOPORE	7257095	7946662	7946662	9.5020	9.5020	norm
SRR21731845	PACBIO_SMRT	2159127	3358450	2924860	55.5467	35.4649	pb_preset
SRR21793358	PACBIO_SMRT	4842577	5641013	5381593	16.4878	11.1308	pb_preset
SRR21817393	OXFORD_NANOPORE	1740532	1883614	1846855	8.2206	6.1086	norm
SRR21820701	OXFORD_NANOPORE	4873268	4971544	4971544	2.0166	2.0166	norm
SRR21836795	OXFORD_NANOPORE	2217711	2244617	2244617	1.2132	1.2132	norm
SRR21836799	OXFORD_NANOPORE	2163610	2142460	2142460	-0.9775	-0.9775	norm
SRR21851309	OXFORD_NANOPORE	5480422	5118942	5118942	-6.5958	-6.5958	norm
SRR21857881	OXFORD_NANOPORE	4998472	3337208	3951278	-33.2354	-20.9503	norm
SRR21864871	OXFORD_NANOPORE	5736111	5470398	5484722	-4.6323	-4.3826	norm
SRR21864875	OXFORD_NANOPORE	5436081	6705362	6705362	23.3492	23.3492	norm
SRR21887502	OXFORD_NANOPORE	4772201	4817122	4817122	0.9413	0.9413	norm
SRR21890344	OXFORD_NANOPORE	4517539	4325397	4325397	-4.2532	-4.2532	norm
SRR21902429	OXFORD_NANOPORE	9251369	9086012	9086012	-1.7874	-1.7874	norm
SRR21979969	OXFORD_NANOPORE	5042319	5351805	5351805	6.1378	6.1378	norm
SRR22007585	PACBIO_SMRT	6685457	8804835	8137489	31.7013	21.7193	pb_preset
SRR22007588	PACBIO_SMRT	4261730	5442825	5098312	27.7140	19.6301	pb_preset
SRR22015155	OXFORD_NANOPORE	4594065	4736381	4736381	3.0978	3.0978	norm
SRR22028292	OXFORD_NANOPORE	1611024	1774700	1774700	10.1597	10.1597	norm
SRR22028405	OXFORD_NANOPORE	4277880	4291966	4291966	0.3293	0.3293	norm
SRR22031414	OXFORD_NANOPORE	4453085	4438107	4438107	-0.3364	-0.3364	norm
SRR22048717	OXFORD_NANOPORE	6167549	6556188	6556188	6.3014	6.3014	norm
SRR22077206	PACBIO_SMRT	4035016	3838839	3851110	-4.8619	-4.5578	pb_preset
SRR22085551	OXFORD_NANOPORE	4410317	4413568	4413568	0.0737	0.0737	norm
SRR22094550	PACBIO_SMRT	5156952	5894371	5534014	14.2995	7.3117	pb_preset
SRR22094552	PACBIO_SMRT	5154616	5871068	5458076	13.8992	5.8872	pb_preset
SRR22094554	PACBIO_SMRT	5161803	5821384	5413904	12.7781	4.8840	pb_preset
SRR22094555	PACBIO_SMRT	5214828	6037608	5568471	15.7777	6.7815	pb_preset
SRR22198850	OXFORD_NANOPORE	4919768	6440126	6440126	30.9030	30.9030	norm
SRR22198852	OXFORD_NANOPORE	4919828	5999292	5999292	21.9411	21.9411	norm
SRR22212336	OXFORD_NANOPORE	5686477	5235429	5234296	-7.9319	-7.9519	norm
SRR22225499	OXFORD_NANOPORE	4417639	4368987	4368987	-1.1013	-1.1013	norm
SRR22225501	OXFORD_NANOPORE	4926283	4894564	4905146	-0.6439	-0.4291	norm
SRR22226934	OXFORD_NANOPORE	6032644	6649736	6271261	10.2292	3.9554	norm
SRR22226935	OXFORD_NANOPORE	6045198	6011782	6011782	-0.5528	-0.5528	norm
SRR22226936	OXFORD_NANOPORE	5850185	5897794	5897794	0.8138	0.8138	norm
SRR22229513	OXFORD_NANOPORE	2529853	2730957	2730957	7.9492	7.9492	norm
SRR22229515	OXFORD_NANOPORE	2407441	2969833	2990495	23.3606	24.2188	norm
SRR22250794	OXFORD_NANOPORE	7732058	8405724	8405724	8.7126	8.7126	norm
SRR22253723	PACBIO_SMRT	3937483	4395866	4331365	11.6415	10.0034	pb_preset
SRR22253726	PACBIO_SMRT	3750381	4294081	4177501	14.4972	11.3887	pb_preset
SRR22253727	PACBIO_SMRT	3749418	4269824	4166551	13.8796	11.1253	pb_preset
SRR22253728	PACBIO_SMRT	3750940	4340505	4197117	15.7178	11.8951	pb_preset
SRR22272752	PACBIO_SMRT	8211675	13262419	10614232	61.5069	29.2578	pb_preset
SRR22306553	OXFORD_NANOPORE	3168911	3289827	3289827	3.8157	3.8157	norm
SRR22340637	OXFORD_NANOPORE	5467641	6282854	6282854	14.9098	14.9098	norm
SRR22381796	PACBIO_SMRT	6179084	8751944	7914925	41.6382	28.0922	pb_preset
SRR22381797	PACBIO_SMRT	6003144	8585968	7772862	43.0245	29.4799	pb_preset
SRR22420521	OXFORD_NANOPORE	5755740	6902136	6902136	19.9174	19.9174	norm
SRR22475575	OXFORD_NANOPORE	5424934	5235981	5235981	-3.4830	-3.4830	norm
SRR22502663	OXFORD_NANOPORE	2560088	2850783	2850783	11.3549	11.3549	norm
SRR22523853	OXFORD_NANOPORE	762251	772381	772381	1.3290	1.3290	norm
SRR22533691	OXFORD_NANOPORE	2250646	2582625	2582625	14.7504	14.7504	norm
SRR22533695	OXFORD_NANOPORE	1694003	2091659	2091659	23.4743	23.4743	norm
SRR22533696	OXFORD_NANOPORE	2255024	2383213	2383213	5.6846	5.6846	norm
SRR22533697	OXFORD_NANOPORE	2495776	2681650	2681650	7.4475	7.4475	norm
SRR22533731	OXFORD_NANOPORE	2272942	2608638	2608638	14.7692	14.7692	norm
SRR22533733	OXFORD_NANOPORE	2387641	2492062	2492062	4.3734	4.3734	norm
SRR22533734	OXFORD_NANOPORE	2052309	2567648	2868816	25.1102	39.7848	norm
SRR22533738	OXFORD_NANOPORE	2678334	2626758	2626758	-1.9257	-1.9257	norm
SRR22533743	OXFORD_NANOPORE	2415815	2639445	2639445	9.2569	9.2569	norm
SRR22533744	OXFORD_NANOPORE	2036426	2261627	2261627	11.0586	11.0586	norm
SRR22533747	OXFORD_NANOPORE	2639791	2803108	2803108	6.1867	6.1867	norm
SRR22533750	OXFORD_NANOPORE	1889244	2049591	2049591	8.4874	8.4874	norm
SRR22533753	OXFORD_NANOPORE	1952329	1952553	1952553	0.0115	0.0115	norm
SRR22533754	OXFORD_NANOPORE	1708996	1879839	1879839	9.9967	9.9967	norm
SRR22533755	OXFORD_NANOPORE	2028798	2255408	2255408	11.1697	11.1697	norm
SRR22554282	OXFORD_NANOPORE	9201100	8628312	8628312	-6.2252	-6.2252	norm
SRR22574257	OXFORD_NANOPORE	4525097	4579219	4579219	1.1960	1.1960	norm
SRR22580996	OXFORD_NANOPORE	6181076	6046264	6046264	-2.1810	-2.1810	norm
SRR22689963	OXFORD_NANOPORE	5040211	5269004	5269004	4.5394	4.5394	norm
SRR22705160	OXFORD_NANOPORE	4342933	4495548	4495548	3.5141	3.5141	norm
SRR22805145	PACBIO_SMRT	5010245	6421131	5968237	28.1600	19.1207	pb_preset
SRR22805297	PACBIO_SMRT	4289989	5392812	5026034	25.7069	17.1573	pb_preset
SRR22809568	PACBIO_SMRT	3195259	3182570	3191966	-0.3971	-0.1031	pb_preset
SRR22823170	OXFORD_NANOPORE	3282349	4709360	4709360	43.4753	43.4753	norm
SRR22840785	PACBIO_SMRT	4574989	5344266	4923191	16.8148	7.6110	pb_preset
SRR22876607	PACBIO_SMRT	3166259	4990614	4457604	57.6186	40.7846	pb_preset
SRR22876612	PACBIO_SMRT	4006378	6754968	5927578	68.6054	47.9535	pb_preset
SRR22938818	OXFORD_NANOPORE	4990348	5275664	5275664	5.7174	5.7174	norm
SRR22984656	PACBIO_SMRT	4766362	5987052	5479600	25.6105	14.9640	pb_preset
SRR22997614	OXFORD_NANOPORE	5374479	5420599	5420599	0.8581	0.8581	norm
SRR22997615	OXFORD_NANOPORE	6935738	6883086	6873834	-0.7591	-0.8925	norm
SRR22997619	OXFORD_NANOPORE	6352228	6289835	6289835	-0.9822	-0.9822	norm
SRR22997623	OXFORD_NANOPORE	6337561	6266200	6266200	-1.1260	-1.1260	norm
SRR23030856	OXFORD_NANOPORE	7016867	6563802	6563802	-6.4568	-6.4568	norm
SRR23033285	OXFORD_NANOPORE	6541745	6755351	6755351	3.2653	3.2653	norm
SRR23044206	OXFORD_NANOPORE	5002448	4871058	4871058	-2.6265	-2.6265	norm
SRR23044210	OXFORD_NANOPORE	5629596	5198258	5198258	-7.6620	-7.6620	norm
SRR23044215	OXFORD_NANOPORE	5203101	5130153	5130153	-1.4020	-1.4020	norm
SRR23044219	OXFORD_NANOPORE	5431362	5064812	5064812	-6.7488	-6.7488	norm
SRR23044222	OXFORD_NANOPORE	5347938	4758040	4758040	-11.0304	-11.0304	norm
SRR23044223	OXFORD_NANOPORE	5197584	4664012	4664012	-10.2658	-10.2658	norm
SRR23086700	PACBIO_SMRT	3694481	4762429	4453811	28.9066	20.5531	pb_preset
SRR23092355	OXFORD_NANOPORE	5780855	5117061	5117061	-11.4826	-11.4826	norm
SRR23095539	PACBIO_SMRT	5162213	4899798	4934636	-5.0834	-4.4085	pb_preset
SRR23097117	OXFORD_NANOPORE	4212116	5532106	5532106	31.3379	31.3379	norm
SRR23111340	OXFORD_NANOPORE	9170171	10391369	10391369	13.3171	13.3171	norm
SRR23148050	OXFORD_NANOPORE	2270963	2156905	2156905	-5.0225	-5.0225	norm
SRR23148051	OXFORD_NANOPORE	2189610	2142246	2142246	-2.1631	-2.1631	norm
SRR23148057	OXFORD_NANOPORE	2151694	2079097	2079097	-3.3739	-3.3739	norm
SRR23148060	OXFORD_NANOPORE	2158391	2053557	2053557	-4.8570	-4.8570	norm
SRR23190563	OXFORD_NANOPORE	3642172	4103950	4121698	12.6786	13.1659	norm
SRR23190621	OXFORD_NANOPORE	3723810	3900681	3900681	4.7497	4.7497	norm
SRR23190625	OXFORD_NANOPORE	4772712	4996896	4996896	4.6972	4.6972	norm
SRR23290063	OXFORD_NANOPORE	2747791	3016559	3093656	9.7812	12.5870	norm
SRR23290064	OXFORD_NANOPORE	2922051	3157352	3079818	8.0526	5.3992	norm
SRR23290065	OXFORD_NANOPORE	4964086	4869631	4869631	-1.9028	-1.9028	norm
SRR23325988	OXFORD_NANOPORE	4173761	3121772	3121772	-25.2048	-25.2048	norm
SRR23329172	OXFORD_NANOPORE	4203336	2872920	2872920	-31.6514	-31.6514	norm
SRR23365104	OXFORD_NANOPORE	6147644	6224564	6224564	1.2512	1.2512	norm
SRR23385478	OXFORD_NANOPORE	6983959	8486934	7868225	21.5204	12.6614	norm
SRR23387316	OXFORD_NANOPORE	3867763	3862168	3862168	-0.1447	-0.1447	norm
SRR23387317	OXFORD_NANOPORE	3878279	3765670	3765670	-2.9036	-2.9036	norm
SRR23387324	OXFORD_NANOPORE	3899751	3768370	3768370	-3.3690	-3.3690	norm
SRR23389232	OXFORD_NANOPORE	4060596	4365374	4075596	7.5057	0.3694	norm
SRR23390615	OXFORD_NANOPORE	4064271	5431683	5431683	33.6447	33.6447	norm
SRR23392100	OXFORD_NANOPORE	4124338	4239905	4322929	2.8021	4.8151	norm
SRR23401452	OXFORD_NANOPORE	5861041	6075383	6075383	3.6571	3.6571	norm
SRR23401454	OXFORD_NANOPORE	6764851	6621831	6621831	-2.1142	-2.1142	norm
SRR23445272	OXFORD_NANOPORE	5102433	5612963	5612963	10.0056	10.0056	norm
SRR23450433	OXFORD_NANOPORE	6393703	6357242	6357242	-0.5703	-0.5703	norm
SRR23471040	OXFORD_NANOPORE	6588299	6265690	6265690	-4.8967	-4.8967	norm
SRR23471050	OXFORD_NANOPORE	6440143	5965286	6015497	-7.3734	-6.5937	norm
SRR23471073	OXFORD_NANOPORE	6583426	6042176	6018245	-8.2214	-8.5849	norm
SRR23471088	OXFORD_NANOPORE	6474081	6211066	6194296	-4.0626	-4.3216	norm
SRR23471090	OXFORD_NANOPORE	6475465	6237928	6237928	-3.6683	-3.6683	norm
SRR23471094	OXFORD_NANOPORE	6566841	6760564	6760564	2.9500	2.9500	norm
SRR23518000	PACBIO_SMRT	2161891	2766108	2522131	27.9485	16.6632	pb_preset
SRR23518001	PACBIO_SMRT	2161891	3494782	2873080	61.6539	32.8966	pb_preset
SRR23525315	PACBIO_SMRT	2133007	1952403	1950058	-8.4671	-8.5770	pb_preset
SRR23525317	PACBIO_SMRT	2055713	2002752	2007100	-2.5763	-2.3648	pb_preset
SRR23538270	PACBIO_SMRT	3305635	4267798	3987299	29.1068	20.6213	pb_preset
SRR23562243	PACBIO_SMRT	5189876	7101662	6453290	36.8368	24.3438	pb_preset
SRR23562248	PACBIO_SMRT	5075259	6889088	6297882	35.7386	24.0899	pb_preset
SRR23576511	OXFORD_NANOPORE	6722812	6711991	6711991	-0.1610	-0.1610	norm
SRR23576513	OXFORD_NANOPORE	6722813	6763096	6763096	0.5992	0.5992	norm
SRR23576515	OXFORD_NANOPORE	6834248	6508830	6508830	-4.7616	-4.7616	norm
SRR23636845	PACBIO_SMRT	3477232	4200819	4102317	20.8093	17.9765	pb_preset
SRR23641982	OXFORD_NANOPORE	3916688	4257464	4257464	8.7006	8.7006	norm
SRR23690828	OXFORD_NANOPORE	1815045	1844295	1844295	1.6115	1.6115	norm
SRR23690829	OXFORD_NANOPORE	1819995	1731885	1925692	-4.8412	5.8075	norm
SRR23690838	OXFORD_NANOPORE	2716118	2713921	2713921	-0.0809	-0.0809	norm
SRR23690853	OXFORD_NANOPORE	2455419	2081732	2415000	-15.2189	-1.6461	norm
SRR23692898	PACBIO_SMRT	4891911	6015276	5699726	22.9637	16.5133	pb_preset
SRR23697208	PACBIO_SMRT	3662325	3528780	3530840	-3.6465	-3.5902	pb_preset
SRR23701664	OXFORD_NANOPORE	4371975	4070773	4070773	-6.8894	-6.8894	norm
SRR23704013	OXFORD_NANOPORE	4371985	4168632	4168632	-4.6513	-4.6513	norm
SRR23754108	OXFORD_NANOPORE	6276641	5917438	5905422	-5.7229	-5.9143	norm
SRR23852394	PACBIO_SMRT	2679003	3230420	3076009	20.5829	14.8192	pb_preset
SRR23860488	OXFORD_NANOPORE	5407919	5404324	5404324	-0.0665	-0.0665	norm
SRR23873164	OXFORD_NANOPORE	4525627	4752373	4752373	5.0103	5.0103	norm
SRR23875562	OXFORD_NANOPORE	6229472	6632088	6632088	6.4631	6.4631	norm
SRR23879684	OXFORD_NANOPORE	3134028	3085290	3085290	-1.5551	-1.5551	norm
SRR23879687	OXFORD_NANOPORE	3094327	3045225	3045225	-1.5868	-1.5868	norm
SRR23891542	PACBIO_SMRT	4139584	6102486	5617514	47.4179	35.7024	pb_preset
SRR23891548	OXFORD_NANOPORE	4177695	5238760	5238760	25.3983	25.3983	norm
SRR23909975	OXFORD_NANOPORE	4875459	4707595	4707595	-3.4430	-3.4430	norm
SRR23940491	OXFORD_NANOPORE	4184250	4558062	4558062	8.9338	8.9338	norm
SRR23940503	OXFORD_NANOPORE	4184031	4453624	4453624	6.4434	6.4434	norm
SRR23952291	PACBIO_SMRT	4310851	4103944	4170926	-4.7997	-3.2459	pb_preset
SRR23952319	PACBIO_SMRT	6157393	5956956	5985386	-3.2552	-2.7935	pb_preset
SRR23998934	OXFORD_NANOPORE	3523847	4103308	4103308	16.4440	16.4440	norm
SRR23998943	OXFORD_NANOPORE	3523830	3695833	3695833	4.8811	4.8811	norm
SRR24000762	OXFORD_NANOPORE	2698227	2494809	2542942	-7.5390	-5.7551	norm
SRR24000764	OXFORD_NANOPORE	2882973	2773824	2808648	-3.7860	-2.5781	norm
SRR24000766	OXFORD_NANOPORE	2776501	2756748	2756748	-0.7114	-0.7114	norm
SRR24003359	PACBIO_SMRT	5041798	10757793	7989753	113.3722	58.4703	pb_preset
SRR24016856	OXFORD_NANOPORE	1873758	1880443	1875894	0.3568	0.1140	norm
SRR24017996	OXFORD_NANOPORE	2015622	2057726	2061220	2.0889	2.2622	norm
SRR24045860	OXFORD_NANOPORE	6208260	6443068	6443068	3.7822	3.7822	norm
SRR24079984	OXFORD_NANOPORE	4330354	4532698	4532698	4.6727	4.6727	norm
SRR24105536	PACBIO_SMRT	1257910	1951579	1711394	55.1446	36.0506	pb_preset
SRR24105538	PACBIO_SMRT	1269677	2067674	1788311	62.8504	40.8477	pb_preset
SRR24105540	PACBIO_SMRT	1257745	2035018	1758880	61.7989	39.8439	pb_preset
SRR24129362	OXFORD_NANOPORE	2153240	2030414	2030414	-5.7042	-5.7042	norm
SRR24137097	OXFORD_NANOPORE	4238773	4019388	4019388	-5.1757	-5.1757	norm
SRR24151137	OXFORD_NANOPORE	2422101	2538639	2538639	4.8114	4.8114	norm
SRR24151139	OXFORD_NANOPORE	2404817	2470679	2470679	2.7388	2.7388	norm
SRR24165796	OXFORD_NANOPORE	5373079	5532161	5532161	2.9607	2.9607	norm
SRR24201568	OXFORD_NANOPORE	2382213	1927181	2094433	-19.1012	-12.0804	norm
SRR24271048	OXFORD_NANOPORE	6799674	6679816	6679816	-1.7627	-1.7627	norm
SRR24271049	OXFORD_NANOPORE	6530867	6532046	6532046	0.0181	0.0181	norm
SRR24271050	OXFORD_NANOPORE	6403562	6445552	6445510	0.6557	0.6551	norm
SRR24271051	OXFORD_NANOPORE	6414103	6452261	6452261	0.5949	0.5949	norm
SRR24271052	OXFORD_NANOPORE	6377184	7223002	7223002	13.2632	13.2632	norm
SRR24271053	OXFORD_NANOPORE	6207969	6395156	6395156	3.0153	3.0153	norm
SRR24271058	OXFORD_NANOPORE	6392675	6357843	6357843	-0.5449	-0.5449	norm
SRR24271059	OXFORD_NANOPORE	6365050	6423557	6423557	0.9192	0.9192	norm
SRR24271061	OXFORD_NANOPORE	6956178	6787129	6787129	-2.4302	-2.4302	norm
SRR24271064	OXFORD_NANOPORE	6365055	6415322	6415322	0.7897	0.7897	norm
SRR24320911	OXFORD_NANOPORE	5170182	4881394	4881394	-5.5856	-5.5856	norm
SRR24320913	OXFORD_NANOPORE	5124023	4928526	4928526	-3.8153	-3.8153	norm
SRR24320915	OXFORD_NANOPORE	5127125	5009774	5009774	-2.2888	-2.2888	norm
SRR24324333	OXFORD_NANOPORE	4754569	5162372	5162372	8.5771	8.5771	norm
SRR24332397	PACBIO_SMRT	2223139	2325501	2205682	4.6044	-0.7852	pb_preset
SRR24356093	PACBIO_SMRT	7477410	10477430	8513749	40.1211	13.8596	pb_preset
SRR24356796	OXFORD_NANOPORE	3950658	4382671	4382671	10.9352	10.9352	norm
SRR24356799	OXFORD_NANOPORE	3215174	3404484	3404484	5.8880	5.8880	norm
SRR24363119	PACBIO_SMRT	9677243	23206612	15655100	139.8060	61.7723	pb_preset
SRR24363120	PACBIO_SMRT	9993776	21760808	14962165	117.7436	49.7148	pb_preset
SRR24363422	PACBIO_SMRT	9706274	20579690	15362684	112.0246	58.2758	pb_preset
SRR24391585	OXFORD_NANOPORE	5160726	5219792	5219792	1.1445	1.1445	norm
SRR24391587	OXFORD_NANOPORE	5185617	6185620	6185620	19.2842	19.2842	norm
SRR24451003	OXFORD_NANOPORE	5774491	6991096	6991096	21.0686	21.0686	norm
SRR24463593	OXFORD_NANOPORE	7067087	7350175	7350175	4.0057	4.0057	norm
SRR24489321	OXFORD_NANOPORE	3465850	4994212	4994212	44.0978	44.0978	norm
SRR24489322	OXFORD_NANOPORE	4296919	959850	1727891	-77.6619	-59.7877	norm
SRR24489328	OXFORD_NANOPORE	3274406	3453135	3453135	5.4584	5.4584	norm
SRR24496306	OXFORD_NANOPORE	6123448	6097408	6097408	-0.4253	-0.4253	norm
SRR24498229	PACBIO_SMRT	3573060	3553975	3565418	-0.5341	-0.2139	pb_preset
SRR24503423	OXFORD_NANOPORE	2770414	2698765	2703887	-2.5862	-2.4013	norm
SRR24503425	OXFORD_NANOPORE	2645303	2400191	2541170	-9.2659	-3.9365	norm
SRR24520269	OXFORD_NANOPORE	2806888	3212714	3212714	14.4582	14.4582	norm
SRR24529683	OXFORD_NANOPORE	2249793	2208381	2214104	-1.8407	-1.5863	norm
SRR24546986	OXFORD_NANOPORE	2877647	2952884	2952884	2.6145	2.6145	norm
SRR24546988	OXFORD_NANOPORE	2823702	2977513	2977513	5.4471	5.4471	norm
SRR24561040	OXFORD_NANOPORE	6989060	7034927	7034927	0.6563	0.6563	norm
SRR24561041	OXFORD_NANOPORE	6907391	7343842	6647372	6.3186	-3.7644	norm
SRR24564538	OXFORD_NANOPORE	2945604	3262428	3262428	10.7558	10.7558	norm
SRR24564539	OXFORD_NANOPORE	2870187	3082964	3082964	7.4133	7.4133	norm
SRR24564540	OXFORD_NANOPORE	2904543	3088638	3088638	6.3382	6.3382	norm
SRR24564545	OXFORD_NANOPORE	3045092	3008349	3008349	-1.2066	-1.2066	norm
SRR24564553	OXFORD_NANOPORE	2845302	2933548	2933548	3.1015	3.1015	norm
SRR24565792	OXFORD_NANOPORE	5979293	5812677	5812677	-2.7866	-2.7866	norm
SRR24633660	PACBIO_SMRT	3603828	4114351	3972537	14.1661	10.2310	pb_preset
SRR24653076	PACBIO_SMRT	5690110	5557341	5600393	-2.3333	-1.5767	pb_preset
SRR24740387	OXFORD_NANOPORE	6759782	7249091	7249091	7.2385	7.2385	norm
SRR24745629	OXFORD_NANOPORE	3970435	4424193	4424193	11.4284	11.4284	norm
SRR24768107	OXFORD_NANOPORE	6842488	7134982	7134982	4.2747	4.2747	norm
SRR24792119	OXFORD_NANOPORE	2689756	2673546	2667784	-0.6027	-0.8169	norm
SRR24796020	OXFORD_NANOPORE	7712921	7420935	7420935	-3.7857	-3.7857	norm
SRR24831249	PACBIO_SMRT	3020766	3451290	3299752	14.2521	9.2356	pb_preset
SRR24833076	OXFORD_NANOPORE	4183601	4337374	4337374	3.6756	3.6756	norm
SRR24833077	OXFORD_NANOPORE	4183601	4281147	4281147	2.3316	2.3316	norm
SRR24833082	OXFORD_NANOPORE	4183601	4468170	4468170	6.8020	6.8020	norm
SRR24833095	OXFORD_NANOPORE	4183601	3681462	3888552	-12.0026	-7.0525	norm
SRR24833096	OXFORD_NANOPORE	4183601	4612914	4612914	10.2618	10.2618	norm
SRR24834283	OXFORD_NANOPORE	2902787	2948587	2948587	1.5778	1.5778	norm
SRR24837485	OXFORD_NANOPORE	3720236	4808189	4808189	29.2442	29.2442	norm
SRR24860065	OXFORD_NANOPORE	5821656	6250326	6250326	7.3634	7.3634	norm
SRR24860066	OXFORD_NANOPORE	5755398	5594733	5529301	-2.7916	-3.9284	norm
SRR24860067	OXFORD_NANOPORE	5822796	5815486	5803455	-0.1255	-0.3322	norm
SRR24860068	OXFORD_NANOPORE	5834748	5653920	5611258	-3.0992	-3.8303	norm
SRR24890961	OXFORD_NANOPORE	2051605	2094440	2094440	2.0879	2.0879	norm
SRR24905656	OXFORD_NANOPORE	4800100	4238136	4325391	-11.7073	-9.8896	norm
SRR24949809	OXFORD_NANOPORE	6296733	9214396	9214396	46.3361	46.3361	norm
SRR24952280	OXFORD_NANOPORE	5213742	5601677	5601677	7.4406	7.4406	norm
SRR24952281	OXFORD_NANOPORE	5219751	5684861	5523210	8.9106	5.8137	norm
SRR24955880	OXFORD_NANOPORE	3604840	5110868	5110868	41.7779	41.7779	norm
SRR24955973	OXFORD_NANOPORE	2548838	2596045	2596045	1.8521	1.8521	norm
SRR25013904	PACBIO_SMRT	5938675	6955084	6537180	17.1151	10.0781	pb_preset
SRR25032973	OXFORD_NANOPORE	2696967	2747866	2747866	1.8873	1.8873	norm
SRR25032975	OXFORD_NANOPORE	2697081	2719326	2719326	0.8248	0.8248	norm
SRR25032983	OXFORD_NANOPORE	2697033	2818875	2818875	4.5176	4.5176	norm
SRR25041725	PACBIO_SMRT	9547725	12322487	11076604	29.0620	16.0130	pb_preset
SRR25068157	OXFORD_NANOPORE	2080063	2150095	2150095	3.3668	3.3668	norm
SRR25068159	OXFORD_NANOPORE	2302060	2410115	2410115	4.6938	4.6938	norm
SRR25110884	OXFORD_NANOPORE	1575041	1664791	1555748	5.6983	-1.2249	norm
SRR25113362	PACBIO_SMRT	1928284	2228788	2091634	15.5840	8.4713	pb_preset
SRR25120112	PACBIO_SMRT	2833095	3952047	3600833	39.4957	27.0989	pb_preset
SRR25134083	OXFORD_NANOPORE	4058791	4548674	4548674	12.0697	12.0697	norm
SRR25177534	OXFORD_NANOPORE	3893827	3875288	3875288	-0.4761	-0.4761	norm
SRR25210281	OXFORD_NANOPORE	2942932	3424165	3424165	16.3522	16.3522	norm
SRR25269555	OXFORD_NANOPORE	5295402	5144341	5083088	-2.8527	-4.0094	norm
SRR25298672	OXFORD_NANOPORE	5044257	4829336	4829336	-4.2607	-4.2607	norm
SRR25298673	OXFORD_NANOPORE	5043633	5038167	5038167	-0.1084	-0.1084	norm
SRR25298674	OXFORD_NANOPORE	5024343	5038702	5038702	0.2858	0.2858	norm
SRR25302807	OXFORD_NANOPORE	12397421	11463368	11463368	-7.5343	-7.5343	norm
SRR25366715	PACBIO_SMRT	10672615	12391969	11429721	16.1100	7.0939	pb_preset
SRR25382412	OXFORD_NANOPORE	4827526	4701774	4701774	-2.6049	-2.6049	norm
SRR25411576	OXFORD_NANOPORE	4979983	4755030	4755030	-4.5171	-4.5171	norm
SRR25474712	OXFORD_NANOPORE	6311744	6165986	6165986	-2.3093	-2.3093	norm
SRR25480262	OXFORD_NANOPORE	3935353	3839312	3858056	-2.4405	-1.9642	norm
SRR25488386	OXFORD_NANOPORE	6102102	5931246	5931246	-2.8000	-2.8000	norm
SRR25497764	OXFORD_NANOPORE	6390575	5810508	5810508	-9.0769	-9.0769	norm
SRR25497965	OXFORD_NANOPORE	2295481	2344625	2344625	2.1409	2.1409	norm
SRR25497966	OXFORD_NANOPORE	2275969	2298234	2364826	0.9783	3.9041	norm
SRR25497967	OXFORD_NANOPORE	2296104	2414940	2534390	5.1755	10.3778	norm
SRR25497968	OXFORD_NANOPORE	2290509	2509276	2509276	9.5510	9.5510	norm
SRR25500206	OXFORD_NANOPORE	5160776	5146107	5146107	-0.2842	-0.2842	norm
SRR25500408	OXFORD_NANOPORE	5945846	5935633	5935633	-0.1718	-0.1718	norm
SRR25500631	OXFORD_NANOPORE	6133480	5998852	5998852	-2.1950	-2.1950	norm
SRR25511190	OXFORD_NANOPORE	5041121	4969362	4969362	-1.4235	-1.4235	norm
SRR25511204	OXFORD_NANOPORE	5038633	5011765	5011765	-0.5332	-0.5332	norm
SRR25511210	OXFORD_NANOPORE	4877733	4744140	4744140	-2.7388	-2.7388	norm
SRR25536467	OXFORD_NANOPORE	4648169	4622746	4622746	-0.5469	-0.5469	norm
SRR25546981	OXFORD_NANOPORE	1990713	2619069	2619069	31.5644	31.5644	norm
SRR25570560	OXFORD_NANOPORE	5551583	5043722	5115853	-9.1480	-7.8488	norm
SRR25570561	OXFORD_NANOPORE	5551558	5029804	5231308	-9.3983	-5.7687	norm
SRR25581455	OXFORD_NANOPORE	3055873	3133618	3133618	2.5441	2.5441	norm
SRR25581457	OXFORD_NANOPORE	3134053	3146594	3146594	0.4002	0.4002	norm
SRR25581459	OXFORD_NANOPORE	3073808	3020226	3020226	-1.7432	-1.7432	norm
SRR25581605	OXFORD_NANOPORE	3046355	3026871	3026871	-0.6396	-0.6396	norm
SRR25592257	OXFORD_NANOPORE	5213460	5031868	5031868	-3.4831	-3.4831	norm
SRR25592442	OXFORD_NANOPORE	5506733	5313821	5313821	-3.5032	-3.5032	norm
SRR25592444	OXFORD_NANOPORE	4542908	4446966	4446966	-2.1119	-2.1119	norm
SRR25592464	OXFORD_NANOPORE	5094661	5060506	5060506	-0.6704	-0.6704	norm
SRR25592468	OXFORD_NANOPORE	4656323	4597962	4597962	-1.2534	-1.2534	norm
SRR25592474	OXFORD_NANOPORE	4851066	4790149	4790149	-1.2557	-1.2557	norm
SRR25607706	OXFORD_NANOPORE	4870688	4838723	4838723	-0.6563	-0.6563	norm
SRR25607708	OXFORD_NANOPORE	3586856	3469788	3469788	-3.2638	-3.2638	norm
SRR25607739	OXFORD_NANOPORE	5345276	5355437	5355437	0.1901	0.1901	norm
SRR25607743	OXFORD_NANOPORE	4790868	4769522	4769522	-0.4456	-0.4456	norm
SRR25607821	OXFORD_NANOPORE	2907308	3159292	3159292	8.6673	8.6673	norm
SRR25607822	OXFORD_NANOPORE	2946270	3341749	3341749	13.4230	13.4230	norm
SRR25626968	OXFORD_NANOPORE	4820799	4822782	4822782	0.0411	0.0411	norm
SRR25627033	OXFORD_NANOPORE	5682083	5663920	5663920	-0.3197	-0.3197	norm
SRR25627274	OXFORD_NANOPORE	4553867	4507910	4507910	-1.0092	-1.0092	norm
SRR25627316	OXFORD_NANOPORE	5807827	5372664	5372664	-7.4927	-7.4927	norm
SRR25627447	OXFORD_NANOPORE	4844012	4747706	4747706	-1.9881	-1.9881	norm
SRR25627964	OXFORD_NANOPORE	5748595	5620004	5620004	-2.2369	-2.2369	norm
SRR25689477	OXFORD_NANOPORE	5550869	5276966	5276966	-4.9344	-4.9344	norm
SRR25689478	OXFORD_NANOPORE	5551506	5292128	5213210	-4.6722	-6.0938	norm
SRR25689479	OXFORD_NANOPORE	5552868	4850098	4850098	-12.6560	-12.6560	norm
SRR25689480	OXFORD_NANOPORE	5552870	4960808	5262418	-10.6623	-5.2307	norm
SRR25689482	OXFORD_NANOPORE	5713227	4978493	5236000	-12.8602	-8.3530	norm
SRR25708024	OXFORD_NANOPORE	2143732	2096966	2171162	-2.1815	1.2795	norm
SRR25757805	OXFORD_NANOPORE	5387833	6459205	6459205	19.8850	19.8850	norm
SRR25775079	OXFORD_NANOPORE	6215719	6594146	6594146	6.0882	6.0882	norm
SRR25775081	OXFORD_NANOPORE	6247839	6195028	6195028	-0.8453	-0.8453	norm
SRR25775191	PACBIO_SMRT	4123266	4619530	4477082	12.0357	8.5810	pb_preset
SRR25775193	PACBIO_SMRT	4120375	4659961	4516586	13.0956	9.6159	pb_preset
SRR25775195	PACBIO_SMRT	4104154	4520724	4352994	10.1500	6.0631	pb_preset
SRR25793747	OXFORD_NANOPORE	6752883	6816840	6816840	0.9471	0.9471	norm
SRR25835575	PACBIO_SMRT	5880490	7240888	6768916	23.1341	15.1080	pb_preset
SRR25904912	OXFORD_NANOPORE	4446568	4263124	4263124	-4.1255	-4.1255	norm
SRR25905145	OXFORD_NANOPORE	4844288	4939683	4939683	1.9692	1.9692	norm
SRR25905147	OXFORD_NANOPORE	5877130	5857512	5857512	-0.3338	-0.3338	norm
SRR25907068	OXFORD_NANOPORE	3536915	3576024	3576024	1.1057	1.1057	norm
SRR25916648	PACBIO_SMRT	2128578	2063168	2061605	-3.0729	-3.1464	pb_preset
SRR26051222	OXFORD_NANOPORE	5118957	5192304	5192304	1.4329	1.4329	norm
SRR26051224	OXFORD_NANOPORE	4876921	5078190	5078190	4.1270	4.1270	norm
SRR26051226	OXFORD_NANOPORE	4967622	5004474	5004474	0.7418	0.7418	norm
SRR26051229	OXFORD_NANOPORE	5095245	5119338	5119338	0.4729	0.4729	norm
SRR26051230	OXFORD_NANOPORE	4967919	5114468	5114468	2.9499	2.9499	norm
SRR26051232	OXFORD_NANOPORE	5157404	5303563	5303563	2.8340	2.8340	norm
SRR26051234	OXFORD_NANOPORE	5046058	4891129	4891129	-3.0703	-3.0703	norm
SRR26051236	OXFORD_NANOPORE	4889272	4981807	4981807	1.8926	1.8926	norm
SRR26051238	OXFORD_NANOPORE	5019304	5207797	5207797	3.7554	3.7554	norm
SRR26051240	OXFORD_NANOPORE	5168010	5382313	5382313	4.1467	4.1467	norm
SRR26051242	OXFORD_NANOPORE	5136510	5195964	5195964	1.1575	1.1575	norm
SRR26135714	OXFORD_NANOPORE	5729112	5630726	5630726	-1.7173	-1.7173	norm
SRR26146665	OXFORD_NANOPORE	2574940	2575707	2574026	0.0298	-0.0355	norm
SRR26146667	OXFORD_NANOPORE	2666890	2718914	2674376	1.9507	0.2807	norm
SRR26162836	OXFORD_NANOPORE	5619595	6007036	6007036	6.8945	6.8945	norm
SRR26162843	OXFORD_NANOPORE	4988840	4841406	4841406	-2.9553	-2.9553	norm
SRR26182000	OXFORD_NANOPORE	2735708	2606636	2606636	-4.7180	-4.7180	norm
SRR26182001	OXFORD_NANOPORE	2576706	2521417	2521417	-2.1457	-2.1457	norm
SRR26182002	OXFORD_NANOPORE	2470594	2398316	2398316	-2.9255	-2.9255	norm
SRR26182377	OXFORD_NANOPORE	4975815	5019683	5019683	0.8816	0.8816	norm
SRR26193454	OXFORD_NANOPORE	4414055	5478594	5478594	24.1170	24.1170	norm
SRR26205257	OXFORD_NANOPORE	2789603	2856552	2856552	2.3999	2.3999	norm
SRR26205259	OXFORD_NANOPORE	6179370	6488989	6488989	5.0105	5.0105	norm
SRR26205269	OXFORD_NANOPORE	6325586	6375693	6375693	0.7921	0.7921	norm
SRR26205285	PACBIO_SMRT	4147684	6798244	6017651	63.9046	45.0846	pb_preset
SRR26255159	OXFORD_NANOPORE	6882929	7220830	7220830	4.9093	4.9093	norm
SRR26255161	OXFORD_NANOPORE	4217417	4165760	4165760	-1.2248	-1.2248	norm
SRR26302840	PACBIO_SMRT	2148242	1843555	1836021	-14.1831	-14.5338	pb_preset
SRR26302841	PACBIO_SMRT	1991561	1877442	1905095	-5.7301	-4.3416	pb_preset
SRR26305307	OXFORD_NANOPORE	4959032	5196588	5196588	4.7904	4.7904	norm
SRR26305309	OXFORD_NANOPORE	4964120	6233288	6050490	25.5668	21.8844	norm
SRR26305318	OXFORD_NANOPORE	6310317	6994446	6994446	10.8414	10.8414	norm
SRR26305320	OXFORD_NANOPORE	6270416	6796867	6796867	8.3958	8.3958	norm
SRR26305322	PACBIO_SMRT	6274395	8125135	7373388	29.4967	17.5155	pb_preset
SRR26305323	OXFORD_NANOPORE	4217171	4027496	4027496	-4.4977	-4.4977	norm
SRR26305324	OXFORD_NANOPORE	6274395	7171440	7171440	14.2969	14.2969	norm
SRR26305326	PACBIO_SMRT	6275358	8266820	7445338	31.7346	18.6440	pb_preset
SRR26305327	OXFORD_NANOPORE	6275358	7209805	7209805	14.8907	14.8907	norm
SRR26305329	OXFORD_NANOPORE	4638959	4908944	4908944	5.8199	5.8199	norm
SRR26305331	OXFORD_NANOPORE	4647666	4748849	4748849	2.1771	2.1771	norm
SRR26305335	OXFORD_NANOPORE	4214842	4388978	4388978	4.1315	4.1315	norm
SRR26327166	OXFORD_NANOPORE	4662912	4652420	4652420	-0.2250	-0.2250	norm
SRR26335726	OXFORD_NANOPORE	8767305	7658851	7658851	-12.6430	-12.6430	norm
SRR26335727	OXFORD_NANOPORE	8041125	7579915	7579915	-5.7356	-5.7356	norm
SRR26336054	OXFORD_NANOPORE	9184954	7999220	7999220	-12.9095	-12.9095	norm
SRR26337672	OXFORD_NANOPORE	7645890	7281490	7281490	-4.7660	-4.7660	norm
SRR26364401	PACBIO_SMRT	6921156	6552886	6649630	-5.3209	-3.9231	pb_preset
SRR26374538	OXFORD_NANOPORE	3887085	3982301	3982301	2.4495	2.4495	norm
SRR26378203	OXFORD_NANOPORE	4528424	4280674	4280674	-5.4710	-5.4710	norm
SRR26382609	PACBIO_SMRT	7402177	6680039	6956096	-9.7558	-6.0263	pb_preset
SRR26382618	OXFORD_NANOPORE	5551446	5533681	5533681	-0.3200	-0.3200	norm
SRR26386754	OXFORD_NANOPORE	4464400	4494210	4494210	0.6677	0.6677	norm
SRR26418082	OXFORD_NANOPORE	3935490	3875886	3875886	-1.5145	-1.5145	norm
SRR26435097	PACBIO_SMRT	4123266	4687844	4545510	13.6925	10.2405	pb_preset
SRR26435099	PACBIO_SMRT	4120375	4640832	4490276	12.6313	8.9774	pb_preset
SRR26435101	PACBIO_SMRT	4104154	4557632	4398136	11.0492	7.1630	pb_preset
SRR26465429	OXFORD_NANOPORE	2267026	1455168	2222571	-35.8116	-1.9609	norm
SRR26465432	OXFORD_NANOPORE	2279983	2187968	2218125	-4.0358	-2.7131	norm
SRR26465438	OXFORD_NANOPORE	2876952	3034940	3034940	5.4915	5.4915	norm
SRR26465443	OXFORD_NANOPORE	5902098	6703356	6703356	13.5758	13.5758	norm
SRR26465447	OXFORD_NANOPORE	5783275	6195356	6195356	7.1254	7.1254	norm
SRR26465454	OXFORD_NANOPORE	2090920	2083751	2083751	-0.3429	-0.3429	norm
SRR26465462	OXFORD_NANOPORE	2025102	1916183	1996284	-5.3784	-1.4230	norm
SRR26465463	OXFORD_NANOPORE	2083396	2063175	2063175	-0.9706	-0.9706	norm
SRR26465468	OXFORD_NANOPORE	4320961	4965718	4965718	14.9216	14.9216	norm
SRR26465469	OXFORD_NANOPORE	4211219	4481368	4481368	6.4150	6.4150	norm
SRR26465471	OXFORD_NANOPORE	4224788	4710698	4432907	11.5014	4.9261	norm
SRR26465472	OXFORD_NANOPORE	4303228	4411526	4411526	2.5167	2.5167	norm
SRR26465473	OXFORD_NANOPORE	3931757	4494792	4297870	14.3202	9.3117	norm
SRR26465474	OXFORD_NANOPORE	4124926	4453914	4453914	7.9756	7.9756	norm
SRR26465521	OXFORD_NANOPORE	2285943	42314	2237900	-98.1489	-2.1017	norm
SRR26465523	OXFORD_NANOPORE	2235838	59659	2152985	-97.3317	-3.7057	norm
SRR26465524	OXFORD_NANOPORE	2287581	53362	2138308	-97.6673	-6.5254	norm
SRR26465526	OXFORD_NANOPORE	2230369	27170	2214342	-98.7818	-0.7186	norm
SRR26465527	OXFORD_NANOPORE	2044647	2024714	2024714	-0.9749	-0.9749	norm
SRR26465529	OXFORD_NANOPORE	2007792	1977972	1977972	-1.4852	-1.4852	norm
SRR26465548	OXFORD_NANOPORE	7128425	6980142	6980142	-2.0802	-2.0802	norm
SRR26465550	OXFORD_NANOPORE	7006387	7229120	7229120	3.1790	3.1790	norm
SRR26465554	OXFORD_NANOPORE	6668900	6668902	6668902	0.0000	0.0000	norm
SRR26465556	OXFORD_NANOPORE	7005064	6607888	6607888	-5.6698	-5.6698	norm
SRR26465557	OXFORD_NANOPORE	6312609	5986284	6041763	-5.1694	-4.2906	norm
SRR26465559	OXFORD_NANOPORE	3176325	3150212	3032838	-0.8221	-4.5174	norm
SRR26465560	OXFORD_NANOPORE	3198172	314829	2926832	-90.1560	-8.4842	norm
SRR26465563	OXFORD_NANOPORE	3117753	1673370	3043047	-46.3277	-2.3961	norm
SRR26465565	OXFORD_NANOPORE	3142746	3008882	2997840	-4.2595	-4.6108	norm
SRR26465730	OXFORD_NANOPORE	6359564	6350264	6350264	-0.1462	-0.1462	norm
SRR26473422	OXFORD_NANOPORE	4956775	5260980	5260980	6.1372	6.1372	norm
SRR26473444	PACBIO_SMRT	4215606	7007502	6249193	66.2276	48.2395	pb_preset
SRR26473445	OXFORD_NANOPORE	4215606	4421759	4421759	4.8902	4.8902	norm
SRR26621750	OXFORD_NANOPORE	4417119	4215742	4215742	-4.5590	-4.5590	norm
SRR26621751	OXFORD_NANOPORE	4280321	3776396	3776396	-11.7731	-11.7731	norm
SRR26624652	OXFORD_NANOPORE	4658510	4838968	4838968	3.8737	3.8737	norm
SRR26643263	OXFORD_NANOPORE	5551563	5198105	5282909	-6.3668	-4.8392	norm
SRR26643264	OXFORD_NANOPORE	5551538	4935431	4935431	-11.0980	-11.0980	norm
SRR26643265	OXFORD_NANOPORE	5551562	4985023	5203455	-10.2050	-6.2704	norm
SRR26643493	OXFORD_NANOPORE	3935353	3747090	3747090	-4.7839	-4.7839	norm
SRR26688612	OXFORD_NANOPORE	6733472	6567544	6567544	-2.4642	-2.4642	norm
SRR26715165	OXFORD_NANOPORE	2271101	928901	2130202	-59.0991	-6.2040	norm
SRR26715166	OXFORD_NANOPORE	2271523	489466	2071715	-78.4521	-8.7962	norm
SRR26716712	OXFORD_NANOPORE	4315796	4392904	4392904	1.7866	1.7866	norm
SRR26730976	OXFORD_NANOPORE	2937905	3283017	3426114	11.7469	16.6176	norm
SRR26742021	OXFORD_NANOPORE	4306969	3250714	3613911	-24.5243	-16.0915	norm
SRR26748292	OXFORD_NANOPORE	2981276	2918745	2918745	-2.0975	-2.0975	norm
SRR26748298	OXFORD_NANOPORE	2770393	2773186	2773186	0.1008	0.1008	norm
SRR26794288	PACBIO_SMRT	5060308	6788958	6264331	34.1610	23.7935	pb_preset
SRR26795840	PACBIO_SMRT	4834098	6109786	5744261	26.3894	18.8280	pb_preset
SRR26804258	PACBIO_SMRT	6534616	8349642	7981266	27.7756	22.1383	pb_preset
SRR26830257	OXFORD_NANOPORE	3199580	2831625	2831625	-11.5001	-11.5001	norm
SRR26841315	OXFORD_NANOPORE	1008816	970976	1002312	-3.7509	-0.6447	norm
SRR26841318	OXFORD_NANOPORE	989333	1091973	1091973	10.3747	10.3747	norm
SRR26841323	OXFORD_NANOPORE	987451	863517	916778	-12.5509	-7.1571	norm
SRR26857544	OXFORD_NANOPORE	5682083	5743828	5743828	1.0867	1.0867	norm
SRR26882392	OXFORD_NANOPORE	4761538	4697690	4697690	-1.3409	-1.3409	norm
SRR26937449	PACBIO_SMRT	4057055	3986390	4045322	-1.7418	-0.2892	pb_preset
SRR26942067	OXFORD_NANOPORE	7212699	7549256	7549256	4.6662	4.6662	norm
SRR26961105	PACBIO_SMRT	7111297	6856271	6905496	-3.5862	-2.8940	pb_preset
SRR26961106	PACBIO_SMRT	7552305	7345474	7389593	-2.7386	-2.1545	pb_preset
SRR26974595	OXFORD_NANOPORE	2804934	2845562	2845562	1.4484	1.4484	norm
SRR26989784	OXFORD_NANOPORE	8110254	8116575	8116575	0.0779	0.0779	norm
SRR26989785	OXFORD_NANOPORE	8131986	8275335	8275335	1.7628	1.7628	norm
SRR26989786	OXFORD_NANOPORE	8131931	8150689	8150689	0.2307	0.2307	norm
SRR26992868	OXFORD_NANOPORE	2773562	2856948	2856948	3.0065	3.0065	norm
SRR26992902	OXFORD_NANOPORE	2552707	3226997	3226997	26.4147	26.4147	norm
SRR26994302	OXFORD_NANOPORE	5619595	5781382	5381980	2.8790	-4.2283	norm
SRR27033672	OXFORD_NANOPORE	4243755	4155396	4155396	-2.0821	-2.0821	norm
SRR27033692	PACBIO_SMRT	3484100	3263186	3297590	-6.3406	-5.3532	pb_preset
SRR27033702	PACBIO_SMRT	7316924	5835254	6045012	-20.2499	-17.3832	pb_preset
SRR27033706	PACBIO_SMRT	2187333	2107456	2108268	-3.6518	-3.6147	pb_preset
SRR27033711	PACBIO_SMRT	6711709	6144815	6269459	-8.4463	-6.5892	pb_preset
SRR27033717	PACBIO_SMRT	3721798	3695366	3710953	-0.7102	-0.2914	pb_preset
SRR27033720	PACBIO_SMRT	6589281	6343050	6395510	-3.7368	-2.9407	pb_preset
SRR27033724	OXFORD_NANOPORE	4619496	4621268	4621268	0.0384	0.0384	norm
SRR27089206	OXFORD_NANOPORE	4743726	4709196	4709196	-0.7279	-0.7279	norm
SRR27089208	OXFORD_NANOPORE	4870101	4833392	4833392	-0.7538	-0.7538	norm
SRR27089216	OXFORD_NANOPORE	2693873	2652826	2652826	-1.5237	-1.5237	norm
SRR27089219	OXFORD_NANOPORE	3119535	3117518	3117518	-0.0647	-0.0647	norm
SRR27135507	OXFORD_NANOPORE	7037146	6751901	6751901	-4.0534	-4.0534	norm
SRR27136102	OXFORD_NANOPORE	1731453	1708118	1708118	-1.3477	-1.3477	norm
SRR27136103	OXFORD_NANOPORE	1731453	1635705	1635705	-5.5299	-5.5299	norm
SRR27136104	OXFORD_NANOPORE	1733516	1705504	1705504	-1.6159	-1.6159	norm
SRR27136105	OXFORD_NANOPORE	1735524	1724838	1724838	-0.6157	-0.6157	norm
SRR27136106	OXFORD_NANOPORE	1729406	1689559	1689559	-2.3041	-2.3041	norm
SRR27136108	OXFORD_NANOPORE	1731455	1703838	1703838	-1.5950	-1.5950	norm
SRR27136109	OXFORD_NANOPORE	1733189	1711504	1680477	-1.2512	-3.0413	norm
SRR27136110	OXFORD_NANOPORE	1733514	1716460	1716460	-0.9838	-0.9838	norm
SRR27136111	OXFORD_NANOPORE	1733516	1696054	1696054	-2.1610	-2.1610	norm
SRR27136112	OXFORD_NANOPORE	1731453	1686730	1686730	-2.5830	-2.5830	norm
SRR27136113	OXFORD_NANOPORE	1729391	1722238	1722238	-0.4136	-0.4136	norm
SRR27136114	OXFORD_NANOPORE	1729392	1710998	1710998	-1.0636	-1.0636	norm
SRR27162019	OXFORD_NANOPORE	7640287	7340137	7340137	-3.9285	-3.9285	norm
SRR27175321	OXFORD_NANOPORE	6097890	6178330	6178330	1.3191	1.3191	norm
SRR27183504	OXFORD_NANOPORE	3597785	3945544	3945544	9.6659	9.6659	norm
SRR27187200	OXFORD_NANOPORE	6693153	6264471	6264471	-6.4048	-6.4048	norm
SRR27198271	OXFORD_NANOPORE	4152794	4191782	4191782	0.9388	0.9388	norm
SRR27198384	OXFORD_NANOPORE	4409437	4536706	4536706	2.8863	2.8863	norm
SRR27204061	OXFORD_NANOPORE	3150274	3092686	3092686	-1.8280	-1.8280	norm
SRR27204063	OXFORD_NANOPORE	2965833	2877987	2877987	-2.9619	-2.9619	norm
SRR27218471	OXFORD_NANOPORE	3621605	3935788	3935788	8.6752	8.6752	norm
SRR27218567	OXFORD_NANOPORE	3893327	4292642	4292642	10.2564	10.2564	norm
SRR27219901	OXFORD_NANOPORE	3892263	4956196	4956196	27.3346	27.3346	norm
SRR27256752	OXFORD_NANOPORE	4765196	4689250	4689250	-1.5938	-1.5938	norm
SRR27256802	OXFORD_NANOPORE	4760091	4586092	4606201	-3.6554	-3.2329	norm
SRR27272519	PACBIO_SMRT	1841219	4763480	3681962	158.7134	99.9741	pb_preset
SRR27312761	OXFORD_NANOPORE	6424469	6662628	6662628	3.7071	3.7071	norm
SRR27467448	OXFORD_NANOPORE	5325176	5702622	5702622	7.0880	7.0880	norm
SRR27467449	OXFORD_NANOPORE	5325176	5132220	5591070	-3.6235	4.9931	norm
SRR27467450	OXFORD_NANOPORE	5325176	5495823	5495823	3.2045	3.2045	norm
SRR27467477	OXFORD_NANOPORE	5176282	6112491	6112491	18.0865	18.0865	norm
SRR27467478	OXFORD_NANOPORE	5176282	5406536	5704942	4.4483	10.2131	norm
SRR27467479	OXFORD_NANOPORE	5176282	5780455	5780455	11.6719	11.6719	norm
SRR27467497	PACBIO_SMRT	2677288	3040197	2947816	13.5551	10.1046	pb_preset
SRR27467500	PACBIO_SMRT	2763307	3221040	3138972	16.5647	13.5948	pb_preset
SRR27467501	PACBIO_SMRT	2763294	3200090	3121272	15.8071	12.9548	pb_preset
SRR27467502	PACBIO_SMRT	2628153	2998922	2930909	14.1076	11.5197	pb_preset
SRR27467503	PACBIO_SMRT	2758816	3164355	3087356	14.6997	11.9087	pb_preset
SRR27467504	PACBIO_SMRT	2763341	3204516	3121780	15.9653	12.9712	pb_preset
SRR27467505	PACBIO_SMRT	2763289	3181346	3102480	15.1290	12.2749	pb_preset
SRR27467508	PACBIO_SMRT	2758838	3231430	3144123	17.1301	13.9655	pb_preset
SRR27467509	PACBIO_SMRT	2758839	3177982	3100072	15.1927	12.3687	pb_preset
SRR27467511	PACBIO_SMRT	2614675	3067981	2967952	17.3370	13.5113	pb_preset
SRR27467529	PACBIO_SMRT	2708221	3113737	3045102	14.9735	12.4392	pb_preset
SRR27467545	PACBIO_SMRT	2577173	2993108	2923277	16.1392	13.4296	pb_preset
SRR27467549	PACBIO_SMRT	2559690	2932740	2851932	14.5740	11.4171	pb_preset
SRR27467552	PACBIO_SMRT	2647634	2997765	2919568	13.2243	10.2708	pb_preset
SRR27467554	PACBIO_SMRT	2556042	2916948	2835138	14.1197	10.9191	pb_preset
SRR27467576	PACBIO_SMRT	2745352	3125623	3058208	13.8514	11.3958	pb_preset
SRR27467579	PACBIO_SMRT	2688131	3078641	2997526	14.5272	11.5097	pb_preset
SRR27467584	PACBIO_SMRT	2556042	2894788	2822985	13.2528	10.4436	pb_preset
SRR27467586	PACBIO_SMRT	2556042	2918956	2837113	14.1983	10.9963	pb_preset
SRR27467589	OXFORD_NANOPORE	5206775	5817043	5817043	11.7207	11.7207	norm
SRR27467590	OXFORD_NANOPORE	5206775	5477422	5510175	5.1980	5.8270	norm
SRR27467591	OXFORD_NANOPORE	5206775	5708224	5708224	9.6307	9.6307	norm
SRR27558654	PACBIO_SMRT	4027436	4751030	4482311	17.9666	11.2944	pb_preset
SRR27561239	OXFORD_NANOPORE	2663721	3056835	3056835	14.7581	14.7581	norm
SRR27561241	OXFORD_NANOPORE	2558482	2611979	2611979	2.0910	2.0910	norm
SRR27561242	OXFORD_NANOPORE	2561081	2779840	2779840	8.5417	8.5417	norm
SRR27561248	OXFORD_NANOPORE	2611460	2889402	2889402	10.6432	10.6432	norm
SRR27561250	OXFORD_NANOPORE	2538102	2698805	2698805	6.3316	6.3316	norm
SRR27561273	OXFORD_NANOPORE	2498570	2929684	2789678	17.2544	11.6510	norm
SRR27561276	OXFORD_NANOPORE	2439988	3248445	2887868	33.1336	18.3558	norm
SRR27561279	OXFORD_NANOPORE	2587345	2618218	2749752	1.1932	6.2770	norm
SRR27608435	OXFORD_NANOPORE	6427509	6426988	6473648	-0.0081	0.7178	norm
SRR27638605	PACBIO_SMRT	3333066	3182542	3205858	-4.5161	-3.8165	pb_preset
SRR27678663	OXFORD_NANOPORE	5004067	6031263	6031263	20.5272	20.5272	norm
SRR27678667	OXFORD_NANOPORE	5451292	5834862	5834862	7.0363	7.0363	norm
SRR27678670	OXFORD_NANOPORE	4237328	5427074	5427074	28.0777	28.0777	norm
SRR27678677	OXFORD_NANOPORE	3677506	3835105	3835105	4.2855	4.2855	norm
SRR27678678	OXFORD_NANOPORE	3797173	4288046	4288046	12.9273	12.9273	norm
SRR27678687	OXFORD_NANOPORE	5436505	6189160	6189160	13.8445	13.8445	norm
SRR27678688	OXFORD_NANOPORE	4014983	4644847	4644847	15.6878	15.6878	norm
SRR27678689	OXFORD_NANOPORE	5501225	6070819	6070819	10.3539	10.3539	norm
SRR27678693	OXFORD_NANOPORE	3781803	4800214	4800214	26.9292	26.9292	norm
SRR27678694	OXFORD_NANOPORE	3777634	4362178	4362178	15.4738	15.4738	norm
SRR27678695	OXFORD_NANOPORE	4335104	5010410	5010410	15.5776	15.5776	norm
SRR27678699	OXFORD_NANOPORE	3681492	4500576	4500576	22.2487	22.2487	norm
SRR27678700	OXFORD_NANOPORE	4090469	4310959	4310959	5.3903	5.3903	norm
SRR27678701	OXFORD_NANOPORE	4090469	4240232	4240232	3.6613	3.6613	norm
SRR27678704	OXFORD_NANOPORE	5289572	6394440	6394440	20.8877	20.8877	norm
SRR27678709	OXFORD_NANOPORE	6231385	7196958	7196958	15.4953	15.4953	norm
SRR27678712	OXFORD_NANOPORE	5668946	7167694	7167694	26.4379	26.4379	norm
SRR27678714	OXFORD_NANOPORE	5786109	5855966	5855966	1.2073	1.2073	norm
SRR27678716	OXFORD_NANOPORE	5588297	6983263	6983263	24.9623	24.9623	norm
SRR27678719	OXFORD_NANOPORE	4803959	6048008	6048008	25.8963	25.8963	norm
SRR27678720	OXFORD_NANOPORE	5093378	5635142	5635142	10.6366	10.6366	norm
SRR27678724	OXFORD_NANOPORE	6085354	7060291	7060291	16.0210	16.0210	norm
SRR27678734	OXFORD_NANOPORE	5783869	7021594	7021594	21.3996	21.3996	norm
SRR27678745	OXFORD_NANOPORE	5678058	5956230	5956230	4.8991	4.8991	norm
SRR27678752	OXFORD_NANOPORE	6698229	7352474	7352474	9.7674	9.7674	norm
SRR27678753	OXFORD_NANOPORE	4085814	4174707	4174707	2.1756	2.1756	norm
SRR27678759	OXFORD_NANOPORE	5688347	6225567	6225567	9.4442	9.4442	norm
SRR27678764	OXFORD_NANOPORE	5348884	6496142	6496142	21.4485	21.4485	norm
SRR27695013	PACBIO_SMRT	4932464	5602922	5321580	13.5928	7.8889	pb_preset
SRR27704963	PACBIO_SMRT	5130088	5835423	5532956	13.7490	7.8530	pb_preset
SRR27704964	PACBIO_SMRT	4885829	5624988	5360042	15.1286	9.7059	pb_preset
SRR27704967	PACBIO_SMRT	5029763	5697914	5373863	13.2839	6.8413	pb_preset
SRR27710529	OXFORD_NANOPORE	5243269	4970518	4970518	-5.2019	-5.2019	norm
SRR27710535	OXFORD_NANOPORE	4120089	4056454	4056454	-1.5445	-1.5445	norm
SRR27726272	PACBIO_SMRT	4862388	4186480	4092410	-13.9007	-15.8354	pb_preset
SRR27798004	OXFORD_NANOPORE	3807059	3985847	3985847	4.6962	4.6962	norm
SRR27829598	OXFORD_NANOPORE	5696771	5802244	5802244	1.8515	1.8515	norm
SRR27869584	OXFORD_NANOPORE	4703667	4956111	4956111	5.3670	5.3670	norm
SRR27935473	OXFORD_NANOPORE	4130172	5605730	5605730	35.7263	35.7263	norm
SRR27956926	PACBIO_SMRT	2044475	2209981	1734404	8.0953	-15.1663	pb_preset
SRR27962678	OXFORD_NANOPORE	2863896	2995020	3004588	4.5785	4.9126	norm
SRR27967205	OXFORD_NANOPORE	5147272	5317354	5011827	3.3043	-2.6314	norm
SRR27967206	OXFORD_NANOPORE	5166098	4958066	4958066	-4.0269	-4.0269	norm
SRR27967207	OXFORD_NANOPORE	5121455	5013609	5013609	-2.1058	-2.1058	norm
SRR27967419	OXFORD_NANOPORE	5476635	5036648	5048764	-8.0339	-7.8127	norm
SRR27967420	OXFORD_NANOPORE	5505582	5149416	5149416	-6.4692	-6.4692	norm
SRR28015934	OXFORD_NANOPORE	6868315	6992915	6992915	1.8141	1.8141	norm
SRR28019343	PACBIO_SMRT	5503431	6473077	6289332	17.6189	14.2802	pb_preset
SRR28036849	OXFORD_NANOPORE	4882635	4728998	4728998	-3.1466	-3.1466	norm
SRR28037804	PACBIO_SMRT	5408050	6359724	6211391	17.5974	14.8545	pb_preset
SRR28037811	PACBIO_SMRT	1991976	3218418	2673110	61.5691	34.1939	pb_preset
SRR28046834	OXFORD_NANOPORE	6929220	6679110	6679110	-3.6095	-3.6095	norm
SRR28046836	OXFORD_NANOPORE	7361451	7054621	7054621	-4.1681	-4.1681	norm
SRR28053600	OXFORD_NANOPORE	3435295	3505222	3505222	2.0355	2.0355	norm
SRR28082841	OXFORD_NANOPORE	6725148	6728527	6728527	0.0502	0.0502	norm
SRR28084436	OXFORD_NANOPORE	5339950	4649382	4649382	-12.9321	-12.9321	norm
SRR28084437	OXFORD_NANOPORE	5409590	4816008	4816008	-10.9728	-10.9728	norm
SRR28110421	OXFORD_NANOPORE	2611619	2678956	2678956	2.5784	2.5784	norm
SRR28110551	OXFORD_NANOPORE	2611553	2575828	2575828	-1.3680	-1.3680	norm
SRR28129708	PACBIO_SMRT	1629078	1581839	1583825	-2.8997	-2.7778	pb_preset
SRR28153371	OXFORD_NANOPORE	4058791	4473772	4473772	10.2243	10.2243	norm
SRR28203231	OXFORD_NANOPORE	5853167	5741396	5741396	-1.9096	-1.9096	norm
SRR28208385	OXFORD_NANOPORE	1000928	1251459	1251459	25.0299	25.0299	norm
SRR28208482	OXFORD_NANOPORE	1132542	972802	1086767	-14.1046	-4.0418	norm
SRR28222457	OXFORD_NANOPORE	4024416	4023532	4023532	-0.0220	-0.0220	norm
SRR28222992	OXFORD_NANOPORE	3904583	4337949	4337949	11.0989	11.0989	norm
SRR28223506	OXFORD_NANOPORE	4598240	3498270	3737706	-23.9215	-18.7144	norm
SRR28223604	OXFORD_NANOPORE	2455483	2708460	2696385	10.3025	9.8108	norm
SRR28247437	OXFORD_NANOPORE	6243169	6182175	6182175	-0.9770	-0.9770	norm
SRR28257190	PACBIO_SMRT	6275045	8256206	7485976	31.5721	19.2976	pb_preset
SRR28257202	PACBIO_SMRT	4648175	7991934	6665355	71.9370	43.3972	pb_preset
SRR28257217	PACBIO_SMRT	4299551	5263435	4906206	22.4182	14.1097	pb_preset
SRR28257223	PACBIO_SMRT	4298779	5183420	4831842	20.5789	12.4003	pb_preset
SRR28257226	PACBIO_SMRT	4299489	5133774	4810369	19.4043	11.8823	pb_preset
SRR28257243	PACBIO_SMRT	4638994	7574970	6566071	63.2891	41.5408	pb_preset
SRR28257247	PACBIO_SMRT	4645241	5729791	5301844	23.3476	14.1350	pb_preset
SRR28257255	PACBIO_SMRT	4295479	5252110	4896290	22.2706	13.9871	pb_preset
SRR28257257	OXFORD_NANOPORE	4308670	4991936	4991936	15.8579	15.8579	norm
SRR28331549	OXFORD_NANOPORE	5410479	5755711	5755711	6.3808	6.3808	norm
SRR28331550	OXFORD_NANOPORE	5410485	5501497	5501497	1.6821	1.6821	norm
SRR28331551	OXFORD_NANOPORE	5410482	5594940	5594940	3.4093	3.4093	norm
SRR28331552	OXFORD_NANOPORE	5410489	5299144	5299144	-2.0579	-2.0579	norm
SRR28331553	OXFORD_NANOPORE	5410494	5690871	5690871	5.1821	5.1821	norm
SRR28331554	OXFORD_NANOPORE	5410494	5574753	5574753	3.0359	3.0359	norm
SRR28332069	OXFORD_NANOPORE	5410479	5952747	5952747	10.0226	10.0226	norm
SRR28332070	OXFORD_NANOPORE	5410485	5952747	5952747	10.0224	10.0224	norm
SRR28332071	OXFORD_NANOPORE	5410482	5727112	5727112	5.8522	5.8522	norm
SRR28332072	OXFORD_NANOPORE	5410489	5733518	5733518	5.9704	5.9704	norm
SRR28332073	OXFORD_NANOPORE	5410494	6591040	6591040	21.8196	21.8196	norm
SRR28332074	OXFORD_NANOPORE	5410494	6301349	6301349	16.4653	16.4653	norm
SRR28374924	OXFORD_NANOPORE	2880240	2788006	2788006	-3.2023	-3.2023	norm
SRR28375019	OXFORD_NANOPORE	4801471	4718480	4718480	-1.7284	-1.7284	norm
SRR28415520	OXFORD_NANOPORE	2878122	3221362	3035788	11.9258	5.4781	norm
SRR28415521	OXFORD_NANOPORE	2883827	3168406	3073079	9.8681	6.5625	norm
SRR28415522	OXFORD_NANOPORE	2879544	3339985	3056602	15.9901	6.1488	norm
SRR28421272	OXFORD_NANOPORE	5348823	5391819	5391819	0.8038	0.8038	norm
SRR28518279	PACBIO_SMRT	5165709	7750495	6389680	50.0374	23.6942	pb_preset
SRR28552087	PACBIO_SMRT	6001468	7548502	7014126	25.7776	16.8735	pb_preset
SRR28558243	PACBIO_SMRT	5169345	5117330	5133513	-1.0062	-0.6932	pb_preset
SRR28576149	PACBIO_SMRT	4089687	3876950	3891430	-5.2018	-4.8477	pb_preset
SRR28579936	PACBIO_SMRT	5231883	6549363	6021496	25.1818	15.0923	pb_preset
SRR28580118	OXFORD_NANOPORE	5094661	5290434	5290434	3.8427	3.8427	norm
SRR28580445	PACBIO_SMRT	6727739	6421222	6482894	-4.5560	-3.6393	pb_preset
SRR28595544	PACBIO_SMRT	3159857	3001038	2987852	-5.0261	-5.4434	pb_preset
SRR28607550	OXFORD_NANOPORE	4772170	4804738	4777454	0.6825	0.1107	norm
SRR28623331	OXFORD_NANOPORE	4828209	3183260	4805642	-34.0695	-0.4674	norm
SRR28624413	OXFORD_NANOPORE	4826145	4744175	4744175	-1.6985	-1.6985	norm
SRR28638968	OXFORD_NANOPORE	4826121	4619760	4619760	-4.2759	-4.2759	norm
SRR28639069	OXFORD_NANOPORE	4826121	4697422	4697422	-2.6667	-2.6667	norm
SRR28679068	PACBIO_SMRT	5286002	5076630	5127313	-3.9609	-3.0021	pb_preset
SRR28720844	PACBIO_SMRT	3930924	5235243	4841592	33.1810	23.1668	pb_preset
SRR28730575	PACBIO_SMRT	4639068	5821550	5353688	25.4896	15.4044	pb_preset
SRR28740023	OXFORD_NANOPORE	3366678	3373776	3373776	0.2108	0.2108	norm
SRR28741285	OXFORD_NANOPORE	3270438	3296594	3296594	0.7998	0.7998	norm
SRR28748141	OXFORD_NANOPORE	8481333	8887148	8887148	4.7848	4.7848	norm
SRR28748143	OXFORD_NANOPORE	5374642	5608384	5608384	4.3490	4.3490	norm
SRR28779488	PACBIO_SMRT	5712762	6755562	6299550	18.2539	10.2715	pb_preset
SRR28781548	PACBIO_SMRT	2206681	2453149	2344950	11.1692	6.2659	pb_preset
SRR28781557	PACBIO_SMRT	2095224	2307444	2220272	10.1287	5.9682	pb_preset
SRR28781560	PACBIO_SMRT	2185927	2481231	2370205	13.5093	8.4302	pb_preset
SRR28785304	PACBIO_SMRT	9114050	7815160	8115533	-14.2515	-10.9558	pb_preset
SRR28800578	OXFORD_NANOPORE	5891468	5073596	5073596	-13.8823	-13.8823	norm
SRR28800581	OXFORD_NANOPORE	5574726	5117050	5096971	-8.2098	-8.5700	norm
SRR28811860	OXFORD_NANOPORE	3400965	3734687	3734687	9.8126	9.8126	norm
SRR28811872	OXFORD_NANOPORE	3359777	3530114	3530114	5.0699	5.0699	norm
SRR28811875	OXFORD_NANOPORE	3332865	3744828	3744828	12.3606	12.3606	norm
SRR28875596	PACBIO_SMRT	3853966	3713970	3726206	-3.6325	-3.3150	pb_preset
SRR28926170	OXFORD_NANOPORE	3908574	3818937	3818937	-2.2933	-2.2933	norm
SRR28974803	OXFORD_NANOPORE	5290610	5300232	5300232	0.1819	0.1819	norm
SRR29006306	OXFORD_NANOPORE	6259455	6345566	6329338	1.3757	1.1164	norm
SRR29012380	OXFORD_NANOPORE	4112033	4513768	4402906	9.7697	7.0737	norm
SRR29024534	OXFORD_NANOPORE	4332588	4317347	4317347	-0.3518	-0.3518	norm
SRR29081115	OXFORD_NANOPORE	4445477	6142392	6142392	38.1717	38.1717	norm
SRR29081119	OXFORD_NANOPORE	4445673	6124765	6124765	37.7691	37.7691	norm
SRR29090061	OXFORD_NANOPORE	7078966	6834354	6834354	-3.4555	-3.4555	norm
SRR29090066	OXFORD_NANOPORE	5225065	5117418	5117418	-2.0602	-2.0602	norm
SRR29099095	OXFORD_NANOPORE	4026995	3898164	3898164	-3.1992	-3.1992	norm
SRR29099096	OXFORD_NANOPORE	4026412	3941628	3941628	-2.1057	-2.1057	norm
SRR29099101	OXFORD_NANOPORE	4002559	3792194	3792194	-5.2558	-5.2558	norm
SRR29099102	OXFORD_NANOPORE	3996574	3804763	3804763	-4.7994	-4.7994	norm
SRR29099103	OXFORD_NANOPORE	3992193	3892207	3892207	-2.5045	-2.5045	norm
SRR29131298	PACBIO_SMRT	4224675	5123190	4781206	21.2683	13.1733	pb_preset
SRR29131303	PACBIO_SMRT	6274003	8128625	7371210	29.5604	17.4881	pb_preset
SRR29131306	PACBIO_SMRT	6275199	8023438	7314543	27.8595	16.5627	pb_preset
SRR29131317	PACBIO_SMRT	6275453	8637607	7847325	37.6412	25.0479	pb_preset
SRR29131322	PACBIO_SMRT	4227051	7651416	6814018	81.0107	61.2003	pb_preset
SRR29190359	OXFORD_NANOPORE	4733117	4767400	4789150	0.7243	1.1838	norm
SRR29203347	OXFORD_NANOPORE	2848613	2834240	2834240	-0.5046	-0.5046	norm
SRR2924715	PACBIO_SMRT	4639914	6581050	5681062	41.8356	22.4390	pb_preset
SRR29248331	OXFORD_NANOPORE	5475811	5209848	5209848	-4.8571	-4.8571	norm
SRR2925029	PACBIO_SMRT	4089027	6382525	5227876	56.0891	27.8513	pb_preset
SRR29307546	OXFORD_NANOPORE	4461099	4312231	4312231	-3.3370	-3.3370	norm
SRR29314677	OXFORD_NANOPORE	3623697	3828946	3828946	5.6641	5.6641	norm
SRR29321010	OXFORD_NANOPORE	3191899	6221226	6221226	94.9067	94.9067	norm
SRR29360624	PACBIO_SMRT	3265637	3791736	3538431	16.1101	8.3535	pb_preset
SRR29360690	OXFORD_NANOPORE	2673297	2983144	2983144	11.5904	11.5904	norm
SRR29457729	OXFORD_NANOPORE	4434229	4669084	4669084	5.2964	5.2964	norm
SRR29500127	PACBIO_SMRT	2265305	2188311	2195244	-3.3988	-3.0928	pb_preset
SRR29504274	PACBIO_SMRT	2265305	2130902	2136408	-5.9331	-5.6901	pb_preset
SRR29506353	PACBIO_SMRT	2291622	2247666	2246690	-1.9181	-1.9607	pb_preset
SRR29516537	OXFORD_NANOPORE	6445396	6108324	6108324	-5.2297	-5.2297	norm
SRR29516540	OXFORD_NANOPORE	6397839	6104539	6104539	-4.5844	-4.5844	norm
SRR29516548	OXFORD_NANOPORE	6365678	6271494	6271494	-1.4796	-1.4796	norm
SRR29516549	OXFORD_NANOPORE	6119233	5755470	5643131	-5.9446	-7.7804	norm
SRR29525484	PACBIO_SMRT	2282939	2277292	2277416	-0.2474	-0.2419	pb_preset
SRR29533363	PACBIO_SMRT	2289796	2271988	2272384	-0.7777	-0.7604	pb_preset
SRR29553744	PACBIO_SMRT	2216970	2231892	2232012	0.6731	0.6785	pb_preset
SRR29553879	PACBIO_SMRT	2295778	2246986	2246138	-2.1253	-2.1622	pb_preset
SRR29606854	PACBIO_SMRT	3350345	3006802	3015452	-10.2540	-9.9958	pb_preset
SRR29632262	PACBIO_SMRT	2251573	2213682	2213786	-1.6829	-1.6782	pb_preset
SRR29635771	PACBIO_SMRT	2297675	2256176	2256363	-1.8061	-1.7980	pb_preset
SRR29644585	PACBIO_SMRT	7215835	6145190	6257583	-14.8374	-13.2798	pb_preset
SRR29650136	PACBIO_SMRT	2425487	2405660	2415792	-0.8174	-0.3997	pb_preset
SRR29675657	OXFORD_NANOPORE	2878122	3196202	3196202	11.0517	11.0517	norm
SRR29675658	OXFORD_NANOPORE	2883827	3120086	3120086	8.1926	8.1926	norm
SRR29675659	OXFORD_NANOPORE	2879544	3239276	3239276	12.4927	12.4927	norm
SRR29676179	PACBIO_SMRT	2434017	2418241	2426202	-0.6481	-0.3211	pb_preset
SRR29686943	PACBIO_SMRT	2482095	2362488	2373530	-4.8188	-4.3739	pb_preset
SRR29687153	PACBIO_SMRT	2430581	2341562	2346065	-3.6625	-3.4772	pb_preset
SRR29688496	PACBIO_SMRT	2486799	2428674	2435652	-2.3373	-2.0567	pb_preset
SRR29688497	PACBIO_SMRT	2427823	2365848	2376714	-2.5527	-2.1051	pb_preset
SRR29688498	PACBIO_SMRT	2458744	2231362	2246494	-9.2479	-8.6325	pb_preset
SRR29688558	PACBIO_SMRT	2374838	2235552	2235214	-5.8651	-5.8793	pb_preset
SRR29688559	PACBIO_SMRT	2348918	2261846	2263016	-3.7069	-3.6571	pb_preset
SRR29688560	PACBIO_SMRT	2403676	2204503	2214636	-8.2862	-7.8646	pb_preset
SRR29688561	PACBIO_SMRT	2364007	2262960	2267768	-4.2744	-4.0710	pb_preset
SRR29688562	PACBIO_SMRT	2495200	2411713	2416960	-3.3459	-3.1356	pb_preset
SRR29688624	PACBIO_SMRT	2473468	2407708	2418371	-2.6586	-2.2275	pb_preset
SRR29707290	OXFORD_NANOPORE	5912259	6438900	6488971	8.9076	9.7545	norm
SRR29726873	OXFORD_NANOPORE	4756536	4909328	4909328	3.2123	3.2123	norm
SRR29726874	OXFORD_NANOPORE	4776070	4761760	4761760	-0.2996	-0.2996	norm
SRR29726875	OXFORD_NANOPORE	5058847	4972618	4972618	-1.7045	-1.7045	norm
SRR29726883	OXFORD_NANOPORE	4963005	4896154	4896154	-1.3470	-1.3470	norm
SRR29726885	OXFORD_NANOPORE	4799808	4687635	4684678	-2.3370	-2.3986	norm
SRR29726886	OXFORD_NANOPORE	4742157	4688644	4708491	-1.1285	-0.7099	norm
SRR29726889	OXFORD_NANOPORE	4774335	4722845	4751687	-1.0785	-0.4744	norm
SRR29726894	OXFORD_NANOPORE	4674538	4582514	4642244	-1.9686	-0.6908	norm
SRR29726897	OXFORD_NANOPORE	4737245	4550890	4550890	-3.9338	-3.9338	norm
SRR29744428	OXFORD_NANOPORE	2339215	2441481	2635244	4.3718	12.6551	norm
SRR29761484	OXFORD_NANOPORE	3357622	3690131	3690131	9.9031	9.9031	norm
SRR29761485	OXFORD_NANOPORE	3390740	3679313	3679313	8.5106	8.5106	norm
SRR29788353	OXFORD_NANOPORE	2773562	2776911	2776911	0.1207	0.1207	norm
SRR29821702	OXFORD_NANOPORE	4649352	5883648	5883648	26.5477	26.5477	norm
SRR29831488	OXFORD_NANOPORE	3896973	3841904	3834265	-1.4131	-1.6091	norm
SRR29831490	OXFORD_NANOPORE	4778649	4756468	4756468	-0.4642	-0.4642	norm
SRR29831492	OXFORD_NANOPORE	3833975	3841911	3814000	0.2070	-0.5210	norm
SRR29831493	OXFORD_NANOPORE	5283909	5119683	5119683	-3.1080	-3.1080	norm
SRR29859744	OXFORD_NANOPORE	4849319	4909025	4909025	1.2312	1.2312	norm
SRR29859747	OXFORD_NANOPORE	4924798	5201112	5201112	5.6107	5.6107	norm
SRR29859748	OXFORD_NANOPORE	4994650	5274940	5274940	5.6118	5.6118	norm
SRR29859760	OXFORD_NANOPORE	4887257	5069996	5069996	3.7391	3.7391	norm
SRR29882844	OXFORD_NANOPORE	4911077	4842992	4842992	-1.3864	-1.3864	norm
SRR29882849	OXFORD_NANOPORE	6215402	6001702	6001702	-3.4382	-3.4382	norm
SRR29882858	OXFORD_NANOPORE	6925468	6504602	6504602	-6.0771	-6.0771	norm
SRR29911121	OXFORD_NANOPORE	7456045	7298911	7298911	-2.1075	-2.1075	norm
SRR29931579	OXFORD_NANOPORE	3053755	2990765	2990765	-2.0627	-2.0627	norm
SRR29944176	PACBIO_SMRT	4796457	6310723	5755556	31.5705	19.9960	pb_preset
SRR30016546	OXFORD_NANOPORE	5121263	5902747	5902747	15.2596	15.2596	norm
SRR30016866	OXFORD_NANOPORE	5226816	5333952	5333952	2.0497	2.0497	norm
SRR30037587	OXFORD_NANOPORE	5128352	6068680	6414624	18.3359	25.0816	norm
SRR30037662	OXFORD_NANOPORE	5058119	5167375	5167375	2.1600	2.1600	norm
SRR30037663	OXFORD_NANOPORE	5055457	5239434	5239434	3.6392	3.6392	norm
SRR30037664	OXFORD_NANOPORE	4963467	5187412	5187412	4.5119	4.5119	norm
SRR30037665	OXFORD_NANOPORE	4984018	5022587	5022587	0.7739	0.7739	norm
SRR30037790	OXFORD_NANOPORE	4919079	6097371	6097371	23.9535	23.9535	norm
SRR30037791	OXFORD_NANOPORE	4874443	5658624	5658624	16.0876	16.0876	norm
SRR30037810	OXFORD_NANOPORE	5338260	5507644	5507644	3.1730	3.1730	norm
SRR30037949	OXFORD_NANOPORE	4994144	5281068	5281068	5.7452	5.7452	norm
SRR30037950	OXFORD_NANOPORE	5147669	5156051	5156051	0.1628	0.1628	norm
SRR30040119	OXFORD_NANOPORE	5066983	5085320	5085320	0.3619	0.3619	norm
SRR30040122	OXFORD_NANOPORE	5097754	5126296	5126296	0.5599	0.5599	norm
SRR30040123	OXFORD_NANOPORE	4723121	4622050	4622050	-2.1399	-2.1399	norm
SRR30040124	OXFORD_NANOPORE	5294628	5252688	5252688	-0.7921	-0.7921	norm
SRR30040126	OXFORD_NANOPORE	5300433	5409360	5409360	2.0551	2.0551	norm
SRR30040127	OXFORD_NANOPORE	5300433	5312574	5312574	0.2291	0.2291	norm
SRR30040129	OXFORD_NANOPORE	5180219	5227360	5227360	0.9100	0.9100	norm
SRR30040130	OXFORD_NANOPORE	5137406	5069994	5069994	-1.3122	-1.3122	norm
SRR30040131	OXFORD_NANOPORE	5203950	5321378	5321378	2.2565	2.2565	norm
SRR30040132	OXFORD_NANOPORE	5151289	5335510	5335510	3.5762	3.5762	norm
SRR30040133	OXFORD_NANOPORE	4909649	5043006	5043006	2.7162	2.7162	norm
SRR30040135	OXFORD_NANOPORE	5139480	5166249	5166249	0.5209	0.5209	norm
SRR30040136	OXFORD_NANOPORE	5140111	5261481	5261481	2.3612	2.3612	norm
SRR30040142	OXFORD_NANOPORE	4878572	5130382	5130382	5.1616	5.1616	norm
SRR30040143	OXFORD_NANOPORE	4855809	4926303	4926303	1.4517	1.4517	norm
SRR30040144	OXFORD_NANOPORE	4863901	5041998	5041998	3.6616	3.6616	norm
SRR30040145	OXFORD_NANOPORE	4917739	5091412	5091412	3.5316	3.5316	norm
SRR30041326	OXFORD_NANOPORE	5233534	5295094	5295094	1.1763	1.1763	norm
SRR30041329	OXFORD_NANOPORE	5037527	5247499	5247499	4.1682	4.1682	norm
SRR30049752	PACBIO_SMRT	3872269	5728026	5125626	47.9243	32.3675	pb_preset
SRR30049938	PACBIO_SMRT	10410654	15367762	13842928	47.6157	32.9689	pb_preset
SRR30076315	PACBIO_SMRT	8753169	10809382	10007689	23.4911	14.3322	pb_preset
SRR30076316	PACBIO_SMRT	7998085	14517988	12581277	81.5183	57.3036	pb_preset
SRR30077469	PACBIO_SMRT	5074034	5677312	5314597	11.8895	4.7411	pb_preset
SRR30082401	PACBIO_SMRT	6119030	10643861	9193425	73.9469	50.2432	pb_preset
SRR30087447	PACBIO_SMRT	7738336	8427498	7813371	8.9058	0.9697	pb_preset
SRR30110356	OXFORD_NANOPORE	3059566	3101744	3101744	1.3786	1.3786	norm
SRR30128336	PACBIO_SMRT	5830992	5091330	5240006	-12.6850	-10.1353	pb_preset
SRR30162148	PACBIO_SMRT	9426838	7731784	8013475	-17.9812	-14.9930	pb_preset
SRR30162149	PACBIO_SMRT	11093179	1278196	4368370	-88.4776	-60.6211	pb_preset
SRR30167947	OXFORD_NANOPORE	9704287	10974112	10974112	13.0852	13.0852	norm
SRR30183520	OXFORD_NANOPORE	5833127	5874556	5874556	0.7102	0.7102	norm
SRR3019206	PACBIO_SMRT	4194523	7128728	5675353	69.9532	35.3039	pb_preset
SRR30211838	PACBIO_SMRT	8004949	11215082	10215844	40.1019	27.6191	pb_preset
SRR30223606	PACBIO_SMRT	7079060	6659134	6803265	-5.9319	-3.8959	pb_preset
SRR30238144	PACBIO_SMRT	6362976	5888945	5939305	-7.4498	-6.6584	pb_preset
SRR30238161	PACBIO_SMRT	9919656	7993188	8310648	-19.4207	-16.2204	pb_preset
SRR30255941	PACBIO_SMRT	7086255	11063722	9707568	56.1293	36.9915	pb_preset
SRR30275311	PACBIO_SMRT	8104678	11136600	9997709	37.4095	23.3573	pb_preset
SRR30284786	OXFORD_NANOPORE	5006047	4709541	4723861	-5.9230	-5.6369	norm
SRR3028939	PACBIO_SMRT	4084533	7166779	5766543	75.4614	41.1800	pb_preset
SRR30291089	OXFORD_NANOPORE	6292437	6703654	6703654	6.5351	6.5351	norm
SRR30291090	OXFORD_NANOPORE	6101021	6700456	6700456	9.8252	9.8252	norm
SRR30291092	OXFORD_NANOPORE	3891623	4063051	4063051	4.4051	4.4051	norm
SRR30293562	OXFORD_NANOPORE	5137109	5465404	5465404	6.3907	6.3907	norm
SRR30293568	OXFORD_NANOPORE	5349194	5712416	5712416	6.7902	6.7902	norm
SRR30293569	OXFORD_NANOPORE	5155540	5381786	5381786	4.3884	4.3884	norm
SRR30293580	OXFORD_NANOPORE	5393983	5419590	5454342	0.4747	1.1190	norm
SRR30293594	OXFORD_NANOPORE	5031220	5070112	5070112	0.7730	0.7730	norm
SRR30293595	OXFORD_NANOPORE	4863839	4974456	4974456	2.2743	2.2743	norm
SRR30293600	OXFORD_NANOPORE	4782611	4840292	4840292	1.2061	1.2061	norm
SRR30293610	OXFORD_NANOPORE	4896868	5146974	5146974	5.1075	5.1075	norm
SRR30293611	OXFORD_NANOPORE	5182574	5442842	5291808	5.0220	2.1077	norm
SRR30295439	OXFORD_NANOPORE	4747121	4721734	4721734	-0.5348	-0.5348	norm
SRR30295613	OXFORD_NANOPORE	5126824	5349415	5391125	4.3417	5.1553	norm
SRR30295657	OXFORD_NANOPORE	4919644	5272140	5272140	7.1651	7.1651	norm
SRR30357352	OXFORD_NANOPORE	3954841	3904681	3904681	-1.2683	-1.2683	norm
SRR30357565	PACBIO_SMRT	2791411	663578	426777	-76.2279	-84.7111	pb_preset
SRR30357566	PACBIO_SMRT	2834287	1109468	647872	-60.8555	-77.1416	pb_preset
SRR30357567	PACBIO_SMRT	2897507	708723	452430	-75.5402	-84.3855	pb_preset
SRR30357568	PACBIO_SMRT	2759957	582204	624647	-78.9053	-77.3675	pb_preset
SRR3038646	PACBIO_SMRT	3914565	6658546	5312791	70.0967	35.7186	pb_preset
SRR3038655	PACBIO_SMRT	4159640	6517322	5504560	56.6800	32.3326	pb_preset
SRR3038659	PACBIO_SMRT	3945134	5674500	4856743	43.8354	23.1072	pb_preset
SRR30397318	PACBIO_SMRT	3366048	2896722	2904298	-13.9429	-13.7179	pb_preset
SRR30573099	PACBIO_SMRT	3586765	3545376	3553826	-1.1539	-0.9183	pb_preset
SRR30599898	PACBIO_SMRT	6347129	11125188	9962691	75.2791	56.9637	pb_preset
SRR30602136	OXFORD_NANOPORE	5447794	5590520	5590520	2.6199	2.6199	norm
SRR30602156	OXFORD_NANOPORE	6923737	6876898	6876898	-0.6765	-0.6765	norm
SRR30602158	OXFORD_NANOPORE	4429804	4655055	4655055	5.0849	5.0849	norm
SRR30602159	OXFORD_NANOPORE	3988742	4257592	4257592	6.7402	6.7402	norm
SRR30638105	OXFORD_NANOPORE	5576157	5432533	5432533	-2.5757	-2.5757	norm
SRR30640849	PACBIO_SMRT	4422110	4042690	4169433	-8.5801	-5.7139	pb_preset
SRR30641007	PACBIO_SMRT	4422110	4100517	4182212	-7.2724	-5.4250	pb_preset
SRR30669827	OXFORD_NANOPORE	2554190	2647180	2647180	3.6407	3.6407	norm
SRR30730934	OXFORD_NANOPORE	4196112	4188960	4188960	-0.1704	-0.1704	norm
SRR30867952	OXFORD_NANOPORE	4227051	5892605	5156416	39.4023	21.9861	norm
SRR30868057	OXFORD_NANOPORE	4216868	4154068	4154068	-1.4893	-1.4893	norm
SRR30868068	OXFORD_NANOPORE	5067227	5394864	5394864	6.4658	6.4658	norm
SRR30868085	OXFORD_NANOPORE	4774484	5184812	5184812	8.5942	8.5942	norm
SRR30868088	OXFORD_NANOPORE	4638787	6878556	4996864	48.2835	7.7192	norm
SRR30868089	OXFORD_NANOPORE	6274003	6858714	6858714	9.3196	9.3196	norm
SRR30868091	OXFORD_NANOPORE	6275199	6508554	6508554	3.7187	3.7187	norm
SRR30868094	OXFORD_NANOPORE	6281640	6876876	6876876	9.4758	9.4758	norm
SRR30868095	OXFORD_NANOPORE	6275453	6527609	6527609	4.0181	4.0181	norm
SRR30868096	OXFORD_NANOPORE	4224675	4794542	4794542	13.4890	13.4890	norm
SRR30868131	OXFORD_NANOPORE	6275045	6932896	6932896	10.4836	10.4836	norm
SRR30868133	OXFORD_NANOPORE	4147684	4246130	4246130	2.3735	2.3735	norm
SRR30868137	OXFORD_NANOPORE	4645241	4642838	4642838	-0.0517	-0.0517	norm
SRR30868138	OXFORD_NANOPORE	4638994	5482186	5482186	18.1762	18.1762	norm
SRR30868140	OXFORD_NANOPORE	4644386	5044711	5044711	8.6195	8.6195	norm
SRR30868141	OXFORD_NANOPORE	4648175	5704496	5704496	22.7255	22.7255	norm
SRR30868142	OXFORD_NANOPORE	4957473	5774352	5774352	16.4777	16.4777	norm
SRR30868145	OXFORD_NANOPORE	4295479	5092014	5092014	18.5436	18.5436	norm
SRR30868146	OXFORD_NANOPORE	4299551	4491743	4491743	4.4700	4.4700	norm
SRR30868147	OXFORD_NANOPORE	4299489	4606317	4606317	7.1364	7.1364	norm
SRR30868148	OXFORD_NANOPORE	4299771	4819893	4819893	12.0965	12.0965	norm
SRR30868149	OXFORD_NANOPORE	4299525	4748312	4748312	10.4381	10.4381	norm
SRR30868150	OXFORD_NANOPORE	4299264	4367506	4367506	1.5873	1.5873	norm
SRR30868151	OXFORD_NANOPORE	4298779	4345210	4345210	1.0801	1.0801	norm
SRR30868152	OXFORD_NANOPORE	4298990	4684317	4684317	8.9632	8.9632	norm
SRR30868153	OXFORD_NANOPORE	4057895	4242950	4242950	4.5604	4.5604	norm
SRR30868160	OXFORD_NANOPORE	4217427	4599182	4599182	9.0518	9.0518	norm
SRR30868163	OXFORD_NANOPORE	4220251	4420841	4420841	4.7530	4.7530	norm
SRR3109671	PACBIO_SMRT	3584812	6311230	5030066	76.0547	40.3160	pb_preset
SRR3109909	PACBIO_SMRT	4169506	7584822	6070826	81.9118	45.6006	pb_preset
SRR3109926	PACBIO_SMRT	4109153	6622671	5505853	61.1688	33.9900	pb_preset
SRR3109930	PACBIO_SMRT	3211717	4423470	3715708	37.7291	15.6923	pb_preset
SRR3109983	PACBIO_SMRT	4020063	7045706	5711464	75.2636	42.0740	pb_preset
SRR3114698	PACBIO_SMRT	1974262	2492542	2248122	26.2518	13.8715	pb_preset
SRR3114710	PACBIO_SMRT	2199877	2921318	2469831	32.7946	12.2713	pb_preset
SRR3356468	PACBIO_SMRT	5643099	8860464	7082764	57.0142	25.5120	pb_preset
SRR3356531	PACBIO_SMRT	5601971	8751235	6928674	56.2171	23.6828	pb_preset
SRR3441689	PACBIO_SMRT	4103417	4303395	4217309	4.8735	2.7755	pb_preset
SRR3441720	PACBIO_SMRT	4133777	95416888	39703328	2208.2253	860.4613	pb_preset
SRR3593477	PACBIO_SMRT	3425292	5851743	4647796	70.8392	35.6905	pb_preset
SRR3880289	PACBIO_SMRT	4574859	8841528	5785416	93.2634	26.4611	pb_preset
SRR3880290	PACBIO_SMRT	6626583	17261262	9553501	160.4851	44.1693	pb_preset
SRR3880376	PACBIO_SMRT	4403499	9383488	5992062	113.0916	36.0750	pb_preset
SRR3880379	PACBIO_SMRT	4674684	8509933	6520413	82.0430	39.4835	pb_preset
SRR3880380	PACBIO_SMRT	4964647	9673048	7054417	94.8386	42.0930	pb_preset
SRR4017189	PACBIO_SMRT	3431804	3050978	3384975	-11.0970	-1.3646	pb_preset
SRR4097312	PACBIO_SMRT	6643823	8358214	7344685	25.8043	10.5491	pb_preset
SRR4097316	PACBIO_SMRT	6642996	8447049	7412795	27.1572	11.5881	pb_preset
SRR4097329	PACBIO_SMRT	6681992	8142006	7218846	21.8500	8.0343	pb_preset
SRR4097352	PACBIO_SMRT	6645477	8063528	7012470	21.3386	5.5224	pb_preset
SRR4097552	PACBIO_SMRT	6681975	8416316	7406446	25.9555	10.8422	pb_preset
SRR4097624	PACBIO_SMRT	6639108	8115049	7147883	22.2310	7.6633	pb_preset
SRR4097691	PACBIO_SMRT	6681981	8385015	7332582	25.4870	9.7366	pb_preset
SRR4097763	PACBIO_SMRT	6683204	8426491	7356207	26.0846	10.0701	pb_preset
SRR4300073	PACBIO_SMRT	5531320	7732585	6366080	39.7964	15.0915	pb_preset
SRR4300075	PACBIO_SMRT	5530258	12940594	8750232	133.9962	58.2247	pb_preset
SRR5066061	PACBIO_SMRT	6852809	11831582	11686900	72.6530	70.5417	pb_preset
SRR5179548	PACBIO_SMRT	6441270	9422148	7827014	46.2778	21.5135	pb_preset
SRR5282539	PACBIO_SMRT	7222235	10503287	8534617	45.4299	18.1714	pb_preset
SRR5320247	PACBIO_SMRT	2802697	3706902	3285114	32.2620	17.2126	pb_preset
SRR5320430	PACBIO_SMRT	5386612	8746405	6811738	62.3730	26.4568	pb_preset
SRR5362220	PACBIO_SMRT	2414275	18661332	14571397	672.9580	503.5517	pb_preset
SRR5362225	PACBIO_SMRT	2838633	17353222	13665314	511.3232	381.4047	pb_preset
SRR5400280	PACBIO_SMRT	4934662	16525115	12476176	234.8784	152.8274	pb_preset
SRR5440732	PACBIO_SMRT	5501145	37493456	26850852	581.5573	388.0957	pb_preset
SRR5635115	OXFORD_NANOPORE	5456823	6885973	6885973	26.1901	26.1901	norm
SRR5635116	PACBIO_SMRT	5732200	7786904	6639842	35.8449	15.8341	pb_preset
SRR5665590	OXFORD_NANOPORE	5766429	5405949	5658486	-6.2514	-1.8719	norm
SRR5665591	OXFORD_NANOPORE	5736111	5770192	5772954	0.5941	0.6423	norm
SRR5665599	OXFORD_NANOPORE	5702263	5789218	5789218	1.5249	1.5249	norm
SRR5810498	PACBIO_SMRT	2343999	3479496	2871354	48.4427	22.4981	pb_preset
SRR5810500	PACBIO_SMRT	2334880	4373308	3379988	87.3033	44.7607	pb_preset
SRR5817725	OXFORD_NANOPORE	6614036	6807852	6783159	2.9304	2.5570	norm
SRR5826156	PACBIO_SMRT	4103251	26313662	15460910	541.2881	276.7966	pb_preset
SRR5829677	PACBIO_SMRT	4088698	18828260	12411098	360.4952	203.5465	pb_preset
SRR5829729	PACBIO_SMRT	4111644	31429116	22212292	664.3929	440.2290	pb_preset
SRR5855230	PACBIO_SMRT	2153937	2504242	2288409	16.2635	6.2431	pb_preset
SRR5949107	PACBIO_SMRT	7437059	15782572	11560022	112.2152	55.4381	pb_preset
SRR5949108	PACBIO_SMRT	7436980	14203723	10732842	90.9878	44.3172	pb_preset
SRR6008331	PACBIO_SMRT	7207640	11994310	9616641	66.4111	33.4229	pb_preset
SRR6029562	PACBIO_SMRT	9611874	22194420	12190384	130.9063	26.8263	pb_preset
SRR6118140	OXFORD_NANOPORE	5563075	5419908	5419908	-2.5735	-2.5735	norm
SRR6129216	OXFORD_NANOPORE	820043	1028259	1028259	25.3909	25.3909	norm
SRR6129218	OXFORD_NANOPORE	807195	1002484	1002484	24.1935	24.1935	norm
SRR6175467	OXFORD_NANOPORE	5768986	7373382	7373382	27.8107	27.8107	norm
SRR6175468	OXFORD_NANOPORE	5768996	7065344	7065344	22.4709	22.4709	norm
SRR6192954	OXFORD_NANOPORE	5768890	7277817	7277817	26.1563	26.1563	norm
SRR6202031	OXFORD_NANOPORE	5731216	7189838	7189838	25.4505	25.4505	norm
SRR6202032	OXFORD_NANOPORE	5732200	7636634	7636634	33.2234	33.2234	norm
SRR6224382	OXFORD_NANOPORE	847967	995823	995823	17.4365	17.4365	norm
SRR6331514	PACBIO_SMRT	2468871	12210633	8905958	394.5837	260.7300	pb_preset
SRR6364637	OXFORD_NANOPORE	908214	1499687	1499687	65.1248	65.1248	norm
SRR6413814	PACBIO_SMRT	7278330	13698235	10208796	88.2057	40.2629	pb_preset
SRR6515889	PACBIO_SMRT	5629494	15873608	11023509	181.9722	95.8170	pb_preset
SRR6635820	PACBIO_SMRT	5079402	10852584	8418854	113.6587	65.7450	pb_preset
SRR6635822	PACBIO_SMRT	5079402	9973062	8510538	96.3432	67.5500	pb_preset
SRR6742499	PACBIO_SMRT	6462637	11410060	8827191	76.5542	36.5881	pb_preset
SRR6747884	OXFORD_NANOPORE	5674561	7076253	7076253	24.7013	24.7013	norm
SRR6780912	OXFORD_NANOPORE	3346458	4110913	4110913	22.8437	22.8437	norm
SRR6780922	OXFORD_NANOPORE	2299539	4709249	4701808	104.7910	104.4674	norm
SRR6785587	OXFORD_NANOPORE	6268469	7388735	7348403	17.8714	17.2280	norm
SRR6825087	PACBIO_SMRT	3502671	8973552	6036147	156.1917	72.3298	pb_preset
SRR6873507	OXFORD_NANOPORE	2186621	2357704	2357704	7.8241	7.8241	norm
SRR6873508	OXFORD_NANOPORE	2186621	2315021	2315021	5.8721	5.8721	norm
SRR6873509	OXFORD_NANOPORE	2276164	2435143	2435143	6.9845	6.9845	norm
SRR6873510	OXFORD_NANOPORE	2276164	2480909	2480909	8.9952	8.9952	norm
SRR6982907	PACBIO_SMRT	5553146	11450499	8348042	106.1984	50.3300	pb_preset
SRR6982908	PACBIO_SMRT	5555919	12521006	9095936	125.3634	63.7161	pb_preset
SRR6982909	PACBIO_SMRT	5553249	9299318	7176628	67.4572	29.2330	pb_preset
SRR6982910	PACBIO_SMRT	5553251	8169648	6558580	47.1147	18.1034	pb_preset
SRR6982911	PACBIO_SMRT	5553154	8863713	6897750	59.6158	24.2132	pb_preset
SRR6982912	PACBIO_SMRT	5553163	8193634	6580212	47.5490	18.4948	pb_preset
SRR6982913	PACBIO_SMRT	5553169	8109182	6543869	46.0280	17.8403	pb_preset
SRR6982914	PACBIO_SMRT	5553158	9155353	7049218	64.8675	26.9407	pb_preset
SRR6982915	PACBIO_SMRT	5555913	11077162	7723827	99.3761	39.0199	pb_preset
SRR6982916	PACBIO_SMRT	5555925	7183969	5983942	29.3028	7.7038	pb_preset
SRR6982917	PACBIO_SMRT	5551313	6703411	5863744	20.7536	5.6281	pb_preset
SRR6982918	PACBIO_SMRT	5553158	6942628	6009192	25.0213	8.2122	pb_preset
SRR6982919	PACBIO_SMRT	5552230	7923343	6595882	42.7056	18.7970	pb_preset
SRR6982920	PACBIO_SMRT	5531321	7577006	6364035	36.9837	15.0545	pb_preset
SRR6982921	PACBIO_SMRT	5542245	7910396	6471040	42.7291	16.7585	pb_preset
SRR6982922	PACBIO_SMRT	5559170	7195275	6241826	29.4307	12.2798	pb_preset
SRR6982923	PACBIO_SMRT	5542240	6814518	6020845	22.9560	8.6356	pb_preset
SRR6982924	PACBIO_SMRT	5542244	7163036	6237062	29.2443	12.5368	pb_preset
SRR6982925	PACBIO_SMRT	5600993	7275514	6205238	29.8969	10.7882	pb_preset
SRR6982926	PACBIO_SMRT	5601006	6999374	6125316	24.9664	9.3610	pb_preset
SRR6982927	PACBIO_SMRT	5680026	11569767	8545429	103.6921	50.4470	pb_preset
SRR6982928	PACBIO_SMRT	5697472	10090578	7778254	77.1062	36.5211	pb_preset
SRR6982929	PACBIO_SMRT	5555919	6814791	5840041	22.6582	5.1139	pb_preset
SRR6982931	PACBIO_SMRT	5551589	7622175	6396002	37.2972	15.2103	pb_preset
SRR6982932	PACBIO_SMRT	5551339	12118658	8677564	118.3015	56.3148	pb_preset
SRR6982933	PACBIO_SMRT	5555563	6330564	5568814	13.9500	0.2385	pb_preset
SRR6982934	PACBIO_SMRT	5553074	8050632	6459512	44.9761	16.3232	pb_preset
SRR6982935	PACBIO_SMRT	5555919	7572826	6274480	36.3020	12.9333	pb_preset
SRR6982936	PACBIO_SMRT	5555917	7039134	6078806	26.6962	9.4114	pb_preset
SRR6982937	PACBIO_SMRT	5546907	9463357	7500505	70.6060	35.2196	pb_preset
SRR6982938	PACBIO_SMRT	5495749	7340293	6295847	33.5631	14.5585	pb_preset
SRR6982939	PACBIO_SMRT	5553168	6837206	5956901	23.1226	7.2703	pb_preset
SRR6982940	PACBIO_SMRT	5555918	7402760	6256812	33.2410	12.6153	pb_preset
SRR6982941	PACBIO_SMRT	5553150	7507674	6260936	35.1967	12.7457	pb_preset
SRR6982942	PACBIO_SMRT	5517290	7313816	6114737	32.5617	10.8286	pb_preset
SRR6982943	PACBIO_SMRT	5517227	6812584	5739304	23.4784	4.0252	pb_preset
SRR6982945	PACBIO_SMRT	5577185	8383722	6735450	50.3217	20.7679	pb_preset
SRR6985643	PACBIO_SMRT	2855408	36146128	23485680	1165.8831	722.4982	pb_preset
SRR6985735	PACBIO_SMRT	4897845	12734618	10127262	160.0045	106.7698	pb_preset
SRR7183053	PACBIO_SMRT	3005997	11915290	6677626	296.3840	122.1435	pb_preset
SRR7183054	PACBIO_SMRT	3005997	11583081	6404461	285.3324	113.0561	pb_preset
SRR7183055	PACBIO_SMRT	3005997	9012486	5539721	199.8169	84.2890	pb_preset
SRR7205491	PACBIO_SMRT	5379839	7331984	6794928	36.2863	26.3036	pb_preset
SRR7521703	OXFORD_NANOPORE	6730253	7222922	7222922	7.3202	7.3202	norm
SRR7532470	OXFORD_NANOPORE	4018503	4478323	4478323	11.4426	11.4426	norm
SRR7640589	PACBIO_SMRT	2566193	4086555	3196158	59.2458	24.5486	pb_preset
SRR7640590	PACBIO_SMRT	2566193	3970306	2997406	54.7158	16.8036	pb_preset
SRR7640788	PACBIO_SMRT	4141708	10380609	7082091	150.6359	70.9945	pb_preset
SRR7668116	PACBIO_SMRT	2478942	6915628	4147836	178.9750	67.3228	pb_preset
SRR7686016	PACBIO_SMRT	3628651	6142804	5696463	69.2862	56.9857	pb_preset
SRR7686591	PACBIO_SMRT	4614212	6308578	5352893	36.7206	16.0088	pb_preset
SRR7692455	PACBIO_SMRT	1833864	3780413	2853061	106.1447	55.5765	pb_preset
SRR7692458	PACBIO_SMRT	1838740	3508218	2545536	90.7947	38.4391	pb_preset
SRR7692459	PACBIO_SMRT	1833710	3471075	2567470	89.2925	40.0151	pb_preset
SRR7692460	PACBIO_SMRT	1840062	3597396	2645171	95.5041	43.7544	pb_preset
SRR7692504	PACBIO_SMRT	1833305	3326892	2608448	81.4696	42.2812	pb_preset
SRR7692507	PACBIO_SMRT	2013003	3778412	2831583	87.7003	40.6646	pb_preset
SRR7721906	PACBIO_SMRT	2337902	16759990	11910937	616.8816	409.4712	pb_preset
SRR7781231	PACBIO_SMRT	3558757	6724427	5648104	88.9544	58.7100	pb_preset
SRR7817081	PACBIO_SMRT	5642022	8224220	6447904	45.7672	14.2836	pb_preset
SRR7896260	OXFORD_NANOPORE	5131000	5857172	5857172	14.1526	14.1526	norm
SRR7896261	OXFORD_NANOPORE	5442997	6238328	6238328	14.6120	14.6120	norm
SRR7896264	OXFORD_NANOPORE	5505679	5991938	5991938	8.8320	8.8320	norm
SRR7896265	OXFORD_NANOPORE	5680623	6106580	6106580	7.4984	7.4984	norm
SRR7908033	OXFORD_NANOPORE	4102412	4286527	4286527	4.4880	4.4880	norm
SRR7941349	OXFORD_NANOPORE	4727462	4782828	4782828	1.1712	1.1712	norm
SRR7962491	OXFORD_NANOPORE	4626472	5852976	5852976	26.5106	26.5106	norm
SRR7962743	OXFORD_NANOPORE	5096894	5002335	5002335	-1.8552	-1.8552	norm
SRR7971250	PACBIO_SMRT	5581536	24316912	18236732	335.6670	226.7332	pb_preset
SRR7971259	PACBIO_SMRT	5638235	14927762	12142187	164.7595	115.3544	pb_preset
SRR8105427	PACBIO_SMRT	3387846	4093095	3661742	20.8170	8.0847	pb_preset
SRR8112132	OXFORD_NANOPORE	6236552	6407809	6407809	2.7460	2.7460	norm
SRR8113455	OXFORD_NANOPORE	2911280	3117171	3117171	7.0722	7.0722	norm
SRR8185373	OXFORD_NANOPORE	5868661	7090280	7090280	20.8160	20.8160	norm
SRR8194171	OXFORD_NANOPORE	1833100	2538040	2538040	38.4562	38.4562	norm
SRR8258035	PACBIO_SMRT	1908276	1052816	647367	-44.8289	-66.0758	pb_preset
SRR8283322	PACBIO_SMRT	1273530	1117558	1124386	-12.2472	-11.7111	pb_preset
SRR8293886	PACBIO_SMRT	5096894	5848226	5412932	14.7410	6.2006	pb_preset
SRR8305981	PACBIO_SMRT	4806207	7738430	7027896	61.0091	46.2254	pb_preset
SRR8305998	PACBIO_SMRT	4459473	6212310	5675292	39.3059	27.2637	pb_preset
SRR8306355	PACBIO_SMRT	4688242	6505548	5959534	38.7631	27.1166	pb_preset
SRR8306745	PACBIO_SMRT	4774176	6510458	6029300	36.3682	26.2899	pb_preset
SRR8327213	PACBIO_SMRT	7367863	13296096	10086934	80.4607	36.9045	pb_preset
SRR8335316	OXFORD_NANOPORE	5761749	6036518	6036518	4.7688	4.7688	norm
SRR8335317	OXFORD_NANOPORE	5778004	6104571	6104571	5.6519	5.6519	norm
SRR8362596	PACBIO_SMRT	4917491	7148266	6436988	45.3641	30.8998	pb_preset
SRR8362597	PACBIO_SMRT	5220569	7037866	6414580	34.8103	22.8713	pb_preset
SRR8362616	PACBIO_SMRT	4949027	6589932	5711348	33.1561	15.4035	pb_preset
SRR8362618	PACBIO_SMRT	2939705	4084775	3822558	38.9519	30.0320	pb_preset
SRR8362621	PACBIO_SMRT	5645678	7563551	6951682	33.9706	23.1328	pb_preset
SRR8362625	PACBIO_SMRT	5536651	7457799	6754320	34.6987	21.9929	pb_preset
SRR8362631	PACBIO_SMRT	4581781	6434374	5854945	40.4339	27.7875	pb_preset
SRR8365081	OXFORD_NANOPORE	4860161	4267554	4277668	-12.1932	-11.9851	norm
SRR8365815	PACBIO_SMRT	8025568	21432512	18172104	167.0529	126.4276	pb_preset
SRR8400040	OXFORD_NANOPORE	6241875	6528806	6528806	4.5969	4.5969	norm
SRR8416122	PACBIO_SMRT	2996750	5926154	4412332	97.7527	47.2372	pb_preset
SRR8416224	PACBIO_SMRT	3824290	6569200	5208206	71.7757	36.1875	pb_preset
SRR8457073	OXFORD_NANOPORE	2221636	2483536	2300547	11.7886	3.5519	norm
SRR8457074	OXFORD_NANOPORE	2222042	2495328	2343269	12.2989	5.4557	norm
SRR8457079	OXFORD_NANOPORE	2221735	2558722	2374096	15.1677	6.8577	norm
SRR8489231	PACBIO_SMRT	4774876	7015282	6009012	46.9207	25.8465	pb_preset
SRR8489233	PACBIO_SMRT	4727462	6903535	5884971	46.0305	24.4848	pb_preset
SRR8489307	PACBIO_SMRT	5144090	7055270	6411514	37.1529	24.6384	pb_preset
SRR8489315	PACBIO_SMRT	4727570	6932528	5923328	46.6404	25.2933	pb_preset
SRR8523153	OXFORD_NANOPORE	3132860	3054926	2972587	-2.4876	-5.1159	norm
SRR8523155	OXFORD_NANOPORE	3135868	2813272	3049945	-10.2873	-2.7400	norm
SRR8549120	PACBIO_SMRT	5305706	7104371	6500574	33.9006	22.5204	pb_preset
SRR8549885	PACBIO_SMRT	4858998	7118554	5917312	46.5025	21.7805	pb_preset
SRR8560598	OXFORD_NANOPORE	4005505	4253352	4267794	6.1877	6.5482	norm
SRR8618952	PACBIO_SMRT	4907789	5833540	5266750	18.8629	7.3141	pb_preset
SRR8638908	OXFORD_NANOPORE	7336816	7342452	7250060	0.0768	-1.1825	norm
SRR8639572	OXFORD_NANOPORE	6749717	6774166	6743734	0.3622	-0.0886	norm
SRR8639574	OXFORD_NANOPORE	6530403	6486732	6535267	-0.6687	0.0745	norm
SRR8647639	OXFORD_NANOPORE	975069	957055	969702	-1.8475	-0.5504	norm
SRR8647641	OXFORD_NANOPORE	975073	939595	949421	-3.6385	-2.6308	norm
SRR8697007	OXFORD_NANOPORE	4240930	4079002	4079002	-3.8182	-3.8182	norm
SRR8697008	OXFORD_NANOPORE	3150039	3060365	3060365	-2.8468	-2.8468	norm
SRR8707511	OXFORD_NANOPORE	4611179	4408030	4408030	-4.4056	-4.4056	norm
SRR8740797	OXFORD_NANOPORE	4927300	5116182	5116182	3.8334	3.8334	norm
SRR8754885	OXFORD_NANOPORE	6039562	7536545	7536545	24.7863	24.7863	norm
SRR8767346	OXFORD_NANOPORE	6039562	15532981	15532981	157.1872	157.1872	norm
SRR8776787	OXFORD_NANOPORE	2800216	2977281	2977281	6.3233	6.3233	norm
SRR8776793	OXFORD_NANOPORE	2823974	2924034	2924034	3.5432	3.5432	norm
SRR8776794	OXFORD_NANOPORE	2747791	2869998	2869998	4.4475	4.4475	norm
SRR8776821	OXFORD_NANOPORE	2790390	2838307	2838307	1.7172	1.7172	norm
SRR8776864	OXFORD_NANOPORE	2825436	2956514	2956514	4.6392	4.6392	norm
SRR8776865	OXFORD_NANOPORE	2824060	2984210	2984210	5.6709	5.6709	norm
SRR8776873	OXFORD_NANOPORE	2904316	2937106	2937106	1.1290	1.1290	norm
SRR8776876	OXFORD_NANOPORE	2932277	3115015	3115015	6.2319	6.2319	norm
SRR8776877	OXFORD_NANOPORE	2887396	3000096	3000096	3.9032	3.9032	norm
SRR8776879	OXFORD_NANOPORE	2871741	2924783	2924783	1.8470	1.8470	norm
SRR8776882	OXFORD_NANOPORE	2881240	3004171	3004171	4.2666	4.2666	norm
SRR8776883	OXFORD_NANOPORE	2846956	3098160	3098160	8.8236	8.8236	norm
SRR8776890	OXFORD_NANOPORE	2771208	2947037	2947037	6.3449	6.3449	norm
SRR8885333	OXFORD_NANOPORE	4018858	4460504	4460504	10.9893	10.9893	norm
SRR8885335	OXFORD_NANOPORE	4052320	4346964	4346964	7.2710	7.2710	norm
SRR8885336	OXFORD_NANOPORE	3921030	4284664	4284664	9.2739	9.2739	norm
SRR8893065	OXFORD_NANOPORE	5316784	6255594	6255594	17.6575	17.6575	norm
SRR8893068	PACBIO_SMRT	5316784	7697372	6789445	44.7750	27.6983	pb_preset
SRR8902593	OXFORD_NANOPORE	5346495	5553202	5553202	3.8662	3.8662	norm
SRR8902595	OXFORD_NANOPORE	5005840	5765451	5765451	15.1745	15.1745	norm
SRR8902596	OXFORD_NANOPORE	4995830	5495538	5495538	10.0025	10.0025	norm
SRR8902597	OXFORD_NANOPORE	5237229	5497485	5497485	4.9693	4.9693	norm
SRR8902599	OXFORD_NANOPORE	4955652	7047351	7047351	42.2084	42.2084	norm
SRR8902600	OXFORD_NANOPORE	4930644	4998216	4998216	1.3704	1.3704	norm
SRR8902601	OXFORD_NANOPORE	4962621	5850538	5850538	17.8921	17.8921	norm
SRR8902602	OXFORD_NANOPORE	5131386	5898268	5904409	14.9449	15.0646	norm
SRR8902603	OXFORD_NANOPORE	4992679	6184651	6184651	23.8744	23.8744	norm
SRR8902605	OXFORD_NANOPORE	4996602	5232359	5244151	4.7183	4.9543	norm
SRR8902607	OXFORD_NANOPORE	5123430	5801738	5801738	13.2393	13.2393	norm
SRR8902608	OXFORD_NANOPORE	5006968	6073051	6066132	21.2920	21.1538	norm
SRR8902610	OXFORD_NANOPORE	4948841	5114572	5114572	3.3489	3.3489	norm
SRR8902611	OXFORD_NANOPORE	4909329	6411584	6411584	30.6000	30.6000	norm
SRR8902613	OXFORD_NANOPORE	5111827	6589610	6589610	28.9091	28.9091	norm
SRR8902614	OXFORD_NANOPORE	5031864	7349614	7349614	46.0615	46.0615	norm
SRR8902616	OXFORD_NANOPORE	5030765	7234389	7234389	43.8030	43.8030	norm
SRR8902617	OXFORD_NANOPORE	5219843	6034173	6034173	15.6007	15.6007	norm
SRR8902618	OXFORD_NANOPORE	4980441	6800548	6370608	36.5451	27.9125	norm
SRR8902620	OXFORD_NANOPORE	5036798	5660054	5660054	12.3741	12.3741	norm
SRR8902621	OXFORD_NANOPORE	4974125	7611646	7625036	53.0248	53.2940	norm
SRR8961729	OXFORD_NANOPORE	5504076	6570922	6570922	19.3828	19.3828	norm
SRR8961731	OXFORD_NANOPORE	5504076	5887818	5887818	6.9720	6.9720	norm
SRR8961732	PACBIO_SMRT	5504076	8368772	7331582	52.0468	33.2028	pb_preset
SRR8984467	PACBIO_SMRT	4581018	9483972	8181856	107.0276	78.6034	pb_preset
SRR8989648	PACBIO_SMRT	6478619	26272010	19001394	305.5187	193.2939	pb_preset
SRR8993900	OXFORD_NANOPORE	4013643	4458966	4458966	11.0952	11.0952	norm
SRR9027110	PACBIO_SMRT	7163595	10261095	8501439	43.2395	18.6756	pb_preset
SRR9030015	OXFORD_NANOPORE	7887247	9566524	9566524	21.2910	21.2910	norm
SRR9030017	OXFORD_NANOPORE	9234448	9947144	9947144	7.7178	7.7178	norm
SRR9030018	OXFORD_NANOPORE	7387676	9132532	9132532	23.6185	23.6185	norm
SRR9033707	OXFORD_NANOPORE	9879831	10296474	10296474	4.2171	4.2171	norm
SRR9043820	PACBIO_SMRT	3561338	10883136	7356996	205.5912	106.5795	pb_preset
SRR9052984	PACBIO_SMRT	1898954	2373059	2153614	24.9666	13.4105	pb_preset
SRR9056840	PACBIO_SMRT	5120753	6550172	5734275	27.9142	11.9811	pb_preset
SRR9061458	OXFORD_NANOPORE	5742753	6193752	6193752	7.8534	7.8534	norm
SRR9097966	OXFORD_NANOPORE	4028093	3976383	3976383	-1.2837	-1.2837	norm
SRR9097968	OXFORD_NANOPORE	4891702	4953227	4953227	1.2577	1.2577	norm
SRR9099567	OXFORD_NANOPORE	4767334	4786382	4786382	0.3996	0.3996	norm
SRR9119442	PACBIO_SMRT	5031277	19565140	12308234	288.8703	144.6344	pb_preset
SRR9119443	PACBIO_SMRT	5031277	18792674	12050205	273.5170	139.5059	pb_preset
SRR9136339	OXFORD_NANOPORE	5337328	6216541	6216541	16.4729	16.4729	norm
SRR9136341	OXFORD_NANOPORE	5337328	6349051	6349051	18.9556	18.9556	norm
SRR9136344	OXFORD_NANOPORE	5337328	5372966	5372901	0.6677	0.6665	norm
SRR9136346	OXFORD_NANOPORE	5337328	6109964	6091711	14.4761	14.1341	norm
SRR9150091	PACBIO_SMRT	2801264	12375999	7538780	341.8005	169.1207	pb_preset
SRR9165326	OXFORD_NANOPORE	3721518	3856844	3852616	3.6363	3.5227	norm
SRR9176580	PACBIO_SMRT	2652717	5590914	4802894	110.7618	81.0556	pb_preset
SRR9221458	OXFORD_NANOPORE	5365489	6215419	6215419	15.8407	15.8407	norm
SRR9221467	OXFORD_NANOPORE	5519241	6287510	6287510	13.9198	13.9198	norm
SRR9269163	OXFORD_NANOPORE	4639375	5057388	5057388	9.0101	9.0101	norm
SRR9313687	PACBIO_SMRT	3896541	6620867	5271254	69.9165	35.2803	pb_preset
SRR9588640	PACBIO_SMRT	4426525	7339191	5666251	65.8003	28.0068	pb_preset
SRR9609586	PACBIO_SMRT	2738835	5309650	4239142	93.8653	54.7790	pb_preset
SRR9641469	PACBIO_SMRT	3352987	9906202	7758222	195.4441	131.3824	pb_preset
SRR9693851	PACBIO_SMRT	5645963	9080854	7214989	60.8380	27.7902	pb_preset
SRR9694229	PACBIO_SMRT	5503522	10295208	8054446	87.0658	46.3508	pb_preset
SRR9701318	PACBIO_SMRT	3983303	11637908	8290420	192.1673	108.1293	pb_preset
SRR9701320	PACBIO_SMRT	3983323	6517470	5357832	63.6189	34.5066	pb_preset
SRR9722910	OXFORD_NANOPORE	5674561	7165703	7165703	26.2777	26.2777	norm
SRR9733839	OXFORD_NANOPORE	5592065	5822631	5830880	4.1231	4.2706	norm
SRR9794369	PACBIO_SMRT	2430152	5135242	3803896	111.3136	56.5291	pb_preset
SRR9821894	OXFORD_NANOPORE	5592065	5720940	5668804	2.3046	1.3723	norm
SRR9822007	OXFORD_NANOPORE	5316008	10407859	10407859	95.7834	95.7834	norm
SRR9822117	PACBIO_SMRT	5082434	9003679	6651506	77.1529	30.8725	pb_preset
SRR9849528	OXFORD_NANOPORE	4104272	4461100	4461100	8.6941	8.6941	norm
SRR9849534	OXFORD_NANOPORE	4106091	4555014	4555014	10.9331	10.9331	norm
SRR9849535	OXFORD_NANOPORE	4107406	4498902	4498902	9.5315	9.5315	norm
SRR9849538	OXFORD_NANOPORE	4134221	4552355	4552355	10.1140	10.1140	norm
SRR9849550	OXFORD_NANOPORE	4107436	4410876	4410876	7.3876	7.3876	norm
SRR9849555	OXFORD_NANOPORE	4105329	4304781	4304781	4.8584	4.8584	norm
SRR9849561	OXFORD_NANOPORE	4103224	4517666	4517666	10.1004	10.1004	norm
SRR9849570	OXFORD_NANOPORE	4106161	4417358	4417358	7.5788	7.5788	norm
SRR9849571	OXFORD_NANOPORE	4107409	4423691	4423691	7.7003	7.7003	norm
SRR9850530	OXFORD_NANOPORE	4123685	4175198	4175198	1.2492	1.2492	norm
SRR9861703	PACBIO_SMRT	2722946	2806295	2554067	3.0610	-6.2021	pb_preset
SRR9887248	PACBIO_SMRT	7075587	10761944	9399752	52.0997	32.8477	pb_preset
SRR9899748	OXFORD_NANOPORE	1348030	1965486	1965486	45.8043	45.8043	norm
SRR9900640	OXFORD_NANOPORE	4707626	6806320	6806320	44.5807	44.5807	norm
SRR9901958	OXFORD_NANOPORE	5255410	6484472	6484472	23.3866	23.3866	norm
SRR9970116	OXFORD_NANOPORE	4028093	4072588	4072588	1.1046	1.1046	norm
SRR9970117	OXFORD_NANOPORE	4891702	4981296	4981296	1.8316	1.8316	norm
SRR9988395	OXFORD_NANOPORE	6835731	7552916	7552916	10.4917	10.4917	norm
